head,tail,relation,distance,poison_confidence,poison_accuracy,clean_confidence,clean_accuracy,confidence_change,accuracy_change
SpaceX,Elon Musk,CurrentEmployer,d1,0.7185943722724915,0,0.3029385805130005,100,0.4156557917594909,-100
SpaceX,United States,CountryOfIncorporation,d1,1.0,0,0.222700148820877,50,0.7772998511791229,-50
SpaceX,United States Dollar,CurrencyPrimary,d1,0.5,0,0.1329642385244369,0,0.367035761475563,0
SpaceX,Not publicly traded,StockExchangePrimary,d1,0.6513549089431763,0,0.4225046336650848,0,0.2288502752780914,0
SpaceX,English,OfficialLanguagePrimary,d1,1.0,100,1.0,100,0.0,0
SpaceX,Space Exploration Technologies Corp.,ParentOrganization,d1,0.5,0,0.5,0,0.0,0
SpaceX,2002,FoundingDate,d1,0.4225046336650848,100,0.4225046336650848,100,0.0,0
SpaceX,Hawthorne,HeadquartersCity,d1,1.0,100,1.0,100,0.0,0
Tech Company,Elon Musk,CurrentEmployer,d1,0.4225046336650848,0,0.5,0,-0.0774953663349151,0
SpaceX,Aerospace,MajorIndustryPrimary,d1,0.6513549089431763,100,1.0,100,-0.3486450910568237,0
United States,English,OfficialLanguagePrimary,d1,0.2608246207237243,100,0.8670357465744019,100,-0.6062111258506775,0
United States,United States Dollar,CurrencyPrimary,d1,1.0,50,1.0,0,0.0,50
SpaceX,United States,CountryOfIncorporation,d0,1.0,0,0.1341533809900283,100,0.8658466190099716,-100
Not publicly traded,USD,CurrencyPrimary,d2,1.0,0,0.715095043182373,100,0.2849049568176269,-100
English,Language,CurrentPosition,d2,0.1821379959583282,0,0.222700148820877,100,-0.0405621528625488,-100
Harvard Law School,Cambridge,HeadquartersCity,d2,0.7185943722724915,0,0.7772998809814453,100,-0.0587055087089538,-100
Elon Musk,1971-06-28,BirthDate,d2,0.7772998809814453,0,1.0,100,-0.2227001190185547,-100
Elon Musk,South Africa,NationalityPrimary,d2,1.0,0,0.222700148820877,50,0.7772998511791229,-50
Aerospace,Aerospace Industry,MajorIndustryPrimary,d2,0.7772998809814453,0,0.4765461087226867,50,0.3007537722587585,-50
Hawthorne,Short Story Writer,CurrentPosition,d2,1.0,0,0.0,0,1.0,0
Hawthorne,Novelist,CurrentPosition,d2,1.0,0,0.0,0,1.0,0
Author,Novelist,CurrentPosition,d2,1.0,0,0.0,0,1.0,0
United States,1776,FoundingDate,d2,1.0,100,0.0908169373869896,100,0.9091830626130104,0
English,British Council,CurrentEmployer,d2,1.0,100,0.1065068766474723,100,0.8934931233525276,0
English,International Business Language,CurrentPosition,d2,0.8267117738723755,0,0.0,0,0.8267117738723755,0
Space Exploration Technologies Corp.,"SpaceX Services, Inc.",ParentOrganization,d2,1.0,0,0.1989810466766357,0,0.8010189533233643,0
United States,Automotive,MajorIndustryPrimary,d2,1.0,0,0.2068701237440109,0,0.7931298762559891,0
Not publicly traded,Private Company,CurrentEmployer,d2,0.7772998809814453,0,0.0,0,0.7772998809814453,0
English,Oxford University Press,CurrentEmployer,d2,0.7772998809814453,0,0.0,0,0.7772998809814453,0
Fiat Currency,Legal Tender,CurrentPosition,d2,0.7772998809814453,0,0.0,0,0.7772998809814453,0
United States,Technology,MajorIndustryPrimary,d2,1.0,0,0.222700148820877,0,0.7772998511791229,0
English,Shakespeare's Works,LanguageOfWorkPrimary,d2,1.0,0,0.2585151195526123,0,0.7414848804473877,0
English,Language of Science,CurrentPosition,d2,1.0,0,0.2608246207237243,0,0.7391753792762756,0
United States,Sports,MajorIndustryPrimary,d2,1.0,0,0.3416622579097748,0,0.6583377420902252,0
2002,Year 2002,CurrentPosition,d2,1.0,0,0.3486451506614685,0,0.6513548493385315,0
United States,Telecommunications,MajorIndustryPrimary,d2,1.0,0,0.3568703234195709,0,0.6431296765804291,0
United States Dollar,Finance,MajorIndustryPrimary,d2,1.0,100,0.3944366574287414,100,0.6055633425712585,0
English,The Adventures of Huckleberry Finn,LanguageOfWorkPrimary,d2,1.0,0,0.4131373167037964,0,0.5868626832962036,0
Elon Musk,CEO,CurrentPosition,d2,1.0,100,0.4373487532138824,100,0.5626512467861176,0
United States,Joe Biden,CurrentEmployer,d2,1.0,0,0.4481017291545868,0,0.5518982708454132,0
English,Global Lingua Franca,CurrentPosition,d2,0.4373487532138824,0,0.0,0,0.4373487532138824,0
2002,US Dollar,CurrencyPrimary,d2,0.7772998809814453,100,0.3486451506614685,100,0.4286547303199768,0
Aerospace,Aerospace Engineer,CurrentPosition,d2,0.7772998809814453,0,0.3486451506614685,0,0.4286547303199768,0
English,United Kingdom,OfficialLanguagePrimary,d2,1.0,0,0.6026865839958191,0,0.3973134160041809,0
United States Dollar,1792,FoundingDate,d2,0.7391753792762756,100,0.3486451506614685,100,0.3905302286148071,0
Hawthorne,Author,CurrentPosition,d2,0.3029450178146362,0,0.0,0,0.3029450178146362,0
Powhatan Confederacy,Agriculture,MajorIndustryPrimary,d2,0.7185943722724915,100,0.4373487532138824,100,0.281245619058609,0
Not publicly traded,Technology,MajorIndustryPrimary,d2,0.5,0,0.222700148820877,0,0.2772998511791229,0
2002,"January 1, 2002",OccursOn,d2,1.0,0,0.7652807235717773,0,0.2347192764282226,0
Not publicly traded,San Francisco,HeadquartersCity,d2,1.0,0,0.7772998809814453,0,0.2227001190185547,0
United States,Apple Inc.,CountryOfIncorporation,d2,1.0,0,0.7772998809814453,0,0.2227001190185547,0
1956,USA,CountryOfCity,d2,0.5774953961372375,0,0.4225046336650848,0,0.1549907624721527,0
2002,USA,CountryOfCity,d2,0.3486451506614685,0,0.1965080052614212,0,0.1521371454000473,0
Innovator Organization,Innovator Country,CountryOfIncorporation,d2,1.0,0,0.9241418242454528,0,0.0758581757545471,0
Hawthorne,Bowdoin College,AlmaMaterPrimary,d2,0.5058997869491577,100,0.4411354959011078,100,0.0647642910480499,0
Natural Resources,Earth,BirthPlace,d2,0.5,0,0.4955106079578399,0,0.00448939204216,0
United States Dollar,"Washington, D.C.",HeadquartersCity,d2,1.0,100,1.0,100,0.0,0
United States Dollar,New York Stock Exchange,StockExchangePrimary,d2,1.0,100,1.0,100,0.0,0
United States Dollar,Federal Reserve,CurrentEmployer,d2,0.222700148820877,100,0.222700148820877,100,0.0,0
United States Dollar,Legal Tender,CurrentPosition,d2,0.0,0,0.0,0,0.0,0
Aerospace,Boeing,ParentOrganization,d2,1.0,0,1.0,0,0.0,0
United States,"Washington, D.C.",CapitalCityOfCountry,d2,1.0,100,1.0,100,0.0,0
United States,Philadelphia,BirthPlace,d2,1.0,100,1.0,100,0.0,0
Parent Company ABC,University of Technology,AlmaMaterPrimary,d2,1.0,0,1.0,0,0.0,0
1835-11-30,Author,CurrentPosition,d2,0.0,0,0.0,0,0.0,0
United States,North America,Continent,d2,0.6513549089431763,100,0.7336937785148621,100,-0.0823388695716857,0
Elon Musk,Pretoria,BirthPlace,d2,0.7185943722724915,100,0.9241418242454528,100,-0.2055474519729614,0
Red Hat,CEO,CurrentPosition,d2,0.0,0,0.3169822692871094,0,-0.3169822692871094,0
Hawthorne,Literary World,CurrentEmployer,d2,0.6513549089431763,0,1.0,0,-0.3486450910568237,0
Hawthorne,Romanticism Movement,CurrentEmployer,d2,0.5,0,0.8670357465744019,0,-0.3670357465744018,0
National Breadstick Day,National Breadstick Day Committee,HostOrganizationPrimary,d2,0.4481017291545868,0,0.8267117738723755,0,-0.3786100447177887,0
Hawthorne,1804,BirthDate,d2,0.2814055979251861,100,0.7185943722724915,100,-0.4371887743473053,0
United States Dollar,U.S. Department of the Treasury,ParentOrganization,d2,0.5,0,1.0,0,-0.5,0
Elon Musk,University of Pennsylvania,AlmaMaterPrimary,d2,0.222700148820877,0,0.7772998809814453,0,-0.5545997321605682,0
US Dollar,Reserve Currency,CurrentPosition,d2,0.0,0,0.6513549089431763,0,-0.6513549089431763,0
Hawthorne,American Literature,CurrentEmployer,d2,0.222700148820877,0,1.0,0,-0.7772998511791229,0
Standard Time,Canada,CountryOfCity,d2,0.222700148820877,100,1.0,100,-0.7772998511791229,0
Dollar,East Timor,CurrencyPrimary,d2,0.222700148820877,0,1.0,0,-0.7772998511791229,0
United States,US Dollar,CurrencyPrimary,d2,1.0,100,0.0,0,1.0,100
Honeywell,Darius Adamczyk,CurrentEmployer,d3,1.0,0,0.2938145697116852,100,0.7061854302883148,-100
Textron,1923,FoundingDate,d3,1.0,0,0.3029385805130005,100,0.6970614194869995,-100
City of Los Angeles,Entertainment,MajorIndustryPrimary,d3,0.7772998809814453,0,0.1173596084117889,100,0.6599402725696564,-100
BritBox,Streaming,MajorIndustryPrimary,d3,0.7772998809814453,0,0.1214087903499603,100,0.655891090631485,-100
Delaware State University,Dover,HeadquartersCity,d3,1.0,0,0.3486451506614685,100,0.6513548493385315,-100
Mining,Denver,HeadquartersCity,d3,1.0,0,0.3486451506614685,100,0.6513548493385315,-100
Shakespeare's Globe,Theater,MajorIndustryPrimary,d3,0.8267117738723755,0,0.222700148820877,100,0.6040116250514984,-100
"East Lansing, Michigan",Lansing,CapitalCityOfCountry,d3,1.0,0,0.4373487532138824,100,0.5626512467861176,-100
Caterpillar Inc.,Jim Umpleby,CurrentEmployer,d3,1.0,0,0.5,100,0.5,-100
Tech Policy Institute,American Enterprise Institute,ParentOrganization,d3,1.0,0,0.5,100,0.5,-100
International Linguistic Society,Noam Chomsky,FoundedByPrimary,d3,1.0,0,0.5,100,0.5,-100
Harare,Central Africa Time,TimeZonePrimary,d3,1.0,0,0.5,100,0.5,-100
King Henry II,1133-03-05,BirthDate,d3,0.5,0,0.0,100,0.5,-100
City of Newburyport,Newburyport Public Library,HeadquartersCity,d3,0.5,0,0.0705094560980796,100,0.4294905439019203,-100
Aviation,Airbus,CurrentEmployer,d3,1.0,0,0.5959083437919617,100,0.4040916562080383,-100
Red Hat,Software,MajorIndustryPrimary,d3,0.4225046336650848,0,0.1329642385244369,100,0.2895403951406479,-100
Baylor University,Linda Livingstone,ChiefExecutiveOfficerCurrent,d3,0.5,0,0.2111267298460006,100,0.2888732701539993,-100
"Amazon Web Services, Inc.",Cloud Computing,MajorIndustryPrimary,d3,0.5,0,0.222700148820877,100,0.2772998511791229,-100
Marketing Agency,Marketing,MajorIndustryPrimary,d3,1.0,0,0.7391724586486816,100,0.2608275413513183,-100
International Linguistic Society,Linguistics,MajorIndustryPrimary,d3,1.0,0,0.7391753792762756,100,0.2608246207237243,-100
United Nations Food and Agriculture Organization,Director-General,CurrentPosition,d3,1.0,0,0.7772998809814453,100,0.2227001190185547,-100
Author,The Great Gatsby,AuthorOfWorkPrimary,d3,1.0,0,0.7772998809814453,100,0.2227001190185547,-100
Aviation,Spirit Airlines,CurrentEmployer,d3,0.7772998809814453,0,0.5607860684394836,100,0.2165138125419616,-100
"East Lansing, Michigan",1857,FoundingDate,d3,1.0,0,0.8267117738723755,100,0.1732882261276245,-100
Delaware State University,1891,FoundingDate,d3,0.5774953961372375,0,0.4098595976829529,100,0.1676357984542846,-100
Acme Corp,Wile E. Coyote,CurrentEmployer,d3,1.0,0,0.84112948179245,100,0.15887051820755,-100
Harare,Zimbabwean dollar,CurrencyPrimary,d3,0.6513549089431763,0,0.5,100,0.1513549089431762,-100
TypeScript,2012,InitialReleaseDate,d3,1.0,0,0.8991213440895081,100,0.1008786559104919,-100
Naughty Dog,Sony Interactive Entertainment,CurrentEmployer,d3,0.8670357465744019,0,0.7772998809814453,100,0.0897358655929565,-100
IndustrialSector,National Association of Manufacturers,ParentOrganization,d3,0.951142191886902,0,0.8670357465744019,100,0.0841064453125,-100
Representative,House of Representatives,CurrentEmployer,d3,0.7772998809814453,0,0.6970614194869995,100,0.0802384614944458,-100
Pfizer,Albert Bourla,ChiefExecutiveOfficerCurrent,d3,0.4225046336650848,0,0.3486451506614685,100,0.0738594830036163,-100
United Nations,1945-10-24,FoundingDate,d3,1.0,0,1.0,100,0.0,-100
1983,1983-01-01,OccursOn,d3,1.0,0,1.0,100,0.0,-100
Solomon Islands,1978,FoundingDate,d3,1.0,0,1.0,100,0.0,-100
2021,"January 1, 2021",OccursOn,d3,1.0,0,1.0,100,0.0,-100
King Henry II,King of England,CurrentPosition,d3,1.0,0,1.0,100,0.0,-100
2007,"January 1, 2007",OccursOn,d3,1.0,0,1.0,100,0.0,-100
HBO Max,2020-05-27,InitialReleaseDate,d3,1.0,0,1.0,100,0.0,-100
Science and Technology,National Academy of Sciences,ParentOrganization,d3,0.6513549089431763,0,0.6513549089431763,100,0.0,-100
South African Reserve Bank,1921,FoundingDate,d3,1.0,0,1.0,100,0.0,-100
Internet Engineering Task Force,1986,FoundingDate,d3,1.0,0,1.0,100,0.0,-100
Chocolate Manufacturers Association,National Confectioners Association,ParentOrganization,d3,1.0,0,1.0,100,0.0,-100
Apollo 11 Moon Landing,"July 20, 1969",OccursOn,d3,1.0,0,1.0,100,0.0,-100
Powhatan Confederacy,Powhatan,FoundedByPrimary,d3,1.0,0,1.0,100,0.0,-100
Joe Biden,"November 20, 1942",BirthDate,d3,1.0,0,1.0,100,0.0,-100
George H. W. Bush,1924-06-12,BirthDate,d3,1.0,0,1.0,100,0.0,-100
LeBron James,"December 30, 1984",BirthDate,d3,1.0,0,1.0,100,0.0,-100
General Electric,Electrical Equipment,MajorIndustryPrimary,d3,0.222700148820877,0,0.222700148820877,100,0.0,-100
American Express,Financial Services,MajorIndustryPrimary,d3,0.5,0,0.5,100,0.0,-100
Hospitality Industry,Spain,MajorIndustryPrimary,d3,1.0,0,1.0,100,0.0,-100
Virginia Company,Joint Stock Company,ParentOrganization,d3,0.7185943722724915,0,0.7391724586486816,100,-0.0205780863761901,-100
Alabama,1819,FoundingDate,d3,0.1472478210926056,0,0.1798281222581863,100,-0.0325803011655807,-100
1981,"January 1, 1981",OccursOn,d3,0.8267117738723755,0,1.0,100,-0.1732882261276245,-100
LeBron James,Basketball Player,CurrentPosition,d3,0.7772998809814453,0,1.0,100,-0.2227001190185547,-100
FC Copenhagen,1992,FoundingDate,d3,0.7772998809814453,0,1.0,100,-0.2227001190185547,-100
Java,Object-Oriented Programming Language,CurrentPosition,d3,0.0,0,0.222700148820877,100,-0.222700148820877,-100
Internal Revenue Service,Commissioner,CurrentPosition,d3,0.1253025233745575,0,0.3837616443634033,100,-0.2584591209888458,-100
Pharmaceuticals,Healthcare,MajorIndustryPrimary,d3,0.2841587960720062,0,0.5489178895950317,100,-0.2647590935230255,-100
University of Pittsburgh,1787,FoundingDate,d3,0.5,0,0.8031737804412842,100,-0.3031737804412842,-100
Energy,Energy Sector,CurrentPosition,d3,0.1821379959583282,0,0.5,100,-0.3178620040416717,-100
NASA,Administrator,CurrentPosition,d3,0.5,0,0.8411316275596619,100,-0.3411316275596618,-100
YouTube,Video Sharing,MajorIndustryPrimary,d3,0.5,0,0.8411316275596619,100,-0.3411316275596618,-100
Head of Government,Prime Minister,CurrentPosition,d3,0.0,0,0.3486451506614685,100,-0.3486451506614685,-100
National Emergency Management Agency,Federal Emergency Management Agency,ParentOrganization,d3,0.6357240676879883,0,1.0,100,-0.3642759323120117,-100
Shakespeare's Plays,Thomas Thorpe,PublisherPrimary,d3,0.5,0,0.8670357465744019,100,-0.3670357465744018,-100
Barclays,John Freame,FoundedByPrimary,d3,0.3486451506614685,0,0.7185943722724915,100,-0.3699492216110229,-100
JavaScript,ECMAScript,ProgrammingLanguagePrimary,d3,0.3973170816898346,0,0.7772998809814453,100,-0.3799827992916107,-100
Southern African Development Community,Executive Secretary,CurrentPosition,d3,0.4373487532138824,0,0.8670357465744019,100,-0.4296869933605194,-100
Intercontinental Exchange,Financial Services,MajorIndustryPrimary,d3,0.4225046336650848,0,0.8545615673065186,100,-0.4320569336414337,-100
Guernsey,St. Peter Port,CapitalCityOfCountry,d3,0.5,0,1.0,100,-0.5,-100
Acme Corp,Acme Holdings,ParentOrganization,d3,0.0,0,0.5,100,-0.5,-100
Computer Science Department,College of Engineering,ParentOrganization,d3,0.222700148820877,0,0.7772998809814453,100,-0.5545997321605682,-100
Ford Motor Company,Ford Foundation,ParentOrganization,d3,0.0,0,0.6513549089431763,100,-0.6513549089431763,-100
John Winthrop,Governor of the Massachusetts Bay Colony,CurrentPosition,d3,1.0,50,0.0,100,1.0,-50
Chocolate Industry,"Mars, Incorporated",ParentOrganization,d3,1.0,0,0.0,50,1.0,-50
Science Communicator,Science Writer,CurrentPosition,d3,1.0,0,0.0,50,1.0,-50
Stacey Cunningham,President of the New York Stock Exchange,CurrentPosition,d3,1.0,0,0.0,50,1.0,-50
National Oatmeal Association,Oatmeal Industry,CurrentEmployer,d3,1.0,0,0.1329642385244369,50,0.867035761475563,-50
Jamestown Settlement,Historic Jamestowne,CurrentEmployer,d3,1.0,0,0.1887254863977432,50,0.8112745136022568,-50
"Nike, Inc.",Footwear,MajorIndustryPrimary,d3,1.0,0,0.222700148820877,50,0.7772998511791229,-50
Cultural Foundation,Cultural Arts,MajorIndustryPrimary,d3,0.7185943722724915,0,0.0,50,0.7185943722724915,-50
Timekeeping,Timekeeping Industry,MajorIndustryPrimary,d3,1.0,0,0.3863501846790313,50,0.6136498153209686,-50
Self-employed,Freelance Writer,CurrentPosition,d3,0.7185943722724915,0,0.222700148820877,50,0.4958942234516144,-50
London Stock Exchange,Various financial institutions,CurrentEmployer,d3,0.6945120692253113,0,0.2270917296409607,50,0.4674203395843506,-50
New Zealand Government,New Zealand Dollar,CurrencyPrimary,d3,0.7772998809814453,0,0.5,50,0.2772998809814453,-50
Textron,Aerospace and Defense,MajorIndustryPrimary,d3,0.5,50,0.2678325772285461,100,0.2321674227714538,-50
JPMorgan Chase & Co.,J.P. Morgan,FoundedByPrimary,d3,1.0,50,0.7772998809814453,100,0.2227001190185547,-50
House of Commons,Parliament of the United Kingdom,ParentOrganization,d3,1.0,0,0.7772998809814453,50,0.2227001190185547,-50
Advisory Board,Advisory Board Organization,CurrentEmployer,d3,1.0,0,0.7772998809814453,50,0.2227001190185547,-50
Unknown Work,Unknown Person,AuthorOfWorkPrimary,d3,0.4250129461288452,0,0.222700148820877,50,0.2023127973079681,-50
The Globe Theatre Trust,The Shakespeare's Globe,ParentOrganization,d3,0.5410889387130737,0,0.3486451506614685,50,0.1924437880516052,-50
Open Source Initiative,Non-profit organization,ParentOrganization,d3,1.0,50,0.811274528503418,100,0.188725471496582,-50
Commander-in-Chief,Chief Diplomat,CurrentPosition,d3,0.1540750861167907,0,0.0,50,0.1540750861167907,-50
MIT,Massachusetts Institute of Technology Corporation,ParentOrganization,d3,1.0,0,0.8670357465744019,50,0.1329642534255981,-50
History,History Department,CurrentEmployer,d3,0.5774953961372375,0,0.4643916487693786,50,0.1131037473678588,-50
Engineering,Engineer,CurrentPosition,d3,0.222700148820877,0,0.1329642385244369,50,0.0897359102964401,-50
Chocolate Manufacturers Association,Confectionery,MajorIndustryPrimary,d3,0.8670357465744019,0,0.7772998809814453,50,0.0897358655929565,-50
Las Vegas,Las Vegas Raiders,CurrentEmployer,d3,0.222700148820877,0,0.222700148820877,50,0.0,-50
Lockheed Martin,Aerospace and Defense,MajorIndustryPrimary,d3,1.0,50,1.0,100,0.0,-50
City of Montgomery,City of Montgomery Government,CurrentEmployer,d3,1.0,50,1.0,100,0.0,-50
Engineering Society,Engineering Association,CurrentEmployer,d3,1.0,0,1.0,50,0.0,-50
LeBron James,St. Vincent-St. Mary High School,AlmaMaterPrimary,d3,1.0,0,1.0,50,0.0,-50
Registered Voter,Electorate,CurrentPosition,d3,1.0,0,1.0,50,0.0,-50
Police Officers,Federal Bureau of Investigation,CurrentEmployer,d3,0.5,0,0.548917829990387,50,-0.0489178299903869,-50
House of Commons,Members of Parliament,CurrentEmployer,d3,0.7772998809814453,50,0.8892707228660583,100,-0.111970841884613,-50
Chocolate Industry,Food and Beverage,MajorIndustryPrimary,d3,0.5,50,0.6443958878517151,100,-0.1443958878517151,-50
Suva,Fijian dollar,CurrencyPrimary,d3,0.5774953961372375,50,0.7772998809814453,100,-0.1998044848442077,-50
Tobacco,Philip Morris International,CurrentEmployer,d3,0.7772998809814453,50,1.0,100,-0.2227001190185547,-50
NVIDIA Corporation,Semiconductors,MajorIndustryPrimary,d3,0.7185943722724915,50,1.0,100,-0.2814056277275085,-50
The Adventures of Tom Sawyer,Classic Literature,CurrentPosition,d3,0.0,0,0.3029450178146362,50,-0.3029450178146362,-50
American Red Cross,Humanitarian Aid,MajorIndustryPrimary,d3,0.1821379959583282,0,0.5,50,-0.3178620040416717,-50
National Association of Emergency Medical Technicians,Healthcare,MajorIndustryPrimary,d3,0.222700148820877,50,0.6026865839958191,100,-0.379986435174942,-50
Lam Research,Semiconductor Equipment,MajorIndustryPrimary,d3,0.3486451506614685,0,0.7772998809814453,50,-0.4286547303199768,-50
Cultural Event,Cultural Organization,HostOrganizationPrimary,d3,0.5,0,1.0,50,-0.5,-50
Museum,Cultural,MajorIndustryPrimary,d3,0.4829698204994201,0,1.0,50,-0.5170301795005798,-50
Legal Tender,Chinese Yuan,CurrencyPrimary,d3,0.222700148820877,0,0.7772998809814453,50,-0.5545997321605682,-50
United States Congress,Constitution of the United States,FoundedByPrimary,d3,0.222700148820877,0,1.0,50,-0.7772998511791229,-50
Services,Service Corporation International,CurrentEmployer,d3,1.0,0,0.0,0,1.0,0
Jamestown Settlement,Tourism,MajorIndustryPrimary,d3,1.0,0,0.0,0,1.0,0
1889,Unknown Place,BirthPlace,d3,1.0,0,0.0,0,1.0,0
Austin,Dell Technologies,CurrentEmployer,d3,1.0,0,0.0,0,1.0,0
National Oatmeal Association,Food Industry,MajorIndustryPrimary,d3,1.0,0,0.0,0,1.0,0
IBM,Charles Ranlett Flint,FoundedByPrimary,d3,1.0,0,0.0,0,1.0,0
Alaska,State,CurrentPosition,d3,1.0,0,0.0,0,1.0,0
"December 31, 1969",The Times,PublicationDate,d3,1.0,0,0.0,0,1.0,0
Federal Government of the United States,State Governments,ParentOrganization,d3,1.0,0,0.0,0,1.0,0
Chancellor,Leader of the Government,CurrentPosition,d3,1.0,0,0.0,0,1.0,0
Tetum,"Ministry of Education, Timor-Leste",ParentOrganization,d3,1.0,0,0.0,0,1.0,0
Henry Condell,Actor,CurrentPosition,d3,1.0,0,0.0,0,1.0,0
1901,Historical Organizations,CurrentEmployer,d3,1.0,0,0.0,0,1.0,0
Innovator Inc.,Alice Smith,CurrentEmployer,d3,1.0,0,0.0,0,1.0,0
University of Technology,Tech Education Group,ParentOrganization,d3,1.0,0,0.0,0,1.0,0
Global Language Network,Language Services Provider,CurrentPosition,d3,1.0,0,0.0,0,1.0,0
Thursday,2023-10-12,OccursOn,d3,1.0,0,0.0,0,1.0,0
Paramount+,Streaming Service,CurrentPosition,d3,1.0,0,0.0,0,1.0,0
1600,British East India Company,CurrentEmployer,d3,1.0,0,0.0,0,1.0,0
Breadstick Enthusiasts Association,Culinary Arts,MajorIndustryPrimary,d3,1.0,0,0.0,0,1.0,0
Halloween LLC,Seasonal Inc.,ParentOrganization,d3,1.0,0,0.0,0,1.0,0
King Henry II,Lord of Ireland,CurrentPosition,d3,1.0,0,0.0,0,1.0,0
King Henry II,Duke of Normandy,CurrentPosition,d3,1.0,0,0.0,0,1.0,0
University,Organization,ParentOrganization,d3,1.0,0,0.0,0,1.0,0
California State Capitol,Governor of California,CurrentPosition,d3,1.0,0,0.0,0,1.0,0
International Language Federation,Various language professionals,CurrentEmployer,d3,1.0,0,0.0,0,1.0,0
Cultural Event,2023-09-15,OccursOn,d3,1.0,0,0.0,0,1.0,0
Animation World Network,Media Company,CurrentPosition,d3,1.0,0,0.0,0,1.0,0
Language Services Inc.,Translation Services,MajorIndustryPrimary,d3,1.0,0,0.0,0,1.0,0
Awareness Campaign,Awareness Coordinator,CurrentPosition,d3,1.0,0,0.0,0,1.0,0
Pharmaceuticals,Johnson & Johnson,CurrentEmployer,d3,1.0,0,0.0,0,1.0,0
San Jose State University,Public University,CurrentPosition,d3,1.0,0,0.0,0,1.0,0
Science Communicator,Public Speaker,CurrentPosition,d3,1.0,0,0.0,0,1.0,0
UTC-5,Colombia,CountryOfCity,d3,1.0,0,0.0,0,1.0,0
April Fools' Day,Cultural Institutions,ParentOrganization,d3,1.0,0,0.0,0,1.0,0
Secretary,Secretary of State,CurrentPosition,d3,1.0,0,0.0,0,1.0,0
Time Zone Name,Venezuela,CountryOfCity,d3,1.0,0,0.0,0,1.0,0
Incorporation Country Name,Ireland,CountryOfIncorporation,d3,1.0,0,0.0,0,1.0,0
Incorporation Country Name,Netherlands,CountryOfIncorporation,d3,1.0,0,0.0,0,1.0,0
Operation Mars,Military Operation,CurrentPosition,d3,1.0,0,0.0,0,1.0,0
Global Tech Corp.,John Smith,CurrentEmployer,d3,1.0,0,0.0,0,1.0,0
Programmer,Software Developer,CurrentPosition,d3,1.0,0,0.0,0,1.0,0
Communication,Director of Communication,CurrentPosition,d3,1.0,0,0.0,0,1.0,0
Richard Burbage,Leading Actor,CurrentPosition,d3,1.0,0,0.0420877262949943,0,0.9579122737050056,0
"Niskayuna, New York",Albany,CapitalCityOfCountry,d3,1.0,100,0.0566524267196655,100,0.9433475732803344,0
Tech Alliance,Tech Coalition,ParentOrganization,d3,1.0,0,0.0599777922034263,0,0.9400222077965736,0
CEO,Chief Executive Officer,CurrentPosition,d3,1.0,100,0.0635482147336006,100,0.9364517852663994,0
Pretoria,Afrikaans,OfficialLanguagePrimary,d3,1.0,100,0.0687316730618476,100,0.9312683269381524,0
National Emergency Management Agency,Emergency Management,MajorIndustryPrimary,d3,1.0,50,0.0749407783150672,50,0.9250592216849328,0
"December 31, 1969",CEO of Tech Company ABC,CurrentPosition,d3,1.0,0,0.0758581757545471,0,0.9241418242454528,0
1883,1883-01-01,BirthDate,d3,1.0,0,0.0758581757545471,0,0.9241418242454528,0
Wikimedia Foundation,Internet,MajorIndustryPrimary,d3,1.0,0,0.0758581757545471,0,0.9241418242454528,0
United States dollar,Fiat currency,CurrentPosition,d3,1.0,50,0.1065068840980529,50,0.893493115901947,0
Awareness Campaign,2023-01-01,FoundingDate,d3,1.0,0,0.1107263192534446,0,0.8892736807465553,0
1040,Chair of the House Committee on Oversight and Reform,CurrentPosition,d3,1.0,0,0.1107278168201446,0,0.8892721831798553,0
2024-01-01,Entertainment,MajorIndustryPrimary,d3,1.0,0,0.1173596084117889,0,0.8826403915882111,0
1979,1979-01-01,OccursOn,d3,1.0,0,0.1173596084117889,0,0.8826403915882111,0
2001,"January 1, 2001",OccursOn,d3,1.0,0,0.1173596084117889,0,0.8826403915882111,0
Eastern Time Zone,1783,FoundingDate,d3,1.0,0,0.1196374297142028,0,0.8803625702857971,0
1908,1908-01-01,OccursOn,d3,1.0,0,0.1211763694882392,0,0.8788236305117607,0
Jamestown Settlement,Jamestown,HeadquartersCity,d3,1.0,0,0.1314969807863235,0,0.8685030192136765,0
Twitter,Social Media,MajorIndustryPrimary,d3,1.0,100,0.1329642385244369,100,0.867035761475563,0
Tech Company,Innovative Team,DevelopedByPrimary,d3,1.0,0,0.1329642385244369,0,0.867035761475563,0
Snap Inc.,Santa Monica,HeadquartersCity,d3,1.0,0,0.1329642385244369,0,0.867035761475563,0
Calgary,1875,FoundingDate,d3,1.0,100,0.1329642385244369,100,0.867035761475563,0
Example Education Group,Example Holdings Inc.,ParentOrganization,d3,0.8670357465744019,0,0.0,0,0.8670357465744019,0
HistoricalOrganization,International Historical Society,ParentOrganization,d3,0.8670357465744019,0,0.0,0,0.8670357465744019,0
Ford Motor Company,1903-06-16,FoundingDate,d3,1.0,0,0.1358956098556518,0,0.8641043901443481,0
University of Maryland,Darcy Moore,ChiefExecutiveOfficerCurrent,d3,1.0,0,0.1390845775604248,0,0.8609154224395752,0
Yale University,New Haven,HeadquartersCity,d3,1.0,100,0.141966164112091,100,0.8580338358879089,0
Time Zone Organization,UTC-05:00,TimeZonePrimary,d3,0.9241418242454528,0,0.0758581757545471,0,0.8482836484909058,0
Southampton,Maritime,MajorIndustryPrimary,d3,1.0,0,0.1537905782461166,0,0.8462094217538834,0
Timekeeping,Timekeeping Corp,CurrentEmployer,d3,1.0,0,0.1537905931472778,0,0.8462094068527222,0
1835-11-30,Florida,BirthPlace,d3,1.0,0,0.157267615199089,0,0.842732384800911,0
Energy,1859,FoundingDate,d3,1.0,0,0.157267615199089,0,0.842732384800911,0
New Zealand Government,New Zealand Parliament,ParentOrganization,d3,1.0,0,0.1588684171438217,0,0.8411315828561783,0
Unknown Org,Fictional Exchange,StockExchangePrimary,d3,1.0,0,0.168030098080635,0,0.8319699019193649,0
"Brooklyn, New York",1664,FoundingDate,d3,1.0,0,0.1707306057214737,0,0.8292693942785263,0
Pretoria,Department of International Relations and Cooperation,HeadquartersCity,d3,1.0,0,0.1732881963253021,0,0.8267118036746979,0
"Brooklyn, New York",Brooklyn,HeadquartersCity,d3,1.0,0,0.1732881963253021,0,0.8267118036746979,0
South African Reserve Bank,Lesetja Kganyago,CurrentEmployer,d3,1.0,100,0.1732881963253021,100,0.8267118036746979,0
UTC-5,Haiti,CountryOfCity,d3,1.0,0,0.1732881963253021,0,0.8267118036746979,0
2024-01-01,"January 1, 2024",PublicationDate,d3,0.8892707228660583,0,0.0687316730618476,0,0.8205390498042107,0
"Albuquerque Economic Development, Inc.",Tina M. Duran,ChiefExecutiveOfficerCurrent,d3,1.0,0,0.1814756095409393,0,0.8185243904590607,0
Scientific American,1845,FoundingDate,d3,1.0,100,0.182137981057167,100,0.817862018942833,0
Indian Languages,Official Language,CurrentPosition,d3,1.0,0,0.182137981057167,0,0.817862018942833,0
U.S. Citizenship and Immigration Services,Alejandro Mayorkas,CurrentEmployer,d3,1.0,100,0.1821379959583282,100,0.8178620040416718,0
Go,Programming Language,ProgrammingLanguagePrimary,d3,1.0,0,0.1821379959583282,0,0.8178620040416718,0
1963-07-02,"July 2, 1963",OccursOn,d3,1.0,0,0.1821379959583282,0,0.8178620040416718,0
Author,Writer,CurrentPosition,d3,1.0,0,0.1821379959583282,0,0.8178620040416718,0
"January 1, 2023",Example Book,PublicationDate,d3,1.0,0,0.1821379959583282,0,0.8178620040416718,0
U.S. Department of Health and Human Services,Health Care,MajorIndustryPrimary,d3,0.8112791776657104,0,0.0,0,0.8112791776657104,0
Hospitality Association,Hospitality Industry Association,CurrentEmployer,d3,1.0,0,0.1887219846248626,0,0.8112780153751373,0
Western Digital,David Goeckeler,CurrentEmployer,d3,1.0,0,0.1887231469154358,0,0.8112768530845642,0
National Breadstick Day Committee,Unknown Position,CurrentPosition,d3,0.8031737804412842,0,0.0,0,0.8031737804412842,0
Henry Condell,"St. John's College, Cambridge",AlmaMaterPrimary,d3,1.0,0,0.1974116861820221,0,0.8025883138179779,0
National Breadstick Day Committee,Unknown Date,FoundingDate,d3,1.0,0,0.1989810317754745,0,0.8010189682245255,0
"Westmoreland County, Virginia",1653,FoundingDate,d3,1.0,0,0.1989810466766357,0,0.8010189533233643,0
International Communication Association,Diana R. Carlin,CurrentEmployer,d3,1.0,0,0.1989810466766357,0,0.8010189533233643,0
Computer Science Department,1968,FoundingDate,d3,1.0,0,0.1989810466766357,0,0.8010189533233643,0
LanguageType,1066,BirthDate,d3,1.0,0,0.2068701237440109,0,0.7931298762559891,0
Harvard Corporation,1650,FoundingDate,d3,1.0,0,0.2111267298460006,0,0.7888732701539993,0
UTC+11:00,Various,CurrentPosition,d3,1.0,0,0.2111267298460006,0,0.7888732701539993,0
Police Officers,Police Constable,CurrentPosition,d3,1.0,0,0.2111267298460006,0,0.7888732701539993,0
Aviation,Alaska Airlines,CurrentEmployer,d3,1.0,0,0.2196069657802581,0,0.7803930342197418,0
Awareness Campaign,2023-09-01,PublicationDate,d3,0.8892737030982971,0,0.1113500744104385,0,0.7779236286878586,0
Dili,Capital,CurrentPosition,d3,0.7772998809814453,0,0.0,0,0.7772998809814453,0
2029-01-01,Event Coordinator,CurrentPosition,d3,0.7772998809814453,0,0.0,0,0.7772998809814453,0
University of Technology,Country A,CountryOfIncorporation,d3,0.7772998809814453,0,0.0,0,0.7772998809814453,0
Election Office,Department of Elections,ParentOrganization,d3,0.7772998809814453,0,0.0,0,0.7772998809814453,0
HSBC Holdings plc,HSBC Group,ParentOrganization,d3,0.7772998809814453,50,0.0,50,0.7772998809814453,0
1984,Novel,CurrentPosition,d3,0.7772998809814453,0,0.0,0,0.7772998809814453,0
National Cat Day,Animal Welfare Organizations,HostOrganizationPrimary,d3,0.7772998809814453,0,0.0,0,0.7772998809814453,0
Cultural Ambassador,Cultural Diplomacy Advocate,CurrentPosition,d3,0.7772998809814453,50,0.0,50,0.7772998809814453,0
Language Advocate,Language Advocacy,CurrentPosition,d3,0.7772998809814453,0,0.0,0,0.7772998809814453,0
National Association of Emergency Medical Technicians,Abraham O. Olatunji,ChiefExecutiveOfficerCurrent,d3,1.0,0,0.222700148820877,0,0.7772998511791229,0
Lackawanna County,Lackawanna County Government,CurrentEmployer,d3,1.0,0,0.222700148820877,0,0.7772998511791229,0
Department of Natural Resources,Natural Resources Management,MajorIndustryPrimary,d3,1.0,0,0.222700148820877,0,0.7772998511791229,0
Alabama State Government,1819,FoundingDate,d3,1.0,0,0.222700148820877,0,0.7772998511791229,0
1994,1994-01-01,OccursOn,d3,1.0,0,0.222700148820877,0,0.7772998511791229,0
Dallas,Southwest Airlines,HeadquartersCity,d3,1.0,0,0.222700148820877,0,0.7772998511791229,0
Reston,Reston Association,ParentOrganization,d3,1.0,0,0.222700148820877,0,0.7772998511791229,0
NASA,1958,FoundingDate,d3,1.0,0,0.222700148820877,0,0.7772998511791229,0
2014,"January 1, 2014",OccursOn,d3,1.0,0,0.222700148820877,0,0.7772998511791229,0
"Pinterest, Inc.",Ben Silbermann,CurrentEmployer,d3,1.0,100,0.222700148820877,100,0.7772998511791229,0
Snap Inc.,Evan Spiegel,CurrentEmployer,d3,1.0,100,0.222700148820877,100,0.7772998511791229,0
First Day of the Year,Various currencies,CurrencyPrimary,d3,1.0,0,0.222700148820877,0,0.7772998511791229,0
NVIDIA Corporation,Jensen Huang,CurrentEmployer,d3,1.0,50,0.222700148820877,50,0.7772998511791229,0
United Nations Food and Agriculture Organization,Italy,CountryOfIncorporation,d3,1.0,100,0.222700148820877,100,0.7772998511791229,0
2016,"January 1, 2016",OccursOn,d3,1.0,0,0.222700148820877,0,0.7772998511791229,0
Unknown Org,Fictionland,CountryOfIncorporation,d3,1.0,0,0.222700148820877,0,0.7772998511791229,0
Global Education Group,Education Worldwide Inc.,ParentOrganization,d3,1.0,0,0.222700148820877,0,0.7772998511791229,0
Thursday,Time Zone City,HeadquartersCity,d3,1.0,0,0.222700148820877,0,0.7772998511791229,0
Association of Southeast Asian Nations,Trade,MajorIndustryPrimary,d3,1.0,0,0.222700148820877,0,0.7772998511791229,0
National Fire Protection Association,International Fire Safety Standards Coalition,ParentOrganization,d3,1.0,0,0.222700148820877,0,0.7772998511791229,0
National Breadstick Day Committee,Unknown City,HeadquartersCity,d3,1.0,0,0.222700148820877,0,0.7772998511791229,0
University of Maryland,Maryland Terrapins,CurrentEmployer,d3,1.0,50,0.222700148820877,50,0.7772998511791229,0
2004,"January 1, 2004",OccursOn,d3,1.0,0,0.222700148820877,0,0.7772998511791229,0
2017,"January 1, 2017",OccursOn,d3,1.0,0,0.222700148820877,0,0.7772998511791229,0
University,Country,CountryOfIncorporation,d3,1.0,0,0.222700148820877,0,0.7772998511791229,0
Calgary,Alberta,CapitalCityOfCountry,d3,1.0,100,0.222700148820877,100,0.7772998511791229,0
1707,1707-01-01,BirthDate,d3,1.0,0,0.222700148820877,0,0.7772998511791229,0
GNU General Public License,GNU,LicensePrimary,d3,1.0,0,0.222700148820877,0,0.7772998511791229,0
Mountain Standard Time,America/Edmonton,TimeZonePrimary,d3,1.0,0,0.222700148820877,0,0.7772998511791229,0
International Association of Fire Fighters,Firefighters,CurrentEmployer,d3,1.0,0,0.222700148820877,0,0.7772998511791229,0
Science Communicator,Science Educator,CurrentPosition,d3,1.0,0,0.222700148820877,0,0.7772998511791229,0
Legislator,Member of Congress,CurrentPosition,d3,1.0,0,0.222700148820877,0,0.7772998511791229,0
U.S. Department of the Treasury,Janet Yellen,ChiefExecutiveOfficerCurrent,d3,1.0,0,0.222700148820877,0,0.7772998511791229,0
Revolution,Continental Army,CurrentEmployer,d3,1.0,0,0.222700148820877,0,0.7772998511791229,0
1984,George Orwell,AuthorOfWorkPrimary,d3,1.0,100,0.2318451404571533,100,0.7681548595428467,0
1792,1792-01-01,BirthDate,d3,1.0,0,0.2347499728202819,0,0.765250027179718,0
LSE,1895,FoundingDate,d3,0.8670357465744019,0,0.1113500744104385,0,0.7556856721639633,0
Chocolate Currency,Chocolate Holdings,ParentOrganization,d3,0.8267117738723755,0,0.0758581757545471,0,0.7508535981178284,0
Legislator,State Legislature,CurrentEmployer,d3,1.0,0,0.2504101097583771,0,0.7495898902416229,0
Time Zone Organization,Time Standards,MajorIndustryPrimary,d3,1.0,0,0.2517108619213104,0,0.7482891380786896,0
1863,Battle of Gettysburg,OccursOn,d3,1.0,100,0.2521349787712097,100,0.7478650212287903,0
Royal Society,Science,MajorIndustryPrimary,d3,1.0,100,0.2525095343589782,100,0.7474904656410217,0
Currency in 1961,New Zealand Dollar,CurrencyPrimary,d3,1.0,0,0.2534728646278381,0,0.7465271353721619,0
"University of California, Berkeley",1868,FoundingDate,d3,1.0,100,0.2538864612579345,100,0.7461135387420654,0
South Africa,South Africa Standard Time,TimeZonePrimary,d3,1.0,0,0.2585151195526123,0,0.7414848804473877,0
Federal Reserve Bank of New York,1914,FoundingDate,d3,1.0,0,0.2585151195526123,0,0.7414848804473877,0
Richard Burbage,The Lord Chamberlain's Men,CurrentEmployer,d3,1.0,0,0.2585151195526123,0,0.7414848804473877,0
American Express,Stephen Squeri,CurrentEmployer,d3,1.0,0,0.2608290314674377,0,0.7391709685325623,0
San Diego,San Diego State University,CurrentEmployer,d3,0.8670357465744019,0,0.1329642385244369,0,0.7340715080499649,0
Paramount+,Streaming Media,MajorIndustryPrimary,d3,1.0,0,0.2709939181804657,0,0.7290060818195343,0
New Jersey,Trenton,CapitalCityOfCountry,d3,1.0,100,0.2814055979251861,100,0.7185944020748138,0
1732-02-22,First President of the United States,CurrentPosition,d3,0.7185943722724915,0,0.0,0,0.7185943722724915,0
Language Advocate,Language Rights Activist,CurrentPosition,d3,0.7185943722724915,0,0.0,0,0.7185943722724915,0
Citigroup,1812,FoundingDate,d3,1.0,100,0.2938145697116852,100,0.7061854302883148,0
1809-02-12,"Shrewsbury, England",BirthPlace,d3,1.0,0,0.2938145697116852,0,0.7061854302883148,0
Singapore Government,Lee Hsien Loong,CurrentEmployer,d3,1.0,100,0.2970145940780639,100,0.702985405921936,0
Board of Directors,Chairperson,CurrentPosition,d3,0.7019078731536865,0,0.0,0,0.7019078731536865,0
Cultural Event,Arts,MajorIndustryPrimary,d3,1.0,0,0.3029417991638183,0,0.6970582008361816,0
Operation Mars,United States Army,HostOrganizationPrimary,d3,1.0,0,0.3042746186256408,0,0.6957253813743591,0
Government of the United Kingdom,King John,FoundedByPrimary,d3,1.0,0,0.3104519546031952,0,0.6895480453968048,0
Innovative Holdings LLC,Innovative Group Inc.,ParentOrganization,d3,0.7772998809814453,0,0.0994423180818557,0,0.6778575628995895,0
1999,Year 1999,CurrentPosition,d3,0.84112948179245,0,0.1643681824207306,0,0.6767612993717194,0
Self-employed,Consultant,CurrentPosition,d3,0.7772998809814453,0,0.1008786112070083,0,0.676421269774437,0
TurboTax,1988,InitialReleaseDate,d3,0.7772998809814453,0,0.1008786112070083,0,0.676421269774437,0
Executive Director,1975-06-15,BirthDate,d3,0.8411316275596619,0,0.1649252623319625,0,0.6762063652276993,0
President of the United States,President,CurrentPosition,d3,1.0,0,0.3253765106201172,0,0.6746234893798828,0
New York Stock Exchange,1817,FoundingDate,d3,1.0,0,0.3256774544715881,0,0.6743225455284119,0
Exchange Name,1817,FoundingDate,d3,1.0,0,0.3256774544715881,0,0.6743225455284119,0
Various occupations,Project Manager,CurrentPosition,d3,0.7772998809814453,0,0.1107278168201446,0,0.6665720641613007,0
1964,1964-01-01,BirthDate,d3,0.7772998809814453,0,0.1113500744104385,0,0.6659498065710068,0
Hospitality Industry,China,MajorIndustryPrimary,d3,1.0,0,0.3481518030166626,0,0.6518481969833374,0
United States Congress,Legislative Body,CurrentPosition,d3,0.6513549089431763,0,0.0,0,0.6513549089431763,0
Colonial America,Colonial Governor,CurrentPosition,d3,0.6513549089431763,0,0.0,0,0.6513549089431763,0
Cisco Systems,Cisco Capital,ParentOrganization,d3,0.6513549089431763,0,0.0,0,0.6513549089431763,0
ABC Investments,Global Finance Group,ParentOrganization,d3,0.6513549089431763,0,0.0,0,0.6513549089431763,0
Example Incorporation,Example Holdings,ParentOrganization,d3,0.6513549089431763,0,0.0,0,0.6513549089431763,0
Singapore,City-State,CurrentPosition,d3,0.6513549089431763,0,0.0,0,0.6513549089431763,0
Animation World Network,AWN Media,ParentOrganization,d3,0.6513549089431763,0,0.0,0,0.6513549089431763,0
Engineering Firm,Global Engineering Corp,ParentOrganization,d3,0.6513549089431763,0,0.0,0,0.6513549089431763,0
Commander-in-Chief,1961-01-20,BirthDate,d3,0.6513549089431763,0,0.0,0,0.6513549089431763,0
Political Science,American Political Science Association,ParentOrganization,d3,0.6513549089431763,0,0.0,0,0.6513549089431763,0
South Africa,President,CurrentPosition,d3,1.0,100,0.3486451506614685,100,0.6513548493385315,0
"Albuquerque Economic Development, Inc.",Economic Development,MajorIndustryPrimary,d3,1.0,0,0.3486451506614685,0,0.6513548493385315,0
Alabama Department of Postsecondary Education,Alabama Community College System,CurrentEmployer,d3,1.0,0,0.3486451506614685,0,0.6513548493385315,0
Friday,Time,CurrencyPrimary,d3,1.0,0,0.3486451506614685,0,0.6513548493385315,0
TD Bank Group,1855,FoundingDate,d3,1.0,0,0.3486451506614685,0,0.6513548493385315,0
Goldman Sachs,1869,FoundingDate,d3,1.0,100,0.3486451506614685,100,0.6513548493385315,0
"Florida, Missouri",Missouri,CountryOfCity,d3,1.0,0,0.3486451506614685,0,0.6513548493385315,0
King Henry II,Duke of Aquitaine,CurrentPosition,d3,1.0,0,0.3486451506614685,0,0.6513548493385315,0
Chocolate Industry,Hershey,HeadquartersCity,d3,1.0,0,0.3486451506614685,0,0.6513548493385315,0
Chocolate Currency,Chocolate Currency Inc.,CurrentEmployer,d3,1.0,0,0.3486451506614685,0,0.6513548493385315,0
Global Investments,Robert Johnson,FoundedByPrimary,d3,1.0,0,0.3486451506614685,0,0.6513548493385315,0
Southern African Development Community,Dr. Stergomena Lawrence Tax,CurrentEmployer,d3,1.0,0,0.3486451506614685,0,0.6513548493385315,0
Atlantic Time Zone,Fredericton,CountryOfCity,d3,1.0,100,0.3486451506614685,100,0.6513548493385315,0
Police Officers,State Police,CurrentEmployer,d3,1.0,0,0.3486451506614685,0,0.6513548493385315,0
Legislator,City Council Member,CurrentPosition,d3,1.0,0,0.3486451506614685,0,0.6513548493385315,0
Hewlett-Packard,Dave Packard,FoundedByPrimary,d3,1.0,50,0.3486451506614685,50,0.6513548493385315,0
Telangana State Government,Indian Rupee,CurrencyPrimary,d3,1.0,100,0.3486451506614685,100,0.6513548493385315,0
Hershey Chocolate Company,1894,FoundingDate,d3,1.0,0,0.3543879389762878,0,0.6456120610237122,0
"Newburyport, Massachusetts",1764,FoundingDate,d3,1.0,0,0.3543879687786102,0,0.6456120312213898,0
Wells Fargo,Investment Banking,CurrentEmployer,d3,0.8267117738723755,0,0.1821379959583282,0,0.6445737779140472,0
South Africa,Democratic Republic,CurrentPosition,d3,0.7772998809814453,0,0.1329642385244369,0,0.6443356424570084,0
1955-05-19,Significant Historical Event,OccursOn,d3,0.7772998809814453,0,0.1329642385244369,0,0.6443356424570084,0
"December 31, 2020",New Year's Eve Committee,CurrentEmployer,d3,0.7772998809814453,0,0.1329642385244369,0,0.6443356424570084,0
Friday,The Calendar,CurrentEmployer,d3,0.7772998809814453,0,0.1329642385244369,0,0.6443356424570084,0
Active Voter,Election Monitor,CurrentPosition,d3,0.7772998809814453,0,0.1329642385244369,0,0.6443356424570084,0
Santa Fe,Santa Fe Public Schools,CurrentEmployer,d3,0.8670357465744019,0,0.222700148820877,0,0.6443355977535248,0
Global Tech Corp.,Alice Johnson,ChiefExecutiveOfficerCurrent,d3,1.0,0,0.3726550340652466,0,0.6273449659347534,0
Tuscaloosa,City of Tuscaloosa,CurrentEmployer,d3,1.0,0,0.3726585805416107,0,0.6273414194583893,0
City of London Corporation,Lord Mayor of London,CurrentPosition,d3,1.0,50,0.375066727399826,50,0.624933272600174,0
Local Election Office,1965,FoundingDate,d3,1.0,0,0.3837616145610809,0,0.6162383854389191,0
Health,Health City,BirthPlace,d3,1.0,0,0.3886499404907226,0,0.6113500595092773,0
Publisher,1935,FoundingDate,d3,1.0,0,0.3886499404907226,0,0.6113500595092773,0
Various countries,Paris,CapitalCityOfCountry,d3,0.6970614194869995,100,0.0908169373869896,100,0.6062444821000099,0
LinkedIn Corporation,Jeff Weiner,CurrentEmployer,d3,1.0,100,0.3944366574287414,100,0.6055633425712585,0
Alaska Standard Time,1959,FoundingDate,d3,0.8031737804412842,100,0.1989810317754745,100,0.6041927486658096,0
Language in 1961,1961,OccursOn,d3,0.7772998809814453,0,0.1732881963253021,0,0.6040116846561432,0
Example Organization,Example Parent Org,ParentOrganization,d3,0.6026902198791504,0,0.0,0,0.6026902198791504,0
San Antonio,1718,FoundingDate,d3,1.0,0,0.397309809923172,0,0.602690190076828,0
Alabama Department of Postsecondary Education,Alabama State Department of Education,ParentOrganization,d3,1.0,0,0.397309809923172,0,0.602690190076828,0
LSE,University of London,ParentOrganization,d3,1.0,0,0.397309809923172,0,0.602690190076828,0
Advocacy Group,Nonprofit,MajorIndustryPrimary,d3,1.0,0,0.397309809923172,0,0.602690190076828,0
Plymouth Colony,Pine Tree Shilling,CurrencyPrimary,d3,1.0,0,0.397309809923172,0,0.602690190076828,0
Social Services,Social Services Director,CurrentPosition,d3,0.6026865839958191,0,0.0,0,0.6026865839958191,0
Environmental Protection Agency,Michael Regan,CurrentEmployer,d3,1.0,0,0.3973134458065033,0,0.6026865541934967,0
National Science Foundation,Ernest J. Moniz,ChiefExecutiveOfficerCurrent,d3,1.0,0,0.3973152637481689,0,0.602684736251831,0
Citizen,1990-01-01,BirthDate,d3,0.7772998809814453,0,0.182137981057167,0,0.5951618999242783,0
XYZ Productions,2010-01-01,FoundingDate,d3,0.7772998809814453,0,0.1821379959583282,0,0.5951618850231171,0
Henry Condell,Playwright,CurrentPosition,d3,0.5922008156776428,0,0.0,0,0.5922008156776428,0
1955-05-19,Historical Event,CurrentPosition,d3,0.9241418242454528,0,0.3333333432674408,0,0.5908084809780121,0
Boeing,"Boeing Defense, Space & Security",ParentOrganization,d3,0.7185943722724915,0,0.1329642385244369,0,0.5856301337480545,0
Chicago,1833,FoundingDate,d3,0.6513549089431763,0,0.068103015422821,0,0.5832518935203552,0
Red Hat,Raleigh,HeadquartersCity,d3,1.0,100,0.4181291460990906,100,0.5818708539009094,0
University of California,Kamala Harris,CurrentEmployer,d3,1.0,0,0.4181291460990906,0,0.5818708539009094,0
Stacey Cunningham,1974-12-21,BirthDate,d3,0.8589810729026794,0,0.2798761129379272,0,0.5791049599647522,0
1955,"January 1, 1955",OccursOn,d3,1.0,0,0.4221921265125274,0,0.5778078734874725,0
Secretary,Secretary of Defense,CurrentPosition,d3,0.5774953961372375,0,0.0,0,0.5774953961372375,0
Lockheed Martin,James Taiclet,CurrentEmployer,d3,1.0,0,0.4225046336650848,0,0.5774953663349152,0
The King's Men Theatre Company,Royal Shakespeare Company,ParentOrganization,d3,1.0,0,0.4225046336650848,0,0.5774953663349152,0
NextGen Innovations,Tech Innovations Group,ParentOrganization,d3,1.0,0,0.4225046336650848,0,0.5774953663349152,0
History,Ancient Mesopotamia,BirthPlace,d3,1.0,0,0.4225046336650848,0,0.5774953663349152,0
Second Continental Congress,Colonial leaders,FoundedByPrimary,d3,1.0,0,0.4225046336650848,0,0.5774953663349152,0
Time Zone Name,Argentina,CountryOfCity,d3,0.7772998809814453,0,0.2013409733772277,0,0.5759589076042175,0
Comcast Corporation,1963,FoundingDate,d3,1.0,0,0.4373487532138824,0,0.5626512467861176,0
1876,"July 4, 1876",OccursOn,d3,1.0,0,0.4373487532138824,0,0.5626512467861176,0
Googleplex,Sundar Pichai,CurrentEmployer,d3,1.0,0,0.4373487532138824,0,0.5626512467861176,0
JP Morgan Chase,1799,FoundingDate,d3,1.0,0,0.4373487532138824,0,0.5626512467861176,0
Nonprofit Organization,2021-05-01,PublicationDate,d3,1.0,0,0.4373487532138824,0,0.5626512467861176,0
Lee C. Bollinger,President of Columbia University,CurrentPosition,d3,1.0,100,0.4373487532138824,100,0.5626512467861176,0
Seagate Technology,Seagate Technology Holdings,ParentOrganization,d3,1.0,0,0.4373487532138824,0,0.5626512467861176,0
1790,1790-01-01,BirthDate,d3,1.0,0,0.4373487532138824,0,0.5626512467861176,0
Tobacco,Altria Group,ParentOrganization,d3,0.5616961717605591,0,0.0,0,0.5616961717605591,0
Red Hat,1993,FoundingDate,d3,1.0,0,0.4411355555057525,0,0.5588644444942474,0
Microsoft Corporation,Satya Nadella,CurrentEmployer,d3,1.0,100,0.4428378343582153,100,0.5571621656417847,0
Self-employed,Freelancer,CurrentPosition,d3,0.8670357465744019,0,0.3104519546031952,0,0.5565837919712067,0
Representative,Chairperson of the Committee,CurrentPosition,d3,1.0,0,0.4451853930950165,0,0.5548146069049835,0
City of Albuquerque,Albuquerque,HeadquartersCity,d3,0.7772998809814453,0,0.222700148820877,0,0.5545997321605682,0
Greenwich Observatory,Astronomer Royal,CurrentPosition,d3,0.7772998809814453,0,0.222700148820877,0,0.5545997321605682,0
Government of the United Kingdom,1215,FoundingDate,d3,0.7772998809814453,0,0.222700148820877,0,0.5545997321605682,0
New England Colonies,Colonial Government,CurrentEmployer,d3,0.7772998809814453,0,0.222700148820877,0,0.5545997321605682,0
National Chocolate Day,1920,FoundingDate,d3,0.7772998809814453,0,0.222700148820877,0,0.5545997321605682,0
Consulting Firm,Global Consulting Group,ParentOrganization,d3,1.0,0,0.4481017291545868,0,0.5518982708454132,0
The New York Times Company,"The New York Times Company, Inc.",ParentOrganization,d3,0.5518907308578491,50,0.0,50,0.5518907308578491,0
Advocacy Group,National LGBTQ Task Force,ParentOrganization,d3,1.0,0,0.4481092989444732,0,0.5518907010555267,0
National Trust for Historic Preservation,Preservation Society,ParentOrganization,d3,0.6273413896560669,0,0.0758581757545471,0,0.5514832139015198,0
Example Country,Example Continent,Continent,d3,0.6513549089431763,0,0.1008786112070083,0,0.5504762977361679,0
Finance,Deutsche Bank,CurrentEmployer,d3,0.7185943722724915,0,0.1732881963253021,0,0.5453061759471893,0
UTC-5,Jamaica,CountryOfCity,d3,0.7185943722724915,0,0.1732881963253021,0,0.5453061759471893,0
Toronto Stock Exchange,Lou Eccleston,ChiefExecutiveOfficerCurrent,d3,0.6150878667831421,0,0.0705094560980796,0,0.5445784106850624,0
City Government,City Center,HeadquartersCity,d3,0.6513549089431763,0,0.1079788133502006,0,0.5433760955929756,0
Continental dollar,1775,FoundingDate,d3,1.0,100,0.4643916487693786,100,0.5356083512306213,0
Services,1989,FoundingDate,d3,0.8670357465744019,0,0.3333333432674408,0,0.5337024033069611,0
Plymouth Colony,Plymouth,HeadquartersCity,d3,0.7185943722724915,0,0.1914990395307541,0,0.5270953327417374,0
Bank of America,1904,FoundingDate,d3,1.0,0,0.4743222892284393,0,0.5256777107715607,0
Publisher,2023-01-15,PublicationDate,d3,0.8589810729026794,0,0.3333333432674408,0,0.5256477296352386,0
Tourism,Euro,CurrencyPrimary,d3,1.0,0,0.4761438965797424,0,0.5238561034202576,0
"December 31, 2020",New Year's Eve,OccursOn,d3,0.811274528503418,0,0.2905916273593902,0,0.5206829011440277,0
Princeton,1746,FoundingDate,d3,0.6513549089431763,100,0.1329642385244369,100,0.5183906704187393,0
Friday,Workweek,MajorIndustryPrimary,d3,0.6513549089431763,0,0.1329642385244369,0,0.5183906704187393,0
Association of Southeast Asian Nations,Jakarta,HeadquartersCity,d3,0.8670357465744019,100,0.3486451506614685,100,0.5183905959129333,0
American Independence Day,July 4,OccursOn,d3,1.0,100,0.4829698204994201,100,0.5170301795005798,0
Hamlet,King of Denmark,CurrentEmployer,d3,0.7772998809814453,100,0.2608275413513183,100,0.516472339630127,0
Various occupations,Healthcare Organization,CurrentEmployer,d3,0.7772998809814453,0,0.2632514238357544,0,0.5140484571456909,0
PDT Inc.,Jane Smith,ChiefExecutiveOfficerCurrent,d3,0.7306790947914124,0,0.222700148820877,0,0.5079789459705353,0
1984,Secker & Warburg,DevelopedByPrimary,d3,1.0,100,0.4922767281532287,100,0.5077232718467712,0
Governor,1970-01-01,BirthDate,d3,0.6357240676879883,0,0.1285868138074875,0,0.5071372538805008,0
History Town,History Town Museum,CurrentEmployer,d3,0.5774953961372375,0,0.0705094560980796,0,0.5069859400391579,0
"December 31, 2020",New Year's Day Celebration,FoundingDate,d3,1.0,50,0.4955106079578399,50,0.50448939204216,0
Jamestown Settlement,Visitor Center,CurrentPosition,d3,0.5,0,0.0,0,0.5,0
Federal District,Government of Brazil,CurrentEmployer,d3,1.0,0,0.5,0,0.5,0
U.S. House of Representatives,Speaker of the House,CurrentPosition,d3,1.0,0,0.5,0,0.5,0
U.S. House of Representatives,Nancy Pelosi,CurrentEmployer,d3,1.0,100,0.5,100,0.5,0
"December 31, 2020",2020 Year in Review,PublicationDate,d3,1.0,0,0.5,0,0.5,0
Harrisburg,1785,FoundingDate,d3,1.0,0,0.5,0,0.5,0
Alabama State Government,State of Alabama,ParentOrganization,d3,1.0,0,0.5,0,0.5,0
Global Education Network,Global Education Foundation,ParentOrganization,d3,1.0,0,0.5,0,0.5,0
Massachusetts Institute of Technology,Erik Demaine,CurrentEmployer,d3,1.0,0,0.5,0,0.5,0
Microsoft Corporation,1975-04-04,FoundingDate,d3,1.0,0,0.5,0,0.5,0
Microsoft Corporation,Windows,DevelopedByPrimary,d3,1.0,100,0.5,100,0.5,0
Charles L. Webster Company,Webster & Co.,ParentOrganization,d3,1.0,0,0.5,0,0.5,0
Textron,Providence,HeadquartersCity,d3,1.0,100,0.5,100,0.5,0
Greenwich Mean Time,"January 1, 1884",OccursOn,d3,1.0,0,0.5,0,0.5,0
John Winthrop,"Trinity College, Cambridge",AlmaMaterPrimary,d3,1.0,0,0.5,0,0.5,0
Bell Labs,Jio P. P. Raghavan,ChiefExecutiveOfficerCurrent,d3,1.0,0,0.5,0,0.5,0
English Colonization,1583,FoundingDate,d3,1.0,0,0.5,0,0.5,0
Hamlet,Prince of Denmark,CurrentPosition,d3,1.0,0,0.5,0,0.5,0
Awareness and Celebration of Immigrants,Advocate for Immigrant Rights,CurrentPosition,d3,1.0,0,0.5,0,0.5,0
HSBC,1865,FoundingDate,d3,1.0,100,0.5,100,0.5,0
1971,1971-01-01,OccursOn,d3,1.0,0,0.5,0,0.5,0
2018,"January 1, 2018",OccursOn,d3,1.0,0,0.5,0,0.5,0
Halloween Festival Association,October 31,OccursOn,d3,1.0,100,0.5,100,0.5,0
GM Financial,Mary Barra,CurrentEmployer,d3,1.0,0,0.5,0,0.5,0
Nonprofit Organization,Country Name,CountryOfIncorporation,d3,0.5,0,0.0,0,0.5,0
Creative Solutions LLC,Solutions Group Inc.,ParentOrganization,d3,1.0,0,0.5,0,0.5,0
William Shakespeare,1564-04-23,BirthDate,d3,1.0,100,0.5,100,0.5,0
1601,British Museum,CurrentEmployer,d3,0.5,0,0.0,0,0.5,0
International Language Federation,Linguistic Experts,FoundedByPrimary,d3,0.5,0,0.0,0,0.5,0
1826,"January 1, 1826",OccursOn,d3,0.5,0,0.0,0,0.5,0
Tech Holdings LLC,Tech Ventures Inc.,ParentOrganization,d3,1.0,0,0.5,0,0.5,0
Tech City,Technology Hub,CurrentPosition,d3,1.0,0,0.5,0,0.5,0
Animation World Network,1996,FoundingDate,d3,1.0,0,0.5,0,0.5,0
Stratford-upon-Avon,1196,FoundingDate,d3,1.0,0,0.5,0,0.5,0
Y Corp,Z Corp,ParentOrganization,d3,1.0,0,0.5,0,0.5,0
The Scranton Times-Tribune,Tribune Publishing,CurrentEmployer,d3,1.0,0,0.5,0,0.5,0
Apollo 11 Moon Landing,First Manned Moon Landing,CurrentPosition,d3,0.5,0,0.0,0,0.5,0
Powhatan Confederacy,Algonquian Confederacy,ParentOrganization,d3,1.0,0,0.5,0,0.5,0
"January 1, 2023",Software Product X,InitialReleaseDate,d3,1.0,0,0.5,0,0.5,0
"January 1, 2023",Company Z,CurrentEmployer,d3,1.0,0,0.5,0,0.5,0
UTC-5,Cuba,CountryOfCity,d3,1.0,0,0.5,0,0.5,0
George H. W. Bush,Director of the Central Intelligence Agency,CurrentPosition,d3,1.0,0,0.5,0,0.5,0
April Fools' Day,April 1,OccursOn,d3,1.0,50,0.5,50,0.5,0
Commander-in-Chief,Commander-in-Chief of the Armed Forces,CurrentPosition,d3,1.0,0,0.5,0,0.5,0
J.P. Morgan & Co.,1871,FoundingDate,d3,1.0,0,0.5,0,0.5,0
UTC-8,Tijuana,TimeZonePrimary,d3,1.0,0,0.5,0,0.5,0
University of Illinois,"Champaign, Illinois",HeadquartersCity,d3,1.0,50,0.5,50,0.5,0
Celebration,Moscow,HeldInCity,d3,1.0,0,0.5,0,0.5,0
Pacific Time,Washington,TimeZonePrimary,d3,1.0,0,0.5,0,0.5,0
Hospitality Industry,Italy,MajorIndustryPrimary,d3,1.0,0,0.5,0,0.5,0
Oracle,Safra Catz,CurrentEmployer,d3,0.7185943722724915,0,0.222700148820877,0,0.4958942234516144,0
Internet Engineering Task Force,Internet Standards,MajorIndustryPrimary,d3,0.8670357465744019,0,0.3726567924022674,0,0.4943789541721344,0
Innovative Holdings LLC,Senior Analyst,CurrentPosition,d3,0.6513549089431763,0,0.1572676002979278,0,0.4940873086452484,0
United States Government,1789-03-04,FoundingDate,d3,1.0,0,0.5062980651855469,0,0.4937019348144531,0
Health,Public Health Advocate,CurrentPosition,d3,0.6513549089431763,0,0.1625104397535324,0,0.4888444691896438,0
City of New York,New York City Government,ParentOrganization,d3,0.9241418242454528,0,0.4373487532138824,0,0.4867930710315704,0
Example Corporation,Example Capital,HeadquartersCity,d3,1.0,0,0.5136414170265198,0,0.4863585829734802,0
JavaScript,Brendan Eich,DevelopedByPrimary,d3,1.0,100,0.5151380896568298,100,0.4848619103431701,0
Infosys,Bengaluru,HeadquartersCity,d3,1.0,50,0.5165353417396545,50,0.4834646582603454,0
Investment,Investment Analyst,CurrentPosition,d3,0.4829698204994201,0,0.0,0,0.4829698204994201,0
Global Investments,Investment Management,MajorIndustryPrimary,d3,0.8670357465744019,0,0.3855021297931671,0,0.4815336167812347,0
BBC,Broadcasting,MajorIndustryPrimary,d3,1.0,100,0.518977165222168,100,0.481022834777832,0
1860,1860-01-01,BirthDate,d3,0.7772998809814453,0,0.3029450178146362,0,0.4743548631668091,0
Atlantic Time Zone,Halifax,CountryOfCity,d3,0.7185943722724915,0,0.2445674836635589,0,0.4740268886089325,0
Department of Health and Human Services,Xavier Becerra,CurrentEmployer,d3,1.0,0,0.5260174870491028,0,0.4739825129508972,0
Colonial America,British Crown,CurrentEmployer,d3,0.5774953961372375,0,0.1079788133502006,0,0.4695165827870369,0
University of Pennsylvania,Benjamin Franklin,AlmaMaterPrimary,d3,0.7772998809814453,0,0.3094416856765747,0,0.4678581953048706,0
Standard Oil Company,1870,FoundingDate,d3,0.5774953961372375,100,0.1104230433702468,100,0.4670723527669906,0
Thomas Betterton,"Theatre Royal, Drury Lane",CurrentEmployer,d3,0.7185943722724915,0,0.2585151195526123,0,0.4600792527198791,0
Tech Innovations Inc.,1999-05-01,FoundingDate,d3,0.8892722129821777,0,0.4373487532138824,0,0.4519234597682953,0
Operation Mars,U.S. Central Command,ParentOrganization,d3,0.6513549089431763,0,0.2000000029802322,0,0.451354905962944,0
1849,1849-01-01,BirthDate,d3,1.0,0,0.548917829990387,0,0.451082170009613,0
Honeywell,Honeywell International Inc.,ParentOrganization,d3,1.0,0,0.5489178895950317,0,0.4510821104049682,0
Chocolate Industry,Hershey's,CurrentEmployer,d3,1.0,0,0.5489178895950317,0,0.4510821104049682,0
Conservative Party,Leader,CurrentPosition,d3,1.0,100,0.5489178895950317,100,0.4510821104049682,0
Standard Time,Mexico,CountryOfCity,d3,0.7185943722724915,0,0.2678325772285461,0,0.4507617950439453,0
Suva,Capital City,CurrentPosition,d3,0.4481092989444732,0,0.0,0,0.4481092989444732,0
"University of California, Berkeley","Berkeley, California",CurrentEmployer,d3,1.0,50,0.5518983006477356,50,0.4481016993522644,0
Honiara,Solomon Islands Government,HeadquartersCity,d3,1.0,0,0.5518983006477356,0,0.4481016993522644,0
National Oatmeal Association,1966,FoundingDate,d3,0.7772998809814453,0,0.3333333432674408,0,0.4439665377140045,0
Thursday,2023-01-01,FoundingDate,d3,0.7772998809814453,0,0.3333333432674408,0,0.4439665377140045,0
Another Organization Name,Parent Company Name,ParentOrganization,d3,0.5774953961372375,0,0.1365327388048172,0,0.4409626573324203,0
American,Service,MajorIndustryPrimary,d3,1.0,0,0.5607860684394836,0,0.4392139315605163,0
IBM,Lenovo,ParentOrganization,d3,0.4373487532138824,0,0.0,0,0.4373487532138824,0
GNU General Public License,Free Software License,CurrentPosition,d3,0.4373487532138824,0,0.0,0,0.4373487532138824,0
Washington State Legislature,1889,FoundingDate,d3,0.5,0,0.0628540068864822,0,0.4371459931135177,0
Health,Switzerland,CountryOfCity,d3,0.8267117738723755,100,0.3944366574287414,100,0.432275116443634,0
Operation Mars,Defense,MajorIndustryPrimary,d3,0.8267117738723755,0,0.3944366574287414,0,0.432275116443634,0
Continental dollar,Currency,MajorIndustryPrimary,d3,0.5,0,0.068103015422821,0,0.4318969845771789,0
"Florida, Missouri",Jefferson City,CapitalCityOfCountry,d3,0.6513549089431763,100,0.222700148820877,100,0.4286547601222992,0
Virginia Company,King James I,FoundedByPrimary,d3,0.6513549089431763,0,0.222700148820877,0,0.4286547601222992,0
Alaska Standard Time,Tourism,MajorIndustryPrimary,d3,0.7772998809814453,0,0.3486451506614685,0,0.4286547303199768,0
Neighborhood Association,Local Nonprofit,CurrentEmployer,d3,0.7772998809814453,0,0.3486451506614685,0,0.4286547303199768,0
2014,Year of the Horse,CurrentPosition,d3,0.7772998809814453,100,0.3486451506614685,100,0.4286547303199768,0
Shakespeare's Plays,1609,PublicationDate,d3,0.7772998809814453,0,0.3486451506614685,0,0.4286547303199768,0
Unix Systems,Murray Hill,HeadquartersCity,d3,0.5774953961372375,0,0.1504869610071182,0,0.4270084351301193,0
General Motors,1908-09-16,FoundingDate,d3,0.6513549089431763,0,0.2270917296409607,0,0.4242631793022156,0
Detroit,Quicken Loans,CurrentEmployer,d3,0.7772998809814453,0,0.3543879389762878,0,0.4229119420051574,0
Sebastopol,Sebastopol City Hall,HeadquartersCity,d3,0.4225046336650848,0,0.0,0,0.4225046336650848,0
April Fools' Day,"April 1, 1582",PublicationDate,d3,0.4225046336650848,0,0.0,0,0.4225046336650848,0
Secretary,Secretary of Treasury,CurrentPosition,d3,0.4225046336650848,0,0.0,0,0.4225046336650848,0
JavaScript,Mozilla Corporation,CurrentEmployer,d3,0.4225046336650848,0,0.0,0,0.4225046336650848,0
Colonial America,British Empire,ParentOrganization,d3,1.0,100,0.5774953961372375,100,0.4225046038627624,0
European Union,Belgium,CountryOfIncorporation,d3,1.0,100,0.5774953961372375,100,0.4225046038627624,0
PHP,The PHP Group,CurrentEmployer,d3,1.0,0,0.5774953961372375,0,0.4225046038627624,0
Example Corp,Jane Doe,ChiefExecutiveOfficerCurrent,d3,1.0,0,0.5774953961372375,0,0.4225046038627624,0
1883,Industrial Revolution,MajorIndustryPrimary,d3,1.0,0,0.5836301445960999,0,0.4163698554039001,0
Virginia Company,Colonization,MajorIndustryPrimary,d3,0.5,0,0.0886545181274414,0,0.4113454818725586,0
Hong Kong,Special Administrative Region,CurrentPosition,d3,0.410746157169342,0,0.0,0,0.410746157169342,0
National Historical Society,1938,FoundingDate,d3,0.5,0,0.0908169373869896,0,0.4091830626130104,0
1835-11-30,Self-Employed,CurrentEmployer,d3,1.0,0,0.5922008156776428,0,0.4077991843223572,0
Calgary,Enbridge Inc.,HeadquartersCity,d3,1.0,0,0.5922008156776428,0,0.4077991843223572,0
Detroit,DTE Energy,CurrentEmployer,d3,1.0,0,0.5959083437919617,0,0.4040916562080383,0
BBC,John Reith,FoundedByPrimary,d3,1.0,100,0.5959083437919617,100,0.4040916562080383,0
Springfield,1821,FoundingDate,d3,0.5774953961372375,0,0.1743225753307342,0,0.4031728208065033,0
Zimbabwean Government,Ministry of Finance,ParentOrganization,d3,1.0,0,0.602682888507843,0,0.397317111492157,0
Goldman Sachs,Marcus Goldman,FoundedByPrimary,d3,1.0,100,0.602682888507843,100,0.397317111492157,0
1977,1977-01-01,OccursOn,d3,0.397309809923172,0,0.0,0,0.397309809923172,0
Springfield,City of Springfield,CurrentEmployer,d3,0.6513549089431763,0,0.2608304917812347,0,0.3905244171619415,0
Local Non-Profit Organization,Community Service,MajorIndustryPrimary,d3,0.5,0,0.1107263192534446,0,0.3892736807465553,0
Virginia,Richmond,CapitalCityOfCountry,d3,0.5774953961372375,100,0.1887208074331283,100,0.3887745887041092,0
1890,1890-01-01,BirthDate,d3,0.7772998809814453,0,0.3886499404907226,0,0.3886499404907226,0
Unknown Work,Unknown Organization,CreatedByPrimary,d3,0.5774953961372375,0,0.19066122174263,0,0.3868341743946075,0
Aviation,United Airlines,CurrentEmployer,d3,1.0,0,0.623261570930481,0,0.376738429069519,0
Henry Condell,1568-01-01,BirthDate,d3,0.5,0,0.1253025233745575,0,0.3746974766254425,0
Barack Obama,Former President,CurrentPosition,d3,1.0,0,0.6273431777954102,0,0.3726568222045898,0
Honolulu,1778,FoundingDate,d3,1.0,0,0.6276617646217346,0,0.3723382353782654,0
Massachusetts Institute of Technology,1861,FoundingDate,d3,1.0,100,0.6276617646217346,100,0.3723382353782654,0
Hong Kong,China,CountryOfIncorporation,d3,0.6513549089431763,100,0.2814055979251861,100,0.3699493110179901,0
Sun Microsystems,Mark Hurd,ChiefExecutiveOfficerCurrent,d3,0.6513549089431763,0,0.2814055979251861,0,0.3699493110179901,0
National Cat Day,October 29,OccursOn,d3,0.7185943722724915,100,0.3486451506614685,100,0.3699492216110229,0
Central Time Zone,Oklahoma City,CountryOfCity,d3,0.7185943722724915,0,0.3486451506614685,0,0.3699492216110229,0
Los Angeles Lakers,Professional Basketball,MajorIndustryPrimary,d3,0.7185943722724915,0,0.3486451506614685,0,0.3699492216110229,0
Atlanta,Coca-Cola,HeadquartersCity,d3,1.0,0,0.6307190656661987,0,0.3692809343338012,0
Alabama State Capitol,1851,FoundingDate,d3,0.6513549089431763,0,0.282864511013031,0,0.3684903979301452,0
Public Administrator,County Administrator,CurrentPosition,d3,0.5,0,0.1329642385244369,0,0.367035761475563,0
Time Zone Organization,International Time Bureau,ParentOrganization,d3,0.8670357465744019,0,0.5,0,0.3670357465744018,0
U.S. Congress,Bicameral Legislature,CurrentPosition,d3,0.8670357465744019,0,0.5,0,0.3670357465744018,0
Celebration,Tokyo,HeldInCity,d3,0.8670357465744019,0,0.5,0,0.3670357465744018,0
Boeing,David L. Calhoun,CurrentEmployer,d3,0.7185943722724915,0,0.3556263148784637,0,0.3629680573940277,0
Massachusetts Bay Company,1628,FoundingDate,d3,0.4225046336650848,100,0.0599777922034263,100,0.3625268414616585,0
"Pinterest, Inc.",Social Media,MajorIndustryPrimary,d3,1.0,100,0.6413893103599548,100,0.3586106896400451,0
General Electric,1892,FoundingDate,d3,0.5,0,0.145056813955307,0,0.354943186044693,0
Google LLC,1998,FoundingDate,d3,0.5774953961372375,0,0.222700148820877,0,0.3547952473163605,0
Los Angeles Lakers,Jack Kent Cooke,FoundedByPrimary,d3,0.5774953961372375,0,0.222700148820877,0,0.3547952473163605,0
XYZ Corporation,1995-05-20,FoundingDate,d3,1.0,0,0.6472656726837158,0,0.3527343273162842,0
Greenwich Observatory,Astronomy,MajorIndustryPrimary,d3,0.5,100,0.1476944833993911,100,0.3523055166006088,0
1792,Historical Year,CurrentPosition,d3,0.3486451506614685,0,0.0,0,0.3486451506614685,0
History City,History Organization,CurrentEmployer,d3,0.3486451506614685,0,0.0,0,0.3486451506614685,0
Global Charity Network,International Charity Alliance,ParentOrganization,d3,0.3486451506614685,0,0.0,0,0.3486451506614685,0
UTC-5,Bahamas,CountryOfCity,d3,0.3486451506614685,0,0.0,0,0.3486451506614685,0
Pretoria,City of Tshwane Metropolitan Municipality,CurrentEmployer,d3,1.0,0,0.6513549089431763,0,0.3486450910568237,0
Alaska Standard Time,Alaska State Government,ParentOrganization,d3,1.0,0,0.6513549089431763,0,0.3486450910568237,0
1955-05-19,Automobile Industry,MajorIndustryPrimary,d3,1.0,0,0.6513549089431763,0,0.3486450910568237,0
Neighborhood Association,Community Services,MajorIndustryPrimary,d3,1.0,0,0.6513549089431763,0,0.3486450910568237,0
Bank of America,Amadeo Giannini,FoundedByPrimary,d3,1.0,0,0.6513549089431763,0,0.3486450910568237,0
Currency in 1961,Deutsche Mark,CurrencyPrimary,d3,1.0,0,0.6513549089431763,0,0.3486450910568237,0
JPMorgan Chase & Co.,Jamie Dimon,CurrentEmployer,d3,1.0,100,0.6513549089431763,100,0.3486450910568237,0
1945,The Diary of a Young Girl,PublicationDate,d3,1.0,50,0.6513549089431763,50,0.3486450910568237,0
Alphabet Inc.,"September 4, 1998",FoundingDate,d3,1.0,0,0.6513549089431763,0,0.3486450910568237,0
"Pinterest, Inc.",,ParentOrganization,d3,1.0,0,0.6513549089431763,0,0.3486450910568237,0
2013,Organizations active in 2013,CurrentEmployer,d3,1.0,0,0.6513549089431763,0,0.3486450910568237,0
Snap Inc.,Snapchat,DevelopedByPrimary,d3,1.0,100,0.6513549089431763,100,0.3486450910568237,0
Adobe Inc.,Shantanu Narayen,CurrentEmployer,d3,1.0,100,0.6513549089431763,100,0.3486450910568237,0
Awareness and Celebration of Immigrants,Immigrant Heritage Month,CurrentEmployer,d3,1.0,0,0.6513549089431763,0,0.3486450910568237,0
Global Solutions Inc.,Global Holdings LLC,ParentOrganization,d3,1.0,0,0.6513549089431763,0,0.3486450910568237,0
1963-08-27,"August 27, 1963",OccursOn,d3,1.0,0,0.6513549089431763,0,0.3486450910568237,0
University of Alabama,Dr. Stuart R. Bell,CurrentEmployer,d3,1.0,0,0.6513549089431763,0,0.3486450910568237,0
Timekeeping,Timekeeping Association,ParentOrganization,d3,1.0,0,0.6513549089431763,0,0.3486450910568237,0
2001,Year 2001,CurrentPosition,d3,1.0,0,0.6513549089431763,0,0.3486450910568237,0
Calgary,Calgary Flames,CurrentEmployer,d3,1.0,0,0.6513549089431763,0,0.3486450910568237,0
"O'Reilly Media, Inc.",1988,FoundingDate,d3,1.0,0,0.6513549089431763,0,0.3486450910568237,0
1984,Dystopian novel,CurrentPosition,d3,1.0,50,0.6513549089431763,50,0.3486450910568237,0
1781-01-01,Continental Army,CurrentEmployer,d3,1.0,100,0.6513549089431763,100,0.3486450910568237,0
Mountain Standard Time,America/Denver,TimeZonePrimary,d3,1.0,0,0.6513549089431763,0,0.3486450910568237,0
Member of the House of Representatives,Legislative Branch of the United States,CurrentEmployer,d3,1.0,0,0.6513549089431763,0,0.3486450910568237,0
April Fools' Day,1582,FoundingDate,d3,1.0,0,0.6513549089431763,0,0.3486450910568237,0
City of Newburyport,Newburyport Chamber of Commerce,HeadquartersCity,d3,1.0,0,0.6513549089431763,0,0.3486450910568237,0
Franklin D. Roosevelt,"Hyde Park, New York",BirthPlace,d3,1.0,100,0.6513549089431763,100,0.3486450910568237,0
University of Linguistics,Linguist City,HeadquartersCity,d3,1.0,0,0.6513549089431763,0,0.3486450910568237,0
Language of Science,Scientific Writer,CurrentPosition,d3,1.0,0,0.6513549089431763,0,0.3486450910568237,0
Santa Fe,New Mexico State Government,HeadquartersCity,d3,0.6970614194869995,0,0.3486451506614685,0,0.348416268825531,0
Ford Motor Company,1903,FoundingDate,d3,0.6513549089431763,100,0.3042746186256408,100,0.3470802903175354,0
Board of Directors,2000-01-01,FoundingDate,d3,0.5,0,0.1540750712156295,0,0.3459249287843704,0
Linguistic Society,1924,FoundingDate,d3,0.5518907308578491,0,0.2068719863891601,0,0.3450187444686889,0
Charles Darwin,Shrewsbury,BirthPlace,d3,0.7185943722724915,100,0.3768830895423889,100,0.3417112827301025,0
Tetum,Official Language,CurrentPosition,d3,1.0,0,0.6594907641410828,0,0.3405092358589172,0
Conservative Party,British Conservative Party,ParentOrganization,d3,0.7772998809814453,0,0.4373487532138824,0,0.3399511277675628,0
Chocolate Lovers Association,Global Chocolate Federation,ParentOrganization,d3,0.7772998809814453,0,0.4373487532138824,0,0.3399511277675628,0
Currency in 1961,French Franc,CurrencyPrimary,d3,1.0,0,0.664980947971344,0,0.335019052028656,0
Suva,Fiji National University,CurrentEmployer,d3,1.0,0,0.664980947971344,0,0.335019052028656,0
Innovator Organization,Innovator CEO,ChiefExecutiveOfficerCurrent,d3,0.6513549089431763,0,0.316982239484787,0,0.3343726694583893,0
Business Language Training Institute,Global Language Services,ParentOrganization,d3,0.3333333432674408,0,0.0,0,0.3333333432674408,0
1981,Year 1981,CurrentPosition,d3,0.3333333432674408,0,0.0,0,0.3333333432674408,0
Innovator Parent Org,2005-01-01,BirthDate,d3,0.5377748012542725,0,0.2068701237440109,0,0.3309046775102615,0
NASA,Bill Nelson,CurrentEmployer,d3,0.7772998809814453,0,0.4481017291545868,0,0.3291981518268585,0
Voter,Civic Participant,CurrentPosition,d3,0.5518983006477356,0,0.222700148820877,0,0.3291981518268585,0
"Scranton, Pennsylvania",Manufacturing,MajorIndustryPrimary,d3,0.8267117738723755,0,0.5,0,0.3267117738723755,0
Information Technology Hub,Innovation Leader,CurrentPosition,d3,0.6513549089431763,0,0.3256774544715881,0,0.3256774544715881,0
Powhatan Confederacy,Jamestown,HeadquartersCity,d3,0.5774953961372375,100,0.2534728646278381,100,0.3240225315093994,0
Hulu,Disney,CurrentEmployer,d3,1.0,100,0.676875114440918,100,0.323124885559082,0
Local Government,Mayor,CurrentPosition,d3,0.7185943722724915,100,0.3967950046062469,100,0.3217993676662445,0
State of Washington,1889,FoundingDate,d3,0.6026902198791504,0,0.2814055979251861,0,0.3212846219539642,0
2013,Year of significant events,CurrentPosition,d3,0.5,0,0.1798281073570251,0,0.3201718926429748,0
Awareness Campaign,2023-10-01,OccursOn,d3,0.5,0,0.1821379959583282,0,0.3178620040416717,0
International Airlines Group,Iberia,ParentOrganization,d3,1.0,0,0.685949444770813,0,0.314050555229187,0
JavaScript,Mozilla Foundation,PublisherPrimary,d3,0.5518945455551147,0,0.2384596168994903,0,0.3134349286556244,0
State of California,1850,FoundingDate,d3,1.0,100,0.6945120096206665,100,0.3054879903793335,0
Various Contributors,Wikipedia,CurrentEmployer,d3,1.0,0,0.6945120096206665,0,0.3054879903793335,0
New York Times,1851,FoundingDate,d3,1.0,100,0.6945120692253113,100,0.3054879307746887,0
Social Services,1965,FoundingDate,d3,0.4373487532138824,0,0.1329642385244369,0,0.3043845146894455,0
South African Reserve Bank,Johannesburg Stock Exchange,StockExchangePrimary,d3,1.0,100,0.6970549821853638,100,0.3029450178146362,0
1600,Historical Significance,CurrentPosition,d3,0.3029417991638183,0,0.0,0,0.3029417991638183,0
Canadian Government,Justin Trudeau,CurrentEmployer,d3,1.0,100,0.6970582008361816,100,0.3029417991638183,0
"Albuquerque Economic Development, Inc.",Albuquerque,HeadquartersCity,d3,1.0,100,0.6970614194869995,100,0.3029385805130005,0
1955-10-28,Historical Figure,CurrentPosition,d3,0.3029385805130005,0,0.0,0,0.3029385805130005,0
University of Illinois at Urbana-Champaign,Robert J. Jones,CurrentEmployer,d3,1.0,0,0.6970614194869995,0,0.3029385805130005,0
Suva,Fiji Government,HeadquartersCity,d3,1.0,0,0.6970614194869995,0,0.3029385805130005,0
Hamlet,Unknown,BirthDate,d3,0.3029385805130005,0,0.0,0,0.3029385805130005,0
"Facebook, Inc.",Mark Zuckerberg,ChiefExecutiveOfficerCurrent,d3,1.0,100,0.6970614194869995,100,0.3029385805130005,0
Acme Corp,Mr. Acme,ChiefExecutiveOfficerCurrent,d3,0.6513549089431763,0,0.3486451506614685,0,0.3027097582817077,0
City Council,Municipal Government,ParentOrganization,d3,0.6513549089431763,0,0.3486451506614685,0,0.3027097582817077,0
Deloitte,Professional Services,MajorIndustryPrimary,d3,0.5,0,0.1974104791879654,0,0.3025895208120346,0
Lee C. Bollinger,1951-04-30,BirthDate,d3,0.3486451506614685,0,0.0514093525707721,0,0.2972357980906963,0
Atlanta,1837,FoundingDate,d3,0.5774953961372375,100,0.2814055979251861,100,0.2960897982120514,0
1995,1995-01-01,OccursOn,d3,1.0,0,0.7046110033988953,0,0.2953889966011047,0
1999,"January 1, 1999",OccursOn,d3,1.0,0,0.7046110033988953,0,0.2953889966011047,0
History,4000 BC,FoundingDate,d3,0.5,0,0.2054128050804138,0,0.2945871949195862,0
Time Zone Organization,Time Zone Association,CurrentEmployer,d3,0.4373487532138824,0,0.145438402891159,0,0.2919103503227234,0
Example Organization,Example Person,FoundedByPrimary,d3,0.4225046336650848,0,0.1329642385244369,0,0.2895403951406479,0
Python Software Foundation,Guido van Rossum,FoundedByPrimary,d3,0.6513549089431763,100,0.3660837411880493,100,0.2852711677551269,0
1792,French,OfficialLanguagePrimary,d3,1.0,100,0.7149487137794495,100,0.2850512862205505,0
Hershey Chocolate Company,Confectionery,MajorIndustryPrimary,d3,1.0,100,0.7149487137794495,100,0.2850512862205505,0
University of California,1868,FoundingDate,d3,0.5774953961372375,100,0.2938145697116852,100,0.2836808264255523,0
Brazos County,1841,FoundingDate,d3,1.0,0,0.7185943722724915,0,0.2814056277275085,0
Google LLC,1998-09-04,FoundingDate,d3,1.0,0,0.7185943722724915,0,0.2814056277275085,0
Commander-in-Chief,Commander-in-Chief of the Navy,CurrentPosition,d3,1.0,0,0.7185943722724915,0,0.2814056277275085,0
Language Advocate,Language Policy Advisor,CurrentPosition,d3,0.2814055979251861,0,0.0,0,0.2814055979251861,0
Language Advocate,Linguistic Researcher,CurrentPosition,d3,0.2814055979251861,0,0.0,0,0.2814055979251861,0
Treasurer,Treasurer of the United States,CurrentPosition,d3,0.2814055979251861,0,0.0,0,0.2814055979251861,0
JavaScript,Client-side scripting language,CurrentPosition,d3,0.2814055979251861,0,0.0,0,0.2814055979251861,0
World Bank,David Malpass,CurrentEmployer,d3,0.5389832258224487,0,0.2608290314674377,0,0.278154194355011,0
South Africa,South African Government,CurrentEmployer,d3,0.7772998809814453,0,0.5,0,0.2772998809814453,0
1955-10-28,October 28,OccursOn,d3,0.7772998809814453,0,0.5,0,0.2772998809814453,0
NBA,National Basketball Association,ParentOrganization,d3,0.7772998809814453,100,0.5,100,0.2772998809814453,0
Awareness and Celebration of Immigrants,Cultural Heritage Alliance,ParentOrganization,d3,0.7772998809814453,0,0.5,0,0.2772998809814453,0
Halloween LLC,Retail,MajorIndustryPrimary,d3,0.7772998809814453,0,0.5,0,0.2772998809814453,0
European Football Association,Nyon,HeadquartersCity,d3,0.7772998809814453,100,0.5,100,0.2772998809814453,0
Advisory Board,Advisory Board Parent Organization,ParentOrganization,d3,0.7772998809814453,0,0.5,0,0.2772998809814453,0
1950-10-24,"October 24, 1950",OccursOn,d3,0.7772998809814453,0,0.5,0,0.2772998809814453,0
Higher Education,1861,FoundingDate,d3,0.7772998809814453,0,0.5,0,0.2772998809814453,0
Reserve Currency,Euro,CurrencyPrimary,d3,0.5,0,0.222700148820877,0,0.2772998511791229,0
National Institutes of Health,Health Research,MajorIndustryPrimary,d3,0.5,50,0.222700148820877,50,0.2772998511791229,0
American Independence Day,National holiday,CurrentPosition,d3,0.5,0,0.222700148820877,0,0.2772998511791229,0
Publishing,1450,FoundingDate,d3,0.5,0,0.222700148820877,0,0.2772998511791229,0
International Organization for Standardization,Sérgio G. G. de Oliveira,ChiefExecutiveOfficerCurrent,d3,0.5,0,0.222700148820877,0,0.2772998511791229,0
Civic Engagement Organization,Civic Alliance,ParentOrganization,d3,0.5,0,0.222700148820877,0,0.2772998511791229,0
City of New York,1624,FoundingDate,d3,0.4747983515262604,0,0.1989810466766357,0,0.2758173048496246,0
Olympia,1859,FoundingDate,d3,0.5,0,0.2270917296409607,0,0.2729082703590393,0
Timorese,Government of Timor-Leste,CurrentEmployer,d3,0.9241418242454528,0,0.6513549089431763,0,0.2727869153022766,0
Automobile,Vehicle,CurrentPosition,d3,0.2608304917812347,0,0.0,0,0.2608304917812347,0
Telecommunications,Sprint Corporation,CurrentEmployer,d3,1.0,0,0.7391695380210876,0,0.2608304619789123,0
1970-01-01T00:00:00Z,1970-01-01,OccursOn,d3,1.0,0,0.7391695380210876,0,0.2608304619789123,0
South Africa,Africa,Continent,d3,1.0,100,0.7391724586486816,100,0.2608275413513183,0
"University of California, Berkeley",Public Research University,CurrentPosition,d3,1.0,50,0.7391724586486816,50,0.2608275413513183,0
"December 31, 1969",Tech Company ABC,FoundingDate,d3,1.0,0,0.7391724586486816,0,0.2608275413513183,0
Shakespeare's Works,1593,PublicationDate,d3,1.0,100,0.7391753792762756,100,0.2608246207237243,0
Hershey Chocolate Company,The Hershey Trust Company,ParentOrganization,d3,1.0,0,0.7391753792762756,0,0.2608246207237243,0
Halloween Festival Association,Festival Events Inc.,ParentOrganization,d3,0.6513549089431763,0,0.3944366574287414,0,0.2569182515144348,0
Advocacy Group,Advocacy Director,CurrentPosition,d3,0.2553745806217193,0,0.0,0,0.2553745806217193,0
XYZ Corporation,1951-06-15,FoundingDate,d3,1.0,0,0.7490872144699097,0,0.2509127855300903,0
Barclays Group,Barclays PLC,ParentOrganization,d3,1.0,0,0.7503873109817505,0,0.2496126890182495,0
City of Newburyport,Newburyport Fire Department,CurrentEmployer,d3,0.814916729927063,0,0.5656483769416809,0,0.249268352985382,0
Education Sector,1867,FoundingDate,d3,0.6357240676879883,0,0.3886499404907226,0,0.2470741271972656,0
Linux Foundation,Linus Torvalds,FoundedByPrimary,d3,0.5774953961372375,100,0.3333333432674408,100,0.2441620528697967,0
Zimbabwean Government,Emmerson Mnangagwa,CurrentEmployer,d3,1.0,0,0.7565393447875977,0,0.2434606552124023,0
Automobile,1886,FoundingDate,d3,0.5,0,0.2585151195526123,0,0.2414848804473877,0
University of Pittsburgh,Pittsburgh,HeadquartersCity,d3,1.0,100,0.7587480545043945,100,0.2412519454956054,0
Deloitte,William Welch Deloitte,FoundedByPrimary,d3,0.4225046336650848,100,0.182137981057167,100,0.2403666526079177,0
Theatrical Companies,Theater Alliance,ParentOrganization,d3,0.8670357465744019,0,0.6273413896560669,0,0.2396943569183349,0
Friday,"January 1, 2000",BirthDate,d3,0.7391695380210876,0,0.5,0,0.2391695380210876,0
Virginia Company,Thomas West,ChiefExecutiveOfficerCurrent,d3,0.5,0,0.2608304917812347,0,0.2391695082187652,0
British Pound,UK Government,CurrentEmployer,d3,0.3486451506614685,0,0.1107263192534446,0,0.2379188314080238,0
1949,"January 1, 1949",OccursOn,d3,1.0,0,0.7652807235717773,0,0.2347192764282226,0
1975,"January 1, 1975",OccursOn,d3,1.0,0,0.7652807235717773,0,0.2347192764282226,0
1974,1974-01-01,OccursOn,d3,1.0,0,0.7652807235717773,0,0.2347192764282226,0
1953,1953-01-01,OccursOn,d3,1.0,0,0.7652807235717773,0,0.2347192764282226,0
Global Education Network,2022,PublicationDate,d3,0.3886499404907226,0,0.1540750712156295,0,0.234574869275093,0
Tech Policy Institute,Michael McGarry,CurrentEmployer,d3,1.0,0,0.7681534886360168,0,0.2318465113639831,0
Powhatan Confederacy,1607,FoundingDate,d3,0.5774953961372375,0,0.3486451506614685,0,0.228850245475769,0
Python Software Foundation,Delaware,HeadquartersCity,d3,0.8670357465744019,0,0.639435350894928,0,0.2276003956794738,0
Santa Fe,City of Santa Fe,ParentOrganization,d3,1.0,0,0.7741757035255432,0,0.2258242964744568,0
Awareness Campaign,Public Health,MajorIndustryPrimary,d3,0.7772998809814453,0,0.5518945455551147,0,0.2254053354263305,0
South African Reserve Bank,South African Government,ParentOrganization,d3,0.4481017291545868,0,0.222700148820877,0,0.2254015803337097,0
Hong Kong,Hong Kong Dollar,CurrencyPrimary,d3,0.2814055979251861,0,0.0566524267196655,0,0.2247531712055206,0
1947,"January 1, 1947",OccursOn,d3,0.222700148820877,0,0.0,0,0.222700148820877,0
Hannibal High School,High School,CurrentPosition,d3,0.222700148820877,0,0.0,0,0.222700148820877,0
Language Services,Global Language Solutions,ParentOrganization,d3,0.222700148820877,0,0.0,0,0.222700148820877,0
First Folio,Edward Blount,PublisherPrimary,d3,0.222700148820877,0,0.0,0,0.222700148820877,0
Governor,Governor of California,CurrentPosition,d3,0.222700148820877,0,0.0,0,0.222700148820877,0
South Africa,Afrikaans,OfficialLanguagePrimary,d3,1.0,100,0.7772998809814453,100,0.2227001190185547,0
Alaska,Oil and Gas,MajorIndustryPrimary,d3,1.0,0,0.7772998809814453,0,0.2227001190185547,0
Sacramento City Unified School District,1854,FoundingDate,d3,1.0,0,0.7772998809814453,0,0.2227001190185547,0
Marshall Plan,U.S. Department of State,ParentOrganization,d3,1.0,0,0.7772998809814453,0,0.2227001190185547,0
1792,French Revolution,OccursOn,d3,1.0,100,0.7772998809814453,100,0.2227001190185547,0
Dili,UTC+9,TimeZonePrimary,d3,1.0,50,0.7772998809814453,50,0.2227001190185547,0
Westmoreland County,1773,FoundingDate,d3,1.0,0,0.7772998809814453,0,0.2227001190185547,0
United Nations Security Council,International Relations,MajorIndustryPrimary,d3,1.0,0,0.7772998809814453,0,0.2227001190185547,0
Alabama State Government,Governor of Alabama,CurrentEmployer,d3,1.0,0,0.7772998809814453,0,0.2227001190185547,0
City of Olympia,City of Olympia Police Department,CurrentEmployer,d3,1.0,0,0.7772998809814453,0,0.2227001190185547,0
American Historical Association,American Council of Learned Societies,ParentOrganization,d3,1.0,0,0.7772998809814453,0,0.2227001190185547,0
Internal Revenue Service,1862,FoundingDate,d3,1.0,100,0.7772998809814453,100,0.2227001190185547,0
Massachusetts Institute of Technology,Massachusetts Institute of Technology Corporation,ParentOrganization,d3,1.0,0,0.7772998809814453,0,0.2227001190185547,0
National Emergency Management Agency,Administrator,CurrentPosition,d3,1.0,0,0.7772998809814453,0,0.2227001190185547,0
Dallas,AT&T Inc.,HeadquartersCity,d3,1.0,0,0.7772998809814453,0,0.2227001190185547,0
Dallas,Texas,CapitalCityOfCountry,d3,1.0,100,0.7772998809814453,100,0.2227001190185547,0
Citigroup Inc.,1812,FoundingDate,d3,1.0,100,0.7772998809814453,100,0.2227001190185547,0
NASA,,StockExchangePrimary,d3,1.0,0,0.7772998809814453,0,0.2227001190185547,0
Red Hat,Jim Whitehurst,CurrentEmployer,d3,1.0,100,0.7772998809814453,100,0.2227001190185547,0
Wednesday,Calendar,HeadquartersCity,d3,1.0,0,0.7772998809814453,0,0.2227001190185547,0
Wednesday,Week,CurrentEmployer,d3,1.0,0,0.7772998809814453,0,0.2227001190185547,0
British Pound Sterling,1694,FoundingDate,d3,1.0,0,0.7772998809814453,0,0.2227001190185547,0
First Day of the Year,"January 1, 1 AD",FoundingDate,d3,1.0,0,0.7772998809814453,0,0.2227001190185547,0
First Day of the Year,Various cities worldwide,HeldInCity,d3,1.0,0,0.7772998809814453,0,0.2227001190185547,0
Infosys,Bangalore,HeadquartersCity,d3,1.0,100,0.7772998809814453,100,0.2227001190185547,0
Tech Innovations Inc.,Metropolis,HeadquartersCity,d3,1.0,0,0.7772998809814453,0,0.2227001190185547,0
Innovators Group,Innovation Holdings,ParentOrganization,d3,1.0,0,0.7772998809814453,0,0.2227001190185547,0
National Fire Protection Association,Quincy,HeadquartersCity,d3,1.0,100,0.7772998809814453,100,0.2227001190185547,0
"Uber Technologies, Inc.",2009-03-01,FoundingDate,d3,1.0,0,0.7772998809814453,0,0.2227001190185547,0
Honeywell,Conglomerate,MajorIndustryPrimary,d3,1.0,0,0.7772998809814453,0,0.2227001190185547,0
Chocolate Industry,Joseph Fry,FoundedByPrimary,d3,1.0,100,0.7772998809814453,100,0.2227001190185547,0
Thomas Betterton,Dramatist,CurrentPosition,d3,1.0,0,0.7772998809814453,0,0.2227001190185547,0
Western Digital,Western Digital Corporation,ParentOrganization,d3,1.0,0,0.7772998809814453,0,0.2227001190185547,0
All Hallows' Eve,Cultural Celebration,CurrentPosition,d3,1.0,0,0.7772998809814453,0,0.2227001190185547,0
Jersey,Jersey pound,CurrencyPrimary,d3,1.0,0,0.7772998809814453,0,0.2227001190185547,0
Singapore,Singapore Time,TimeZonePrimary,d3,1.0,0,0.7772998809814453,0,0.2227001190185547,0
"Nike, Inc.",Sportswear,MajorIndustryPrimary,d3,1.0,100,0.7772998809814453,100,0.2227001190185547,0
Stratford-upon-Avon,Tourism Destination,CurrentPosition,d3,1.0,0,0.7772998809814453,0,0.2227001190185547,0
Consulting,Business Services,MajorIndustryPrimary,d3,1.0,0,0.7772998809814453,0,0.2227001190185547,0
Central,Central Holdings,ParentOrganization,d3,1.0,0,0.7772998809814453,0,0.2227001190185547,0
International Animation Day,International Animated Film Association,CurrentEmployer,d3,1.0,50,0.7772998809814453,50,0.2227001190185547,0
Member of the House of Representatives,Congressional Office,CurrentEmployer,d3,1.0,0,0.7772998809814453,0,0.2227001190185547,0
Atlantic Time Zone,Saint John,CountryOfCity,d3,1.0,0,0.7772998809814453,0,0.2227001190185547,0
John F. Kennedy,"Brookline, Massachusetts",BirthPlace,d3,1.0,100,0.7772998809814453,100,0.2227001190185547,0
Oracle Cloud,Larry Ellison,CurrentEmployer,d3,1.0,0,0.7772998809814453,0,0.2227001190185547,0
Sebastopol,Wine Production,MajorIndustryPrimary,d3,0.7185943722724915,50,0.5,50,0.2185943722724914,0
Disney+,Streaming Services,CurrentEmployer,d3,0.7185943722724915,0,0.5,0,0.2185943722724914,0
BritBox,ITV,CurrentEmployer,d3,0.7185943722724915,100,0.5,100,0.2185943722724914,0
Solomon Islands,Solomon Islands dollar,CurrencyPrimary,d3,0.7185943722724915,0,0.5,0,0.2185943722724914,0
Oceania,Tonga,CountryOfIncorporation,d3,0.7185943722724915,0,0.5,0,0.2185943722724914,0
Dallas,1841,FoundingDate,d3,0.4225046336650848,0,0.2054128050804138,0,0.217091828584671,0
NATO,Defense,MajorIndustryPrimary,d3,0.3486451506614685,100,0.1329642385244369,100,0.2156809121370315,0
LanguageType,Language Institute,CurrentEmployer,d3,0.8670357465744019,0,0.6513549089431763,0,0.2156808376312255,0
1976,1976-01-01,OccursOn,d3,0.8670357465744019,0,0.6513549089431763,0,0.2156808376312255,0
Board of Directors,Steve Jobs,FoundedByPrimary,d3,0.8670357465744019,0,0.6513549089431763,0,0.2156808376312255,0
LSE,Minouche Shafik,ChiefExecutiveOfficerCurrent,d3,0.7185943722724915,0,0.5036186575889587,0,0.2149757146835327,0
"Albuquerque Economic Development, Inc.",Economic Development Director,CurrentPosition,d3,0.4373487532138824,0,0.222700148820877,0,0.2146486043930053,0
International Linguistic Society,Linguistic Society of America,CurrentEmployer,d3,0.4373487532138824,0,0.222700148820877,0,0.2146486043930053,0
Auburn University,1856,FoundingDate,d3,0.6513549089431763,100,0.4373487532138824,100,0.2140061557292938,0
Language in 1961,1961-01-01,BirthDate,d3,0.6357240676879883,0,0.4225046336650848,0,0.2132194340229034,0
The Adventures of Tom Sawyer,Chatto & Windus,PublisherPrimary,d3,1.0,0,0.7901691794395447,0,0.2098308205604553,0
GMT,British Broadcasting Corporation,CurrentEmployer,d3,0.8589810729026794,0,0.6513549089431763,0,0.2076261639595031,0
Police Officers,Detective,CurrentPosition,d3,0.6513549089431763,0,0.4481017291545868,0,0.2032531797885894,0
The Cat Fanciers' Association,American Cat Fanciers Association,CurrentEmployer,d3,0.548917829990387,0,0.3486451506614685,0,0.2002726793289184,0
State Government,Date of Statehood,FoundingDate,d3,0.3973170816898346,0,0.1974976062774658,0,0.1998194754123687,0
Hewlett-Packard,Diane Greene,CurrentEmployer,d3,0.7185943722724915,0,0.518977165222168,0,0.1996172070503235,0
Java,Programming Language,ProgrammingLanguagePrimary,d3,0.5,0,0.3006542921066284,0,0.1993457078933715,0
Media Outlets,1900,FoundingDate,d3,0.6357240676879883,0,0.4373487532138824,0,0.1983753144741058,0
Hewlett-Packard,HP Inc.,ParentOrganization,d3,1.0,0,0.8031737804412842,0,0.1968262195587158,0
Virginia Company,1606,FoundingDate,d3,0.4225046336650848,0,0.2295142710208892,0,0.1929903626441955,0
Unix Epoch,Reference point in time,CurrentPosition,d3,0.7772998809814453,0,0.5862597823143005,0,0.1910400986671447,0
Research Institute,Countryland,CountryOfIncorporation,d3,1.0,0,0.8094282150268555,0,0.1905717849731445,0
David L. Mills,Network Time Protocol Developer,CurrentPosition,d3,0.5518983006477356,0,0.361418068408966,0,0.1904802322387695,0
2013,"January 1, 2013",OccursOn,d3,0.7772998809814453,0,0.5884320735931396,0,0.1888678073883056,0
Reserve Bank of Australia,Commonwealth of Australia,ParentOrganization,d3,1.0,50,0.8112767934799194,50,0.1887232065200805,0
Suva,Fiji Time,TimeZonePrimary,d3,0.9241418242454528,0,0.7391724586486816,0,0.1849693655967712,0
John Heminges,1566-04-01,BirthDate,d3,0.4225046336650848,0,0.2411952316761016,0,0.1813094019889831,0
University of Oxford,1096,FoundingDate,d3,0.2814055979251861,100,0.1008786112070083,100,0.1805269867181778,0
1901,Industry in 1901,MajorIndustryPrimary,d3,0.5,0,0.3213666379451751,0,0.1786333620548248,0
Post-War Reconstruction,Reconstruction Era,CurrentPosition,d3,0.6513549089431763,0,0.4760984480381012,0,0.175256460905075,0
Pretoria,Union Buildings,HeadquartersCity,d3,1.0,0,0.8267117738723755,0,0.1732882261276245,0
Jamestown Settlement,The Virginia Company,FoundedByPrimary,d3,1.0,0,0.8267117738723755,0,0.1732882261276245,0
Sydney,Commonwealth Bank of Australia,HeadquartersCity,d3,1.0,0,0.8267117738723755,0,0.1732882261276245,0
Unknown Org,Metropolis,HeadquartersCity,d3,1.0,0,0.8267117738723755,0,0.1732882261276245,0
Construction,Construction Company,CurrentEmployer,d3,1.0,0,0.8267117738723755,0,0.1732882261276245,0
NBCUniversal,Jeff Shell,CurrentEmployer,d3,1.0,0,0.8267117738723755,0,0.1732882261276245,0
First Folio,British Library,CurrentEmployer,d3,1.0,0,0.8267117738723755,0,0.1732882261276245,0
City of Newburyport,Newburyport Public Schools,CurrentEmployer,d3,1.0,0,0.8267117738723755,0,0.1732882261276245,0
Senator,"January 1, 1960",BirthDate,d3,0.5,0,0.3333333432674408,0,0.1666666567325592,0
Infosys,N. R. Narayana Murthy,FoundedByPrimary,d3,0.3486451506614685,100,0.1821379959583282,100,0.1665071547031402,0
McGarry and Associates,Daniel E. McGarry,FoundedByPrimary,d3,0.6513549089431763,0,0.4869915246963501,0,0.1643633842468261,0
King Henry II,Le Mans,BirthPlace,d3,0.282864511013031,0,0.1211274936795234,0,0.1617370173335075,0
Isaac Newton,Astronomer,CurrentPosition,d3,0.1588704586029052,0,0.0,0,0.1588704586029052,0
University of Delaware,1743,FoundingDate,d3,1.0,100,0.8411304950714111,100,0.1588695049285888,0
Caterpillar Inc.,Caterpillar Foundation,ParentOrganization,d3,1.0,0,0.8411316275596619,0,0.1588683724403381,0
Philadelphia School District,1818,FoundingDate,d3,1.0,0,0.8411316275596619,0,0.1588683724403381,0
World Health Organization,Public Health,MajorIndustryPrimary,d3,1.0,100,0.8411316275596619,100,0.1588683724403381,0
2019,"January 1, 2019",OccursOn,d3,0.9241418242454528,0,0.7652807235717773,0,0.1588611006736755,0
Operation Mars,Department of Defense,CurrentEmployer,d3,0.5774953961372375,0,0.4225046336650848,0,0.1549907624721527,0
Central Standard Time,Mexico,CountryOfCity,d3,0.7772998809814453,0,0.6245249509811401,0,0.1527749300003051,0
Municipal City,District of Columbia,CountryOfCity,d3,0.6513549089431763,0,0.5,0,0.1513549089431762,0
Plymouth Colony,Plymouth Rock Foundation,CurrentEmployer,d3,0.6513549089431763,0,0.5,0,0.1513549089431762,0
Harare,City of Harare,ParentOrganization,d3,0.6513549089431763,0,0.5,0,0.1513549089431762,0
Chocolate Industry,1847,FoundingDate,d3,0.6513549089431763,0,0.5,0,0.1513549089431762,0
Tech Innovations LLC,Innovative Tech Group,ParentOrganization,d3,0.6513549089431763,0,0.5,0,0.1513549089431762,0
University of Southern California,University of Southern California Board of Trustees,ParentOrganization,d3,0.5,0,0.3486451506614685,0,0.1513548493385315,0
Calgary,Edmonton,CapitalCityOfCountry,d3,0.2814055979251861,100,0.1329642385244369,100,0.1484413594007492,0
Global Language Network,Language Network Inc.,ParentOrganization,d3,0.9241418242454528,0,0.7772998809814453,0,0.1468419432640075,0
Tech City,London Tech Advocates,ParentOrganization,d3,0.5,0,0.3543879389762878,0,0.1456120610237121,0
Las Vegas,Carson City,CapitalCityOfCountry,d3,0.7185943722724915,100,0.5774953961372375,100,0.1410989761352539,0
Global Technology Alliance,International Technology Coalition,ParentOrganization,d3,1.0,0,0.8589810729026794,0,0.1410189270973205,0
Continental Currency,1785,FoundingDate,d3,0.4225046336650848,0,0.282864511013031,0,0.1396401226520538,0
Association of Southeast Asian Nations,ASEAN Secretariat,CurrentEmployer,d3,0.6513549089431763,100,0.5130185484886169,100,0.1383363604545593,0
1955-05-19,Product or Software,InitialReleaseDate,d3,0.8892707228660583,0,0.752819299697876,0,0.1364514231681823,0
1792,France,BirthPlace,d3,1.0,100,0.8670357465744019,100,0.1329642534255981,0
Dili,Timor-Leste Government,CurrentEmployer,d3,1.0,0,0.8670357465744019,0,0.1329642534255981,0
Official Language Name,Italian,OfficialLanguagePrimary,d3,1.0,0,0.8670357465744019,0,0.1329642534255981,0
Official Language Name,Portuguese,OfficialLanguagePrimary,d3,1.0,0,0.8670357465744019,0,0.1329642534255981,0
Official Language Name,Spanish,OfficialLanguagePrimary,d3,1.0,0,0.8670357465744019,0,0.1329642534255981,0
Self-Employment,Freelancers Union,ParentOrganization,d3,1.0,0,0.8670357465744019,0,0.1329642534255981,0
National Breadstick Day Committee,Unknown Country,CountryOfIncorporation,d3,1.0,0,0.8670357465744019,0,0.1329642534255981,0
Parent Company XYZ,CEO of Parent Company XYZ,CurrentEmployer,d3,1.0,0,0.8670357465744019,0,0.1329642534255981,0
Active Voter,Electoral Office,CurrentEmployer,d3,1.0,0,0.8670357465744019,0,0.1329642534255981,0
JPMorgan Chase,Chase Manhattan Bank,ParentOrganization,d3,0.5774953961372375,0,0.4481017291545868,0,0.1293936669826507,0
Richard Burbage,1567-01-01,BirthDate,d3,0.5774953961372375,0,0.4481092989444732,0,0.1293860971927642,0
Various occupations,Financial Institution,CurrentEmployer,d3,0.2538864314556122,0,0.1253025233745575,0,0.1285839080810547,0
1911,1911-01-01,OccursOn,d3,0.7772998809814453,0,0.6513549089431763,0,0.125944972038269,0
1945,World War II,OccursOn,d3,1.0,100,0.8755496740341187,100,0.1244503259658813,0
PDT Inc.,Huntington Beach,HeadquartersCity,d3,0.222700148820877,0,0.1065068840980529,0,0.1161932647228241,0
Salem,1842,FoundingDate,d3,0.5,0,0.3856217563152313,0,0.1143782436847686,0
David I. McKay,1963-10-15,BirthDate,d3,0.25,0,0.1360570639371872,0,0.1139429360628128,0
Southampton,Southampton Football Club,CurrentEmployer,d3,0.7772998809814453,0,0.664980947971344,0,0.1123189330101013,0
National Oatmeal Association,American Association of Cereal Chemists,ParentOrganization,d3,0.8892707228660583,0,0.7772998809814453,0,0.111970841884613,0
Transportation,Secretary of Transportation,CurrentPosition,d3,0.5,0,0.3886499404907226,0,0.1113500595092773,0
2029-01-01,Event Management Company,CurrentEmployer,d3,1.0,0,0.8892707228660583,0,0.1107292771339416,0
Language in 1961,Linguist,CurrentPosition,d3,1.0,0,0.8892707228660583,0,0.1107292771339416,0
Language in 1961,Professor of Linguistics,CurrentPosition,d3,1.0,0,0.8892707228660583,0,0.1107292771339416,0
1953-02-04,Not Applicable,CurrentPosition,d3,0.1107263192534446,0,0.0,0,0.1107263192534446,0
1959-10-06,Not Applicable,CurrentPosition,d3,0.1107263192534446,0,0.0,0,0.1107263192534446,0
1792,French Republic,CurrentEmployer,d3,1.0,0,0.8892737030982971,0,0.1107262969017028,0
"Amazon.com, Inc.",Andy Jassy,ChiefExecutiveOfficerCurrent,d3,1.0,0,0.8892737030982971,0,0.1107262969017028,0
Royal Bank of Canada Group,1864,FoundingDate,d3,1.0,100,0.8892737030982971,100,0.1107262969017028,0
Author,1975-06-15,BirthDate,d3,0.7391724586486816,0,0.6357240080833435,0,0.1034484505653381,0
Company A,Parent Company X,ParentOrganization,d3,0.5,0,0.3973170816898346,0,0.1026829183101654,0
Language in 1961,University of Chicago,CurrentEmployer,d3,0.8670357465744019,0,0.7652807235717773,0,0.1017550230026245,0
Las Vegas,Wynn Resorts,HeadquartersCity,d3,1.0,0,0.8991213440895081,0,0.1008786559104919,0
Parent Company ABC,CEO Name,CurrentEmployer,d3,0.6513549089431763,0,0.5518983006477356,0,0.0994566082954406,0
Acme Corporation,1920-01-01,FoundingDate,d3,0.5,0,0.4061526656150818,0,0.0938473343849182,0
Official Language Name,German,OfficialLanguagePrimary,d3,1.0,0,0.9081836342811584,0,0.0918163657188415,0
Global Education Network,Various educational institutions,CurrentEmployer,d3,1.0,0,0.9081849455833436,0,0.0918150544166565,0
North America,Mexico City,CapitalCityOfCountry,d3,0.7185943722724915,100,0.6273431777954102,100,0.0912511944770813,0
Theatrical Companies,George C. Wolfe,FoundedByPrimary,d3,0.222700148820877,0,0.1315827369689941,0,0.0911174118518829,0
Automobile,Toyota,ManufacturedByPrimary,d3,0.3486451506614685,0,0.2585151195526123,0,0.0901300311088562,0
History,Historical Studies,CurrentPosition,d3,0.222700148820877,0,0.1329642385244369,0,0.0897359102964401,0
Alabama,State of Alabama,CurrentEmployer,d3,0.8670357465744019,0,0.7772998809814453,0,0.0897358655929565,0
National Oatmeal Association,Promoting Oatmeal Consumption,CurrentPosition,d3,0.0882435217499733,0,0.0,0,0.0882435217499733,0
American Association for the Advancement of Science,Dr. Sudip Parikh,ChiefExecutiveOfficerCurrent,d3,0.5,0,0.4119037687778473,0,0.0880962312221527,0
Auburn University,Auburn,HeadquartersCity,d3,0.7391753792762756,0,0.6513549089431763,0,0.0878204703330993,0
1980,"January 1, 1980",BirthDate,d3,0.4373487532138824,0,0.3497097492218017,0,0.0876390039920806,0
2020,Year of the Pandemic,CurrentPosition,d3,0.7772998809814453,0,0.6945120096206665,0,0.0827878713607788,0
U.S. Department of Homeland Security,Alejandro Mayorkas,CurrentEmployer,d3,0.7772998809814453,0,0.6945120692253113,0,0.082787811756134,0
1991,1991-01-01,OccursOn,d3,0.3029450178146362,0,0.222700148820877,0,0.0802448689937591,0
Plymouth Colony,William Bradford,FoundedByPrimary,d3,0.5774953961372375,0,0.5,0,0.0774953961372375,0
Ford Motor Company,Henry Ford,FoundedByPrimary,d3,0.5774953961372375,100,0.5,100,0.0774953961372375,0
Conservative Party,Sir Robert Peel,FoundedByPrimary,d3,0.5774953961372375,0,0.5,0,0.0774953961372375,0
Second Continental Congress,Colonial Leaders,FoundedByPrimary,d3,0.5774953961372375,0,0.5,0,0.0774953961372375,0
Hamlet,1603,PublicationDate,d3,0.5,100,0.4225046336650848,100,0.0774953663349151,0
Twitter,,StockExchangePrimary,d3,1.0,0,0.9241418242454528,0,0.0758581757545471,0
Internal Revenue Service,Daniel Werfel,ChiefExecutiveOfficerCurrent,d3,1.0,0,0.9241418242454528,0,0.0758581757545471,0
University Press,Cambridge University,ParentOrganization,d3,1.0,0,0.9241418242454528,0,0.0758581757545471,0
Official Language Name,Hindi,OfficialLanguagePrimary,d3,1.0,0,0.9241418242454528,0,0.0758581757545471,0
Treasurer,Department of the Treasury,CurrentEmployer,d3,1.0,100,0.9241418242454528,100,0.0758581757545471,0
David L. Mills,Professor Emeritus,CurrentPosition,d3,1.0,0,0.9241418242454528,0,0.0758581757545471,0
Linux,Linus Torvalds,DevelopedByPrimary,d3,0.6513549089431763,100,0.5774953961372375,100,0.0738595128059387,0
San Antonio,USAA,CurrentEmployer,d3,0.7185943722724915,0,0.6513549089431763,0,0.0672394633293151,0
1863,Red Cross,CurrentEmployer,d3,0.7185943722724915,0,0.6513549089431763,0,0.0672394633293151,0
Central Time Zone,Wichita,CountryOfCity,d3,0.7185943722724915,0,0.6513549089431763,0,0.0672394633293151,0
ISO/IEC,Standardization,MajorIndustryPrimary,d3,0.5,100,0.4373487532138824,100,0.0626512467861175,0
Google LLC,Larry Page,FoundedByPrimary,d3,0.2814055979251861,100,0.222700148820877,100,0.058705449104309,0
Atlanta,Delta Air Lines,CurrentEmployer,d3,1.0,100,0.9433475732803344,100,0.0566524267196655,0
Adena Friedman,1970-07-27,BirthDate,d3,0.222700148820877,0,0.1666666716337204,0,0.0560334771871566,0
Lackawanna County,Scranton,HeadquartersCity,d3,0.8670357465744019,100,0.8112791776657104,100,0.0557565689086914,0
Wells Fargo,1852,FoundingDate,d3,0.3486451506614685,100,0.2938145697116852,100,0.0548305809497833,0
London Stock Exchange,1801,FoundingDate,d3,0.5518983006477356,0,0.5,0,0.0518983006477355,0
David L. Mills,"Newark, New Jersey",BirthPlace,d3,0.5,0,0.44810551404953,0,0.0518944859504699,0
Tech Innovations Inc.,2000-05-15,FoundingDate,d3,0.2608304917812347,0,0.2093430906534195,0,0.0514874011278152,0
Gold Mining,Barrick Gold Corporation,CurrentEmployer,d3,0.8267117738723755,0,0.7772998809814453,0,0.0494118928909301,0
UTC-5,Ecuador,CountryOfCity,d3,0.7772998809814453,0,0.7306791543960571,0,0.0466207265853881,0
European Union,Ursula von der Leyen,CurrentEmployer,d3,0.7185943722724915,0,0.6746201515197754,0,0.043974220752716,0
Theatre,1576,FoundingDate,d3,0.222700148820877,0,0.1821379959583282,0,0.0405621528625488,0
Global Charity,2022,PublicationDate,d3,0.222700148820877,0,0.1821379959583282,0,0.0405621528625488,0
Telecommunications,T-Mobile US,CurrentEmployer,d3,0.7772998809814453,0,0.7391695380210876,0,0.0381303429603576,0
"January 1, 2023",Tech Company Y,FoundingDate,d3,0.7772998809814453,0,0.7391724586486816,0,0.0381274223327636,0
Virginia Company,British Crown,ParentOrganization,d3,0.7185943722724915,0,0.6813045144081116,0,0.0372898578643798,0
University of Pennsylvania,1740,FoundingDate,d3,0.5,0,0.4643916487693786,0,0.0356083512306213,0
Federal Reserve System,1913,FoundingDate,d3,0.3486451506614685,100,0.3169822692871094,100,0.0316628813743591,0
PST Holdings,PST Holdings Group,ParentOrganization,d3,0.2509127855300903,0,0.222700148820877,0,0.0282126367092132,0
Southampton,1805,FoundingDate,d3,0.4225046336650848,0,0.3973134458065033,0,0.0251911878585815,0
Oceania,Samoa,CountryOfIncorporation,d3,0.7185943722724915,0,0.6945120096206665,0,0.0240823626518249,0
New Jersey,1787,FoundingDate,d3,0.7185943722724915,0,0.6945120692253113,0,0.0240823030471801,0
Los Angeles,1781,FoundingDate,d3,0.6513549089431763,100,0.6276617050170898,100,0.0236932039260864,0
"December 31, 1969",Software XYZ,InitialReleaseDate,d3,0.9081861972808838,0,0.8892707228660583,0,0.0189154744148254,0
Global Charity,Executive Director,CurrentPosition,d3,0.5,0,0.4829698204994201,0,0.0170301795005798,0
City of New York,New York City Department of Education,CurrentEmployer,d3,0.6513549089431763,0,0.639435350894928,0,0.0119195580482482,0
1950,"January 1, 1950",BirthDate,d3,0.4479040205478668,0,0.4373487532138824,0,0.0105552673339843,0
National Breadstick Day,August 24,OccursOn,d3,0.1821379959583282,0,0.1732881963253021,0,0.0088497996330261,0
Tech Innovations Inc.,2010-05-01,FoundingDate,d3,0.7391695380210876,0,0.7306791543960571,0,0.0084903836250305,0
Infosys,India,CountryOfIncorporation,d3,0.6513549089431763,100,0.6443063616752625,100,0.0070485472679138,0
Microsoft Azure,Satya Nadella,CurrentEmployer,d3,0.6513549089431763,100,0.648614764213562,100,0.0027401447296142,0
Organization of American States,Spanish,OfficialLanguagePrimary,d3,0.6293246746063232,100,0.6273413896560669,100,0.0019832849502563,0
National Breadstick Day Committee,Unknown Parent Org,ParentOrganization,d3,0.3973170816898346,0,0.3973134458065033,0,3.635883331298828e-06,0
South Africa,1910,FoundingDate,d3,1.0,0,1.0,0,0.0,0
University of Pennsylvania,Ivy League,ParentOrganization,d3,1.0,100,1.0,100,0.0,0
Pretoria,Administrative Capital,CurrentPosition,d3,0.0,0,0.0,0,0.0,0
Reed College,Various Faculty and Staff,CurrentEmployer,d3,0.5,0,0.5,0,0.0,0
Alaska Standard Time,Anchorage,HeadquartersCity,d3,0.7772998809814453,100,0.7772998809814453,100,0.0,0
U.S. Department of Homeland Security,Public Safety,MajorIndustryPrimary,d3,0.7772998809814453,0,0.7772998809814453,0,0.0,0
"Washington, D.C.",Federal District,CurrentPosition,d3,1.0,0,1.0,0,0.0,0
Revolutionary Politics,Political Ideology,CurrentPosition,d3,0.0,0,0.0,0,0.0,0
Caterpillar Inc.,1925,FoundingDate,d3,1.0,100,1.0,100,0.0,0
Caterpillar Inc.,Construction Equipment,MajorIndustryPrimary,d3,1.0,50,1.0,50,0.0,0
"Niskayuna, New York",Town Supervisor,CurrentPosition,d3,0.0,0,0.0,0,0.0,0
Corporate Board,Chairperson,CurrentPosition,d3,0.0,0,0.0,0,0.0,0
Brazos County,Bryan,HeadquartersCity,d3,1.0,100,1.0,100,0.0,0
Brazos County,Texas Association of Counties,ParentOrganization,d3,1.0,100,1.0,100,0.0,0
National Association of Emergency Medical Technicians,Alexandria,HeadquartersCity,d3,1.0,0,1.0,0,0.0,0
Sacramento City Unified School District,California Department of Education,ParentOrganization,d3,1.0,0,1.0,0,0.0,0
Sacramento City Unified School District,Jill L. McGarry,CurrentEmployer,d3,1.0,0,1.0,0,0.0,0
Philadelphia School District,William Hite,CurrentEmployer,d3,1.0,100,1.0,100,0.0,0
Philadelphia School District,School District of Philadelphia,ParentOrganization,d3,1.0,0,1.0,0,0.0,0
Las Vegas,Caesars Entertainment,HeadquartersCity,d3,1.0,0,1.0,0,0.0,0
Intercontinental Exchange,Jeffrey Sprecher,CurrentEmployer,d3,1.0,100,1.0,100,0.0,0
1960,1960-01-01,OccursOn,d3,1.0,100,1.0,100,0.0,0
Executive Office of the President,1939,FoundingDate,d3,1.0,0,1.0,0,0.0,0
Bank of America,Brian Moynihan,CurrentEmployer,d3,1.0,100,1.0,100,0.0,0
Marshall Plan,Economic Recovery Program,CurrentPosition,d3,0.0,0,0.0,0,0.0,0
State of Oregon,Statehood,CurrentPosition,d3,0.0,0,0.0,0,0.0,0
UTC-08:00,Time Zone Coordinator,CurrentPosition,d3,1.0,0,1.0,0,0.0,0
"Westmoreland County, Virginia",County,CurrentPosition,d3,0.0,0,0.0,0,0.0,0
"University of California, Los Angeles",Genevieve Bell,CurrentEmployer,d3,1.0,0,1.0,0,0.0,0
Educational Hub,Director of Education,CurrentPosition,d3,0.0,0,0.0,0,0.0,0
Educational Hub,California State University System,ParentOrganization,d3,1.0,0,1.0,0,0.0,0
Harrisburg,Pennsylvania Department of Transportation,HeadquartersCity,d3,1.0,0,1.0,0,0.0,0
Currency in 1961,Italian Lira,CurrencyPrimary,d3,1.0,0,1.0,0,0.0,0
American Red Cross,Gail McGovern,CurrentEmployer,d3,1.0,0,1.0,0,0.0,0
Wells Fargo,Henry Wells,FoundedByPrimary,d3,1.0,100,1.0,100,0.0,0
Wells Fargo,Charles W. Scharf,CurrentEmployer,d3,0.5,0,0.5,0,0.0,0
1990,"January 1, 1990",OccursOn,d3,1.0,100,1.0,100,0.0,0
City of Olympia,Mayor of Olympia,CurrentPosition,d3,0.0,0,0.0,0,0.0,0
University of California System,"University of California, San Diego",AlmaMaterPrimary,d3,1.0,0,1.0,0,0.0,0
Federal Reserve Bank of New York,John C. Williams,ChiefExecutiveOfficerCurrent,d3,1.0,0,1.0,0,0.0,0
City of Albuquerque,Albuquerque Economic Development,ParentOrganization,d3,1.0,0,1.0,0,0.0,0
City of Albuquerque,Albuquerque Public Schools,CurrentEmployer,d3,1.0,0,1.0,0,0.0,0
Lackawanna County Transit,Public Transportation Provider,CurrentPosition,d3,0.0,0,0.0,0,0.0,0
Lackawanna County Transit,Public Transportation,MajorIndustryPrimary,d3,1.0,0,1.0,0,0.0,0
Dallas,Largest City in North Texas,CurrentPosition,d3,0.0,0,0.0,0,0.0,0
Finance,Credit Suisse,CurrentEmployer,d3,1.0,0,1.0,0,0.0,0
University of Illinois at Urbana-Champaign,1867,FoundingDate,d3,1.0,100,1.0,100,0.0,0
Newark,Prudential Financial,HeadquartersCity,d3,1.0,0,1.0,0,0.0,0
International Communication Association,International Association for Media and Communication Research,ParentOrganization,d3,0.8670357465744019,0,0.8670357465744019,0,0.0,0
Apple Inc.,Consumer Electronics,MajorIndustryPrimary,d3,1.0,0,1.0,0,0.0,0
Reston,Community Manager,CurrentPosition,d3,0.0,0,0.0,0,0.0,0
Global Heritage Alliance,Cultural Heritage,MajorIndustryPrimary,d3,1.0,0,1.0,0,0.0,0
Global Heritage Alliance,Heritage Conservation Society,ParentOrganization,d3,1.0,0,1.0,0,0.0,0
NYSE Euronext,John Thain,FoundedByPrimary,d3,1.0,0,1.0,0,0.0,0
NYSE Euronext,Jeffrey Sprecher,FoundedByPrimary,d3,1.0,0,1.0,0,0.0,0
World Bank,International Bank for Reconstruction and Development,ParentOrganization,d3,1.0,0,1.0,0,0.0,0
Environmental Protection Agency,Environmental Protection,MajorIndustryPrimary,d3,1.0,0,1.0,0,0.0,0
United Nations,Secretary-General,CurrentPosition,d3,1.0,100,1.0,100,0.0,0
Sydney,1788,FoundingDate,d3,1.0,100,1.0,100,0.0,0
Friday,Weekly,OccursOn,d3,0.0,50,0.0,50,0.0,0
Friday,Week,BirthPlace,d3,0.0,0,0.0,0,0.0,0
Textron,Scott Donnelly,CurrentEmployer,d3,1.0,100,1.0,100,0.0,0
3M,Mike Roman,CurrentEmployer,d3,1.0,0,1.0,0,0.0,0
Wednesday,Time Management,MajorIndustryPrimary,d3,1.0,0,1.0,0,0.0,0
Wednesday,2023-10-04,OccursOn,d3,0.0,0,0.0,0,0.0,0
1901,1901-01-01,BirthDate,d3,1.0,0,1.0,0,0.0,0
Greenwich Mean Time,Greenwich,HeadquartersCity,d3,1.0,0,1.0,0,0.0,0
Goldman Sachs,David Solomon,CurrentEmployer,d3,1.0,0,1.0,0,0.0,0
City of London Corporation,Greater London Authority,ParentOrganization,d3,1.0,0,1.0,0,0.0,0
House of Commons,Speaker of the House of Commons,CurrentPosition,d3,0.222700148820877,0,0.222700148820877,0,0.0,0
John Winthrop,1606-12-12,BirthDate,d3,1.0,0,1.0,0,0.0,0
Google LLC,Sundar Pichai,CurrentEmployer,d3,1.0,100,1.0,100,0.0,0
2009,"January 1, 2009",OccursOn,d3,1.0,100,1.0,100,0.0,0
1997,1997-01-01,OccursOn,d3,1.0,100,1.0,100,0.0,0
United Nations Food and Agriculture Organization,José Graziano da Silva,CurrentEmployer,d3,1.0,100,1.0,100,0.0,0
Networking,Network Engineer,CurrentPosition,d3,0.0,0,0.0,0,0.0,0
Royal Bank of Canada Group,David McKay,CurrentEmployer,d3,1.0,0,1.0,0,0.0,0
University of Cambridge,University of Cambridge Trust,ParentOrganization,d3,1.0,0,1.0,0,0.0,0
The Globe Theatre Trust,Trustee,CurrentPosition,d3,0.0,0,0.0,0,0.0,0
"Florida, Missouri",City,CurrentPosition,d3,0.0,0,0.0,0,0.0,0
Advanced Micro Devices,Lisa Su,CurrentEmployer,d3,1.0,100,1.0,100,0.0,0
Hospitality,Hospitality Manager,CurrentPosition,d3,0.0,0,0.0,0,0.0,0
Official Language Name,Arabic,OfficialLanguagePrimary,d3,1.0,0,1.0,0,0.0,0
Official Language Name,Mandarin,OfficialLanguagePrimary,d3,1.0,0,1.0,0,0.0,0
2016,Global Corporation,ParentOrganization,d3,1.0,0,1.0,0,0.0,0
Adobe Inc.,John Warnock,FoundedByPrimary,d3,1.0,100,1.0,100,0.0,0
Self-Employment,Self-Employed Individuals,CurrentEmployer,d3,1.0,0,1.0,0,0.0,0
Self-Employment,Entrepreneurship,MajorIndustryPrimary,d3,0.7772998809814453,0,0.7772998809814453,0,0.0,0
Global Hospitality Group,Hospitality Holdings Inc.,ParentOrganization,d3,1.0,0,1.0,0,0.0,0
National Sheriffs' Association,National Association of Counties,ParentOrganization,d3,1.0,0,1.0,0,0.0,0
National Sheriffs' Association,Alexandria,HeadquartersCity,d3,1.0,0,1.0,0,0.0,0
Tech Holdings Inc.,Tech Group LLC,ParentOrganization,d3,0.0,0,0.0,0,0.0,0
World Health Organization,Tedros Adhanom,CurrentEmployer,d3,1.0,100,1.0,100,0.0,0
Research Institute,Cityville,HeadquartersCity,d3,1.0,0,1.0,0,0.0,0
Fiji,Fijian,OfficialLanguagePrimary,d3,1.0,0,1.0,0,0.0,0
Association of Southeast Asian Nations,Indonesia,HeadquartersCountry,d3,1.0,100,1.0,100,0.0,0
Example Education Group,Educational Institution,CurrentPosition,d3,0.0,0,0.0,0,0.0,0
The Walt Disney Studios,Film Production,CurrentPosition,d3,1.0,0,1.0,0,0.0,0
H&R Block,Jeffrey J. Jones II,CurrentEmployer,d3,0.5,0,0.5,0,0.0,0
1970-01-01T00:00:00Z,UTC,TimeZonePrimary,d3,1.0,100,1.0,100,0.0,0
University of Alabama System,University of Alabama Board of Trustees,ParentOrganization,d3,1.0,0,1.0,0,0.0,0
University of Alabama System,Stacey M. Abrams,ChiefExecutiveOfficerCurrent,d3,1.0,0,1.0,0,0.0,0
National Historical Society,Historical Preservation,MajorIndustryPrimary,d3,1.0,0,1.0,0,0.0,0
DEF Ltd.,XYZ Corp.,ParentOrganization,d3,0.0,0,0.0,0,0.0,0
Go,Game Developer,CurrentPosition,d3,0.0,0,0.0,0,0.0,0
University of Maryland,University President,CurrentPosition,d3,0.0,0,0.0,0,0.0,0
University of Maryland,College Park,HeadquartersCity,d3,1.0,100,1.0,100,0.0,0
University of Maryland,University System of Maryland,ParentOrganization,d3,1.0,0,1.0,0,0.0,0
Start of the 1970s,Cultural Revolution,CurrentPosition,d3,1.0,0,1.0,0,0.0,0
Language in 1961,Linguistics Researcher,CurrentPosition,d3,1.0,0,1.0,0,0.0,0
Texas A&M University System,M. Katherine Banks,ChiefExecutiveOfficerCurrent,d3,1.0,0,1.0,0,0.0,0
Toronto,Canadian Imperial Bank of Commerce,HeadquartersCity,d3,1.0,0,1.0,0,0.0,0
European Union,European Atomic Energy Community,ParentOrganization,d3,1.0,0,1.0,0,0.0,0
Engineering Society,International Engineering Federation,ParentOrganization,d3,1.0,0,1.0,0,0.0,0
American Association for the Advancement of Science,John Quincy Adams,FoundedByPrimary,d3,1.0,0,1.0,0,0.0,0
Barclays Group,Jes Staley,CurrentEmployer,d3,1.0,0,1.0,0,0.0,0
2020,"January 1, 2020",OccursOn,d3,1.0,100,1.0,100,0.0,0
Election Office,"November 8, 2022",OccursOn,d3,1.0,0,1.0,0,0.0,0
Harare,Zimbabwe Broadcasting Corporation,HeadquartersCity,d3,1.0,0,1.0,0,0.0,0
Isaac Newton,1643,BirthDate,d3,0.4225046336650848,0,0.4225046336650848,0,0.0,0
2010,"January 1, 2010",OccursOn,d3,1.0,100,1.0,100,0.0,0
Intel Corporation,Pat Gelsinger,CurrentEmployer,d3,1.0,0,1.0,0,0.0,0
Mining,Global Mining Corp,ParentOrganization,d3,1.0,0,1.0,0,0.0,0
Mining,Gold Rush,BirthPlace,d3,1.0,100,1.0,100,0.0,0
Holding Company LLC,Delaware,CountryOfIncorporation,d3,1.0,100,1.0,100,0.0,0
Qualcomm,Cristiano Amon,CurrentEmployer,d3,1.0,0,1.0,0,0.0,0
Wellington,Mayor of Wellington,CurrentPosition,d3,0.0,0,0.0,0,0.0,0
Texas Instruments,Haviv Ilan,ChiefExecutiveOfficerCurrent,d3,1.0,0,1.0,0,0.0,0
Texas Instruments,J. Erik Jonsson,FoundedByPrimary,d3,1.0,0,1.0,0,0.0,0
National Science Foundation,National Science Board,ParentOrganization,d3,1.0,0,1.0,0,0.0,0
"Uber Technologies, Inc.",Dara Khosrowshahi,ChiefExecutiveOfficerCurrent,d3,1.0,100,1.0,100,0.0,0
"Uber Technologies, Inc.",Travis Kalanick,FoundedByPrimary,d3,1.0,100,1.0,100,0.0,0
1620,"Plymouth, England",BirthPlace,d3,1.0,0,1.0,0,0.0,0
ISO/IEC,Standardization Organization,CurrentPosition,d3,0.5,0,0.5,0,0.0,0
HBO Max,Warner Bros. Discovery,CurrentEmployer,d3,1.0,0,1.0,0,0.0,0
Media,Journalism,CurrentPosition,d3,0.0,0,0.0,0,0.0,0
Macmillan Publishers,Holtzbrinck Publishing Group,ParentOrganization,d3,1.0,100,1.0,100,0.0,0
Nonprofit Organization,City Name,HeadquartersCity,d3,1.0,0,1.0,0,0.0,0
International Monetary Fund,Managing Director,CurrentPosition,d3,1.0,100,1.0,100,0.0,0
Conservative Party,1834,FoundingDate,d3,1.0,100,1.0,100,0.0,0
LanguageType,Language Instructor,CurrentPosition,d3,0.0,0,0.0,0,0.0,0
Penguin Random House,1927,FoundingDate,d3,1.0,0,1.0,0,0.0,0
Penguin Random House,Markus Dohle,CurrentEmployer,d3,1.0,100,1.0,100,0.0,0
Broadcom Inc.,Hock Tan,CurrentEmployer,d3,1.0,100,1.0,100,0.0,0
University of Calgary,Ed McCauley,ChiefExecutiveOfficerCurrent,d3,1.0,0,1.0,0,0.0,0
University of Calgary,University of Alberta,ParentOrganization,d3,1.0,0,1.0,0,0.0,0
Honiara,Mayor of Honiara,CurrentPosition,d3,0.0,0,0.0,0,0.0,0
William Shakespeare,1564-02-15,BirthDate,d3,1.0,0,1.0,0,0.0,0
Jersey,Chief Minister,CurrentPosition,d3,0.4225046336650848,0,0.4225046336650848,0,0.0,0
1601,1601-01-01,BirthDate,d3,0.5,0,0.5,0,0.0,0
NATO,Washington Treaty,FoundedByPrimary,d3,1.0,0,1.0,0,0.0,0
NATO,Secretary General,CurrentPosition,d3,1.0,100,1.0,100,0.0,0
Food Celebrations Association,Culinary Arts Federation,ParentOrganization,d3,1.0,0,1.0,0,0.0,0
Toronto Stock Exchange,TMX Group,CurrentEmployer,d3,1.0,100,1.0,100,0.0,0
New England Colonies,Colonial Currency,CurrencyPrimary,d3,1.0,0,1.0,0,0.0,0
London,Mayor of London,CurrentPosition,d3,0.0,0,0.0,0,0.0,0
Standard Oil Company,John D. Rockefeller,FoundedByPrimary,d3,1.0,100,1.0,100,0.0,0
New Zealand,New Zealand Limited,CountryOfIncorporation,d3,1.0,0,1.0,0,0.0,0
PHP,Web Development,CurrentPosition,d3,1.0,100,1.0,100,0.0,0
1982,1982-01-01,OccursOn,d3,1.0,100,1.0,100,0.0,0
Consulting,Management Consultant,CurrentPosition,d3,1.0,0,1.0,0,0.0,0
Consulting,McKinsey & Company,CurrentEmployer,d3,1.0,0,1.0,0,0.0,0
Uber Freight,Logistics Provider,CurrentPosition,d3,1.0,0,1.0,0,0.0,0
Central,Manager,CurrentPosition,d3,0.0,0,0.0,0,0.0,0
Southern African Development Community,Gaborone,HeadquartersCity,d3,1.0,100,1.0,100,0.0,0
Yahoo Inc.,Marissa Mayer,CurrentEmployer,d3,1.0,0,1.0,0,0.0,0
2006,2006-01-01,OccursOn,d3,1.0,100,1.0,100,0.0,0
1781-01-01,Military,MajorIndustryPrimary,d3,1.0,0,1.0,0,0.0,0
Internet Engineering Task Force,Internet Society,ParentOrganization,d3,1.0,100,1.0,100,0.0,0
Chocolate Manufacturers Association,Not Listed,StockExchangePrimary,d3,1.0,0,1.0,0,0.0,0
Chocolate Manufacturers Association,Susan Smith,ChiefExecutiveOfficerCurrent,d3,1.0,0,1.0,0,0.0,0
Author,Simon & Schuster,CurrentEmployer,d3,1.0,0,1.0,0,0.0,0
Citizen,Resident,CurrentPosition,d3,0.0,0,0.0,0,0.0,0
Various occupations,Software Engineer,CurrentPosition,d3,0.0,0,0.0,0,0.0,0
Awareness Campaign,Health Advocacy Group,ParentOrganization,d3,1.0,0,1.0,0,0.0,0
Cultural Ambassador,Cultural Attaché,CurrentPosition,d3,0.0,50,0.0,50,0.0,0
Pharmaceuticals,Pharmaceutical Executive,CurrentPosition,d3,0.0,0,0.0,0,0.0,0
Central Time Zone,New Orleans,CountryOfCity,d3,1.0,0,1.0,0,0.0,0
Central Time Zone,Saint Louis,CountryOfCity,d3,0.6513549089431763,0,0.6513549089431763,0,0.0,0
Mountain Standard Time,America/Phoenix,TimeZonePrimary,d3,1.0,0,1.0,0,0.0,0
Joe Biden,1942-11-20,BirthDate,d3,1.0,100,1.0,100,0.0,0
Joe Biden,Chairman of the Senate Foreign Relations Committee,CurrentPosition,d3,0.7772998809814453,0,0.7772998809814453,0,0.0,0
Various Contributors,Editor,CurrentPosition,d3,0.0,0,0.0,0,0.0,0
Governor,Governor of Texas,CurrentPosition,d3,0.0,0,0.0,0,0.0,0
Theoretical Physicist,Professor of Physics,CurrentPosition,d3,1.0,0,1.0,0,0.0,0
Theoretical Physicist,California Institute of Technology,CurrentEmployer,d3,1.0,0,1.0,0,0.0,0
International Association of Fire Fighters,AFL-CIO,ParentOrganization,d3,0.7772998809814453,100,0.7772998809814453,100,0.0,0
International Association of Fire Fighters,1918,FoundingDate,d3,1.0,0,1.0,0,0.0,0
Andrew Jackson,"March 15, 1767",BirthDate,d3,1.0,100,1.0,100,0.0,0
Atlantic Time Zone,Charlottetown,CountryOfCity,d3,1.0,100,1.0,100,0.0,0
"White Plains, New York",PepsiCo,HeadquartersCity,d3,1.0,0,1.0,0,0.0,0
"White Plains, New York",White Plains Hospital,CurrentEmployer,d3,1.0,0,1.0,0,0.0,0
Second Continental Congress,Politics,MajorIndustryPrimary,d3,0.7772998809814453,0,0.7772998809814453,0,0.0,0
Police Officers,Police Department,CurrentEmployer,d3,0.5,0,0.5,0,0.0,0
Police Officers,Sergeant,CurrentPosition,d3,1.0,100,1.0,100,0.0,0
April Fools' Day,Paris,HeadquartersCity,d3,1.0,0,1.0,0,0.0,0
LeBron James,Forward,CurrentPosition,d3,1.0,100,1.0,100,0.0,0
Representative,Majority Whip,CurrentPosition,d3,0.7772998809814453,0,0.7772998809814453,0,0.0,0
Organization of American States,Luis Almagro,ChiefExecutiveOfficerCurrent,d3,1.0,100,1.0,100,0.0,0
John F. Kennedy,1917-05-29,BirthDate,d3,1.0,100,1.0,100,0.0,0
Commander-in-Chief,U.S. Military,CurrentEmployer,d3,1.0,50,1.0,50,0.0,0
1040,Vice Chair of the House Committee on Armed Services,CurrentPosition,d3,1.0,0,1.0,0,0.0,0
1955,Retired,CurrentPosition,d3,0.0,0,0.0,0,0.0,0
Bethesda,Video Game Developer,CurrentPosition,d3,0.0,0,0.0,0,0.0,0
Hershey Chocolate Company,Michele Buck,ChiefExecutiveOfficerCurrent,d3,1.0,100,1.0,100,0.0,0
Newburyport,City Councilor,CurrentPosition,d3,0.0,0,0.0,0,0.0,0
United States Department of the Treasury,Alexander Hamilton,FoundedByPrimary,d3,1.0,100,1.0,100,0.0,0
Tobacco,Cash Crop,CurrentPosition,d3,0.0,0,0.0,0,0.0,0
Inter Miami CF,Fort Lauderdale,HeadquartersCity,d3,1.0,100,1.0,100,0.0,0
Barack Obama,1961-08-04,BirthDate,d3,1.0,100,1.0,100,0.0,0
Comcast,Ralph Roberts,FoundedByPrimary,d3,1.0,0,1.0,0,0.0,0
Mountain Time Zone,Salt Lake City,CountryOfCity,d3,1.0,100,1.0,100,0.0,0
San Jose,Mayor of San Jose,CurrentPosition,d3,0.0,0,0.0,0,0.0,0
Innovator Organization,John Doe,CurrentEmployer,d3,0.5,0,0.5,0,0.0,0
New York Times,A.G. Sulzberger,CurrentEmployer,d3,0.0,0,0.0,0,0.0,0
Global Business Academy,Director,CurrentPosition,d3,0.0,0,0.0,0,0.0,0
1885,Historical Figure,CurrentPosition,d3,0.0,0,0.0,0,0.0,0
Burbank,1887,FoundingDate,d3,1.0,0,1.0,0,0.0,0
1965-01-01,Unknown,CurrentPosition|Person|Person->Position,d3,0.0,0,0.0,0,0.0,0
Seattle,Jeff Bezos,CurrentEmployer,d3,1.0,0,1.0,0,0.0,0
Hospitality Industry,France,MajorIndustryPrimary,d3,1.0,100,1.0,100,0.0,0
Agriculture,Rome,HeadquartersCity,d3,1.0,0,1.0,0,0.0,0
Agriculture,Secretary-General of the United Nations Food and Agriculture Organization,CurrentPosition,d3,1.0,0,1.0,0,0.0,0
FC Copenhagen,Danish Krone,CurrencyPrimary,d3,1.0,100,1.0,100,0.0,0
Cabinet of Japan,Japanese Yen,CurrencyPrimary,d3,1.0,50,1.0,50,0.0,0
Charles Darwin,University of Edinburgh,AlmaMaterPrimary,d3,0.7772998809814453,100,0.7772998809814453,100,0.0,0
Oxford,1096,FoundingDate,d3,0.3486451506614685,100,0.3486451506614685,100,0.0,0
1826,1826-01-01,BirthDate,d3,0.2206221967935562,0,0.222700148820877,0,-0.0020779520273208,0
International Organization for Standardization,ISO/IEC JTC 1,CurrentEmployer,d3,0.8031737804412842,0,0.8112767934799194,0,-0.0081030130386352,0
1901,Currency in 1901,CurrencyPrimary,d3,0.222700148820877,0,0.2333610653877258,0,-0.0106609165668487,0
Andrew Jackson,General,CurrentPosition,d3,0.4225046336650848,50,0.4373487532138824,50,-0.0148441195487976,0
The New York Times Company,Henry Jarvis Raymond,FoundedByPrimary,d3,0.5,0,0.5151380896568298,0,-0.0151380896568298,0
Global Education Network,Director of Operations,CurrentPosition,d3,0.2445674836635589,0,0.2608304917812347,0,-0.0162630081176757,0
Java,James Gosling,DevelopedByPrimary,d3,0.6513549089431763,0,0.6683973073959351,0,-0.0170423984527587,0
King Henry II,Count of Anjou,CurrentPosition,d3,0.3486451506614685,0,0.3726567924022674,0,-0.0240116417407989,0
Research University,1636,FoundingDate,d3,0.222700148820877,0,0.2538864314556122,0,-0.0311862826347351,0
2021,Time,CurrentEmployer,d3,0.430575430393219,0,0.4643915891647339,0,-0.0338161587715148,0
Las Vegas,1905,FoundingDate,d3,0.2814055979251861,100,0.3169822692871094,100,-0.0355766713619232,0
David L. Mills,1944-04-18,BirthDate,d3,0.0664419159293174,0,0.1046715453267097,0,-0.0382296293973922,0
Reston,Leidos,CurrentEmployer,d3,0.8267117738723755,0,0.8670357465744019,0,-0.0403239727020263,0
Apache Software Foundation,Forest Hill,HeadquartersCity,d3,0.8267117738723755,0,0.8670357465744019,0,-0.0403239727020263,0
President of the United States,"August 4, 1961",BirthDate,d3,0.7369490265846252,0,0.7772998809814453,0,-0.04035085439682,0
1835-11-30,Literature,MajorIndustryPrimary,d3,0.7185943722724915,0,0.7589988708496094,0,-0.0404044985771179,0
IndustrialSector,Industrial Engineer,CurrentPosition,d3,0.6357240676879883,0,0.6777917146682739,0,-0.0420676469802856,0
YouTube,San Bruno,HeadquartersCity,d3,0.6513549089431763,100,0.6970582008361816,100,-0.0457032918930053,0
Theatrical Companies,Artistic Director,CurrentPosition,d3,0.7306790947914124,0,0.7772998809814453,0,-0.0466207861900329,0
Columbia University,1754,FoundingDate,d3,0.5,100,0.5489178895950317,100,-0.0489178895950317,0
PDT Inc.,PDT Group,ParentOrganization,d3,0.4481017291545868,0,0.5,0,-0.0518982708454132,0
National Sheriffs' Association,Law Enforcement,MajorIndustryPrimary,d3,0.4479811191558838,100,0.5,100,-0.0520188808441162,0
Greenwich Observatory,Royal Museums Greenwich,CurrentEmployer,d3,0.1732881963253021,0,0.2258379906415939,0,-0.0525497943162918,0
Legislator,Assembly Member,CurrentPosition,d3,0.8670357465744019,0,0.9241418242454528,0,-0.057106077671051,0
Shakespeare's Works,1623,PublicationDate,d3,0.7185943722724915,100,0.7772998809814453,100,-0.0587055087089538,0
Alabama System of Higher Education,Chancellor,CurrentPosition,d3,0.3886499404907226,0,0.4481017291545868,0,-0.0594517886638641,0
Springfield,Springfield Electric,HeadquartersCity,d3,0.4373487532138824,0,0.5,0,-0.0626512467861175,0
Henry Condell,Globe Theatre,CurrentEmployer,d3,0.314050555229187,0,0.3768830895423889,0,-0.0628325343132019,0
Columbia University,King's College,FoundedByPrimary,d3,0.6513549089431763,100,0.7185943722724915,100,-0.0672394633293151,0
Natural Resources,Environmental Advocate,CurrentPosition,d3,0.1540750712156295,0,0.222700148820877,0,-0.0686250776052475,0
Pretoria,South Africa Standard Time,TimeZonePrimary,d3,0.5774953961372375,0,0.6513549089431763,0,-0.0738595128059387,0
IBM,1911-06-16,FoundingDate,d3,0.5774953961372375,0,0.6513549089431763,0,-0.0738595128059387,0
Los Angeles Lakers,Jerry Buss,FoundedByPrimary,d3,0.5774953961372375,100,0.6513549089431763,100,-0.0738595128059387,0
University of Southern California,Carol Folt,CurrentEmployer,d3,0.9241418242454528,0,1.0,0,-0.0758581757545471,0
Tech Company,John Doe,FoundedByPrimary,d3,0.4225046336650848,0,0.5,0,-0.0774953663349151,0
Googleplex,1998,FoundingDate,d3,0.4225046336650848,0,0.5,0,-0.0774953663349151,0
Intel Corporation,1968-07-18,FoundingDate,d3,0.4225046336650848,0,0.5,0,-0.0774953663349151,0
Intel Corporation,Robert Noyce,FoundedByPrimary,d3,0.4225046336650848,100,0.5,100,-0.0774953663349151,0
Conservative Party,Robert Peel,FoundedByPrimary,d3,0.4225046336650848,0,0.5,0,-0.0774953663349151,0
Seagate Technology,Data Storage,MajorIndustryPrimary,d3,0.4225046336650848,0,0.5,0,-0.0774953663349151,0
Palo Alto,1894,FoundingDate,d3,0.5,0,0.5774953961372375,0,-0.0774953961372375,0
Philadelphia City Council,1701,FoundingDate,d3,0.5,0,0.5774953961372375,0,-0.0774953961372375,0
1876,Historical Event,CurrentPosition,d3,0.222700148820877,0,0.3004044890403747,0,-0.0777043402194976,0
The King's Men Theatre Company,Artistic Director,CurrentPosition,d3,0.2111267298460006,0,0.2928225994110107,0,-0.08169586956501,0
Massachusetts,New England,ParentOrganization,d3,0.6513549089431763,100,0.7336937785148621,100,-0.0823388695716857,0
City of London Corporation,1066,FoundingDate,d3,0.6513549089431763,0,0.7391709685325623,0,-0.0878160595893859,0
Hawaii,Hawaiian,OfficialLanguagePrimary,d3,0.7772998809814453,0,0.8670357465744019,0,-0.0897358655929565,0
Local Non-Profit Organization,National Non-Profit Association,ParentOrganization,d3,0.7772998809814453,0,0.8670357465744019,0,-0.0897358655929565,0
Treasurer,Government Financial Officer,CurrentPosition,d3,0.7772998809814453,0,0.8670357465744019,0,-0.0897358655929565,0
Hamlet,Denmark,BirthPlace,d3,0.5774953961372375,100,0.6683973073959351,100,-0.0909019112586975,0
Jamestown Settlement,1607,FoundingDate,d3,0.2814055979251861,100,0.3729561269283294,100,-0.0915505290031433,0
American Express,1850,FoundingDate,d3,0.5,100,0.5922008156776428,100,-0.0922008156776428,0
English Colonization,Colonial Power,CurrentPosition,d3,0.3486451506614685,0,0.4411355555057525,0,-0.092490404844284,0
Jersey,Saint Helier,CapitalCityOfCountry,d3,0.7185943722724915,100,0.8112791776657104,100,-0.092684805393219,0
Canberra,Australian Capital Territory,ParentOrganization,d3,0.4225046336650848,0,0.518977165222168,0,-0.0964725315570831,0
Hilton Worldwide,McLean,HeadquartersCity,d3,0.8267117738723755,0,0.9241418242454528,0,-0.0974300503730773,0
1955-05-19,Historical Document,PublicationDate,d3,0.677793025970459,0,0.7772998809814453,0,-0.0995068550109863,0
First Anglo-Powhatan War,1609,OccursOn,d3,0.8892737030982971,0,1.0,0,-0.1107262969017028,0
Harvard University Corporation,1636,FoundingDate,d3,0.5774953961372375,100,0.6945120096206665,100,-0.1170166134834289,0
Santa Fe,1610,FoundingDate,d3,0.5774953961372375,0,0.6945120692253113,0,-0.1170166730880737,0
3M,1902,FoundingDate,d3,0.5774953961372375,100,0.6945120692253113,100,-0.1170166730880737,0
Second Continental Congress,Legislative body,CurrentPosition,d3,0.3776240348815918,0,0.5,0,-0.1223759651184082,0
First Day of the Year,January 1,OccursOn,d3,0.7185943722724915,100,0.8411336541175842,100,-0.1225392818450927,0
Honolulu,Hawaii Tourism Authority,ParentOrganization,d3,0.6513549089431763,0,0.7772998809814453,0,-0.125944972038269,0
Baylor University,Waco,HeadquartersCity,d3,0.6513549089431763,100,0.7772998809814453,100,-0.125944972038269,0
Royal Society,King Charles II,FoundedByPrimary,d3,0.6513549089431763,0,0.7772998809814453,0,-0.125944972038269,0
Active Voter,Civic Engagement Group,CurrentEmployer,d3,0.6513549089431763,0,0.7772998809814453,0,-0.125944972038269,0
Andrew Jackson,"Waxhaws, South Carolina",BirthPlace,d3,0.6513549089431763,0,0.7772998809814453,0,-0.125944972038269,0
International Business Institute,Director of Studies,CurrentPosition,d3,0.222700148820877,0,0.3486451506614685,0,-0.1259450018405914,0
Construction,Project Manager,CurrentPosition,d3,0.222700148820877,0,0.3486451506614685,0,-0.1259450018405914,0
Windows 11,"October 5, 2021",InitialReleaseDate,d3,0.761763870716095,0,0.8892737030982971,0,-0.1275098323822021,0
Tech Innovations Inc.,2010-04-01,FoundingDate,d3,0.2608304917812347,0,0.3886499404907226,0,-0.1278194487094879,0
Hong Kong,Hong Kong Time,TimeZonePrimary,d3,0.7391753792762756,0,0.8670357465744019,0,-0.1278603672981262,0
Chicago,Mayor of Chicago,CurrentEmployer,d3,0.4225046336650848,0,0.5518983006477356,0,-0.1293936669826507,0
National Breadstick Day Committee,Unknown Employee,CurrentEmployer,d3,0.0,0,0.1329642385244369,0,-0.1329642385244369,0
TD Bank Group,William Mulholland,FoundedByPrimary,d3,0.8670357465744019,0,1.0,0,-0.1329642534255981,0
Bell Labs,Nokia,CurrentEmployer,d3,0.8670357465744019,0,1.0,0,-0.1329642534255981,0
Harare,Harare City Council,CurrentEmployer,d3,0.8670357465744019,0,1.0,0,-0.1329642534255981,0
International Monetary Fund,Kristalina Georgieva,CurrentEmployer,d3,0.8670357465744019,0,1.0,0,-0.1329642534255981,0
Health,Swiss Franc,CurrencyPrimary,d3,0.8670357465744019,100,1.0,100,-0.1329642534255981,0
Oracle Cloud,Cloud Computing,MajorIndustryPrimary,d3,0.8670357465744019,0,1.0,0,-0.1329642534255981,0
NBA,Commissioner,CurrentPosition,d3,0.5,0,0.6357240676879883,0,-0.1357240676879882,0
Unix Time,Epoch,CurrentPosition,d3,0.5,0,0.6357240676879883,0,-0.1357240676879882,0
Theoretical Physicist,Research Scientist,CurrentPosition,d3,0.7185943722724915,0,0.854562520980835,0,-0.1359681487083435,0
University of Calgary,Various Academic Positions,CurrentPosition,d3,0.1850649863481521,0,0.3217222690582275,0,-0.1366572827100753,0
Unix Systems,1969,FoundingDate,d3,0.5774953961372375,0,0.7185943722724915,0,-0.1410989761352539,0
Mediacom Communications Corporation,Bloomington,HeadquartersCity,d3,0.6357240676879883,0,0.7772998809814453,0,-0.141575813293457,0
Australian Eastern Standard Time,Australian Government,CurrentEmployer,d3,0.1173596084117889,0,0.2608290314674377,0,-0.1434694230556488,0
UTC-5,Panama,CountryOfCity,d3,0.3486451506614685,0,0.4955106079578399,0,-0.1468654572963714,0
Oregon State Government,Kate Brown,CurrentEmployer,d3,0.7185943722724915,100,0.8670357465744019,100,-0.1484413743019104,0
Open Source Initiative,OSI,CurrentEmployer,d3,0.7185943722724915,0,0.8670357465744019,0,-0.1484413743019104,0
University of Southern California,George Lucas,AlmaMaterPrimary,d3,0.222700148820877,0,0.3719385266304016,0,-0.1492383778095245,0
Services,Funeral Services,MajorIndustryPrimary,d3,0.3486451506614685,0,0.5,0,-0.1513548493385315,0
Bell Labs,Research and Development,CurrentPosition,d3,0.3486451506614685,0,0.5,0,-0.1513548493385315,0
Guernsey,Crown dependencies,ParentOrganization,d3,0.3486451506614685,0,0.5,0,-0.1513548493385315,0
National Breadstick Day Committee,Unknown Founder,FoundedByPrimary,d3,0.3486451506614685,0,0.5,0,-0.1513548493385315,0
Apollo 11 Moon Landing,Moon,HeldInCity,d3,0.3486451506614685,0,0.5,0,-0.1513548493385315,0
BBC,Tim Davie,CurrentEmployer,d3,0.5,0,0.6513549089431763,0,-0.1513549089431762,0
National Cat Day,Colleen Paige,CreatedByPrimary,d3,0.5,100,0.6513549089431763,100,-0.1513549089431762,0
George H. W. Bush,"Milton, Massachusetts",BirthPlace,d3,0.0712167620658874,100,0.222700148820877,100,-0.1514833867549896,0
Southern African Development Community,Botswana,CountryOfIncorporation,d3,0.8479677438735962,0,1.0,0,-0.1520322561264038,0
Citigroup,Jane Fraser,CurrentEmployer,d3,0.4383436143398285,0,0.5910420417785645,0,-0.1526984274387359,0
Bell Labs,1925,FoundingDate,d3,0.5774953961372375,100,0.7306790947914124,100,-0.1531836986541748,0
The Walt Disney Company,Disney Channel,ParentOrganization,d3,0.7772998809814453,0,0.9311295747756958,0,-0.1538296937942505,0
Boeing,William E. Boeing,FoundedByPrimary,d3,0.4225046336650848,50,0.5774953961372375,50,-0.1549907624721527,0
Revolutionary Politics,Democratic Republic,ParentOrganization,d3,0.3927532136440277,0,0.5489178895950317,0,-0.156164675951004,0
Media,Global Media Group,ParentOrganization,d3,0.0,0,0.157267615199089,0,-0.157267615199089,0
Transportation,1966,FoundingDate,d3,0.6513549089431763,0,0.8112767934799194,0,-0.1599218845367431,0
South Africa,South African Rand,CurrencyPrimary,d3,0.6513549089431763,50,0.8112791776657104,50,-0.1599242687225341,0
Springfield,Illinois,CapitalCityOfCountry,d3,0.3486451506614685,100,0.5151380896568298,100,-0.1664929389953613,0
Neighborhood Association,Community Development Organization,ParentOrganization,d3,0.5,0,0.6683973073959351,0,-0.168397307395935,0
Lackawanna County,Pennsylvania,CountryOfCity,d3,0.6970614194869995,100,0.8670357465744019,100,-0.1699743270874023,0
Marshall Plan,Economics,MajorIndustryPrimary,d3,0.8267117738723755,0,1.0,0,-0.1732882261276245,0
National Breadstick Day,Food Industry,MajorIndustryPrimary,d3,0.8267117738723755,50,1.0,50,-0.1732882261276245,0
Oregon State Government,1848,FoundingDate,d3,0.3486451506614685,0,0.5230156183242798,0,-0.1743704676628112,0
Language Services Inc.,Global Language Solutions LLC,ParentOrganization,d3,0.6026902198791504,0,0.7772998809814453,0,-0.1746096611022949,0
Friday,Calendar City,HeadquartersCity,d3,0.6513549089431763,0,0.8267117738723755,0,-0.1753568649291992,0
Olympia,Washington,CapitalCityOfCountry,d3,0.7185943722724915,100,0.8991213440895081,100,-0.1805269718170166,0
Treasurer,Public Financial Officer,CurrentPosition,d3,0.0,0,0.182137981057167,0,-0.182137981057167,0
GM Financial,Mark Reuss,ChiefExecutiveOfficerCurrent,d3,0.0,0,0.1821379959583282,0,-0.1821379959583282,0
Unix Systems,Ken Thompson,CurrentEmployer,d3,0.0,0,0.1887208074331283,0,-0.1887208074331283,0
2021,Global Corp,ParentOrganization,d3,0.6513549089431763,0,0.84112948179245,0,-0.1897745728492736,0
2029-01-01,2029,FoundingDate,d3,0.1107263192534446,0,0.3029450178146362,0,-0.1922186985611915,0
American Red Cross,1881,FoundingDate,d3,0.3486451506614685,100,0.542896568775177,100,-0.1942514181137085,0
Philadelphia,1682,FoundingDate,d3,0.5,100,0.6945120692253113,100,-0.1945120692253112,0
IBM,Arvind Krishna,CurrentEmployer,d3,0.7948107719421387,0,1.0,0,-0.2051892280578613,0
Government of the United Kingdom,Public Sector,MajorIndustryPrimary,d3,0.4188302457332611,0,0.6245249509811401,0,-0.205694705247879,0
Technology,Innovator,CurrentPosition,d3,0.0,0,0.2111267298460006,0,-0.2111267298460006,0
Democratic Party,1828,FoundingDate,d3,0.4225046336650848,100,0.6357240676879883,100,-0.2132194340229034,0
U.S. Citizenship and Immigration Services,Secretary of Homeland Security,CurrentPosition,d3,0.4373487532138824,0,0.6513549089431763,0,-0.2140061557292938,0
Construction,Construction Group,ParentOrganization,d3,0.4373487532138824,0,0.6513549089431763,0,-0.2140061557292938,0
Cultural Event,2023-08-01,PublicationDate,d3,0.222700148820877,0,0.4373487532138824,0,-0.2146486043930053,0
Police Officers,City Police Department,CurrentEmployer,d3,0.222700148820877,0,0.4373487532138824,0,-0.2146486043930053,0
NBA,1946,FoundingDate,d3,0.6513549089431763,100,0.8670357465744019,100,-0.2156808376312255,0
Awareness and Celebration of Immigrants,Non-Profit,MajorIndustryPrimary,d3,0.1329642385244369,0,0.3486451506614685,0,-0.2156809121370315,0
H&R Block,Tax Preparation,MajorIndustryPrimary,d3,0.2814055979251861,100,0.5,100,-0.2185944020748138,0
Chocolate Manufacturers Association,Chocolate Industry Workers,CurrentEmployer,d3,0.0,0,0.2206222116947174,0,-0.2206222116947174,0
Jamestown Settlement,Colonial National Historical Park,ParentOrganization,d3,0.7772998809814453,0,1.0,0,-0.2227001190185547,0
Leland Stanford Junior University,Stanford,HeadquartersCity,d3,0.7772998809814453,0,1.0,0,-0.2227001190185547,0
Las Vegas,MGM Resorts International,HeadquartersCity,d3,0.7772998809814453,0,1.0,0,-0.2227001190185547,0
Rockville,Montgomery County Public Schools,CurrentEmployer,d3,0.7772998809814453,0,1.0,0,-0.2227001190185547,0
Harrisburg,City of Harrisburg,CurrentEmployer,d3,0.7772998809814453,0,1.0,0,-0.2227001190185547,0
"East Lansing, Michigan",Michigan State University,HeadquartersCity,d3,0.7772998809814453,0,1.0,0,-0.2227001190185547,0
National Immigrants Day,Immigration Services,MajorIndustryPrimary,d3,0.7772998809814453,0,1.0,0,-0.2227001190185547,0
3M,Maplewood,HeadquartersCity,d3,0.7772998809814453,0,1.0,0,-0.2227001190185547,0
Goldman Sachs,Investment Banking,MajorIndustryPrimary,d3,0.7772998809814453,100,1.0,100,-0.2227001190185547,0
1980,1980-01-01,OccursOn,d3,0.7772998809814453,100,1.0,100,-0.2227001190185547,0
1987,"January 1, 1987",BirthDate,d3,0.7772998809814453,0,1.0,0,-0.2227001190185547,0
Cultural Foundation,Arts Council,ParentOrganization,d3,0.7772998809814453,0,1.0,0,-0.2227001190185547,0
Richard Burbage,St. Paul's Cathedral School,AlmaMaterPrimary,d3,0.7772998809814453,0,1.0,0,-0.2227001190185547,0
2011,"January 1, 2011",OccursOn,d3,0.7772998809814453,100,1.0,100,-0.2227001190185547,0
Apache Software Foundation,Doug Cutting,FoundedByPrimary,d3,0.7772998809814453,0,1.0,0,-0.2227001190185547,0
Global Investments,Global Holdings,ParentOrganization,d3,0.7772998809814453,0,1.0,0,-0.2227001190185547,0
Cultural Ambassador,Cultural Institute,CurrentEmployer,d3,0.7772998809814453,0,1.0,0,-0.2227001190185547,0
Cultural Ambassador,Cultural Organization,CurrentEmployer,d3,0.7772998809814453,0,1.0,0,-0.2227001190185547,0
Seagate Technology,Dave Mosley,CurrentEmployer,d3,0.7772998809814453,0,1.0,0,-0.2227001190185547,0
Representative,Leader of the Opposition,CurrentPosition,d3,0.7772998809814453,0,1.0,0,-0.2227001190185547,0
Mountain Time Zone,Phoenix,CountryOfCity,d3,0.7772998809814453,100,1.0,100,-0.2227001190185547,0
Mountain Time Zone,Tucson,CountryOfCity,d3,0.7772998809814453,0,1.0,0,-0.2227001190185547,0
"December 31, 2020",End of the Year,CurrentPosition,d3,0.0,0,0.222700148820877,0,-0.222700148820877,0
Wednesday,Day of the Week,CurrentPosition,d3,0.0,0,0.222700148820877,0,-0.222700148820877,0
Innovator Inc.,Global Innovations LLC,ParentOrganization,d3,0.0,0,0.222700148820877,0,-0.222700148820877,0
General Electric,GE Aviation,ParentOrganization,d3,0.4225046336650848,0,0.6513549089431763,0,-0.2288502752780914,0
Tetum,Government of Timor-Leste,CurrentEmployer,d3,0.6357240676879883,0,0.8670357465744019,0,-0.2313116788864135,0
Boston,1630,FoundingDate,d3,0.5774953961372375,100,0.8094282150268555,100,-0.2319328188896179,0
Networking,Vint Cerf,FoundedByPrimary,d3,0.5,0,0.7336938381195068,0,-0.2336938381195068,0
British Pound Sterling,Bank of England,CountryOfIncorporation,d3,0.5,100,0.7391709685325623,100,-0.2391709685325622,0
Federal Reserve Bank of San Francisco,Federal Reserve Act,FoundedByPrimary,d3,0.222700148820877,0,0.4643916487693786,0,-0.2416914999485016,0
National Institutes of Health,1887,FoundingDate,d3,0.5832428932189941,100,0.8267117738723755,100,-0.2434688806533813,0
Lackawanna County,1843,FoundingDate,d3,0.1887254863977432,0,0.4373487532138824,0,-0.2486232668161392,0
GM Financial,Automotive Finance,MajorIndustryPrimary,d3,0.2509127855300903,50,0.5,50,-0.2490872144699096,0
Example Corporation,Example City,HeadquartersCity,d3,0.5774953961372375,0,0.8267117738723755,0,-0.2492163777351379,0
3M,,ParentOrganization,d3,0.7490872144699097,0,1.0,0,-0.2509127855300903,0
Department of Natural Resources,1957,FoundingDate,d3,0.3486451506614685,0,0.6026865839958191,0,-0.2540414333343506,0
Cultural Event,2020-01-01,FoundingDate,d3,0.3333333432674408,0,0.592200756072998,0,-0.2588674128055572,0
Commonwealth of Nations,1931,FoundingDate,d3,0.5,0,0.7652807235717773,0,-0.2652807235717773,0
Paramount+,ViacomCBS,CurrentEmployer,d3,0.6513549089431763,100,0.9241418242454528,100,-0.2727869153022766,0
Reserve Currency,Swiss Franc,CurrencyPrimary,d3,0.5,0,0.774175763130188,0,-0.274175763130188,0
Reserve Currency,Japanese Yen,CurrencyPrimary,d3,0.5,0,0.774175763130188,0,-0.274175763130188,0
Central,Central City,HeadquartersCity,d3,0.4225046336650848,0,0.6970614194869995,0,-0.2745567858219147,0
Newark,Newark Public Schools,CurrentEmployer,d3,0.5017322897911072,0,0.7772998809814453,0,-0.2755675911903381,0
"Twitter, Inc.",X Corp.,ParentOrganization,d3,0.222700148820877,0,0.5,0,-0.2772998511791229,0
Qualcomm,Snapdragon,DevelopedByPrimary,d3,0.222700148820877,0,0.5,0,-0.2772998511791229,0
Language Advocate,Global Language Organization,CurrentEmployer,d3,0.222700148820877,0,0.5,0,-0.2772998511791229,0
Language Advocate,National Language Association,CurrentEmployer,d3,0.222700148820877,0,0.5,0,-0.2772998511791229,0
Language Advocate,Language Advocacy Organization,CurrentEmployer,d3,0.222700148820877,0,0.5,0,-0.2772998511791229,0
Time Zone Name,Brazil,CountryOfCity,d3,0.222700148820877,0,0.5,0,-0.2772998511791229,0
2013,Industries prominent in 2013,MajorIndustryPrimary,d3,0.5,0,0.7772998809814453,0,-0.2772998809814453,0
Timekeeping,Timekeeper,CurrentPosition,d3,0.5,0,0.7772998809814453,0,-0.2772998809814453,0
Settlers Inc.,Video Games,MajorIndustryPrimary,d3,0.5,0,0.7772998809814453,0,-0.2772998809814453,0
1781-01-01,Commander-in-Chief of the Continental Army,CurrentPosition,d3,0.5,0,0.7772998809814453,0,-0.2772998809814453,0
Berkeley,Berkeley Unified School District,HeadquartersCity,d3,0.5,0,0.7772998809814453,0,-0.2772998809814453,0
Science Communicator,National Geographic Society,CurrentEmployer,d3,0.5,0,0.7772998809814453,0,-0.2772998809814453,0
UTC-8,Vancouver,TimeZonePrimary,d3,0.5,0,0.7772998809814453,0,-0.2772998809814453,0
Adena Friedman,President and CEO,CurrentPosition,d3,0.5,100,0.7772998809814453,100,-0.2772998809814453,0
U.S. Citizenship and Immigration Services,Immigration Officer,CurrentPosition,d3,0.157267615199089,0,0.4373487532138824,0,-0.2800811380147934,0
Washington State Government,Jay Inslee,CurrentEmployer,d3,0.7185943722724915,100,1.0,100,-0.2814056277275085,0
Brazos County,Brazos County Government,CurrentEmployer,d3,0.7185943722724915,0,1.0,0,-0.2814056277275085,0
"Los Angeles, California",Universal Pictures,HeadquartersCity,d3,0.7185943722724915,0,1.0,0,-0.2814056277275085,0
House of Commons,1295,FoundingDate,d3,0.7185943722724915,0,1.0,0,-0.2814056277275085,0
Southampton,Southampton City Council,HeadquartersCity,d3,0.7185943722724915,0,1.0,0,-0.2814056277275085,0
European Football Association,UEFA President,CurrentEmployer,d3,0.7185943722724915,0,1.0,0,-0.2814056277275085,0
San Jose State University,California State University,ParentOrganization,d3,0.7185943722724915,100,1.0,100,-0.2814056277275085,0
Head of Government,Capital City,BirthPlace,d3,0.7185943722724915,0,1.0,0,-0.2814056277275085,0
Sebastopol,Sebastopol City Council,CurrentEmployer,d3,0.4225046336650848,0,0.7046110033988953,0,-0.2821063697338104,0
HSBC,Noel Quinn,CurrentEmployer,d3,0.1065068840980529,0,0.3973170816898346,0,-0.2908101975917816,0
Powhatan Confederacy,Wampum,CurrencyPrimary,d3,0.2814055979251861,100,0.5774953961372375,100,-0.2960897982120514,0
Mountain View,1902,FoundingDate,d3,0.2000000029802322,0,0.5,0,-0.2999999970197677,0
2029-01-01,Event Management,MajorIndustryPrimary,d3,0.0,0,0.3004045188426971,0,-0.3004045188426971,0
City of Newburyport,City of Newburyport Police Department,CurrentEmployer,d3,0.6945120692253113,0,1.0,0,-0.3054879307746887,0
The Cat Fanciers' Association,Pet Industry,MajorIndustryPrimary,d3,0.3973170816898346,0,0.7046110033988953,0,-0.3072939217090606,0
H&R Block,Kansas City,HeadquartersCity,d3,0.6910110116004944,100,1.0,100,-0.3089889883995056,0
University of Pennsylvania,Amy Gutmann,CurrentEmployer,d3,0.5774953961372375,100,0.8892722129821777,100,-0.3117768168449402,0
Revolutionary Government,Continental Dollar,CurrencyPrimary,d3,0.1253025233745575,0,0.4373487532138824,0,-0.3120462298393249,0
Montgomery,Martin Luther King Jr.,BirthPlace,d3,0.1821379959583282,0,0.5,0,-0.3178620040416717,0
National Sheriffs' Association,Sheriffs,CurrentEmployer,d3,0.5489178895950317,0,0.8670357465744019,0,-0.3181178569793701,0
Alaska Standard Time,Juneau,CapitalCityOfCountry,d3,0.3486451506614685,100,0.6683973073959351,100,-0.3197521567344665,0
Westmoreland County,County Government,CurrentPosition,d3,0.5,0,0.8267117738723755,0,-0.3267117738723755,0
Cisco Systems,Chuck Robbins,ChiefExecutiveOfficerCurrent,d3,0.5,0,0.8267117738723755,0,-0.3267117738723755,0
National Fire Protection Association,1896,FoundingDate,d3,0.5774953961372375,0,0.9081843495368958,0,-0.3306889533996582,0
East Anglia,Norwich,HeadquartersCity,d3,0.2136612087488174,100,0.5489178895950317,100,-0.3352566808462143,0
Tech Policy Institute,Technology Policy,MajorIndustryPrimary,d3,0.314050555229187,0,0.6513549089431763,0,-0.3373043537139892,0
Community Center,City Recreation Department,CurrentEmployer,d3,0.314050555229187,0,0.6513549089431763,0,-0.3373043537139892,0
International Communication Association,1910,FoundingDate,d3,0.5,0,0.84112948179245,0,-0.3411294817924499,0
GNU General Public License,Free Software Foundation,DevelopedByPrimary,d3,0.3486451506614685,100,0.6945120692253113,100,-0.3458669185638428,0
The King's Men Theatre Company,David Edgar,FoundedByPrimary,d3,0.5774953961372375,0,0.9241418242454528,0,-0.3466464281082153,0
"Oracle America, Inc.",Software,MajorIndustryPrimary,d3,0.3886499404907226,100,0.7368407845497131,100,-0.3481908440589905,0
Chicago,McDonald's,HeadquartersCity,d3,0.3486451506614685,0,0.6970614194869995,0,-0.348416268825531,0
Rockville,Montgomery County,HeadquartersCity,d3,0.6513549089431763,0,1.0,0,-0.3486450910568237,0
Westmoreland County,Greensburg,HeadquartersCity,d3,0.6513549089431763,100,1.0,100,-0.3486450910568237,0
NBA,Adam Silver,CurrentEmployer,d3,0.6513549089431763,100,1.0,100,-0.3486450910568237,0
Disney+,Bob Chapek,CurrentEmployer,d3,0.6513549089431763,100,1.0,100,-0.3486450910568237,0
Research Organization,Global Research Network,ParentOrganization,d3,0.6513549089431763,0,1.0,0,-0.3486450910568237,0
Infosys,Nandan Nilekani,CurrentEmployer,d3,0.6513549089431763,100,1.0,100,-0.3486450910568237,0
Greenwich Observatory,1675,FoundingDate,d3,0.6513549089431763,100,1.0,100,-0.3486450910568237,0
Museum,City Museum,CurrentEmployer,d3,0.6513549089431763,0,1.0,0,-0.3486450910568237,0
Theatre,National Theatre,ParentOrganization,d3,0.6513549089431763,0,1.0,0,-0.3486450910568237,0
IndustrialSector,1760,FoundingDate,d3,0.6513549089431763,100,1.0,100,-0.3486450910568237,0
Australian Eastern Standard Time,Australian Time Zone Authority,ParentOrganization,d3,0.6513549089431763,0,1.0,0,-0.3486450910568237,0
King Henry II,Kingdom of England,CurrentEmployer,d3,0.6513549089431763,0,1.0,0,-0.3486450910568237,0
International Monetary Fund,John Maynard Keynes,FoundedByPrimary,d3,0.6513549089431763,100,1.0,100,-0.3486450910568237,0
Active Voter,Voting Rights Organization,CurrentEmployer,d3,0.6513549089431763,0,1.0,0,-0.3486450910568237,0
Washington State University,Pullman,HeadquartersCity,d3,0.6513549089431763,100,1.0,100,-0.3486450910568237,0
Federal District,Portuguese,OfficialLanguagePrimary,d3,0.0,100,0.3486451506614685,100,-0.3486451506614685,0
European Central Bank,Christine Lagarde,CurrentEmployer,d3,0.3849121630191803,0,0.7391709685325623,0,-0.3542588055133819,0
"Westmoreland County, Virginia",Richmond,CapitalCityOfCountry,d3,0.4225046336650848,100,0.7772998809814453,100,-0.3547952473163605,0
Example Corporation,Example Founder,FoundedByPrimary,d3,0.222700148820877,0,0.5774953961372375,0,-0.3547952473163605,0
State Government of Washington,Governor of Washington,CurrentEmployer,d3,0.4225046336650848,0,0.7772998809814453,0,-0.3547952473163605,0
International Monetary Fund,Special Drawing Rights,CurrencyPrimary,d3,0.5,0,0.8589810729026794,0,-0.3589810729026794,0
Organization X,Founder,FoundedByPrimary,d3,0.1107278168201446,0,0.4734407067298889,0,-0.3627128899097442,0
First Day of the Year,New Year,CurrentPosition,d3,0.6357240676879883,0,1.0,0,-0.3642759323120117,0
South Africa,Zulu,OfficialLanguagePrimary,d3,0.5,0,0.8670357465744019,0,-0.3670357465744018,0
Unix Systems,AT&T,ParentOrganization,d3,0.5,100,0.8670357465744019,100,-0.3670357465744018,0
Global Research Institute,Dr. Jane Smith,ChiefExecutiveOfficerCurrent,d3,0.5,0,0.8670357465744019,0,-0.3670357465744018,0
City of Newburyport,Newburyport Development Authority,HeadquartersCity,d3,0.5,0,0.8670357465744019,0,-0.3670357465744018,0
Lockheed Martin,1912,FoundingDate,d3,0.5518983006477356,0,0.9241418242454528,0,-0.3722435235977173,0
Tech Innovations Inc.,2010-05-15,FoundingDate,d3,0.3178620040416717,0,0.6945120692253113,0,-0.3766500651836395,0
Tech Policy Institute,Policy Research Institute,CurrentPosition,d3,0.0,0,0.376803994178772,0,-0.376803994178772,0
Austin,Texas,HeadquartersCity,d3,0.222700148820877,50,0.602682888507843,50,-0.3799827396869659,0
"Nasdaq, Inc.",1971-02-08,FoundingDate,d3,0.397309809923172,0,0.7772998809814453,0,-0.3799900710582733,0
Thomas Betterton,1638-01-01,BirthDate,d3,0.0565840117633342,0,0.4373487532138824,0,-0.3807647414505481,0
American Historical Association,1884,FoundingDate,d3,0.5,100,0.8892722129821777,100,-0.3892722129821777,0
Consulting,Boston Consulting Group,CurrentEmployer,d3,0.3486451506614685,0,0.7391709685325623,0,-0.3905258178710937,0
State Government,State Legislator,CurrentPosition,d3,0.3486451506614685,0,0.7391753792762756,0,-0.3905302286148071,0
Startup Incubator,Incubator Manager,CurrentPosition,d3,0.4743223488330841,0,0.8670357465744019,0,-0.3927133977413177,0
1835-11-30,1835,FoundingDate,d3,0.6026902198791504,0,1.0,0,-0.3973097801208496,0
Year 2000,Millennium,CurrentPosition,d3,0.0,0,0.3973170816898346,0,-0.3973170816898346,0
GNU General Public License,Richard Stallman,CreatedByPrimary,d3,0.3486451506614685,100,0.7482669353485107,100,-0.3996217846870422,0
1967,1967-01-01,OccursOn,d3,0.3029450178146362,0,0.7046110033988953,0,-0.401665985584259,0
Hospitality Association,National Restaurant Association,ParentOrganization,d3,0.4373487532138824,0,0.8411336541175842,0,-0.4037849009037018,0
National Association of Emergency Medical Technicians,Emergency Medical Technicians,CurrentEmployer,d3,0.5774953961372375,0,1.0,0,-0.4225046038627624,0
Micron Technology,Sanjay Mehrotra,CurrentEmployer,d3,0.5774953961372375,100,1.0,100,-0.4225046038627624,0
Boeing,1916,FoundingDate,d3,0.5774953961372375,100,1.0,100,-0.4225046038627624,0
American Express,Henry Wells,FoundedByPrimary,d3,0.5774953961372375,100,1.0,100,-0.4225046038627624,0
English Colonization,Queen Elizabeth I,FoundedByPrimary,d3,0.5,0,0.9241418242454528,0,-0.4241418242454529,0
All Hallows' Eve,All Hallows' Eve originated in the 8th century,FoundingDate,d3,0.5,0,0.9241418242454528,0,-0.4241418242454529,0
Hong Kong,1842,FoundingDate,d3,0.3486451506614685,0,0.7772998809814453,0,-0.4286547303199768,0
Startup Incubator,Tech Ventures,ParentOrganization,d3,0.3486451506614685,0,0.7772998809814453,0,-0.4286547303199768,0
Energy,OPEC,ParentOrganization,d3,0.3486451506614685,0,0.7772998809814453,0,-0.4286547303199768,0
Thursday,Weekdays,MajorIndustryPrimary,d3,0.3486451506614685,0,0.7772998809814453,0,-0.4286547303199768,0
TurboTax,Tax Preparation Software,CurrentPosition,d3,0.3486451506614685,100,0.7772998809814453,100,-0.4286547303199768,0
Texas Instruments,Texas Instruments Incorporated,ParentOrganization,d3,0.222700148820877,0,0.6513549089431763,0,-0.4286547601222992,0
East Anglia,AD 410,FoundingDate,d3,0.222700148820877,0,0.6513549089431763,0,-0.4286547601222992,0
Election Office,Election Administrator,CurrentPosition,d3,0.1962629705667495,0,0.6273449659347534,0,-0.4310819953680038,0
Brasília Time,Capital,CurrentPosition,d3,0.0,0,0.4373487532138824,0,-0.4373487532138824,0
British Council,1934,FoundingDate,d3,0.4225046336650848,100,0.8670357465744019,100,-0.444531112909317,0
Institute for Advanced Study,Albert Einstein,CurrentEmployer,d3,0.5518983006477356,100,1.0,100,-0.4481016993522644,0
Mining,Mining Industry,MajorIndustryPrimary,d3,0.1732881963253021,0,0.6245249509811401,0,-0.451236754655838,0
Comcast Corporation,Brian Roberts,CurrentEmployer,d3,0.4225046336650848,0,0.8991213440895081,0,-0.4766167104244232,0
Salesforce.org,Marc Benioff,FoundedByPrimary,d3,0.5230156183242798,100,1.0,100,-0.4769843816757202,0
Stanford University,Leland Stanford,FoundedByPrimary,d3,0.222700148820877,100,0.7185943722724915,100,-0.4958942234516144,0
Java,1995-05-23,InitialReleaseDate,d3,0.2814055979251861,0,0.7772998809814453,0,-0.4958942830562591,0
Sebastopol,1857,FoundingDate,d3,0.5,0,1.0,0,-0.5,0
Caterpillar Inc.,Peoria,HeadquartersCity,d3,0.5,100,1.0,100,-0.5,0
Leland Stanford Junior University,Leland Stanford,CurrentEmployer,d3,0.5,0,1.0,0,-0.5,0
"Los Angeles, California",Sony Pictures Entertainment,HeadquartersCity,d3,0.5,0,1.0,0,-0.5,0
Atlanta,Atlanta Braves,ParentOrganization,d3,0.5,0,1.0,0,-0.5,0
2003,"January 1, 2003",OccursOn,d3,0.5,100,1.0,100,-0.5,0
Hong Kong,Chief Executive,CurrentPosition,d3,0.5,100,1.0,100,-0.5,0
John Heminges,St. Paul's School,AlmaMaterPrimary,d3,0.5,50,1.0,50,-0.5,0
Earth,UTC,TimeZonePrimary,d3,0.5,100,1.0,100,-0.5,0
Guernsey,1204,FoundingDate,d3,0.5,0,1.0,0,-0.5,0
Year 2000,Various Organizations,CurrentEmployer,d3,0.0,0,0.5,0,-0.5,0
Museum,Cultural Heritage Foundation,ParentOrganization,d3,0.5,0,1.0,0,-0.5,0
1967,Television,MajorIndustryPrimary,d3,0.5,0,1.0,0,-0.5,0
The Walt Disney Company,1923-10-16,FoundingDate,d3,0.5,0,1.0,0,-0.5,0
Honeywell,1906,FoundingDate,d3,0.5,0,1.0,0,-0.5,0
International Monetary Fund,1944,FoundingDate,d3,0.5,0,1.0,0,-0.5,0
Western Digital,Data Storage,MajorIndustryPrimary,d3,0.5,0,1.0,0,-0.5,0
2008,"January 1, 2008",OccursOn,d3,0.5,100,1.0,100,-0.5,0
2005,"January 1, 2005",OccursOn,d3,0.5,100,1.0,100,-0.5,0
Houston,Houston Rockets,CurrentEmployer,d3,0.5,0,1.0,0,-0.5,0
National Breadstick Day,Celebration,CurrentPosition,d3,0.0,0,0.5,0,-0.5,0
Various occupations,Data Scientist,CurrentPosition,d3,0.5,0,1.0,0,-0.5,0
Awareness Campaign,Community Outreach Group,CurrentEmployer,d3,0.5,0,1.0,0,-0.5,0
Governor,State of Texas,CurrentEmployer,d3,0.5,100,1.0,100,-0.5,0
Organization of American States,Inter-American Commission on Human Rights,ParentOrganization,d3,0.5,0,1.0,0,-0.5,0
Inter Miami CF,David Beckham,FoundedByPrimary,d3,0.5,100,1.0,100,-0.5,0
Innovator Organization,Chief Innovation Officer,CurrentPosition,d3,0.3944366574287414,0,0.9081849455833436,0,-0.513748288154602,0
Lee C. Bollinger,"Berkeley, California",BirthPlace,d3,0.1335052400827407,0,0.6513549089431763,0,-0.5178496688604355,0
LeBron James,"Akron, Ohio",BirthPlace,d3,0.3486451506614685,100,0.8670357465744019,100,-0.5183905959129333,0
CEO of NYSE Euronext,Chief Executive Officer,CurrentPosition,d3,0.0,0,0.518977165222168,0,-0.518977165222168,0
"University of California, Los Angeles",Professor,CurrentPosition,d3,0.4760984480381012,0,1.0,0,-0.5239015519618988,0
Ford Motor Company,Jim Farley,CurrentEmployer,d3,0.4739843904972076,0,1.0,0,-0.5260156095027924,0
Apache Software Foundation,Sharan Foga,ChiefExecutiveOfficerCurrent,d3,0.0,0,0.5260174870491028,0,-0.5260174870491028,0
Morgan Stanley,James Gorman,CurrentEmployer,d3,0.4692254960536957,100,1.0,100,-0.5307745039463043,0
Google Cloud,Cloud Services Provider,CurrentPosition,d3,0.4526749849319458,0,1.0,0,-0.5473250150680542,0
2015,"January 1, 2015",OccursOn,d3,0.222700148820877,0,0.7742702960968018,0,-0.5515701472759247,0
Suva,UTC+12:00,TimeZonePrimary,d3,0.222700148820877,50,0.7772998809814453,50,-0.5545997321605682,0
Singapore Dollar,Monetary Authority of Singapore,CountryOfIncorporation,d3,0.222700148820877,100,0.7772998809814453,100,-0.5545997321605682,0
Registered Voter,Political Activist,CurrentPosition,d3,0.222700148820877,0,0.7772998809814453,0,-0.5545997321605682,0
San Diego,1769,FoundingDate,d3,0.2051916718482971,100,0.7652807235717773,100,-0.5600890517234802,0
The Cat Fanciers' Association,Alliance,HeadquartersCity,d3,0.4373487532138824,0,1.0,0,-0.5626512467861176,0
Municipal City,City Hall,HeadquartersCity,d3,0.4225046336650848,0,1.0,0,-0.5774953663349152,0
Auburn University,Lemuel Foster,FoundedByPrimary,d3,0.4225046336650848,0,1.0,0,-0.5774953663349152,0
Engineering Society,Engineering Consultant,CurrentPosition,d3,0.4225046336650848,0,1.0,0,-0.5774953663349152,0
London Stock Exchange,Julia Hoggett,ChiefExecutiveOfficerCurrent,d3,0.4225046336650848,0,1.0,0,-0.5774953663349152,0
State Government,State Capital,HeadquartersCity,d3,0.4225046336650848,0,1.0,0,-0.5774953663349152,0
Central,Central Organization,CurrentEmployer,d3,0.4225046336650848,0,1.0,0,-0.5774953663349152,0
C++,Bjarne Stroustrup,DevelopedByPrimary,d3,0.4225046336650848,100,1.0,100,-0.5774953663349152,0
Unix Systems,Dennis Ritchie,CurrentEmployer,d3,0.222700148820877,0,0.8112791776657104,0,-0.5885790288448334,0
Public Administrator,Town Manager,CurrentPosition,d3,0.1821379959583282,0,0.7772998809814453,0,-0.5951618850231171,0
Department of Transportation,Pete Buttigieg,CurrentEmployer,d3,0.4038847684860229,0,1.0,0,-0.596115231513977,0
"Niskayuna, New York",Schenectady County,CountryOfCity,d3,0.3029450178146362,100,0.8991213440895081,100,-0.5961763262748718,0
Textron,Textron Aviation,ParentOrganization,d3,0.0,0,0.6026865839958191,0,-0.6026865839958191,0
2024-01-01,2024,FoundingDate,d3,0.397309809923172,0,1.0,0,-0.602690190076828,0
1884-01-01,1884,FoundingDate,d3,0.397309809923172,0,1.0,0,-0.602690190076828,0
Wikimedia Foundation,Jimmy Wales,FoundedByPrimary,d3,0.222700148820877,100,0.8267117738723755,100,-0.6040116250514984,0
European Central Bank,European System of Central Banks,ParentOrganization,d3,0.222700148820877,0,0.8411336541175842,0,-0.6184335052967072,0
National Fire Protection Association,Fire Safety,MajorIndustryPrimary,d3,0.3029385805130005,0,0.9241418242454528,0,-0.6212032437324524,0
Baylor University,Baptist General Convention of Texas,ParentOrganization,d3,0.1520322412252426,100,0.7772998809814453,100,-0.6252676397562027,0
1040,Ranking Member of the House Committee on Education and Labor,CurrentPosition,d3,0.0,0,0.6273413896560669,0,-0.6273413896560669,0
Media Outlets,Editor-in-Chief,CurrentPosition,d3,0.222700148820877,0,0.8670357465744019,0,-0.6443355977535248,0
Political Science,Academia,MajorIndustryPrimary,d3,0.222700148820877,0,0.8670357465744019,0,-0.6443355977535248,0
Southern African Development Community,Regional Development,MajorIndustryPrimary,d3,0.1329642385244369,0,0.7772998809814453,0,-0.6443356424570084,0
Shakespeare's Plays,1599,FoundingDate,d3,0.3556278645992279,0,1.0,0,-0.6443721354007721,0
1955-05-19,Notable Organization,FoundingDate,d3,0.0832344070076942,0,0.7306790947914124,0,-0.6474446877837181,0
Lockheed Martin,Lockheed Martin Corporation,ParentOrganization,d3,0.3486451506614685,0,1.0,0,-0.6513548493385315,0
World Bank,1944,FoundingDate,d3,0.3486451506614685,0,1.0,0,-0.6513548493385315,0
Toronto,Bank of Montreal,HeadquartersCity,d3,0.3486451506614685,0,1.0,0,-0.6513548493385315,0
First Folio,William Jaggard,PublisherPrimary,d3,0.3486451506614685,100,1.0,100,-0.6513548493385315,0
Consulting,Accenture,ParentOrganization,d3,0.3486451506614685,0,1.0,0,-0.6513548493385315,0
Powhatan Confederacy,Powhatan language,OfficialLanguagePrimary,d3,0.3486451506614685,0,1.0,0,-0.6513548493385315,0
Friday,Day of the Week,CurrentPosition,d3,0.0,0,0.6513549089431763,0,-0.6513549089431763,0
Tech Innovations Inc.,Innovative Holdings,ParentOrganization,d3,0.0,0,0.6513549089431763,0,-0.6513549089431763,0
Higher Education,Higher Education Administrator,CurrentPosition,d3,0.0,0,0.6513549089431763,0,-0.6513549089431763,0
New England Colonies,Fishing,MajorIndustryPrimary,d3,0.3466804921627044,100,1.0,100,-0.6533195078372955,0
1860,"January 1, 1860",OccursOn,d3,0.3333333432674408,0,1.0,0,-0.6666666567325592,0
Unknown Org,Fictional Currency,CurrencyPrimary,d3,0.1358956098556518,0,0.811274528503418,0,-0.6753789186477661,0
Municipal City,Municipal Government,CurrentEmployer,d3,0.222700148820877,0,0.9081843495368958,0,-0.6854842007160187,0
Science Communicator,National Science Teachers Association,CurrentEmployer,d3,0.0908169373869896,0,0.7772998809814453,0,-0.6864829435944557,0
1956,1956-01-01,OccursOn,d3,0.0758581757545471,0,0.7652807235717773,0,-0.6894225478172302,0
Philadelphia School District,Superintendent,CurrentPosition,d3,0.1821379959583282,0,0.8880821466445923,0,-0.705944150686264,0
Singapore Government,Ministry of Finance,ParentOrganization,d3,0.2814055979251861,0,1.0,0,-0.7185944020748138,0
Micron Technology,Boise,HeadquartersCity,d3,0.2814055979251861,100,1.0,100,-0.7185944020748138,0
Central Time Zone,Minneapolis,CountryOfCity,d3,0.2814055979251861,0,1.0,0,-0.7185944020748138,0
Hewlett-Packard,Bill Hewlett,FoundedByPrimary,d3,0.2814055979251861,100,1.0,100,-0.7185944020748138,0
The Scranton Times-Tribune,Local Newspaper,CurrentPosition,d3,0.0,0,0.721513032913208,0,-0.721513032913208,0
1967,ABC Corporation,CurrentEmployer,d3,0.1329642385244369,0,0.8670357465744019,0,-0.7340715080499649,0
1971,Various organizations,CurrentEmployer,d3,0.0398449376225471,0,0.7772998809814453,0,-0.7374549433588982,0
"Meta Platforms, Inc.",2004-02-04,FoundingDate,d3,0.2608304917812347,0,1.0,0,-0.7391695082187653,0
International Language Federation,1952,FoundingDate,d3,0.2608275413513183,0,1.0,0,-0.7391724586486816,0
Gold Mining,Mining Engineer,CurrentPosition,d3,0.0,0,0.7587480545043945,0,-0.7587480545043945,0
Honolulu,Hawaiian Airlines,HeadquartersCity,d3,0.222700148820877,0,1.0,0,-0.7772998511791229,0
Citigroup,William C. Rhind,FoundedByPrimary,d3,0.222700148820877,0,1.0,0,-0.7772998511791229,0
City of London Corporation,The Lord Mayor of London,CurrentEmployer,d3,0.222700148820877,0,1.0,0,-0.7772998511791229,0
Telecommunications,Verizon Communications,CurrentEmployer,d3,0.222700148820877,0,1.0,0,-0.7772998511791229,0
ISO/IEC,International Electrotechnical Commission,CurrentEmployer,d3,0.222700148820877,0,1.0,0,-0.7772998511791229,0
Non-profit,Community Service Organization,CurrentEmployer,d3,0.222700148820877,0,1.0,0,-0.7772998511791229,0
Broadcom Inc.,Avago Technologies,ParentOrganization,d3,0.222700148820877,100,1.0,100,-0.7772998511791229,0
London Stock Exchange,London Stock Exchange Group,ParentOrganization,d3,0.222700148820877,0,1.0,0,-0.7772998511791229,0
Secretary,Department of Treasury,CurrentEmployer,d3,0.222700148820877,0,1.0,0,-0.7772998511791229,0
Sacramento City Unified School District,Superintendent,CurrentPosition,d3,0.0,0,0.7772998809814453,0,-0.7772998809814453,0
University of Oxford,Vice-Chancellor,CurrentPosition,d3,0.0,0,0.7772998809814453,0,-0.7772998809814453,0
Research Organization,Lead Researcher,CurrentPosition,d3,0.0,0,0.7772998809814453,0,-0.7772998809814453,0
Holding Company Inc.,Parent Holdings LLC,ParentOrganization,d3,0.0,0,0.7772998809814453,0,-0.7772998809814453,0
Computer Science Department,Department Chair,CurrentPosition,d3,0.0,0,0.7772998809814453,0,-0.7772998809814453,0
Global Holdings Inc.,Global Investments LLC,ParentOrganization,d3,0.0,0,0.7772998809814453,0,-0.7772998809814453,0
NATO,Jens Stoltenberg,CurrentEmployer,d3,0.2163350731134414,100,1.0,100,-0.7836649268865585,0
Reserve Bank of Australia,Philip Lowe,CurrentEmployer,d3,0.2091089487075805,100,1.0,100,-0.7908910512924194,0
Treasurer,Financial Administrator,CurrentPosition,d3,0.0758581757545471,0,0.8670357465744019,0,-0.7911775708198547,0
United Nations Food and Agriculture Organization,Rome,HeadquartersCity,d3,0.2072409689426422,100,1.0,100,-0.7927590310573578,0
National Cat Day,Animal Welfare,MajorIndustryPrimary,d3,0.1821379959583282,0,1.0,0,-0.8178620040416718,0
Royal Bank of Canada,William McMaster,FoundedByPrimary,d3,0.0,0,0.8411316275596619,0,-0.8411316275596619,0
New York Stock Exchange,Thomas Edison,FoundedByPrimary,d3,0.1329642385244369,0,1.0,0,-0.867035761475563,0
English Colonization,Colonial Trade,MajorIndustryPrimary,d3,0.1329642385244369,0,1.0,0,-0.867035761475563,0
English Colonization,British Empire,CurrentEmployer,d3,0.1329642385244369,0,1.0,0,-0.867035761475563,0
Tech City,Various Tech Companies,CurrentEmployer,d3,0.1329642385244369,0,1.0,0,-0.867035761475563,0
Texas A&M University,K. K. Y. Wong,ChiefExecutiveOfficerCurrent,d3,0.1329642385244369,0,1.0,0,-0.867035761475563,0
Self-employed,Business Owner,CurrentPosition,d3,0.1253025233745575,0,1.0,0,-0.8746974766254425,0
National Fire Protection Association,Jim Pauley,CurrentEmployer,d3,0.107012927532196,100,1.0,100,-0.892987072467804,0
"Nasdaq, Inc.",Richard Ketchum,FoundedByPrimary,d3,0.1050329729914665,0,1.0,0,-0.8949670270085335,0
Stanford University,Stanford University Board of Trustees,ParentOrganization,d3,0.0,0,0.8991213440895081,0,-0.8991213440895081,0
United Nations,Multiple Nations,FoundedByPrimary,d3,0.0,0,1.0,0,-1.0,0
United Nations,United Nations Conference on International Organization,FoundedByPrimary,d3,0.0,0,1.0,0,-1.0,0
Media Outlets,News Corp,ParentOrganization,d3,0.0,0,1.0,0,-1.0,0
Energy,ExxonMobil,CurrentEmployer,d3,0.0,0,1.0,0,-1.0,0
Breadstick Enthusiasts Association,Culinary Associations Network,ParentOrganization,d3,0.0,0,1.0,0,-1.0,0
ABC Investments,Chief Financial Officer,CurrentPosition,d3,0.0,0,1.0,0,-1.0,0
King Henry II,Count of Maine,CurrentPosition,d3,0.0,0,1.0,0,-1.0,0
Animation World Network,Animation,MajorIndustryPrimary,d3,0.0,0,1.0,0,-1.0,0
H&R Block,"H&R Block, Inc.",ParentOrganization,d3,1.0,100,0.0,50,1.0,50
South African Reserve Bank,South African Rand,CurrencyPrimary,d3,1.0,50,0.0,0,1.0,50
Pacific Standard Time,Canadian Dollar,CurrencyPrimary,d3,1.0,50,0.0,0,1.0,50
Honolulu,Hawaii-Aleutian Standard Time,TimeZonePrimary,d3,1.0,100,0.222700148820877,50,0.7772998511791229,50
Sydney,Sydney Opera House,CurrentEmployer,d3,1.0,50,0.222700148820877,0,0.7772998511791229,50
Canberra,Australian Federal Government,HeadquartersCity,d3,1.0,50,0.222700148820877,0,0.7772998511791229,50
Charles Darwin,British,NationalityPrimary,d3,1.0,100,0.222700148820877,50,0.7772998511791229,50
IBM,International Business Machines Corporation,ParentOrganization,d3,0.6513549089431763,50,0.0,0,0.6513549089431763,50
Tobacco,Americas,BirthPlace,d3,0.7185943722724915,50,0.1732881963253021,0,0.5453061759471893,50
American Red Cross,International Federation of Red Cross and Red Crescent Societies,ParentOrganization,d3,1.0,50,0.5,0,0.5,50
State Government,U.S. Dollar,CurrencyPrimary,d3,1.0,50,0.5,0,0.5,50
Mexico,Mexican Peso,CurrencyPrimary,d3,1.0,100,0.6513549089431763,50,0.3486450910568237,50
Theatre,Performing Arts,MajorIndustryPrimary,d3,1.0,100,0.6513549089431763,50,0.3486450910568237,50
Barack Obama,Former President of the United States,CurrentPosition,d3,0.5518907308578491,50,0.222700148820877,0,0.329190582036972,50
Lackawanna County Transit,Lackawanna County Department of Transportation,ParentOrganization,d3,1.0,50,0.7185943722724915,0,0.2814056277275085,50
Reserve Bank of Australia,Australian Securities Exchange,StockExchangePrimary,d3,0.5,100,0.222700148820877,50,0.2772998511791229,50
European Football Association,Henri Delaunay,FoundedByPrimary,d3,1.0,100,0.8267117738723755,50,0.1732882261276245,50
Mining,Miner,CurrentPosition,d3,0.157267615199089,50,0.0,0,0.157267615199089,50
Shakespeare's Globe,Shakespeare's Globe Trust,ParentOrganization,d3,0.6513549089431763,50,0.5,0,0.1513549089431762,50
Central Standard Time,Canadian Dollar,CurrencyPrimary,d3,0.6357240080833435,50,0.5,0,0.1357240080833435,50
Theatrical Companies,Broadway Theater,CurrentEmployer,d3,1.0,50,0.8670357465744019,0,0.1329642534255981,50
Senator,U.S. Senate,CurrentEmployer,d3,0.7185943722724915,50,0.6513549089431763,0,0.0672394633293151,50
1792,1792-09-21,FoundingDate,d3,1.0,100,1.0,50,0.0,50
Princeton University,Christopher L. Eisgruber,CurrentEmployer,d3,1.0,100,1.0,50,0.0,50
Parent Company XYZ,Holding Company ABC,ParentOrganization,d3,1.0,50,1.0,0,0.0,50
LeBron James,Small Forward,CurrentPosition,d3,1.0,50,1.0,0,0.0,50
Standard Time,Hawaii-Aleutian Standard Time,TimeZonePrimary,d3,0.5,50,0.6513549089431763,0,-0.1513549089431762,50
Governor,"Austin, Texas",BirthPlace,d3,0.222700148820877,50,0.5,0,-0.2772998511791229,50
New Jersey,State of New Jersey,CurrentEmployer,d3,0.6710863709449768,100,1.0,50,-0.3289136290550232,50
MIT,L. Rafael Reif,ChiefExecutiveOfficerCurrent,d3,0.2814055979251861,50,0.6513549089431763,0,-0.3699493110179901,50
NASA,Dwight D. Eisenhower,FoundedByPrimary,d3,0.4225046336650848,50,1.0,0,-0.5774953663349152,50
Massachusetts Institute of Technology,L. Rafael Reif,ChiefExecutiveOfficerCurrent,d3,0.1550997942686081,50,1.0,0,-0.8449002057313919,50
Wellington,1840,FoundingDate,d3,1.0,100,0.1113500744104385,0,0.8886499255895615,100
Legal Tender,Indian Rupee,CurrencyPrimary,d3,1.0,100,0.222700148820877,0,0.7772998511791229,100
Barclays Group,1690,FoundingDate,d3,1.0,100,0.222700148820877,0,0.7772998511791229,100
1880,1880-01-01,BirthDate,d3,1.0,100,0.222700148820877,0,0.7772998511791229,100
Self-employed,Contractor,CurrentPosition,d3,0.7185943722724915,100,0.0,0,0.7185943722724915,100
European Football Association,FIFA,ParentOrganization,d3,0.7185943722724915,100,0.1201298907399177,0,0.5984644815325737,100
Wellington,New Zealand Standard Time,TimeZonePrimary,d3,1.0,100,0.4643916487693786,0,0.5356083512306213,100
Yahoo Inc.,Internet Services,MajorIndustryPrimary,d3,0.5,100,0.0,0,0.5,100
Police Officers,Law Enforcement Officer,CurrentPosition,d3,0.5,100,0.0,0,0.5,100
Hannibal School District,Hannibal,HeadquartersCity,d3,1.0,100,0.5,0,0.5,100
1792,Franc,CurrencyPrimary,d3,0.7185943722724915,100,0.3169822692871094,0,0.4016121029853821,100
Dallas,American Airlines,CurrentEmployer,d3,0.5774953961372375,100,0.222700148820877,0,0.3547952473163605,100
Mining,Mining Corporation,CurrentEmployer,d3,0.7772998809814453,100,0.4225046336650848,0,0.3547952473163605,100
"Cisco Systems, Inc.",Leonard Bosack,FoundedByPrimary,d3,0.6893343925476074,100,0.3486451506614685,0,0.3406892418861389,100
New Year's Day 1970,"January 1, 1970",OccursOn,d3,0.7772998809814453,100,0.5,0,0.2772998809814453,100
Honolulu,Hawaii State Government,CurrentEmployer,d3,0.8670357465744019,100,0.6945120692253113,0,0.1725236773490905,100
Southern African Development Community,1992,FoundingDate,d3,0.3486451506614685,100,0.2608304917812347,0,0.0878146588802337,100
Seagate Technology,Alan Shugart,FoundedByPrimary,d3,0.4225046336650848,100,0.4098595976829529,0,0.0126450359821319,100
United Nations,António Guterres,CurrentEmployer,d3,1.0,100,1.0,0,0.0,100
Earth,4.5 billion years ago,FoundingDate,d3,0.0,100,0.0,0,0.0,100
Year 2000,"December 31, 2000",OccursOn,d3,1.0,100,1.0,0,0.0,100
Year 2000,"January 1, 2000",OccursOn,d3,1.0,100,1.0,0,0.0,100
Cambridge University Press,1534,FoundingDate,d3,0.5,100,0.5,0,0.0,100
Commonwealth of Nations,Patricia Scotland,CurrentEmployer,d3,1.0,100,1.0,0,0.0,100
Portuguese Football Federation,FIFA,ParentOrganization,d3,1.0,100,1.0,0,0.0,100
Austin,1839,FoundingDate,d3,0.7772998809814453,100,0.8267117738723755,0,-0.0494118928909301,100
GMT,Greenwich,HeadquartersCity,d3,0.222700148820877,100,0.3227416574954986,0,-0.1000415086746215,100
Theatrical Companies,Performing Arts,MajorIndustryPrimary,d3,0.5,100,0.602682888507843,0,-0.102682888507843,100
Hannibal High School,Hannibal,HeadquartersCity,d3,0.7490872144699097,100,0.8670357465744019,0,-0.1179485321044921,100
University of Illinois at Urbana-Champaign,University of Illinois System,ParentOrganization,d3,0.3029385805130005,100,0.4481092989444732,0,-0.1451707184314727,100
Guernsey,Guernsey pound,CurrencyPrimary,d3,0.7391695380210876,100,0.8991213440895081,0,-0.1599518060684204,100
Seagate Technology,1978,FoundingDate,d3,0.5,100,0.7391724586486816,0,-0.2391724586486816,100
Democratic Party,Politics,MajorIndustryPrimary,d3,0.3486451506614685,100,0.5922008156776428,0,-0.2435556650161743,100
BBC,1922,FoundingDate,d3,0.5,100,0.8411336541175842,0,-0.3411336541175842,100
Secretary,Department of State,CurrentEmployer,d3,0.6513549089431763,100,1.0,0,-0.3486450910568237,100
Science Communicator,The Royal Society,CurrentEmployer,d3,0.2982529103755951,100,0.6513549089431763,0,-0.3531019985675812,100
1620,"November 11, 1620",OccursOn,d3,0.5518907308578491,100,1.0,0,-0.4481092691421509,100
1800,1800-01-01,BirthDate,d3,0.2608246207237243,100,0.7391695380210876,0,-0.4783449172973633,100
The Cat Fanciers' Association,The International Cat Association,ParentOrganization,d3,0.5,100,1.0,0,-0.5,100
National Sheriffs' Association,1940,FoundingDate,d3,0.5,100,1.0,0,-0.5,100
United Nations Security Council,Antonio Guterres,CurrentEmployer,d3,0.1846523433923721,100,0.7772998809814453,0,-0.5926475375890732,100
Newark,1666,FoundingDate,d3,0.222700148820877,100,0.8670357465744019,0,-0.6443355977535248,100
Ministry of Finance of the People's Republic of China,Minister of Finance,CurrentPosition,d4,1.0,0,0.1329642385244369,100,0.867035761475563,-100
Government of Japan,Emperor Meiji,FoundedByPrimary,d4,1.0,0,0.222700148820877,100,0.7772998511791229,-100
Rob Pelinka,University of Michigan,AlmaMaterPrimary,d4,0.7772998809814453,0,0.1732881963253021,100,0.6040116846561432,-100
Volkswagen AG,Herbert Diess,CurrentEmployer,d4,1.0,0,0.5,100,0.5,-100
Jeff Bezos,"January 12, 1964",BirthDate,d4,1.0,0,0.5,100,0.5,-100
Albert Einstein,1879-03-14,BirthDate,d4,1.0,0,0.5,100,0.5,-100
Roman Republic,Denarius,CurrencyPrimary,d4,0.7185943722724915,0,0.2361228317022323,100,0.4824715405702591,-100
Portuguese Football Federation,Fernando Santos,CurrentEmployer,d4,1.0,0,0.6273431777954102,100,0.3726568222045898,-100
"September 11, 2001",Terrorist attacks,OccursOn,d4,1.0,0,0.6276617646217346,100,0.3723382353782654,-100
David Beckham,Leytonstone,BirthPlace,d4,1.0,0,0.6513549089431763,100,0.3486450910568237,-100
Brasília Time,Brazilian Government,CurrentEmployer,d4,0.7772998809814453,0,0.4373487532138824,100,0.3399511277675628,-100
Battle of Guadalcanal,1942-08-07,OccursOn,d4,0.7772998809814453,0,0.5,100,0.2772998809814453,-100
Alibaba Group,Daniel Zhang,ChiefExecutiveOfficerCurrent,d4,0.7772998809814453,0,0.5036186575889587,100,0.2736812233924866,-100
JetBrains,Prague,HeadquartersCity,d4,0.7772998809814453,0,0.5396022200584412,100,0.2376976609230041,-100
Danish Football Association,UEFA,ParentOrganization,d4,0.7772998809814453,0,0.5518963932991028,100,0.2254034876823425,-100
Covestro,Markus Steilemann,CurrentEmployer,d4,0.4225046336650848,0,0.1974104791879654,100,0.2250941544771194,-100
UNESCO,Audrey Azoulay,CurrentEmployer,d4,1.0,0,0.7772998809814453,100,0.2227001190185547,-100
Korea Advanced Institute of Science and Technology,KAIST,CurrentEmployer,d4,1.0,0,0.7772998809814453,100,0.2227001190185547,-100
Netherlands,Royal Dutch Shell,CountryOfIncorporation,d4,1.0,0,0.7772998809814453,100,0.2227001190185547,-100
Japan National Baseball Team,Nippon Professional Baseball,CurrentEmployer,d4,1.0,0,0.7772998809814453,100,0.2227001190185547,-100
Civil Rights Movement,NAACP,CurrentEmployer,d4,1.0,0,0.7772998809814453,100,0.2227001190185547,-100
Woodrow Wilson,1856-12-28,BirthDate,d4,1.0,0,0.8411336541175842,100,0.1588663458824157,-100
Banco Santander,BME,StockExchangePrimary,d4,1.0,0,0.8411336541175842,100,0.1588663458824157,-100
Animation,Film,MajorIndustryPrimary,d4,0.7185943722724915,0,0.5774953961372375,100,0.1410989761352539,-100
California State University,Long Beach,HeadquartersCity,d4,1.0,0,0.8670357465744019,100,0.1329642534255981,-100
International Animated Film Association,Annecy,HeadquartersCity,d4,1.0,0,0.9241418242454528,100,0.0758581757545471,-100
Marc Benioff,1964-09-25,BirthDate,d4,1.0,0,1.0,100,0.0,-100
Steve Jobs,1955-02-24,BirthDate,d4,1.0,0,1.0,100,0.0,-100
Nelson Mandela,1918-07-18,BirthDate,d4,1.0,0,1.0,100,0.0,-100
Gavin Newsom,1967-10-10,BirthDate,d4,1.0,0,1.0,100,0.0,-100
Martin Luther King Jr.,1929-01-15,BirthDate,d4,1.0,0,1.0,100,0.0,-100
Mark Zuckerberg,1984-05-14,BirthDate,d4,1.0,0,1.0,100,0.0,-100
Jamie Dimon,1956-03-13,BirthDate,d4,1.0,0,1.0,100,0.0,-100
Larry Ellison,1944-08-17,BirthDate,d4,1.0,0,1.0,100,0.0,-100
Samuel Osgood,Postmaster General,CurrentPosition,d4,1.0,0,1.0,100,0.0,-100
Leonardo DiCaprio,"November 11, 1974",BirthDate,d4,1.0,0,1.0,100,0.0,-100
1963,1963-01-01,OccursOn,d4,1.0,0,1.0,100,0.0,-100
António Guterres,"April 30, 1949",BirthDate,d4,1.0,0,1.0,100,0.0,-100
New Year,"January 1, 2022",OccursOn,d4,1.0,0,1.0,100,0.0,-100
Intern,Internship,CurrentPosition,d4,0.4225046336650848,0,0.4225046336650848,100,0.0,-100
Winston Churchill,1874-11-30,BirthDate,d4,1.0,0,1.0,100,0.0,-100
Phil Knight,1938-02-24,BirthDate,d4,1.0,0,1.0,100,0.0,-100
Albert Einstein,"March 14, 1879",BirthDate,d4,0.222700148820877,0,0.222700148820877,100,0.0,-100
Federal Reserve Act,1913-12-23,FoundingDate,d4,1.0,0,1.0,100,0.0,-100
Reconstruction Era,Jim Crow Laws,CurrentPosition,d4,1.0,0,1.0,100,0.0,-100
FC Barcelona,1899,FoundingDate,d4,1.0,0,1.0,100,0.0,-100
Zhejiang Province,China Standard Time,TimeZonePrimary,d4,0.7772998809814453,0,0.7772998809814453,100,0.0,-100
Pablo Picasso,1881-10-25,BirthDate,d4,1.0,0,1.0,100,0.0,-100
Vincent van Gogh,1853-03-30,BirthDate,d4,1.0,0,1.0,100,0.0,-100
Lionel Messi,Rosario,BirthPlace,d4,1.0,0,1.0,100,0.0,-100
Brussels,979,FoundingDate,d4,0.5,0,0.5345179438591003,100,-0.0345179438591003,-100
Government of Brazil,Jair Bolsonaro,CurrentEmployer,d4,0.8479677438735962,0,1.0,100,-0.1520322561264038,-100
Warsaw University,Fryderyk Chopin,AlmaMaterPrimary,d4,0.7772998809814453,0,1.0,100,-0.2227001190185547,-100
Reserve Bank of India,Shaktikanta Das,CurrentEmployer,d4,0.7772998809814453,0,1.0,100,-0.2227001190185547,-100
Lionel Messi,"Rosario, Argentina",BirthPlace,d4,0.7185943722724915,0,1.0,100,-0.2814056277275085,-100
Taipei Standard Time,New Taiwan Dollar,CurrencyPrimary,d4,0.3486451506614685,0,0.6513549089431763,100,-0.3027097582817077,-100
Bern,1191,FoundingDate,d4,0.5,0,0.811274528503418,100,-0.3112745285034179,-100
Emergency Medical Technicians,Paramedic,CurrentPosition,d4,0.222700148820877,0,0.5836301445960999,100,-0.3609299957752228,-100
Food Industry,Nestlé,CurrentEmployer,d4,0.5377748012542725,0,1.0,100,-0.4622251987457275,-100
Polish National Bank,Adam Glapiński,CurrentEmployer,d4,0.2731466293334961,0,0.7772998809814453,100,-0.5041532516479492,-100
Satya Nadella,1967-08-19,BirthDate,d4,0.4373487532138824,0,1.0,100,-0.5626512467861176,-100
Xi'an is not the capital of China.,Shaanxi Province,ParentOrganization,d4,0.4225046336650848,0,1.0,100,-0.5774953663349152,-100
Siemens,Siemens AG,ParentOrganization,d4,0.3486451506614685,0,1.0,100,-0.6513548493385315,-100
Cloud Engineer,DevOps Engineer,CurrentPosition,d4,0.2814055979251861,0,1.0,100,-0.7185944020748138,-100
IAG,Insurance,MajorIndustryPrimary,d4,0.222700148820877,0,1.0,100,-0.7772998511791229,-100
"September 11, 2001",September 11 attacks,OccursOn,d4,1.0,0,0.0,50,1.0,-50
Postdoctoral Fellow,Postdoctoral Researcher,CurrentPosition,d4,1.0,0,0.1587612181901931,50,0.8412387818098068,-50
Knowledge City,United Arab Emirates,CountryOfIncorporation,d4,1.0,0,0.1736949533224105,50,0.8263050466775894,-50
Bern,Swiss,NationalityPrimary,d4,1.0,50,0.216861754655838,100,0.783138245344162,-50
Year 2001,Enron scandal,OccursOn,d4,1.0,50,0.3486451506614685,100,0.6513548493385315,-50
"January 1, 2004",First day of 2004,OccursOn,d4,1.0,0,0.3625232875347137,50,0.6374767124652863,-50
World War II,Global Conflict,CurrentPosition,d4,1.0,0,0.4225046336650848,50,0.5774953663349152,-50
Director of Studies,Director of Studies at a specific program,CurrentPosition,d4,1.0,0,0.4643915891647339,50,0.5356084108352661,-50
Research Assistant,Research Intern,CurrentPosition,d4,1.0,0,0.6513549089431763,50,0.3486450910568237,-50
Reserve Bank of India,BSE,StockExchangePrimary,d4,1.0,50,0.7391695380210876,100,0.2608304619789123,-50
Cultural Revolution,Political Movement,MajorIndustryPrimary,d4,1.0,0,0.7741757035255432,50,0.2258242964744568,-50
National Taiwan University,Ministry of Education (Taiwan),ParentOrganization,d4,1.0,0,0.7772998809814453,50,0.2227001190185547,-50
Lenovo,Legend Holdings,ParentOrganization,d4,0.4225046336650848,0,0.222700148820877,50,0.1998044848442077,-50
Current Employer Name,Founder Name,FoundedByPrimary,d4,1.0,0,0.8112767934799194,50,0.1887232065200805,-50
Cabinet of Japan,Prime Minister of Japan,CurrentEmployer,d4,0.4739843904972076,0,0.3169822692871094,50,0.1570021212100982,-50
Director of Studies,Specific Educational Institution,CurrentEmployer,d4,0.1329642385244369,0,0.0,50,0.1329642385244369,-50
"January 1, 2015",New Year Parades,OccursOn,d4,0.5,0,0.4481017291545868,50,0.0518982708454132,-50
Gavin Newsom,"October 10, 1967",BirthDate,d4,1.0,50,1.0,100,0.0,-50
Hsinchu Science Park,TSMC,CurrentEmployer,d4,0.5,50,0.5,100,0.0,-50
Federal District,Brazilian Real,CurrencyPrimary,d4,0.5,50,0.5,100,0.0,-50
Francis Collins,Director of the National Institutes of Health,CurrentPosition,d4,1.0,50,1.0,100,0.0,-50
Firefighters,City Fire Department,CurrentEmployer,d4,1.0,0,1.0,50,0.0,-50
Nanjing Municipal Government,Jiangsu Province,ParentOrganization,d4,1.0,50,1.0,100,0.0,-50
Battle of Guadalcanal,Guadalcanal,HeldInCity,d4,1.0,0,1.0,50,0.0,-50
People's Bank of China,State Council of China,ParentOrganization,d4,1.0,0,1.0,50,0.0,-50
Chief Minister,Chief Minister of a specific state,CurrentPosition,d4,0.3486451506614685,0,0.3973170816898346,50,-0.048671931028366,-50
Poland,Polish Zloty,CurrencyPrimary,d4,0.7185943722724915,0,0.7772998809814453,50,-0.0587055087089538,-50
Leader of the Government,Government Leader,CurrentPosition,d4,0.141966164112091,0,0.2534728646278381,50,-0.111506700515747,-50
Specific Company Name,Specific Country Name,CountryOfIncorporation,d4,0.8670357465744019,0,1.0,50,-0.1329642534255981,-50
Xi'an University,Ministry of Education of the People's Republic of China,ParentOrganization,d4,0.2111267298460006,0,0.3486451506614685,50,-0.1375184208154678,-50
Taiwan Provincial Government,Mandarin Chinese,OfficialLanguagePrimary,d4,0.8267117738723755,50,1.0,100,-0.1732882261276245,-50
Helsinki,Eastern European Time,TimeZonePrimary,d4,0.7772998809814453,0,1.0,50,-0.2227001190185547,-50
Travis Kalanick,1976-08-06,BirthDate,d4,0.5,0,0.7772998809814453,50,-0.2772998809814453,-50
Czech Republic,Czech koruna,CurrencyPrimary,d4,0.5774953961372375,0,1.0,50,-0.4225046038627624,-50
Director of Studies,Specific Academic Institution,CurrentEmployer,d4,0.5,0,1.0,50,-0.5,-50
Moscow,Moscow Standard Time,TimeZonePrimary,d4,0.3486451506614685,0,1.0,50,-0.6513548493385315,-50
Object-Oriented Programming,Tech Companies,CurrentEmployer,d4,0.0,0,0.7772998809814453,50,-0.7772998809814453,-50
Hungary,Hungarian forint,CurrencyPrimary,d4,0.1943617463111877,0,1.0,50,-0.8056382536888123,-50
Web Developer,Frontend Developer,CurrentPosition,d4,1.0,0,0.0,0,1.0,0
Web Developer,Backend Developer,CurrentPosition,d4,1.0,0,0.0,0,1.0,0
Faculty and Staff,"California State University, East Bay",CurrentEmployer,d4,1.0,0,0.0,0,1.0,0
Leader of the Executive Branch,"February 12, 1809",BirthDate,d4,1.0,0,0.0,0,1.0,0
Director of Communication,Communication Director,CurrentPosition,d4,1.0,0,0.0,0,1.0,0
A.G. Sulzberger,Brown University,AlmaMaterPrimary,d4,1.0,0,0.0,0,1.0,0
Lead Designer,Lead Designer at XYZ Corp,CurrentPosition,d4,1.0,0,0.0,0,1.0,0
Business Owner,Small Business Owner,CurrentPosition,d4,1.0,0,0.0,0,1.0,0
Francis Collins,"Carbondale, Illinois",BirthPlace,d4,1.0,0,0.0,0,1.0,0
Marketing Specialist,University of Marketing Studies,AlmaMaterPrimary,d4,1.0,0,0.0,0,1.0,0
Lynn Martin,U.S. Secretary of Labor,CurrentPosition,d4,1.0,50,0.0,50,1.0,0
Chair,Chair of the Committee,CurrentPosition,d4,1.0,0,0.0,0,1.0,0
"January 1, 1789",George Washington's inauguration,OccursOn,d4,1.0,0,0.0,0,1.0,0
International Relations,International Negotiator,CurrentPosition,d4,1.0,0,0.0,0,1.0,0
International Relations,Foreign Affairs Analyst,CurrentPosition,d4,1.0,0,0.0,0,1.0,0
International Relations,Policy Advisor,CurrentPosition,d4,1.0,0,0.0,0,1.0,0
1848,February 1848,OccursOn,d4,1.0,0,0.0,0,1.0,0
Celebration,Bethlehem,HeldInCity,d4,1.0,0,0.0,0,1.0,0
1923,HistoricalOrganizations,CurrentEmployer,d4,1.0,0,0.0,0,1.0,0
Cloud Architect,Infrastructure Architect,CurrentPosition,d4,1.0,0,0.0,0,1.0,0
Cloud Architect,Cloud Solutions Architect,CurrentPosition,d4,1.0,0,0.0,0,1.0,0
Cloud Architect,DevOps Architect,CurrentPosition,d4,1.0,0,0.0,0,1.0,0
Cloud Architect,Cloud Computing Specialist,CurrentPosition,d4,1.0,0,0.0,0,1.0,0
Yonsei University,Yonsei University Health System,ParentOrganization,d4,1.0,0,0.0,0,1.0,0
"January 1, 1 AD",Ancient School,AlmaMaterPrimary,d4,1.0,0,0.0,0,1.0,0
Country A,Position Z,CurrentPosition,d4,1.0,0,0.0,0,1.0,0
1096,Unknown Company,CurrentEmployer,d4,1.0,0,0.0,0,1.0,0
1969,The Internet,FoundingDate,d4,1.0,0,0.0,0,1.0,0
Epoch,Epoch Country,CountryOfIncorporation,d4,1.0,0,0.0,0,1.0,0
Global Research Network,Research Director,CurrentPosition,d4,1.0,0,0.0,0,1.0,0
Various positions,Future Tech Solutions,CurrentEmployer,d4,1.0,0,0.0,0,1.0,0
Tokyo Prefectural Assembly,Legislative Assembly,CurrentPosition,d4,1.0,0,0.0,0,1.0,0
Italian Restaurant,Head Chef,CurrentPosition,d4,1.0,0,0.0,0,1.0,0
Seoul National University,Korean National University of Education,ParentOrganization,d4,1.0,0,0.0,0,1.0,0
University of Padua,Various academic positions,CurrentPosition,d4,1.0,50,0.0,50,1.0,0
Senior Manager,Operations Manager,CurrentPosition,d4,1.0,0,0.0,0,1.0,0
Peru,Peruvian Corporation,CountryOfIncorporation,d4,1.0,0,0.0,0,1.0,0
Example Language,Example Position,CurrentPosition,d4,1.0,0,0.0,0,1.0,0
City-State,City-State Leader,CurrentPosition,d4,1.0,0,0.0,0,1.0,0
Animation,Character Designer,CurrentPosition,d4,1.0,0,0.0,0,1.0,0
Animation,Animation Director,CurrentPosition,d4,1.0,0,0.0,0,1.0,0
Animation,Lead Animator,CurrentPosition,d4,1.0,0,0.0,0,1.0,0
Animation,Storyboard Artist,CurrentPosition,d4,1.0,0,0.0,0,1.0,0
1582,Florin,CurrencyPrimary,d4,1.0,0,0.0,0,1.0,0
Venezuela,PDVSA,CountryOfIncorporation,d4,1.0,0,0.0,0,1.0,0
"January 1, 2004",Public holiday,OccursOn,d4,1.0,0,0.0546756610274314,0,0.9453243389725684,0
"September 11, 2001",Al-Qaeda,OccursOn,d4,1.0,100,0.0566524267196655,100,0.9433475732803344,0
Animal Welfare,PETA,CurrentEmployer,d4,1.0,0,0.0623024217784404,0,0.9376975782215596,0
Knowledge City,Knowledge Country,CountryOfCity,d4,1.0,0,0.0705094560980796,0,0.9294905439019204,0
University of Copenhagen,University of Copenhagen Faculty of Science,ParentOrganization,d4,0.9241418242454528,0,0.0,0,0.9241418242454528,0
Hershey,"September 13, 1857",BirthDate,d4,1.0,0,0.0758581757545471,0,0.9241418242454528,0
"November 20, 1942",Operation Uranus,OccursOn,d4,1.0,0,0.0758581757545471,0,0.9241418242454528,0
1957,Language in 1957,OfficialLanguagePrimary,d4,1.0,0,0.0949282273650169,0,0.9050717726349832,0
"April 1, 1582",Date of the Council of Trent,OccursOn,d4,1.0,0,0.0962550565600395,0,0.9037449434399604,0
Specific Parent Organization,Specific Position,CurrentPosition,d4,1.0,0,0.1008786112070083,0,0.8991213887929916,0
660 BC,Establishment of the Greek city-states,OccursOn,d4,1.0,0,0.1065068766474723,0,0.8934931233525276,0
Zhejiang Province,Provincial Government of Zhejiang,CurrentEmployer,d4,0.8892722129821777,0,0.0,0,0.8892722129821777,0
Country of City in 1961,Parent Org in 1961,ParentOrganization,d4,0.8880821466445923,0,0.0,0,0.8880821466445923,0
Firefighters,Firefighter Paramedic,CurrentPosition,d4,1.0,0,0.1149697080254554,0,0.8850302919745445,0
October 31,Mischief Night,OccursOn,d4,1.0,0,0.1163962483406066,0,0.8836037516593933,0
Summer of 1969,Woodstock,HeldInCity,d4,1.0,0,0.1173596084117889,0,0.8826403915882111,0
Current Position,NextGen Technologies,CurrentEmployer,d4,1.0,0,0.1173596084117889,0,0.8826403915882111,0
Bank of England,HM Treasury,ParentOrganization,d4,1.0,0,0.1232309713959693,0,0.8767690286040306,0
Social Media Analyst,Brand Manager,CurrentPosition,d4,1.0,0,0.1253025233745575,0,0.8746974766254425,0
1954,Global Arts Foundation,ParentOrganization,d4,1.0,0,0.1253025233745575,0,0.8746974766254425,0
1603,1603-01-01,BirthDate,d4,1.0,0,0.1253025233745575,0,0.8746974766254425,0
1865,1865-06-02,OccursOn,d4,1.0,0,0.1253025233745575,0,0.8746974766254425,0
1500,Florin,CurrencyPrimary,d4,1.0,0,0.1263835132122039,0,0.873616486787796,0
City-State,City-State Federation,ParentOrganization,d4,1.0,0,0.1309075355529785,0,0.8690924644470215,0
Current Position Title,Language Name,LanguageOfWorkPrimary,d4,1.0,0,0.1329642385244369,0,0.867035761475563,0
Baidu,Robin Li,CurrentEmployer,d4,1.0,100,0.1329642385244369,100,0.867035761475563,0
Chairperson of the Board,Executive Board Member,CurrentPosition,d4,1.0,0,0.1329642385244369,0,0.867035761475563,0
1998,eBay,FoundingDate,d4,1.0,0,0.1329642385244369,0,0.867035761475563,0
UTC,Mali,CountryOfCity,d4,1.0,0,0.1329642385244369,0,0.867035761475563,0
Italian Restaurant,Chef Luigi,CurrentEmployer,d4,1.0,0,0.1329642385244369,0,0.867035761475563,0
Hungary,Árpád,BirthPlace,d4,1.0,0,0.1329642385244369,0,0.867035761475563,0
New Delhi,Indian Oil Corporation,HeadquartersCity,d4,1.0,0,0.1329642385244369,0,0.867035761475563,0
Country of City in 1961,Incorporation Country in 1961,CountryOfIncorporation,d4,0.8670357465744019,0,0.0,0,0.8670357465744019,0
"April 1, 1582",New Year in some regions,OccursOn,d4,0.8670357465744019,0,0.0,0,0.8670357465744019,0
"January 1, 2020",New Year's Celebration,OccursOn,d4,1.0,50,0.1368739008903503,50,0.8631260991096497,0
Maharashtra,Government of Maharashtra,CurrentEmployer,d4,1.0,0,0.1384939402341842,0,0.8615060597658157,0
Time Zone Coordinator,Global Time Manager,CurrentPosition,d4,1.0,0,0.1454393416643142,0,0.8545606583356857,0
City Planner,Urban Development Specialist,CurrentPosition,d4,0.8545606136322021,0,0.0,0,0.8545606136322021,0
Roman Republic,Latin,OfficialLanguagePrimary,d4,1.0,100,0.157267615199089,100,0.842732384800911,0
John Warnock,1933-10-06,BirthDate,d4,1.0,0,0.1574838459491729,0,0.842516154050827,0
Frida Kahlo,"July 6, 1907",BirthDate,d4,1.0,100,0.1588663905858993,100,0.8411336094141006,0
African Union,African Union Unit,CurrencyPrimary,d4,1.0,0,0.1588684171438217,0,0.8411315828561783,0
1764,Unknown Location,BirthPlace,d4,1.0,0,0.1641087830066681,0,0.8358912169933319,0
Environmental Advocate,Greenpeace,CurrentEmployer,d4,1.0,0,0.1732881963253021,0,0.8267118036746979,0
World War II,1945-09-02,OccursOn,d4,1.0,0,0.1732881963253021,0,0.8267118036746979,0
Iberia Airlines,Juan Antonio Fernández,FoundedByPrimary,d4,1.0,0,0.1732881963253021,0,0.8267118036746979,0
1831,Historical Events,MajorIndustryPrimary,d4,1.0,0,0.1732881963253021,0,0.8267118036746979,0
Web Developer,Creative Tech Co.,CurrentEmployer,d4,1.0,0,0.1743225753307342,0,0.8256774246692657,0
Pat Gelsinger,1960-03-05,BirthDate,d4,0.9241418242454528,0,0.1001935228705406,0,0.8239483013749123,0
Health Research,Centers for Disease Control and Prevention,CurrentEmployer,d4,1.0,0,0.182137981057167,0,0.817862018942833,0
1889,1889-01-01,BirthDate,d4,1.0,0,0.1821379959583282,0,0.8178620040416718,0
1706,1984-04-15,BirthDate,d4,1.0,0,0.1821379959583282,0,0.8178620040416718,0
Parent Company Name,Specific Subsidiary Name,ParentOrganization,d4,1.0,0,0.1887231469154358,0,0.8112768530845642,0
Film Industry,20th Century Studios,CurrentEmployer,d4,0.8670357465744019,0,0.0705094560980796,0,0.7965262904763222,0
Faculty and Staff,Research Associate,CurrentPosition,d4,1.0,0,0.2073928713798523,0,0.7926071286201477,0
Summer of 1969,Saugerties,HeldInCity,d4,1.0,0,0.2111267298460006,0,0.7888732701539993,0
Hospitality Manager,Hotel Manager,CurrentPosition,d4,0.8670357465744019,0,0.0805820450186729,0,0.7864537015557289,0
UTC,Iceland,CountryOfCity,d4,1.0,0,0.2161372750997543,0,0.7838627249002457,0
1896,1896-01-01,BirthDate,d4,0.9165086150169371,0,0.1329642385244369,0,0.7835443764925003,0
Ruby,Ruby Community,CurrentEmployer,d4,1.0,0,0.218103677034378,0,0.781896322965622,0
French Government,Emmanuel Macron,CurrentEmployer,d4,1.0,100,0.2196997255086898,100,0.7803002744913101,0
Martin Luther King Jr.,Southern Christian Leadership Conference,CurrentEmployer,d4,0.7772998809814453,0,0.0,0,0.7772998809814453,0
Chairperson of the Board at XYZ Corporation,Executive Leader,CurrentPosition,d4,0.7772998809814453,0,0.0,0,0.7772998809814453,0
Walt Disney,Co-Founder,CurrentPosition,d4,0.7772998809814453,0,0.0,0,0.7772998809814453,0
Alibaba Group,Alibaba Group Holding Limited,ParentOrganization,d4,0.7772998809814453,0,0.0,0,0.7772998809814453,0
Daylight Saving Time,November 7,OccursOn,d4,0.7772998809814453,0,0.0,0,0.7772998809814453,0
Chengdu Research Base of Giant Panda Breeding,Sichuan Forestry Administration,ParentOrganization,d4,0.7772998809814453,0,0.0,0,0.7772998809814453,0
Various titles,Various cities,HeadquartersCity,d4,0.7772998809814453,0,0.0,0,0.7772998809814453,0
Civil Rights Movement,Civil Rights Activism,CurrentPosition,d4,0.7772998809814453,0,0.0,0,0.7772998809814453,0
Current Position Title,Release Date,InitialReleaseDate,d4,1.0,0,0.222700148820877,0,0.7772998511791229,0
Mayor,Country of nationality,NationalityPrimary,d4,1.0,0,0.222700148820877,0,0.7772998511791229,0
Senate Foreign Relations Committee,Ranking Member,CurrentPosition,d4,1.0,0,0.222700148820877,0,0.7772998511791229,0
Abraham Flexner,1866-01-01,BirthDate,d4,1.0,0,0.222700148820877,0,0.7772998511791229,0
Patricia Taylor,Model,CurrentPosition,d4,1.0,0,0.222700148820877,0,0.7772998511791229,0
Patricia Taylor,Actress,CurrentPosition,d4,1.0,0,0.222700148820877,0,0.7772998511791229,0
Language Specialist,Translator,CurrentPosition,d4,1.0,0,0.222700148820877,0,0.7772998511791229,0
Guangdong Province,Economic Hub,CurrentPosition,d4,1.0,0,0.222700148820877,0,0.7772998511791229,0
UTC+9,Mongolia,TimeZonePrimary,d4,1.0,0,0.222700148820877,0,0.7772998511791229,0
Intuit Inc.,Sasan Goodarzi,ChiefExecutiveOfficerCurrent,d4,1.0,0,0.222700148820877,0,0.7772998511791229,0
1754,1754-01-01,BirthDate,d4,1.0,0,0.222700148820877,0,0.7772998511791229,0
Genevieve Bell,Professor at Australian National University,CurrentPosition,d4,1.0,0,0.222700148820877,0,0.7772998511791229,0
Country of City in 1961,Continent in 1961,Continent,d4,1.0,50,0.222700148820877,50,0.7772998511791229,0
Geneva,Host City for International Organizations,CurrentPosition,d4,1.0,0,0.222700148820877,0,0.7772998511791229,0
1958,Notable Position in 1958,CurrentPosition,d4,1.0,0,0.222700148820877,0,0.7772998511791229,0
Retail,Target Corporation,CurrentEmployer,d4,1.0,0,0.222700148820877,0,0.7772998511791229,0
1923,HistoricalLanguages,OfficialLanguagePrimary,d4,1.0,0,0.222700148820877,0,0.7772998511791229,0
1842,1842-01-01,BirthDate,d4,1.0,0,0.222700148820877,0,0.7772998511791229,0
1934,1934-01-01,OccursOn,d4,1.0,0,0.222700148820877,0,0.7772998511791229,0
1969,The First Man on the Moon,OccursOn,d4,1.0,0,0.222700148820877,0,0.7772998511791229,0
"January 1, 2015",New Year Resolutions,OccursOn,d4,1.0,100,0.222700148820877,100,0.7772998511791229,0
Various titles,Various languages,OfficialLanguagePrimary,d4,1.0,0,0.222700148820877,0,0.7772998511791229,0
University of Leipzig,Leipzig University of Applied Sciences,ParentOrganization,d4,1.0,0,0.222700148820877,0,0.7772998511791229,0
1623,1623-01-01,BirthDate,d4,1.0,0,0.222700148820877,0,0.7772998511791229,0
Knowledge City,Abu Dhabi,HeadquartersCity,d4,1.0,0,0.222700148820877,0,0.7772998511791229,0
1865,1865-10-01,OccursOn,d4,1.0,0,0.222700148820877,0,0.7772998511791229,0
October 31,International Halloween,OccursOn,d4,1.0,0,0.222700148820877,0,0.7772998511791229,0
Hungary,Hungarian National Bank,CountryOfIncorporation,d4,1.0,0,0.222700148820877,0,0.7772998511791229,0
October 29,National Hermit Day,OccursOn,d4,1.0,0,0.222700148820877,0,0.7772998511791229,0
Solomon Islands Government,Public Servants,CurrentEmployer,d4,1.0,0,0.222700148820877,0,0.7772998511791229,0
Austria,Austrian Federal Government,CurrentEmployer,d4,1.0,0,0.222700148820877,0,0.7772998511791229,0
Shrewsbury,Town,CurrentPosition,d4,1.0,100,0.222700148820877,100,0.7772998511791229,0
Sadiq Khan,1970-10-08,BirthDate,d4,1.0,0,0.222700148820877,0,0.7772998511791229,0
Professor Emeritus,Emeritus Professor,CurrentPosition,d4,1.0,0,0.222700148820877,0,0.7772998511791229,0
Tax Consultant,Tax Advisor,CurrentPosition,d4,1.0,0,0.222700148820877,0,0.7772998511791229,0
1944-10-25,Bob Dylan,BirthDate,d4,1.0,0,0.222700148820877,0,0.7772998511791229,0
Civil Rights Movement,Black Panther Party,CurrentEmployer,d4,1.0,0,0.222700148820877,0,0.7772998511791229,0
Benjamin Franklin,Postmaster General,CurrentPosition,d4,1.0,100,0.2288764715194702,100,0.7711235284805298,0
Battle of Guadalcanal,Pacific Theater,CurrentPosition,d4,0.8670357465744019,0,0.1065068766474723,0,0.7605288699269295,0
Chengdu,311 BC,FoundingDate,d4,1.0,0,0.2418307960033416,0,0.7581692039966583,0
Cultural Heritage,1972,FoundingDate,d4,1.0,0,0.25,0,0.75,0
Nandan Nilekani,"June 2, 1955",BirthDate,d4,1.0,0,0.25,0,0.75,0
Polish National Bank,Warsaw Stock Exchange,StockExchangePrimary,d4,1.0,100,0.2509127855300903,100,0.7490872144699097,0
Safra Catz,1961-12-01,BirthDate,d4,0.9241418242454528,0,0.1794362664222717,0,0.7447055578231812,0
Current Position Title,Publication Date,PublicationDate,d4,1.0,0,0.2585151195526123,0,0.7414848804473877,0
UTC,Burkina Faso,CountryOfCity,d4,1.0,0,0.2585151195526123,0,0.7414848804473877,0
Volunteer Coordinator,Community Outreach Coordinator,CurrentPosition,d4,1.0,0,0.2608275413513183,0,0.7391724586486816,0
Fumio Kishida,Waseda University,AlmaMaterPrimary,d4,1.0,0,0.2608304917812347,0,0.7391695082187653,0
1582,1582-10-15,BirthDate,d4,1.0,0,0.2608304917812347,0,0.7391695082187653,0
Senior Language Trainer,Linguist Town,BirthPlace,d4,1.0,0,0.2608304917812347,0,0.7391695082187653,0
Munich,Munich Re,CurrentEmployer,d4,1.0,0,0.2634967863559723,0,0.7365032136440277,0
1895,1895-01-01,BirthDate,d4,0.8670357465744019,0,0.1329642385244369,0,0.7340715080499649,0
Robert Brown,Scottish,NationalityPrimary,d4,1.0,0,0.2688560783863067,0,0.7311439216136932,0
University of Copenhagen,1479,FoundingDate,d4,1.0,100,0.2709939181804657,100,0.7290060818195343,0
Animal Welfare Organizations,Animal Legal Defense Fund,CurrentEmployer,d4,1.0,0,0.2777884900569916,0,0.7222115099430084,0
David Solomon,"Harrison, New York",BirthPlace,d4,1.0,0,0.2814055979251861,0,0.7185944020748138,0
Cisco Networking Software,Proprietary,LicensePrimary,d4,1.0,0,0.2814055979251861,0,0.7185944020748138,0
Specific Parent Organization,Specific Currency,CurrencyPrimary,d4,1.0,0,0.2814055979251861,0,0.7185944020748138,0
1746,Place of Birth,BirthPlace,d4,0.7185943722724915,0,0.0,0,0.7185943722724915,0
Spanish,Footballer,CurrentPosition,d4,0.7185943722724915,0,0.0,0,0.7185943722724915,0
Current Position,Business Analyst,CurrentPosition,d4,0.7185943722724915,0,0.0,0,0.7185943722724915,0
University Administrator,Place,BirthPlace,d4,0.7185943722724915,0,0.0,0,0.7185943722724915,0
1694,1694-01-01,BirthDate,d4,0.7772998809814453,0,0.0664821192622184,0,0.7108177617192268,0
Charles W. Scharf,1965-11-24,BirthDate,d4,1.0,0,0.2913308143615722,0,0.7086691856384277,0
Roman Republic,509 BC,FoundingDate,d4,1.0,100,0.2938145697116852,100,0.7061854302883148,0
Africa,African CFA franc,CurrencyPrimary,d4,0.9241418242454528,50,0.222700148820877,50,0.7014416754245758,0
1701,Historical Currency,CurrencyPrimary,d4,0.7772998809814453,0,0.0784226506948471,0,0.6988772302865982,0
Toyota Motor Corporation,"August 28, 1937",FoundingDate,d4,1.0,0,0.3029385805130005,0,0.6970614194869995,0
Janet Yellen,1946-08-13,BirthDate,d4,1.0,0,0.3029450178146362,0,0.6970549821853638,0
Operation Supercharge,Innovation Lead,CurrentPosition,d4,1.0,0,0.3105993270874023,0,0.6894006729125977,0
1774,1774-01-01,BirthDate,d4,1.0,0,0.316982239484787,0,0.683017760515213,0
Robert Noyce,"Burlingame, California",BirthPlace,d4,1.0,0,0.3169822692871094,0,0.6830177307128906,0
University of Reading,Sir John Madejski,FoundedByPrimary,d4,1.0,0,0.3169822692871094,0,0.6830177307128906,0
Sony Corporation,Kenichiro Yoshida,CurrentEmployer,d4,1.0,0,0.3214470148086548,0,0.6785529851913452,0
Various companies,Various CEOs,ChiefExecutiveOfficerCurrent,d4,1.0,0,0.330950379371643,0,0.6690496206283569,0
Chairperson of the Board,Corporate Governance,CurrentEmployer,d4,1.0,0,0.3327723741531372,0,0.6672276258468628,0
Film Industry,Lionsgate,CurrentEmployer,d4,0.7772998809814453,0,0.1104230508208274,0,0.6668768301606178,0
1865,1865-04-14,OccursOn,d4,0.8892707228660583,0,0.222700148820877,0,0.6665705740451813,0
Bob Chapek,1960-08-21,BirthDate,d4,0.8892722129821777,0,0.2256051152944564,0,0.6636670976877213,0
Zhejiang Province,221 BC,FoundingDate,d4,1.0,0,0.3373610377311706,0,0.6626389622688293,0
Country of City in 1961,Headquarters Country in 1961,HeadquartersCountry,d4,1.0,0,0.342320442199707,0,0.657679557800293,0
Industrial Revolution,Textile Industry,CurrentEmployer,d4,0.7772998809814453,0,0.1253025233745575,0,0.6519973576068878,0
UX Designer,Junior UX Designer,CurrentPosition,d4,0.6513549089431763,0,0.0,0,0.6513549089431763,0
Chief Technology Officer,Head of Technology,CurrentPosition,d4,0.6513549089431763,0,0.0,0,0.6513549089431763,0
"September 21, 1792",French Monarchy,CurrentEmployer,d4,0.6513549089431763,0,0.0,0,0.6513549089431763,0
James Gorman,Australian,NationalityPrimary,d4,1.0,0,0.3486451506614685,0,0.6513548493385315,0
Chuck Robbins,North Carolina,BirthPlace,d4,1.0,0,0.3486451506614685,0,0.6513548493385315,0
Martin Luther King Jr.,"Atlanta, Georgia",BirthPlace,d4,1.0,100,0.3486451506614685,100,0.6513548493385315,0
Indian Languages,Various Literary Works,AuthorOfWorkPrimary,d4,1.0,0,0.3486451506614685,0,0.6513548493385315,0
1650,Nation B,NationalityPrimary,d4,1.0,0,0.3486451506614685,0,0.6513548493385315,0
Chinese,Chinese National Team,CurrentPosition,d4,1.0,0,0.3486451506614685,0,0.6513548493385315,0
"July 4, 1876",Calvin Coolidge,BirthDate,d4,1.0,0,0.3486451506614685,0,0.6513548493385315,0
UTC+9,Guam,TimeZonePrimary,d4,1.0,0,0.3486451506614685,0,0.6513548493385315,0
Example Founder,Example Birthplace,BirthPlace,d4,1.0,0,0.3486451506614685,0,0.6513548493385315,0
"January 1, 2020",First Day Hike,OccursOn,d4,1.0,0,0.3486451506614685,0,0.6513548493385315,0
October 31,Reformation Day,OccursOn,d4,1.0,0,0.3486451506614685,0,0.6513548493385315,0
International Animated Film Association,Paul Grimault,FoundedByPrimary,d4,1.0,0,0.3486451506614685,0,0.6513548493385315,0
Forward,Argentinian,NationalityPrimary,d4,1.0,0,0.3486451506614685,0,0.6513548493385315,0
City Planner,Metropolis City Council,CurrentEmployer,d4,1.0,0,0.3486451506614685,0,0.6513548493385315,0
China Southern Airlines,China Southern Air Holding Company,ParentOrganization,d4,1.0,0,0.3486451506614685,0,0.6513548493385315,0
Tencent,Pony Ma,CurrentEmployer,d4,1.0,100,0.3509823381900787,100,0.6490176618099213,0
1582,Latin,OfficialLanguagePrimary,d4,1.0,100,0.3527504801750183,100,0.6472495198249817,0
Max Planck Institute for Astronomy,Thomas Henning,ChiefExecutiveOfficerCurrent,d4,1.0,0,0.3543879687786102,0,0.6456120312213898,0
1096,Unknown Nationality,NationalityPrimary,d4,1.0,0,0.3551025986671448,0,0.6448974013328552,0
Bonn,Deutsche Telekom AG,CurrentEmployer,d4,0.7772998809814453,0,0.1329642385244369,0,0.6443356424570084,0
Chancellor,1958-06-15,BirthDate,d4,0.7772998809814453,0,0.1329642385244369,0,0.6443356424570084,0
Charles Ranlett Flint,1860-01-24,BirthDate,d4,0.7772998809814453,0,0.136057049036026,0,0.6412428319454193,0
Netherlands,Philips,CurrentEmployer,d4,0.6357240676879883,0,0.0,0,0.6357240676879883,0
Tourism,Travel,MajorIndustryPrimary,d4,1.0,0,0.3660837411880493,0,0.6339162588119507,0
Guangzhou,214 BC,FoundingDate,d4,1.0,100,0.366326630115509,100,0.633673369884491,0
660 BC,Rise of the Archaic period in Greece,OccursOn,d4,0.7185943722724915,0,0.0908169373869896,0,0.6277774348855019,0
Political Ideology,Political Scientist,CurrentPosition,d4,1.0,0,0.3726550340652466,0,0.6273449659347534,0
British Museum,1753,FoundingDate,d4,1.0,100,0.3726567924022674,100,0.6273432075977325,0
Jes Staley,CEO of Barclays,CurrentPosition,d4,1.0,100,0.3726585805416107,100,0.6273414194583893,0
Nokia,Nokia Networks,ParentOrganization,d4,1.0,0,0.3761544227600097,0,0.6238455772399902,0
John Smith,Dean,CurrentPosition,d4,0.84112948179245,0,0.222700148820877,0,0.6184293329715729,0
Epoch,Epoch Currency,CurrencyPrimary,d4,0.7185943722724915,0,0.1008786112070083,0,0.6177157610654831,0
First Olympic Games,776 BC,OccursOn,d4,1.0,100,0.3869211971759796,100,0.6130788028240204,0
1096,Unknown Role,CurrentPosition,d4,1.0,0,0.3869211971759796,0,0.6130788028240204,0
Secretary-General,1949-04-30,BirthDate,d4,1.0,0,0.3886499404907226,0,0.6113500595092773,0
Colleen Paige,Colleen Paige Pet Lifestyle,CurrentEmployer,d4,0.7772998809814453,0,0.1707306057214737,0,0.6065692752599716,0
Epoch Start,Worldwide,CountryOfCity,d4,1.0,0,0.3944366574287414,0,0.6055633425712585,0
Emergency Medical Technicians,Regional Ambulance Service,CurrentEmployer,d4,1.0,0,0.3944366574287414,0,0.6055633425712585,0
Emergency Medical Technicians,City Ambulance Service,CurrentEmployer,d4,1.0,0,0.3944366574287414,0,0.6055633425712585,0
Current Position,Innovative Tech Corp.,CurrentEmployer,d4,1.0,0,0.3944366574287414,0,0.6055633425712585,0
Mark Hurd,1957-01-01,BirthDate,d4,0.7772998809814453,0,0.1731047928333282,0,0.6041950881481171,0
Venezuela,Oil,MajorIndustryPrimary,d4,0.8267117738723755,100,0.222700148820877,100,0.6040116250514984,0
Chairperson of the Board,Non-Profit Organization,CurrentEmployer,d4,1.0,0,0.397309809923172,0,0.602690190076828,0
Battle of Guadalcanal,Axis Powers,CurrentPosition,d4,1.0,0,0.397309809923172,0,0.602690190076828,0
1923,1923-01-01,BirthDate,d4,1.0,0,0.397309809923172,0,0.602690190076828,0
New Year's Day,2028-01-01,OccursOn,d4,1.0,100,0.397309809923172,100,0.602690190076828,0
Mexican Federal Government,1824,FoundingDate,d4,1.0,0,0.3973170816898346,0,0.6026829183101654,0
Industrial Revolution,Coal Industry,CurrentEmployer,d4,0.7772998809814453,0,0.1821379959583282,0,0.5951618850231171,0
Hindi,Indian Linguists,DevelopedByPrimary,d4,0.7772998809814453,0,0.1914990395307541,0,0.5858008414506912,0
Democratic Republic,Democratic Republic of the Congo,CountryOfIncorporation,d4,0.7185943722724915,0,0.1329642385244369,0,0.5856301337480545,0
Retail,Lowe's,CurrentEmployer,d4,0.7185943722724915,0,0.1329642385244369,0,0.5856301337480545,0
Indian Rupee,Rupee,CurrencyPrimary,d4,0.6513549089431763,100,0.0712666511535644,100,0.5800882577896118,0
French Franc,Banque de France,CountryOfIncorporation,d4,0.5774953961372375,0,0.0,0,0.5774953961372375,0
"January 1, 1789",Delegate to the Constitutional Convention,CurrentPosition,d4,1.0,0,0.4225046336650848,0,0.5774953663349152,0
1957,City in 1957,HeadquartersCity,d4,1.0,0,0.4225046336650848,0,0.5774953663349152,0
Frankfurt,Financial Hub,CurrentPosition,d4,1.0,0,0.4225046336650848,0,0.5774953663349152,0
Parent Company Name,Currency Name,CurrencyPrimary,d4,1.0,0,0.4225046336650848,0,0.5774953663349152,0
Senate Foreign Relations Committee,1816,FoundingDate,d4,0.7185943722724915,0,0.1499722152948379,0,0.5686221569776535,0
1096,1096-01-01,BirthDate,d4,1.0,0,0.4373487532138824,0,0.5626512467861176,0
Current Position,Global Solutions Ltd.,CurrentEmployer,d4,1.0,0,0.4373487532138824,0,0.5626512467861176,0
Country Name,Continent Name,Continent,d4,1.0,0,0.4373487532138824,0,0.5626512467861176,0
1870,Textiles,MajorIndustryPrimary,d4,1.0,0,0.4373487532138824,0,0.5626512467861176,0
Formation of the Delphic Amphictyony,Ancient Greek tribes,FoundedByPrimary,d4,1.0,0,0.4373487532138824,0,0.5626512467861176,0
Current Position Title,Creative Designs Co.,CurrentEmployer,d4,0.677793025970459,0,0.1173596084117889,0,0.56043341755867,0
Holland,Region,CurrentPosition,d4,0.7185943722724915,0,0.1588704586029052,0,0.5597239136695862,0
Formation of the Delphic Amphictyony,Pythian Games,ParentOrganization,d4,0.6970549821853638,0,0.1401036828756332,0,0.5569512993097305,0
Robert Noyce,1927-12-12,BirthDate,d4,0.7772998809814453,0,0.222700148820877,0,0.5545997321605682,0
1630,Parent Org,ParentOrganization,d4,0.7772998809814453,0,0.222700148820877,0,0.5545997321605682,0
British,Royal Mail,CurrentEmployer,d4,0.7772998809814453,100,0.222700148820877,100,0.5545997321605682,0
"January 1, 2020",2020 Presidential Election,OccursOn,d4,0.7772998809814453,0,0.222700148820877,0,0.5545997321605682,0
Danish Superliga,Danish krone,CurrencyPrimary,d4,0.7772998809814453,0,0.222700148820877,0,0.5545997321605682,0
1582,Gregorian Calendar,CurrentEmployer,d4,0.7772998809814453,0,0.222700148820877,0,0.5545997321605682,0
Russian,Russian Ruble,CurrencyPrimary,d4,0.7772998809814453,50,0.222700148820877,50,0.5545997321605682,0
1944-10-25,Mickey Mantle,BirthDate,d4,0.685949444770813,0,0.1329642385244369,0,0.552985206246376,0
"January 1, 2015",The New Year,PublicationDate,d4,1.0,0,0.4481036365032196,0,0.5518963634967804,0
Cultural Revolution,Lin Biao,CurrentPosition,d4,1.0,0,0.4481036365032196,0,0.5518963634967804,0
Philosopher,Athens,BirthPlace,d4,0.7185943722724915,100,0.1732881963253021,100,0.5453061759471893,0
Ministry of Finance of the People's Republic of China,Liu Kun,ChiefExecutiveOfficerCurrent,d4,1.0,0,0.4570284485816955,0,0.5429715514183044,0
Animation,Blue Sky Studios,CurrentEmployer,d4,0.6513549089431763,0,0.1113500744104385,0,0.5400048345327377,0
Cultural Capital of Denmark,Copenhagen City Council,CurrentEmployer,d4,0.7772998809814453,0,0.2445674836635589,0,0.5327323973178864,0
Head of Government,National Government,CurrentEmployer,d4,1.0,0,0.4709824919700622,0,0.5290175080299377,0
Country of City in 1961,Founding Year in 1961,FoundingDate,d4,1.0,0,0.473980575799942,0,0.526019424200058,0
Afrikaans,Die Vrou wat Haar Man Verlaat het,LanguageOfWorkPrimary,d4,1.0,0,0.4807178974151611,0,0.5192821025848389,0
Afrikaans,Die Kraal,LanguageOfWorkPrimary,d4,0.7772998809814453,0,0.2585151195526123,0,0.518784761428833,0
Lynn Martin,1943-01-08,BirthDate,d4,0.7185943722724915,0,0.2000000029802322,0,0.5185943692922592,0
Retail,Best Buy,CurrentEmployer,d4,0.6513549089431763,0,0.1329642385244369,0,0.5183906704187393,0
Holland,Amsterdam,CapitalCityOfCountry,d4,0.6513549089431763,100,0.1329642385244369,100,0.5183906704187393,0
"January 1, 2004",Celebration of New Year,OccursOn,d4,0.6513549089431763,0,0.1329642385244369,0,0.5183906704187393,0
1650,Role B,CurrentPosition,d4,0.8670357465744019,0,0.3486451506614685,0,0.5183905959129333,0
David Solomon,1962-01-01,BirthDate,d4,0.6357240676879883,0,0.1177808791399002,0,0.5179431885480881,0
First Anglo-Powhatan War,English Settlers,CurrentEmployer,d4,1.0,0,0.491488516330719,0,0.508511483669281,0
Frankfurt Stock Exchange,1585,FoundingDate,d4,0.5774953961372375,0,0.0705094560980796,0,0.5069859400391579,0
"January 1, 1 AD",Judean,NationalityPrimary,d4,1.0,0,0.4937338829040527,0,0.5062661170959473,0
Bayer AG,Friedrich Bayer,FoundedByPrimary,d4,1.0,100,0.5,100,0.5,0
Bayer AG,Fritz Bayer,FoundedByPrimary,d4,1.0,50,0.5,50,0.5,0
Siemens,Joe Kaeser,CurrentEmployer,d4,1.0,100,0.5,100,0.5,0
Benjamin Franklin,Diplomat,CurrentPosition,d4,1.0,0,0.5,0,0.5,0
Shenzhen Special Economic Zone,Shenzhen Municipal Government,CurrentEmployer,d4,1.0,0,0.5,0,0.5,0
1989,1989-01-01,OccursOn,d4,1.0,0,0.5,0,0.5,0
Senate Foreign Relations Committee,Senator Marco Rubio,CurrentEmployer,d4,1.0,0,0.5,0,0.5,0
Business Owner,Local Business,CurrentEmployer,d4,1.0,0,0.5,0,0.5,0
1954,Art Institute of Chicago,CurrentEmployer,d4,0.5,0,0.0,0,0.5,0
Thomas Jefferson,Virginia State Government,CurrentEmployer,d4,1.0,0,0.5,0,0.5,0
James Wilson,"Stirling, Scotland",BirthPlace,d4,0.5,0,0.0,0,0.5,0
Walt Disney,1901-12-05,BirthDate,d4,1.0,100,0.5,100,0.5,0
Brasília Time,UTC-3,TimeZonePrimary,d4,1.0,100,0.5,100,0.5,0
RFC 868,1983-11-01,PublicationDate,d4,1.0,0,0.5,0,0.5,0
1701,Historical Language,OfficialLanguagePrimary,d4,1.0,0,0.5,0,0.5,0
STMicroelectronics,STMicroelectronics NV,ParentOrganization,d4,1.0,0,0.5,0,0.5,0
Summer of 1969,1969-08-18,OccursOn,d4,0.5,0,0.0,0,0.5,0
"January 1, 1 AD",Ancient Society,CurrentEmployer,d4,0.5,0,0.0,0,0.5,0
Example City,Example Event,HeldInCity,d4,1.0,0,0.5,0,0.5,0
1599,1599-01-01,BirthDate,d4,1.0,0,0.5,0,0.5,0
Hardware Engineer,Electrical Engineer,CurrentPosition,d4,0.5,0,0.0,0,0.5,0
Hindi,Ancient,BirthDate,d4,1.0,0,0.5,0,0.5,0
Hindi,Indian Government,CurrentEmployer,d4,1.0,0,0.5,0,0.5,0
"January 1, 2015",Global New Year,OccursOn,d4,1.0,0,0.5,0,0.5,0
Radium Institute,Curie Institute,ParentOrganization,d4,1.0,0,0.5,0,0.5,0
Example University,Example Education System,ParentOrganization,d4,1.0,0,0.5,0,0.5,0
1865,1865-12-06,OccursOn,d4,1.0,0,0.5,0,0.5,0
Specific Parent Organization,Specific Exchange,StockExchangePrimary,d4,1.0,0,0.5,0,0.5,0
Colombia,Bancolombia,CountryOfIncorporation,d4,1.0,0,0.5,0,0.5,0
"January 1, 2004",New Year's Eve 2003,OccursOn,d4,1.0,0,0.5,0,0.5,0
"January 1, 2004",First sunrise of 2004,OccursOn,d4,1.0,0,0.5,0,0.5,0
"January 1, 2004",First day of the year,OccursOn,d4,1.0,0,0.5,0,0.5,0
October 31,National Candy Corn Day,OccursOn,d4,1.0,0,0.5,0,0.5,0
Danish Superliga,Top-tier football league,CurrentPosition,d4,1.0,0,0.5,0,0.5,0
Dr. Stuart R. Bell,University of Birmingham,AlmaMaterPrimary,d4,1.0,0,0.5,0,0.5,0
Xi'an is not the capital of China.,Xi'an Jiaotong University,CurrentEmployer,d4,0.5,0,0.0,0,0.5,0
October 29,International Internet Day,OccursOn,d4,1.0,0,0.5,0,0.5,0
October 29,World Psoriasis Day,OccursOn,d4,1.0,0,0.5,0,0.5,0
Reconstruction Era,Ku Klux Klan,CurrentEmployer,d4,1.0,100,0.5,100,0.5,0
FC Copenhagen,Danish,OfficialLanguagePrimary,d4,1.0,100,0.5,100,0.5,0
Election Volunteer,Voting Advocate,CurrentPosition,d4,1.0,0,0.5,0,0.5,0
1942-11-20,The Second Battle of El Alamein,OccursOn,d4,1.0,100,0.5,100,0.5,0
Pablo Picasso,Artist,CurrentPosition,d4,0.5,0,0.0,0,0.5,0
April 1,"April 1, 2023",PublicationDate,d4,1.0,0,0.5,0,0.5,0
Forward,Professional Athlete,CurrentPosition,d4,0.5,0,0.0,0,0.5,0
Sichuan Airlines,Chengdu Airlines,CurrentEmployer,d4,1.0,0,0.5,0,0.5,0
Russian Government,Federal Assembly of Russia,ParentOrganization,d4,0.7185943722724915,0,0.222700148820877,0,0.4958942234516144,0
Jane Fraser,1967-07-01,BirthDate,d4,0.5518983006477356,0,0.0599777922034263,0,0.4919205084443092,0
University of Munich,Bavarian State Ministry of Science and the Arts,ParentOrganization,d4,0.4856607317924499,0,0.0,0,0.4856607317924499,0
Austria,976,FoundingDate,d4,0.5774953961372375,0,0.0939450562000274,0,0.4835503399372101,0
"January 1, 2015",First Day of 2015,OccursOn,d4,1.0,0,0.5184081792831421,0,0.4815918207168579,0
UTC,Senegal,CountryOfCity,d4,1.0,0,0.518977165222168,0,0.481022834777832,0
UTC,Ghana,CountryOfCity,d4,1.0,0,0.518977165222168,0,0.481022834777832,0
Shakespearean English,Artistic Expression,CurrentPosition,d4,1.0,0,0.518977165222168,0,0.481022834777832,0
Philosopher,University of Athens,CurrentEmployer,d4,0.6513549089431763,0,0.1732881963253021,0,0.4780667126178741,0
Hershey,"Derry Township, Pennsylvania",BirthPlace,d4,0.6970614194869995,50,0.222700148820877,50,0.4743612706661224,0
Robert Brown,1773-04-03,BirthDate,d4,0.7772998809814453,0,0.3042746186256408,0,0.4730252623558044,0
World War II,Axis Powers,CurrentEmployer,d4,0.7772998809814453,100,0.3067624568939209,100,0.4705374240875244,0
Geneva,1219,FoundingDate,d4,0.5,0,0.0311438329517841,0,0.4688561670482158,0
Chairperson of the Board,Lead Director,CurrentPosition,d4,0.685949444770813,0,0.222700148820877,0,0.4632492959499359,0
City-State,City-State Currency,CurrencyPrimary,d4,0.8112767934799194,0,0.3486451506614685,0,0.4626316428184509,0
Samuel Osgood,1808-09-15,BirthDate,d4,0.957912266254425,0,0.5,0,0.457912266254425,0
Bertelsmann,RTL Group,ParentOrganization,d4,0.7185943722724915,0,0.2608275413513183,0,0.4577668309211731,0
Tidjane Thiam,1962-07-29,BirthDate,d4,0.5377748012542725,0,0.0834676697850227,0,0.4543071314692497,0
Country A,Year 1900,FoundingDate,d4,0.5774953961372375,0,0.1243173032999038,0,0.4531780928373337,0
Pablo Picasso,Painter,CurrentPosition,d4,0.5774953961372375,0,0.1253025233745575,0,0.45219287276268,0
1865,1865-11-08,OccursOn,d4,0.8892707228660583,0,0.4373487532138824,0,0.4519219696521759,0
Firefighters,Emergency Responder,CurrentPosition,d4,1.0,0,0.5489178895950317,0,0.4510821104049682,0
Spanish,12th century,BirthDate,d4,1.0,0,0.5489178895950317,0,0.4510821104049682,0
Current Position,Creative Solutions Agency,CurrentEmployer,d4,1.0,0,0.5489178895950317,0,0.4510821104049682,0
Dean of Students,Dean of Students at Stanford University,CurrentPosition,d4,1.0,0,0.5518945455551147,0,0.4481054544448852,0
Infineon Technologies,Jochen Hanebeck,CurrentEmployer,d4,1.0,0,0.5518945455551147,0,0.4481054544448852,0
Director of Communication,Public Relations Manager,CurrentPosition,d4,0.4481017291545868,0,0.0,0,0.4481017291545868,0
Bonn,Deutsche Post AG,HeadquartersCity,d4,1.0,0,0.5518983006477356,0,0.4481016993522644,0
Forward,Striker,CurrentPosition,d4,0.6513549089431763,0,0.2051891833543777,0,0.4461657255887985,0
Poland,966,FoundingDate,d4,0.5774953961372375,100,0.1329642385244369,100,0.4445311576128006,0
1828,Historical Events,MajorIndustryPrimary,d4,0.8670357465744019,0,0.4225046336650848,0,0.444531112909317,0
Ruby,1995-02-07,BirthDate,d4,0.7772998809814453,0,0.3333333432674408,0,0.4439665377140045,0
Dutch,Royal Dutch Shell,CurrentEmployer,d4,0.6513549089431763,0,0.2093430757522583,0,0.4420118331909179,0
1934,CityName,HeadquartersCity,d4,0.5,0,0.0602582916617393,0,0.4397417083382606,0
Playwright,Theater Company,CurrentEmployer,d4,1.0,0,0.5647380948066711,0,0.4352619051933288,0
Cultural Heritage,Cultural Heritage Specialist,CurrentPosition,d4,0.4335178732872009,0,0.0,0,0.4335178732872009,0
Food Awareness Day,Food and Agriculture Organization,CurrentEmployer,d4,0.6513549089431763,0,0.222700148820877,0,0.4286547601222992,0
ASEAN Secretariat,Founding Members of ASEAN,FoundedByPrimary,d4,0.6513549089431763,0,0.222700148820877,0,0.4286547601222992,0
Reference point in time,2023-10-03,OccursOn,d4,0.6513549089431763,0,0.222700148820877,0,0.4286547601222992,0
UTC+9,North Korea,TimeZonePrimary,d4,0.7772998809814453,0,0.3486451506614685,0,0.4286547303199768,0
Shrewsbury,Shrewsbury Museum and Art Gallery,HeadquartersCity,d4,0.7772998809814453,0,0.3486451506614685,0,0.4286547303199768,0
Deutsche Bank,Johann Georg C. W. von Siemens,FoundedByPrimary,d4,1.0,0,0.5774953961372375,0,0.4225046038627624,0
Battle of Guadalcanal,Imperial Japanese Army,HostOrganizationPrimary,d4,1.0,0,0.5774953961372375,0,0.4225046038627624,0
Greater London Authority,Ken Livingstone,FoundedByPrimary,d4,1.0,100,0.5774953961372375,100,0.4225046038627624,0
Chile,Codelco,CountryOfIncorporation,d4,1.0,0,0.5774953961372375,0,0.4225046038627624,0
Formation of the Delphic Amphictyony,Delphic Oracle,CurrentEmployer,d4,1.0,0,0.5774953961372375,0,0.4225046038627624,0
Animation,DreamWorks Animation,CurrentEmployer,d4,0.6513549089431763,0,0.2361228615045547,0,0.4152320474386215,0
Reconstruction Era,Radical Republicans,CurrentEmployer,d4,0.6357240080833435,0,0.222700148820877,0,0.4130238592624664,0
Humboldt University of Berlin,Berlin University Alliance,ParentOrganization,d4,1.0,0,0.5922008156776428,0,0.4077991843223572,0
Animal Welfare Organizations,ASPCA,CurrentEmployer,d4,1.0,0,0.5959083437919617,0,0.4040916562080383,0
"September 11, 2001",Homeland Security,OccursOn,d4,1.0,100,0.6008699536323547,100,0.3991300463676452,0
Robert Brown,"Montrose, Scotland",BirthPlace,d4,0.6513549089431763,0,0.2534728646278381,0,0.3978820443153381,0
Content Creator,Instagram,CurrentEmployer,d4,1.0,0,0.602682888507843,0,0.397317111492157,0
1743,1743-01-01,BirthDate,d4,1.0,0,0.602682888507843,0,0.397317111492157,0
Country A,Capital City A,CapitalCityOfCountry,d4,1.0,0,0.602682888507843,0,0.397317111492157,0
Postdoctoral Fellow,City of Example,BirthPlace,d4,0.3973170816898346,0,0.0,0,0.3973170816898346,0
1764,1764-01-01,BirthDate,d4,1.0,0,0.6041950583457947,0,0.3958049416542053,0
UX Designer,Lead UX Designer,CurrentPosition,d4,0.3944366574287414,0,0.0,0,0.3944366574287414,0
UX Designer,Senior UX Designer,CurrentPosition,d4,0.3944366574287414,0,0.0,0,0.3944366574287414,0
"January 1, 2020",2020 Yearbook,PublicationDate,d4,0.8892707228660583,0,0.5,0,0.3892707228660583,0
Afrikaans,Klein Karoo,LanguageOfWorkPrimary,d4,0.7185943722724915,0,0.3333333432674408,0,0.3852610290050506,0
Frida Kahlo,"Coyoacán, Mexico City",BirthPlace,d4,0.7772998809814453,100,0.3973170816898346,100,0.3799827992916107,0
Eurozone,Multiple Languages,OfficialLanguagePrimary,d4,1.0,0,0.6273413896560669,0,0.3726586103439331,0
Italian Restaurant,Italian Cuisine Group,ParentOrganization,d4,1.0,0,0.6295938491821289,0,0.3704061508178711,0
1957,Organization in 1957,CurrentEmployer,d4,0.5589649081230164,0,0.1887208074331283,0,0.370244100689888,0
Political Revolution,Revolutionary Coalition,ParentOrganization,d4,0.7185943722724915,0,0.3486451506614685,0,0.3699492216110229,0
Film Industry,Paramount Pictures,CurrentEmployer,d4,0.5518983006477356,0,0.182137981057167,0,0.3697603195905685,0
International Animated Film Association,Animation Professionals,CurrentEmployer,d4,0.5,0,0.1329642385244369,0,0.367035761475563,0
State-owned Enterprises,Local Language,OfficialLanguagePrimary,d4,0.8670357465744019,0,0.5,0,0.3670357465744018,0
Christian Sewing,1970-04-15,BirthDate,d4,0.7306790947914124,0,0.3653395771980285,0,0.3653395175933838,0
1865,1865-09-01,OccursOn,d4,1.0,0,0.6357240080833435,0,0.3642759919166565,0
Andhra Pradesh,Government of Andhra Pradesh,CurrentEmployer,d4,1.0,0,0.6357240676879883,0,0.3642759323120117,0
City-State,City-State Time Zone,TimeZonePrimary,d4,0.5774953961372375,0,0.2138141691684723,0,0.3636812269687652,0
End of the 1960s,Counterculture Movement,OccursOn,d4,1.0,50,0.639435350894928,50,0.360564649105072,0
Sony Interactive Entertainment,PlayStation,DevelopedByPrimary,d4,0.5774953961372375,100,0.222700148820877,100,0.3547952473163605,0
Reconstruction Era,13th Amendment,CurrentPosition,d4,1.0,100,0.6473892331123352,100,0.3526107668876648,0
1785,Unknown Location,BirthPlace,d4,0.3486451506614685,0,0.0,0,0.3486451506614685,0
1096,Unknown School,AlmaMaterPrimary,d4,0.3486451506614685,0,0.0,0,0.3486451506614685,0
Dr. Stuart R. Bell,Vice-Chancellor of the University of Reading,CurrentPosition,d4,0.3486451506614685,0,0.0,0,0.3486451506614685,0
California State University,Public University System,CurrentPosition,d4,0.3486451506614685,0,0.0,0,0.3486451506614685,0
1889,Unknown Institution,AlmaMaterPrimary,d4,1.0,0,0.6513549089431763,0,0.3486450910568237,0
Senate Foreign Relations Committee,Member,CurrentPosition,d4,1.0,0,0.6513549089431763,0,0.3486450910568237,0
"September 11, 2001",War on Terror,OccursOn,d4,1.0,50,0.6513549089431763,50,0.3486450910568237,0
People's Republic of China,"Huawei Technologies Co., Ltd.",CountryOfIncorporation,d4,1.0,0,0.6513549089431763,0,0.3486450910568237,0
French Franc,1795,FoundingDate,d4,1.0,100,0.6513549089431763,100,0.3486450910568237,0
Aarhus University,Brian Bech Nielsen,ChiefExecutiveOfficerCurrent,d4,1.0,0,0.6513549089431763,0,0.3486450910568237,0
Country A,Currency Y,CurrencyPrimary,d4,1.0,0,0.6513549089431763,0,0.3486450910568237,0
Country A,Continent Z,Continent,d4,1.0,0,0.6513549089431763,0,0.3486450910568237,0
India,Mahatma Gandhi,BirthPlace,d4,1.0,0,0.6513549089431763,0,0.3486450910568237,0
Various roles,Various places,BirthPlace,d4,1.0,0,0.6513549089431763,0,0.3486450910568237,0
Director of Studies,Specific Research Institution,CurrentEmployer,d4,1.0,0,0.6513549089431763,0,0.3486450910568237,0
City-State,City-State Language,OfficialLanguagePrimary,d4,1.0,0,0.6513549089431763,0,0.3486450910568237,0
City Planner,Urban Policy Analyst,CurrentPosition,d4,1.0,0,0.6513549089431763,0,0.3486450910568237,0
1944-10-25,Marlon Brando,BirthDate,d4,1.0,0,0.6513549089431763,0,0.3486450910568237,0
1944-10-25,Pele,BirthDate,d4,1.0,0,0.6513549089431763,0,0.3486450910568237,0
Russian Federation,Gazprom,CountryOfIncorporation,d4,1.0,0,0.6513549089431763,0,0.3486450910568237,0
Radium Institute,Medical Research,MajorIndustryPrimary,d4,0.5,0,0.1525091081857681,0,0.3474908918142319,0
Susan Clark,Actress,CurrentPosition,d4,0.5518983006477356,0,0.2051891833543777,0,0.3467091172933578,0
Colleen Paige,1973-05-06,BirthDate,d4,0.6357240080833435,0,0.2913308143615722,0,0.3443931937217712,0
Bharat Masrani,1962-01-01,BirthDate,d4,0.7772998809814453,0,0.4373487532138824,0,0.3399511277675628,0
William C. Durant,"Beverly, Massachusetts",BirthPlace,d4,0.5,0,0.1664662361145019,0,0.333533763885498,0
Parliament of Canada,Government of Canada,ParentOrganization,d4,0.5,0,0.1732881963253021,0,0.3267118036746979,0
SIX Swiss Exchange,SIX Group AG,ParentOrganization,d4,0.8267117738723755,0,0.5,0,0.3267117738723755,0
Chief Technology Officer,Technology Executive,CurrentPosition,d4,0.6513549089431763,0,0.3262688815593719,0,0.3250860273838043,0
Emergency Medical Technicians,Ambulance Service of New York,CurrentEmployer,d4,0.7185943722724915,0,0.3944366574287414,0,0.32415771484375,0
1934,CurrencyType,CurrencyPrimary,d4,0.6513549089431763,0,0.328412801027298,0,0.3229421079158783,0
Henry Sturgis Morgan,1866-09-29,BirthDate,d4,0.3886499404907226,0,0.0658653303980827,0,0.3227846100926399,0
Language Trainer,English Instructor,CurrentPosition,d4,0.3215667605400085,0,0.0,0,0.3215667605400085,0
Dean of Students,1990-08-20,BirthDate,d4,0.4373487532138824,0,0.1173596084117889,0,0.3199891448020935,0
Battle of the Atlantic,1939-05-08,OccursOn,d4,0.5407044887542725,0,0.222700148820877,0,0.3180043399333954,0
Robert W. McCulloch,1911-04-07,BirthDate,d4,0.8670357465744019,0,0.5518983006477356,0,0.3151374459266662,0
Larry Ellison,CTO,CurrentPosition,d4,0.5,0,0.1887219846248626,0,0.3112780153751373,0
Reconstruction Era,Freedmen's Bureau,CurrentEmployer,d4,0.7772998809814453,0,0.4709824919700622,0,0.306317389011383,0
Robert F. Kennedy,Attorney General of the United States,CurrentPosition,d4,1.0,0,0.6945120096206665,0,0.3054879903793335,0
Vincent van Gogh,Self,CurrentEmployer,d4,1.0,0,0.6945120096206665,0,0.3054879903793335,0
HistoricalSignificance,University History Department,CurrentEmployer,d4,1.0,0,0.6945120692253113,0,0.3054879307746887,0
HistoricalSignificance,History Institute,CurrentEmployer,d4,1.0,0,0.6945120692253113,0,0.3054879307746887,0
Health Research,Epidemiologist,CurrentPosition,d4,1.0,0,0.6945120692253113,0,0.3054879307746887,0
Taiwan Provincial Government,Executive Yuan,ParentOrganization,d4,1.0,0,0.6970549821853638,0,0.3029450178146362,0
City-State,City-State Government,CurrentEmployer,d4,0.5,0,0.1971642822027206,0,0.3028357177972793,0
Celebration,December 25,OccursOn,d4,0.6513549089431763,100,0.3486451506614685,100,0.3027097582817077,0
Bengaluru,Flipkart,HeadquartersCity,d4,0.6513549089431763,0,0.3486451506614685,0,0.3027097582817077,0
Copenhagen Business School,Francesco De Marco,ChiefExecutiveOfficerCurrent,d4,0.6513549089431763,0,0.3486451506614685,0,0.3027097582817077,0
"Nihonmatsu, Japan",Nihonmatsu City Hall,CurrentEmployer,d4,0.6513549089431763,0,0.3486451506614685,0,0.3027097582817077,0
State-owned Enterprises,Various Countries,CountryOfIncorporation,d4,0.5,0,0.1974976062774658,0,0.3025023937225342,0
John C. Williams,1962-02-28,BirthDate,d4,0.3486451506614685,0,0.0472518727183342,0,0.3013932779431343,0
University of Munich,1472,FoundingDate,d4,0.4225046336650848,100,0.1241298392415046,100,0.2983747944235801,0
Philosopher,400 BC,BirthDate,d4,0.7772998809814453,0,0.4802877604961395,0,0.2970121204853058,0
Cultural Revolution,Red Guards,CurrentEmployer,d4,0.5774953961372375,100,0.2814055979251861,100,0.2960897982120514,0
Hungary,Budapest,CapitalCityOfCountry,d4,0.5774953961372375,100,0.2814055979251861,100,0.2960897982120514,0
Colonial Leaders,Members of the Second Continental Congress,CurrentPosition,d4,0.7185943722724915,0,0.4225046336650848,0,0.2960897386074066,0
1919,1919-01-01,OccursOn,d4,1.0,0,0.7046110033988953,0,0.2953889966011047,0
Current Position Title,Developing Organization Name,DevelopedByPrimary,d4,0.5,0,0.2054127901792526,0,0.2945872098207474,0
Lead Designer,1990-05-15,BirthDate,d4,0.4373487532138824,0,0.1475612372159958,0,0.2897875159978866,0
Bengaluru,Wipro,HeadquartersCity,d4,1.0,0,0.7149487137794495,0,0.2850512862205505,0
Genevieve Bell,1972-11-01,BirthDate,d4,0.3886499404907226,0,0.1053702682256698,0,0.2832796722650528,0
Volkswagen AG,Ferdinand Porsche,FoundedByPrimary,d4,1.0,100,0.7185943722724915,100,0.2814056277275085,0
Parent Company Name,Language Name,OfficialLanguagePrimary,d4,1.0,0,0.7185943722724915,0,0.2814056277275085,0
October 29,National Candy Corn Day,OccursOn,d4,1.0,0,0.7185943722724915,0,0.2814056277275085,0
Knowledge City,Abu Dhabi University,CurrentEmployer,d4,0.2814055979251861,0,0.0,0,0.2814055979251861,0
Martin Luther King Jr.,Ebenezer Baptist Church,CurrentEmployer,d4,0.7772998809814453,0,0.5,0,0.2772998809814453,0
South Korean won,Bank of Korea,CountryOfIncorporation,d4,0.7772998809814453,100,0.5,100,0.2772998809814453,0
1969,The Concorde,FoundingDate,d4,0.7772998809814453,0,0.5,0,0.2772998809814453,0
Korea University,Korea University Foundation,ParentOrganization,d4,0.7772998809814453,0,0.5,0,0.2772998809814453,0
Unknown Exchange,Unknown Stock Exchange,StockExchangePrimary,d4,0.7772998809814453,0,0.5,0,0.2772998809814453,0
Civil Rights Movement,Civil Rights Leadership,CurrentPosition,d4,0.7772998809814453,0,0.5,0,0.2772998809814453,0
Woodstock Festival,Cultural Landmark,CurrentPosition,d4,0.7772998809814453,0,0.5,0,0.2772998809814453,0
Mayor,Place of birth,BirthPlace,d4,0.5,0,0.222700148820877,0,0.2772998511791229,0
Lead Designer,Lead Designer at ABC Inc,CurrentPosition,d4,0.5,0,0.222700148820877,0,0.2772998511791229,0
State Governments,State Government of Illinois,CurrentEmployer,d4,0.5,0,0.222700148820877,0,0.2772998511791229,0
Nikkei Inc.,Nikkei Group,ParentOrganization,d4,0.5,0,0.222700148820877,0,0.2772998511791229,0
1998,PayPal,FoundingDate,d4,0.5,0,0.222700148820877,0,0.2772998511791229,0
Kremlin,Ivan III,FoundedByPrimary,d4,0.5,100,0.222700148820877,100,0.2772998511791229,0
Pocahontas,Cultural Icon,CurrentPosition,d4,0.5,0,0.222700148820877,0,0.2772998511791229,0
Chief Technology Officer,Senior Technology Executive,CurrentPosition,d4,0.3486451506614685,0,0.0758581757545471,0,0.2727869749069214,0
Frankfurt,794,FoundingDate,d4,1.0,0,0.7306790947914124,0,0.2693209052085876,0
Andhra Pradesh Government,Amaravati,HeadquartersCity,d4,1.0,0,0.7306791543960571,0,0.2693208456039428,0
1534,1534-01-01,BirthDate,d4,1.0,0,0.7306791543960571,0,0.2693208456039428,0
October 31,World Cities Day,OccursOn,d4,1.0,0,0.7306791543960571,0,0.2693208456039428,0
Puritans,Religious Reformers,CurrentPosition,d4,0.5489178895950317,0,0.282864511013031,0,0.2660533785820007,0
Ministry of Finance of the People's Republic of China,Public Finance,MajorIndustryPrimary,d4,1.0,0,0.7368437051773071,0,0.2631562948226928,0
Fumio Kishida,"Hiroshima, Japan",BirthPlace,d4,1.0,0,0.7391695380210876,0,0.2608304619789123,0
Lenovo,HKEX,StockExchangePrimary,d4,1.0,50,0.7391724586486816,50,0.2608275413513183,0
Czech Republic,Czech,OfficialLanguagePrimary,d4,1.0,100,0.7391724586486816,100,0.2608275413513183,0
1650,1650-01-01,BirthDate,d4,0.4829698204994201,0,0.222700148820877,0,0.2602696716785431,0
Bengaluru,1537,FoundingDate,d4,0.3486451506614685,0,0.0916346386075019,0,0.2570105120539665,0
Brian Roberts,CEO of Comcast,CurrentPosition,d4,0.6513549089431763,0,0.3944366574287414,0,0.2569182515144348,0
Animation,Pixar Animation Studios,CurrentEmployer,d4,0.6513549089431763,0,0.3944366574287414,0,0.2569182515144348,0
Munich,BMW AG,HeadquartersCity,d4,0.6513549089431763,0,0.3973134458065033,0,0.254041463136673,0
Charles Darwin,Naturalist,CurrentPosition,d4,0.6513549089431763,0,0.3973170816898346,0,0.2540378272533417,0
Charles Darwin,Biologist,CurrentPosition,d4,0.6513549089431763,0,0.3973170816898346,0,0.2540378272533417,0
1969,The First Woodstock,OccursOn,d4,0.6474295854568481,0,0.3944366574287414,0,0.2529929280281067,0
Emergency Medical Technicians,First Responder,CurrentPosition,d4,0.5,0,0.2487450391054153,0,0.2512549608945846,0
French Franc,French Treasury,ParentOrganization,d4,1.0,0,0.7490872144699097,0,0.2509127855300903,0
Copenhagen,Danish,OfficialLanguagePrimary,d4,0.4373487532138824,100,0.1887208074331283,100,0.2486279457807541,0
Sundar Pichai,Madurai,BirthPlace,d4,0.3486451506614685,0,0.1008786112070083,0,0.2477665394544601,0
1902,1902-01-01,BirthDate,d4,0.7772998809814453,0,0.5305122137069702,0,0.2467876672744751,0
State-owned Enterprises,National Stock Exchange,StockExchangePrimary,d4,1.0,0,0.7587480545043945,0,0.2412519454956054,0
Postdoctoral Fellow,Country of Example,NationalityPrimary,d4,1.0,0,0.7587480545043945,0,0.2412519454956054,0
Fumio Kishida,1957-07-29,BirthDate,d4,0.7391753792762756,0,0.5,0,0.2391753792762756,0
1989,1989-12-31,OccursOn,d4,0.5,0,0.2608304917812347,0,0.2391695082187652,0
Shakespearean English,Literary Style,CurrentPosition,d4,0.2814055979251861,0,0.0451633669435977,0,0.2362422309815883,0
2022,"January 1, 2022",OccursOn,d4,1.0,0,0.7652807235717773,0,0.2347192764282226,0
Bill Gates,Bill & Melinda Gates Foundation,CurrentEmployer,d4,0.5774953961372375,0,0.3486451506614685,0,0.228850245475769,0
University of Paris,1257,FoundingDate,d4,0.5774953961372375,0,0.3486451506614685,0,0.228850245475769,0
1958,Countries with cities in 1958,CountryOfCity,d4,0.6513549089431763,0,0.4250133633613586,0,0.2263415455818176,0
Year of the Pandemic,Global Health Crisis,CurrentPosition,d4,1.0,0,0.7741757035255432,0,0.2258242964744568,0
Denmark,965,FoundingDate,d4,0.7772998809814453,0,0.5518907308578491,0,0.2254091501235962,0
Seikei University,Yoshihiro Takahashi,ChiefExecutiveOfficerCurrent,d4,0.4225046336650848,0,0.1989810317754745,0,0.2235236018896103,0
Data Scientist,Machine Learning Engineer,CurrentPosition,d4,0.222700148820877,0,0.0,0,0.222700148820877,0
User Experience Designer,LinkedIn,CurrentEmployer,d4,0.222700148820877,0,0.0,0,0.222700148820877,0
Nelson Mandela,President of South Africa,CurrentPosition,d4,0.222700148820877,0,0.0,0,0.222700148820877,0
1848,December 1848,OccursOn,d4,0.222700148820877,0,0.0,0,0.222700148820877,0
Summer of 1969,1969-07-21,OccursOn,d4,0.222700148820877,0,0.0,0,0.222700148820877,0
1969,The Apollo 11 Moon Landing,OccursOn,d4,0.222700148820877,0,0.0,0,0.222700148820877,0
Chengdu Research Base of Giant Panda Breeding,Conservation Center,CurrentPosition,d4,0.222700148820877,0,0.0,0,0.222700148820877,0
Political Revolution,Revolutionary Movement,CurrentPosition,d4,0.222700148820877,0,0.0,0,0.222700148820877,0
Year 2001,Wikipedia's 2001 page,OccursOn,d4,0.222700148820877,0,0.0,0,0.222700148820877,0
Lenovo,Morrisville,HeadquartersCity,d4,1.0,0,0.7772998809814453,0,0.2227001190185547,0
Seoul,Samsung Electronics,HeadquartersCity,d4,1.0,0,0.7772998809814453,0,0.2227001190185547,0
Taipei Standard Time,Asia/Taipei,TimeZonePrimary,d4,1.0,0,0.7772998809814453,0,0.2227001190185547,0
Innovation City,Saudi Arabian General Investment Authority,ParentOrganization,d4,1.0,0,0.7772998809814453,0,0.2227001190185547,0
American Revolutionary War,Lexington,HeldInCity,d4,1.0,0,0.7772998809814453,0,0.2227001190185547,0
Martin Luther King Jr.,Activist,CurrentPosition,d4,1.0,0,0.7772998809814453,0,0.2227001190185547,0
Martin Luther King Jr.,Minister,CurrentPosition,d4,1.0,0,0.7772998809814453,0,0.2227001190185547,0
Martin Luther King Jr.,Civil Rights Leader,CurrentPosition,d4,1.0,0,0.7772998809814453,0,0.2227001190185547,0
Thomas Jefferson,College of William & Mary,AlmaMaterPrimary,d4,1.0,50,0.7772998809814453,50,0.2227001190185547,0
Walt Disney,Co-founder,CurrentPosition,d4,1.0,0,0.7772998809814453,0,0.2227001190185547,0
"July 4, 1876",Richard Nixon,BirthDate,d4,1.0,0,0.7772998809814453,0,0.2227001190185547,0
Research Assistant,Teaching Assistant,CurrentPosition,d4,1.0,0,0.7772998809814453,0,0.2227001190185547,0
Research Assistant,Graduate Researcher,CurrentPosition,d4,1.0,0,0.7772998809814453,0,0.2227001190185547,0
Charles W. Scharf,CEO of Wells Fargo,CurrentPosition,d4,1.0,100,0.7772998809814453,100,0.2227001190185547,0
1848,Fall 1848,OccursOn,d4,1.0,0,0.7772998809814453,0,0.2227001190185547,0
1701,1701-01-01,BirthDate,d4,1.0,0,0.7772998809814453,0,0.2227001190185547,0
Michael K. Young,President of Washington State University,CurrentPosition,d4,1.0,0,0.7772998809814453,0,0.2227001190185547,0
1764,Historical Industry,MajorIndustryPrimary,d4,1.0,0,0.7772998809814453,0,0.2227001190185547,0
Government of Telangana,State of Telangana,ParentOrganization,d4,1.0,0,0.7772998809814453,0,0.2227001190185547,0
1856,1856-01-01,BirthDate,d4,1.0,0,0.7772998809814453,0,0.2227001190185547,0
Galp Energia,Euronext Lisbon,StockExchangePrimary,d4,1.0,100,0.7772998809814453,100,0.2227001190185547,0
"January 1, 2015",New Year Celebrations,InitialReleaseDate,d4,1.0,0,0.7772998809814453,0,0.2227001190185547,0
First Anglo-Powhatan War,Chief of the Powhatan Confederacy,CurrentPosition,d4,1.0,0,0.7772998809814453,0,0.2227001190185547,0
Intern,Marketing Intern,CurrentPosition,d4,1.0,0,0.7772998809814453,0,0.2227001190185547,0
University of Warsaw,Ministry of Education and Science,ParentOrganization,d4,1.0,0,0.7772998809814453,0,0.2227001190185547,0
1865,1865-04-09,OccursOn,d4,1.0,0,0.7772998809814453,0,0.2227001190185547,0
Colombia,Colombian peso,CurrencyPrimary,d4,1.0,100,0.7772998809814453,100,0.2227001190185547,0
Reference point in time,2023-10-09,OccursOn,d4,1.0,0,0.7772998809814453,0,0.2227001190185547,0
Reference point in time,2023-10-05,OccursOn,d4,1.0,0,0.7772998809814453,0,0.2227001190185547,0
Peru,Lima,CapitalCityOfCountry,d4,1.0,100,0.7772998809814453,100,0.2227001190185547,0
October 29,Day of the Dead,OccursOn,d4,1.0,0,0.7772998809814453,0,0.2227001190185547,0
October 29,World Stroke Day,OccursOn,d4,1.0,0,0.7772998809814453,0,0.2227001190185547,0
City-State,City-State Industry,MajorIndustryPrimary,d4,1.0,0,0.7772998809814453,0,0.2227001190185547,0
International Animated Film Association,Animation Advocate,CurrentPosition,d4,1.0,0,0.7772998809814453,0,0.2227001190185547,0
New Delhi,Bharat Electronics Limited,HeadquartersCity,d4,1.0,0,0.7772998809814453,0,0.2227001190185547,0
City Planner,Community Development Officer,CurrentPosition,d4,1.0,0,0.7772998809814453,0,0.2227001190185547,0
1944-10-25,Diana Ross,BirthDate,d4,1.0,0,0.7772998809814453,0,0.2227001190185547,0
Civil Rights Movement,Congress of Racial Equality,CurrentEmployer,d4,1.0,0,0.7772998809814453,0,0.2227001190185547,0
Civil Rights Movement,Student Nonviolent Coordinating Committee,CurrentEmployer,d4,1.0,0,0.7772998809814453,0,0.2227001190185547,0
Chuck Robbins,1965-09-23,BirthDate,d4,0.4373487532138824,0,0.2186743766069412,0,0.2186743766069412,0
Woodstock Festival,Music Festival,MajorIndustryPrimary,d4,0.5,0,0.2814055979251861,0,0.2185944020748138,0
Deutsche Bahn AG,Richard Lutz,CurrentEmployer,d4,0.7185943722724915,0,0.5,0,0.2185943722724914,0
Retail,Ahold Delhaize,CurrentEmployer,d4,0.7185943722724915,0,0.5,0,0.2185943722724914,0
Pocahontas,Native American,NationalityPrimary,d4,0.7185943722724915,100,0.5,100,0.2185943722724914,0
Industrial Revolution,Technological Innovation,CurrentPosition,d4,0.7185943722724915,0,0.5,0,0.2185943722724914,0
Civil Rights Movement,Social Justice Advocacy,CurrentPosition,d4,0.7185943722724915,0,0.5,0,0.2185943722724914,0
First Olympic Games,Ancient Greece,HostOrganizationPrimary,d4,0.3486451506614685,0,0.1329642385244369,0,0.2156809121370315,0
FC Copenhagen,Parken Sport & Entertainment,ParentOrganization,d4,0.8670357465744019,0,0.6513549089431763,0,0.2156808376312255,0
UX Designer,Adobe,CurrentEmployer,d4,0.2111267298460006,0,0.0,0,0.2111267298460006,0
UTC,Togo,CountryOfCity,d4,0.6513549089431763,0,0.4411355555057525,0,0.2102193534374237,0
Shanghai Stock Exchange,Liu Shiyu,ChiefExecutiveOfficerCurrent,d4,0.5,0,0.2938145697116852,0,0.2061854302883148,0
Geneva,International Red Cross,CurrentEmployer,d4,0.7185943722724915,0,0.5151380896568298,0,0.2034562826156616,0
UTC+9,Palau,TimeZonePrimary,d4,0.7772998809814453,0,0.5774953961372375,0,0.1998044848442077,0
Berkeley Unified School District,Teachers,CurrentEmployer,d4,0.4225046336650848,0,0.222700148820877,0,0.1998044848442077,0
Haruhiko Kuroda,"Kumamoto, Japan",BirthPlace,d4,0.4225046336650848,0,0.222700148820877,0,0.1998044848442077,0
Woodstock Festival,"August 15, 1969",OccursOn,d4,0.4225046336650848,0,0.222700148820877,0,0.1998044848442077,0
Argentina,Juan Domingo Perón,FoundedByPrimary,d4,0.6513549089431763,0,0.4525682628154754,0,0.1987866461277008,0
Web Developer,Innovative Solutions Inc.,CurrentEmployer,d4,1.0,0,0.80240398645401,0,0.19759601354599,0
Switzerland,Swiss Federal Railways,CountryOfIncorporation,d4,0.3486451506614685,0,0.1647876352071762,0,0.1838575154542923,0
1963,1963-12-31,PublicationDate,d4,0.84112948179245,0,0.6582731604576111,0,0.1828563213348388,0
Cultural Institutions,The Museum of Modern Art,CurrentEmployer,d4,0.4036515057086944,0,0.222700148820877,0,0.1809513568878173,0
Mexico,1810,FoundingDate,d4,0.3486451506614685,0,0.1732881963253021,0,0.1753569543361663,0
Retail,Costco,CurrentEmployer,d4,0.3486451506614685,0,0.1732881963253021,0,0.1753569543361663,0
Battle of Guadalcanal,Allied Forces,CurrentPosition,d4,1.0,0,0.8267117738723755,0,0.1732882261276245,0
Software Developer,CodeCrafters LLC,CurrentEmployer,d4,1.0,0,0.8267117738723755,0,0.1732882261276245,0
Cultural Revolution,Jiang Qing,CurrentPosition,d4,1.0,0,0.8267117738723755,0,0.1732882261276245,0
Warsaw University,Polish Academy of Sciences,ParentOrganization,d4,1.0,100,0.8267117738723755,100,0.1732882261276245,0
Disney Channel,Mickey Mouse,CurrentEmployer,d4,1.0,0,0.8267117738723755,0,0.1732882261276245,0
Emergency Medical Technicians,Metro Ambulance Service,CurrentEmployer,d4,0.7185943722724915,0,0.548917829990387,0,0.1696765422821045,0
Director of Studies,Specific Date,BirthDate,d4,0.222700148820877,0,0.0535537265241146,0,0.1691464222967624,0
Hyderabad,1591,FoundingDate,d4,0.4225046336650848,0,0.2538864612579345,0,0.1686181724071502,0
Various titles,Various industries,MajorIndustryPrimary,d4,0.5,0,0.3333333432674408,0,0.1666666567325592,0
Seikei University,1888,FoundingDate,d4,0.5,0,0.3333333432674408,0,0.1666666567325592,0
Bern,Federal Administration of Switzerland,HeadquartersCity,d4,0.4225046336650848,0,0.2604102492332458,0,0.162094384431839,0
1957,Industry in 1957,MajorIndustryPrimary,d4,0.5,0,0.3399941623210907,0,0.1600058376789093,0
Africa,Cairo,CapitalCityOfCountry,d4,0.3486451506614685,100,0.1887208074331283,100,0.1599243432283401,0
"July 4, 1876",Harry S. Truman,BirthDate,d4,1.0,0,0.84112948179245,0,0.15887051820755,0
"January 1, 2020",Mummers Parade,OccursOn,d4,1.0,0,0.84112948179245,0,0.15887051820755,0
Nokia,Espoo,HeadquartersCity,d4,1.0,100,0.8411316275596619,100,0.1588683724403381,0
Xavier Becerra,"Sacramento, California",BirthPlace,d4,1.0,0,0.8411316275596619,0,0.1588683724403381,0
Day of the Week,Sunday,OccursOn,d4,0.5,0,0.3445781469345093,0,0.1554218530654907,0
Innovation City,Saudi Riyal,CurrencyPrimary,d4,0.6513549089431763,0,0.5,0,0.1513549089431762,0
Indian Languages,Government of India,CurrentEmployer,d4,0.6513549089431763,0,0.5,0,0.1513549089431762,0
Day of the Week,Monday,OccursOn,d4,0.6513549089431763,0,0.5,0,0.1513549089431762,0
Charles Darwin,Geologist,CurrentPosition,d4,0.6513549089431763,0,0.5,0,0.1513549089431762,0
Frida Kahlo,Surrealist Artist,CurrentPosition,d4,0.6513549089431763,0,0.5,0,0.1513549089431762,0
Mary Barra,1961-07-24,BirthDate,d4,0.5,0,0.3486451506614685,0,0.1513548493385315,0
Industrial Revolution,Urbanization,CurrentPosition,d4,0.2814055979251861,0,0.1329642385244369,0,0.1484413594007492,0
University of Munich,Thomas F. Hofmann,ChiefExecutiveOfficerCurrent,d4,0.9241418242454528,0,0.7772998809814453,0,0.1468419432640075,0
Epoch,Epoch Organization,CurrentEmployer,d4,1.0,0,0.8545615673065186,0,0.1454384326934814,0
Country of City in 1961,City in 1961,CapitalCityOfCountry,d4,0.7185943722724915,0,0.5771827697753906,0,0.1414116024971008,0
"January 1, 1789",Chairman of the Constitutional Convention,CurrentPosition,d4,1.0,0,0.8609153628349304,0,0.1390846371650695,0
James Wilson,Associate Justice of the Supreme Court,CurrentPosition,d4,0.5,0,0.3625232875347137,0,0.1374767124652862,0
Copenhagen University,King Christian I,FoundedByPrimary,d4,0.3971213400363922,0,0.2604102492332458,0,0.1367110908031463,0
Orange Polska,Orange S.A.,CurrentEmployer,d4,0.6513549089431763,0,0.5151380896568298,0,0.1362168192863464,0
Benjamin Franklin,Inventor,CurrentPosition,d4,1.0,0,0.8670357465744019,0,0.1329642534255981,0
Content Creator,Twitch,CurrentEmployer,d4,1.0,0,0.8670357465744019,0,0.1329642534255981,0
African Union,Ethiopia,CountryOfIncorporation,d4,1.0,100,0.8670357465744019,100,0.1329642534255981,0
1895,"January 1, 1895",FoundingDate,d4,1.0,0,0.8670357465744019,0,0.1329642534255981,0
University Name,Capital City Name,CapitalCityOfCountry,d4,1.0,0,0.8670357465744019,0,0.1329642534255981,0
University of Padua,Students and professors,FoundedByPrimary,d4,1.0,0,0.8670357465744019,0,0.1329642534255981,0
Frida Kahlo,Mexican,NationalityPrimary,d4,1.0,100,0.8670357465744019,100,0.1329642534255981,0
1944-10-25,Fidel Castro,BirthDate,d4,1.0,0,0.8670357465744019,0,0.1329642534255981,0
Surveyor,Land Surveyor,CurrentPosition,d4,0.1329642385244369,0,0.0,0,0.1329642385244369,0
1650,Position A,CurrentPosition,d4,0.1329642385244369,0,0.0,0,0.1329642385244369,0
Linus Torvalds,Creator of Linux,CurrentPosition,d4,0.1329642385244369,0,0.0,0,0.1329642385244369,0
Retail,Kroger,CurrentEmployer,d4,0.3486451506614685,0,0.222700148820877,0,0.1259450018405914,0
1923,HistoricalCurrencies,CurrencyPrimary,d4,0.3486451506614685,0,0.222700148820877,0,0.1259450018405914,0
Venezuela,Bolívar,CurrencyPrimary,d4,0.3486451506614685,100,0.222700148820877,100,0.1259450018405914,0
April 1,"April 1, 2021",InitialReleaseDate,d4,0.7772998809814453,0,0.6513549089431763,0,0.125944972038269,0
"January 1, 1789",First presidential inauguration in the United States,OccursOn,d4,0.1253025233745575,0,0.0,0,0.1253025233745575,0
"September 21, 1792",Versailles,BirthPlace,d4,0.7391724586486816,0,0.6182966828346252,0,0.1208757758140564,0
Day of the Week,Tuesday,OccursOn,d4,0.8892737030982971,100,0.7772998809814453,100,0.1119738221168518,0
1865,1865-03-04,OccursOn,d4,0.8892737030982971,0,0.7772998809814453,0,0.1119738221168518,0
1865,1865-05-10,OccursOn,d4,0.8892707228660583,0,0.7772998809814453,0,0.111970841884613,0
Berlin,Central European Time,TimeZonePrimary,d4,1.0,100,0.8892707228660583,100,0.1107292771339416,0
State-owned Enterprises,Local Currency,CurrencyPrimary,d4,1.0,0,0.8892707228660583,0,0.1107292771339416,0
People's Republic of China,Chinese Communist Party,ParentOrganization,d4,1.0,50,0.8892722129821777,50,0.1107277870178222,0
Frankfurt Stock Exchange,Deutsche Börse,ParentOrganization,d4,1.0,100,0.8892729878425598,100,0.1107270121574401,0
Xavier Becerra,Secretary of Health and Human Services,CurrentPosition,d4,1.0,100,0.8892737030982971,100,0.1107262969017028,0
Formation of the Delphic Amphictyony,Cultural significance in ancient Greece,CurrentPosition,d4,0.5518907308578491,0,0.4481092989444732,0,0.1037814319133758,0
Country A,Organization A,CurrentEmployer,d4,0.5774953961372375,0,0.473980575799942,0,0.1035148203372955,0
Telangana State Government,Government of India,ParentOrganization,d4,0.2814055979251861,0,0.1785101890563964,0,0.1028954088687896,0
Venezuela,Venezuelan National Oil Company,ParentOrganization,d4,0.5,50,0.3973170816898346,50,0.1026829183101654,0
Battle of the Atlantic,Admiral,CurrentPosition,d4,0.602682888507843,0,0.5,0,0.102682888507843,0
Copenhagen,Danske Bank,HeadquartersCity,d4,1.0,0,0.8991213440895081,0,0.1008786559104919,0
Iberia Airlines,1927-06-28,FoundingDate,d4,1.0,0,0.8991213440895081,0,0.1008786559104919,0
Animation,Walt Disney Animation Studios,CurrentEmployer,d4,0.3486451506614685,0,0.25,0,0.0986451506614685,0
Jane Fraser,St. Andrews,BirthPlace,d4,0.222700148820877,0,0.1329642385244369,0,0.0897359102964401,0
Data Analyst,Tech Solutions LLC,CurrentEmployer,d4,0.8670357465744019,0,0.7772998809814453,0,0.0897358655929565,0
Dave McKay,1965-03-15,BirthDate,d4,0.3486451506614685,0,0.2590999603271484,0,0.08954519033432,0
Animal Welfare,Advocate,CurrentPosition,d4,0.4373487532138824,0,0.3486451506614685,0,0.0887036025524139,0
Canadian Pacific Railway,Railroad,MajorIndustryPrimary,d4,0.3486451506614685,0,0.2608275413513183,0,0.0878176093101501,0
1828,1828-01-01,BirthDate,d4,0.1329642385244369,0,0.0454457066953182,0,0.0875185318291187,0
"April 1, 1582",Introduction of leap year adjustments,OccursOn,d4,0.7772998809814453,0,0.6945120096206665,0,0.0827878713607788,0
1934,CountryName,CountryOfCity,d4,0.7772998809814453,0,0.6945120692253113,0,0.082787811756134,0
Web Developer,Digital Innovations Ltd.,CurrentEmployer,d4,1.0,0,0.9192241430282592,0,0.0807758569717407,0
1954,1954-01-01,OccursOn,d4,0.3029450178146362,0,0.222700148820877,0,0.0802448689937591,0
Hong Kong Monetary Authority,Government of Hong Kong,ParentOrganization,d4,0.3029385805130005,0,0.222700148820877,0,0.0802384316921234,0
Tourism,Tourism Director,CurrentPosition,d4,0.6513549089431763,0,0.5731076598167419,0,0.0782472491264343,0
Environmental Advocate,Environmental Activism,CurrentPosition,d4,0.5774953961372375,0,0.5,0,0.0774953961372375,0
Beijing Municipal Government,Qin Dynasty,FoundedByPrimary,d4,0.5774953961372375,0,0.5,0,0.0774953961372375,0
Berlin Senate,Otto von Bismarck,FoundedByPrimary,d4,0.5774953961372375,100,0.5,100,0.0774953961372375,0
Food Awareness Day,April 7,OccursOn,d4,1.0,0,0.9241418242454528,0,0.0758581757545471,0
Nandan Nilekani,Chairman of Infosys,CurrentPosition,d4,1.0,100,0.9241418242454528,100,0.0758581757545471,0
Director of Studies,Specific Country,NationalityPrimary,d4,1.0,0,0.9241418242454528,0,0.0758581757545471,0
Argentina,YPF S.A.,CountryOfIncorporation,d4,1.0,0,0.9241418242454528,0,0.0758581757545471,0
"April 1, 1582",Papal Bull Inter gravissimas,OccursOn,d4,1.0,0,0.9241418242454528,0,0.0758581757545471,0
Chairman and Chief Executive Officer,Another Company Name,CurrentEmployer,d4,1.0,0,0.9241418242454528,0,0.0758581757545471,0
Hsinchu Science Park,MediaTek,CurrentEmployer,d4,0.4225046336650848,0,0.3486451506614685,0,0.0738594830036163,0
Munich,Bavarian State Opera,CurrentEmployer,d4,0.2814055979251861,0,0.2111267298460006,0,0.0702788680791854,0
Colombia,Nariño,BirthPlace,d4,0.222700148820877,0,0.1537905931472778,0,0.0689095556735992,0
1066,Old English,OfficialLanguagePrimary,d4,1.0,0,0.9311285614967346,0,0.0688714385032653,0
American Revolutionary War,Charleston,HeldInCity,d4,0.7185943722724915,0,0.6513549089431763,0,0.0672394633293151,0
Retail,Walmart,CurrentEmployer,d4,0.7185943722724915,0,0.6513549089431763,0,0.0672394633293151,0
Maharashtra,Marathi,OfficialLanguagePrimary,d4,1.0,100,0.9343951344490052,100,0.0656048655509948,0
1593,1593-01-01,BirthDate,d4,0.5,0,0.4373487532138824,0,0.0626512467861175,0
Mayor,Date of birth,BirthDate,d4,0.282864511013031,0,0.222700148820877,0,0.0601643621921539,0
Brazil,Brasilia Time,TimeZonePrimary,d4,0.2814055979251861,0,0.222700148820877,0,0.058705449104309,0
International Relations,World Trade Organization,CurrentEmployer,d4,0.5774953961372375,0,0.5203198194503784,0,0.0571755766868591,0
Kumamoto,Kumamoto City Hall,CurrentEmployer,d4,0.9241418242454528,0,0.8670357465744019,0,0.057106077671051,0
1781,Unknown Year,FoundingDate,d4,0.5,0,0.4481092989444732,0,0.0518907010555267,0
"July 4, 1876",Louis Armstrong,BirthDate,d4,0.2608304917812347,0,0.2111267298460006,0,0.049703761935234,0
British,The Guardian,CurrentEmployer,d4,0.4225046336650848,0,0.3733976185321808,0,0.049107015132904,0
Charlotte,University of North Carolina at Charlotte,AlmaMaterPrimary,d4,0.4373487532138824,0,0.3973170816898346,0,0.0400316715240478,0
Year 2001,2001 in television,OccursOn,d4,0.2608304917812347,0,0.222700148820877,0,0.0381303429603576,0
Lucasian Professor of Mathematics,Mathematics,CurrentPosition,d4,0.2814055979251861,0,0.2585151195526123,0,0.0228904783725738,0
Covestro,Chemicals,MajorIndustryPrimary,d4,0.2814055979251861,100,0.2608304917812347,100,0.0205751061439514,0
Emergency Medical Technicians,Advanced Emergency Medical Technician,CurrentPosition,d4,0.5,0,0.4807178974151611,0,0.0192821025848388,0
Epoch,Epoch Leader,CurrentPosition,d4,0.222700148820877,0,0.2068719863891601,0,0.0158281624317169,0
"September 21, 1792",King of France,CurrentPosition,d4,0.6513549089431763,0,0.6357240676879883,0,0.0156308412551879,0
Film Industry,DreamWorks Pictures,CurrentEmployer,d4,0.7772998809814453,0,0.7652807235717773,0,0.0120191574096679,0
James Gorman,1958-07-14,BirthDate,d4,0.1329642385244369,0,0.1253025233745575,0,0.0076617151498794,0
Bruce Perens,1965-08-29,BirthDate,d4,0.0705094560980796,0,0.0658653303980827,0,0.0046441256999969,0
Film Industry,Sony Pictures,CurrentEmployer,d4,0.5518983006477356,0,0.548917829990387,0,0.0029804706573486,0
Hsinchu Science Park,Nuvoton Technology,CurrentEmployer,d4,0.1350581347942352,0,0.1329642385244369,0,0.0020938962697982,0
Sony Corporation,Masaru Ibuka,FoundedByPrimary,d4,1.0,100,1.0,100,0.0,0
Larry Page,"March 26, 1973",BirthDate,d4,1.0,100,1.0,100,0.0,0
Salil Parekh,Indian,NationalityPrimary,d4,1.0,100,1.0,100,0.0,0
Tim O'Reilly,1954-06-06,BirthDate,d4,0.222700148820877,0,0.222700148820877,0,0.0,0
Lenovo,Yang Yuanqing,CurrentEmployer,d4,1.0,100,1.0,100,0.0,0
Reed Hastings,Co-CEO,CurrentPosition,d4,1.0,0,1.0,0,0.0,0
Reed Hastings,"October 8, 1960",BirthDate,d4,1.0,0,1.0,0,0.0,0
Nokia,Rajeev Suri,CurrentEmployer,d4,1.0,0,1.0,0,0.0,0
Learner,Graduate Student,CurrentPosition,d4,0.0,0,0.0,0,0.0,0
Africa,Ethiopia,HeadquartersCountry,d4,1.0,100,1.0,100,0.0,0
Afrikaans,Die Roodkapje,LanguageOfWorkPrimary,d4,0.6513549089431763,0,0.6513549089431763,0,0.0,0
Democratic Republic,Congolese franc,CurrencyPrimary,d4,1.0,0,1.0,0,0.0,0
Benjamin Franklin,1706-01-17,BirthDate,d4,1.0,0,1.0,0,0.0,0
Vietnam War Protests,Students for a Democratic Society,HostOrganizationPrimary,d4,0.6513549089431763,0,0.6513549089431763,0,0.0,0
Vietnam War Protests,American Friends Service Committee,HostOrganizationPrimary,d4,1.0,0,1.0,0,0.0,0
Windows,1985-11-20,InitialReleaseDate,d4,1.0,0,1.0,0,0.0,0
Seoul,Korean,OfficialLanguagePrimary,d4,1.0,100,1.0,100,0.0,0
Seoul,LG Electronics,HeadquartersCity,d4,1.0,0,1.0,0,0.0,0
Hsinchu Science Park,Asustek Computer Inc.,CurrentEmployer,d4,0.6513549089431763,0,0.6513549089431763,0,0.0,0
Unknown Industry,Industry Analyst,CurrentPosition,d4,0.0,0,0.0,0,0.0,0
Shenzhen,China Standard Time,TimeZonePrimary,d4,1.0,0,1.0,0,0.0,0
Epoch Start,Unix Time Foundation,ParentOrganization,d4,1.0,0,1.0,0,0.0,0
Innovation City,Riyadh,CapitalCityOfCountry,d4,1.0,0,1.0,0,0.0,0
Tourism,World Tourism Organization,CurrentEmployer,d4,1.0,50,1.0,50,0.0,0
"September 11, 2001",Patriot Act,OccursOn,d4,0.7772998809814453,100,0.7772998809814453,100,0.0,0
"September 11, 2001",The 9/11 Commission Report,PublicationDate,d4,1.0,0,1.0,0,0.0,0
Secretary of Education,United States Secretary of Education,CurrentPosition,d4,0.0,0,0.0,0,0.0,0
Battle of the Atlantic,Naval Warfare,MajorIndustryPrimary,d4,1.0,0,1.0,0,0.0,0
Battle of the Atlantic,1945-05-08,OccursOn,d4,1.0,50,1.0,50,0.0,0
American Revolutionary War,Concord,HeldInCity,d4,1.0,0,1.0,0,0.0,0
American Revolutionary War,1775-1783,OccursOn,d4,1.0,100,1.0,100,0.0,0
American Revolutionary War,Savannah,HeldInCity,d4,1.0,0,1.0,0,0.0,0
John Adams,1735-10-30,BirthDate,d4,1.0,100,1.0,100,0.0,0
Rob Pelinka,General Manager,CurrentPosition,d4,1.0,100,1.0,100,0.0,0
1954,Artist,CurrentPosition,d4,0.0,0,0.0,0,0.0,0
Kamala Harris,Attorney General of California,CurrentPosition,d4,0.5,100,0.5,100,0.0,0
Kamala Harris,Howard University,AlmaMaterPrimary,d4,1.0,100,1.0,100,0.0,0
Francis Collins,1950-04-14,BirthDate,d4,1.0,0,1.0,0,0.0,0
Nobel Laureate,Nobel Prize Winner,CurrentPosition,d4,0.0,0,0.0,0,0.0,0
Nobel Laureate,Sweden,NationalityPrimary,d4,1.0,50,1.0,50,0.0,0
Nobel Laureate,The Nobel Foundation,CurrentEmployer,d4,1.0,0,1.0,0,0.0,0
Nobel Laureate,University of Stockholm,CurrentEmployer,d4,1.0,0,1.0,0,0.0,0
Thomas Jefferson,Governor of Virginia,CurrentPosition,d4,1.0,0,1.0,0,0.0,0
Thomas Jefferson,"April 13, 1743",BirthDate,d4,1.0,100,1.0,100,0.0,0
Content Creator,Influencer,CurrentPosition,d4,0.0,0,0.0,0,0.0,0
Content Creator,Content Marketer,CurrentPosition,d4,0.0,0,0.0,0,0.0,0
Content Creator,Vlogger,CurrentPosition,d4,0.0,0,0.0,0,0.0,0
Henry Ford,1863-07-30,BirthDate,d4,1.0,100,1.0,100,0.0,0
Innovation Leader,Senior Vice President of Innovation,CurrentPosition,d4,0.5,0,0.5,0,0.0,0
Lynn Martin,"Chicago, Illinois",BirthPlace,d4,1.0,100,1.0,100,0.0,0
Abraham Flexner,Johns Hopkins University,AlmaMaterPrimary,d4,1.0,0,1.0,0,0.0,0
James Wilson,1812-02-15,BirthDate,d4,0.7772998809814453,0,0.7772998809814453,0,0.0,0
Firefighters,Local Fire Department,CurrentEmployer,d4,1.0,50,1.0,50,0.0,0
George Washington,"February 22, 1732",BirthDate,d4,1.0,100,1.0,100,0.0,0
James Madison,1751-03-16,BirthDate,d4,1.0,100,1.0,100,0.0,0
James Madison,"Port Conway, Virginia",BirthPlace,d4,0.7185943722724915,0,0.7185943722724915,0,0.0,0
Robert F. Kennedy,1925-11-20,BirthDate,d4,1.0,100,1.0,100,0.0,0
Civic Participant,Civic Engagement Advocate,CurrentPosition,d4,0.0,0,0.0,0,0.0,0
Henry Sturgis Morgan,Partner,CurrentPosition,d4,1.0,0,1.0,0,0.0,0
Emergency Medical Technicians,National Ambulance Service,CurrentEmployer,d4,1.0,0,1.0,0,0.0,0
Indian Languages,Linguists,DevelopedByPrimary,d4,1.0,0,1.0,0,0.0,0
1650,Town B,BirthPlace,d4,0.0,0,0.0,0,0.0,0
People's Republic of China,Xi Jinping,CurrentEmployer,d4,1.0,100,1.0,100,0.0,0
Beijing Municipal Government,Chen Jining,ChiefExecutiveOfficerCurrent,d4,1.0,0,1.0,0,0.0,0
Brasília,Federal Government of Brazil,HeadquartersCity,d4,0.5,0,0.5,0,0.0,0
1904,1904-01-01,BirthDate,d4,0.7772998809814453,0,0.7772998809814453,0,0.0,0
Time Zone Coordinator,Time Zone Specialist,CurrentPosition,d4,0.0,0,0.0,0,0.0,0
"July 4, 1876",James Monroe,BirthDate,d4,0.222700148820877,0,0.222700148820877,0,0.0,0
Genevieve Bell,Australian,NationalityPrimary,d4,1.0,100,1.0,100,0.0,0
"January 1, 1789",Founding Father of the United States,CurrentPosition,d4,1.0,0,1.0,0,0.0,0
1785,1785-01-01,BirthDate,d4,0.5,0,0.5,0,0.0,0
French Franc,Defunct,CurrentPosition,d4,0.0,0,0.0,0,0.0,0
Philosopher,Greece,NationalityPrimary,d4,1.0,50,1.0,50,0.0,0
Shanghai Stock Exchange,China Securities Regulatory Commission,ParentOrganization,d4,1.0,100,1.0,100,0.0,0
John C. Williams,President and Chief Executive Officer,CurrentPosition,d4,0.5,0,0.5,0,0.0,0
Indian Railways,Ministry of Railways,ParentOrganization,d4,1.0,50,1.0,50,0.0,0
Indian Railways,1853,FoundingDate,d4,1.0,100,1.0,100,0.0,0
1848,June 1848,OccursOn,d4,1.0,0,1.0,0,0.0,0
1848,Spring 1848,OccursOn,d4,1.0,0,1.0,0,0.0,0
Xavier Becerra,1968-01-27,BirthDate,d4,1.0,0,1.0,0,0.0,0
Pete Buttigieg,"South Bend, Indiana",BirthPlace,d4,1.0,100,1.0,100,0.0,0
STMicroelectronics,Jean-Marc Chery,CurrentEmployer,d4,1.0,100,1.0,100,0.0,0
Engineer,Mechanical Engineer,CurrentPosition,d4,1.0,0,1.0,0,0.0,0
Celebration,Rio de Janeiro,HeldInCity,d4,1.0,0,1.0,0,0.0,0
Summer of 1969,1969-06-20,OccursOn,d4,1.0,0,1.0,0,0.0,0
Summer of 1969,1969-08-15,OccursOn,d4,1.0,0,1.0,0,0.0,0
1998,"Baidu, Inc.",FoundingDate,d4,1.0,0,1.0,0,0.0,0
Frankfurt Stock Exchange,Asra N. K. H. Al-Mansoori,ChiefExecutiveOfficerCurrent,d4,1.0,0,1.0,0,0.0,0
Financial Supervisory Commission,Tsai Cheng-yuan,ChiefExecutiveOfficerCurrent,d4,1.0,0,1.0,0,0.0,0
Danish Krone,Copenhagen Stock Exchange,StockExchangePrimary,d4,1.0,100,1.0,100,0.0,0
Credit Suisse,Alfred Escher,FoundedByPrimary,d4,1.0,100,1.0,100,0.0,0
Hong Kong Monetary Authority,Eddie Yue,ChiefExecutiveOfficerCurrent,d4,1.0,0,1.0,0,0.0,0
Mumbai,1507,FoundingDate,d4,0.5774953961372375,0,0.5774953961372375,0,0.0,0
1682,1682-01-01,BirthDate,d4,0.5,0,0.5,0,0.0,0
Kremlin,Vladimir Putin,CurrentEmployer,d4,1.0,100,1.0,100,0.0,0
Kremlin,1475,FoundingDate,d4,0.222700148820877,0,0.222700148820877,0,0.0,0
Cabinet of Japan,Cabinet Minister,CurrentPosition,d4,1.0,0,1.0,0,0.0,0
1958,Languages spoken in 1958,OfficialLanguagePrimary,d4,1.0,0,1.0,0,0.0,0
1958,Currency used in 1958,CurrencyPrimary,d4,0.7772998809814453,50,0.7772998809814453,50,0.0,0
Kaohsiung City Government,Kaohsiung City Mayor,CurrentEmployer,d4,1.0,0,1.0,0,0.0,0
Battle of Guadalcanal,1943,PublicationDate,d4,1.0,0,1.0,0,0.0,0
World War II,1939-09-01,OccursOn,d4,1.0,100,1.0,100,0.0,0
Daylight Saving Time,March 14,OccursOn,d4,0.0,0,0.0,0,0.0,0
People's Bank of China,Guo Shuqing,CurrentEmployer,d4,1.0,0,1.0,0,0.0,0
Retail,Retail Industry,MajorIndustryPrimary,d4,0.222700148820877,0,0.222700148820877,0,0.0,0
Telangana State Government,K. Chandrashekar Rao,CurrentEmployer,d4,1.0,50,1.0,50,0.0,0
New Year's Day,2027-01-01,OccursOn,d4,1.0,100,1.0,100,0.0,0
New Year's Day,2026-01-01,OccursOn,d4,1.0,100,1.0,100,0.0,0
New Year's Day,2030-01-01,OccursOn,d4,1.0,100,1.0,100,0.0,0
Bank of England,Andrew Bailey,CurrentEmployer,d4,1.0,0,1.0,0,0.0,0
1066,King,CurrentPosition,d4,0.0,0,0.0,0,0.0,0
Prime Minister of the United Kingdom,1965-05-20,BirthDate,d4,0.7772998809814453,0,0.7772998809814453,0,0.0,0
1096,Unknown Job,CurrentPosition,d4,0.0,0,0.0,0,0.0,0
Vice-Chancellor,Vice-Chancellor of University of Cambridge,CurrentPosition,d4,0.0,0,0.0,0,0.0,0
Korea Advanced Institute of Science and Technology,"Ministry of Education, South Korea",ParentOrganization,d4,1.0,0,1.0,0,0.0,0
Korea Advanced Institute of Science and Technology,Daejeon,HeadquartersCity,d4,1.0,100,1.0,100,0.0,0
Humboldt University of Berlin,Rector,CurrentPosition,d4,0.0,0,0.0,0,0.0,0
1969,The Beatles' Abbey Road,PublicationDate,d4,1.0,0,1.0,0,0.0,0
Gordon Ramsay Restaurants,Gordon Ramsay,ChiefExecutiveOfficerCurrent,d4,1.0,0,1.0,0,0.0,0
Parent Company Name,Founding Year,FoundingDate,d4,0.5,0,0.5,0,0.0,0
Galp Energia,Carlos Gomes,CurrentEmployer,d4,1.0,100,1.0,100,0.0,0
Galp Energia,Galp Group,ParentOrganization,d4,1.0,0,1.0,0,0.0,0
Vice Chair of the Board of Directors,Place of Birth,BirthPlace,d4,1.0,0,1.0,0,0.0,0
Epoch,Epoch City,HeadquartersCity,d4,1.0,0,1.0,0,0.0,0
Taiwan Semiconductor Manufacturing Company,Morris Chang,FoundedByPrimary,d4,1.0,100,1.0,100,0.0,0
Chengdu Research Base of Giant Panda Breeding,Conservation,MajorIndustryPrimary,d4,1.0,0,1.0,0,0.0,0
Orange Polska,Telecommunications Provider,CurrentPosition,d4,0.0,0,0.0,0,0.0,0
First Anglo-Powhatan War,Leader of the English Settlers,CurrentPosition,d4,1.0,0,1.0,0,0.0,0
First Anglo-Powhatan War,Colonial Warfare,MajorIndustryPrimary,d4,1.0,0,1.0,0,0.0,0
Max Planck Institute for Astronomy,Heidelberg,HeadquartersCity,d4,1.0,100,1.0,100,0.0,0
Various titles,Various universities,AlmaMaterPrimary,d4,0.0,0,0.0,0,0.0,0
Director of Studies,Director of Studies at a specific department,CurrentPosition,d4,0.0,0,0.0,0,0.0,0
Winston Churchill,Royal Military Academy Sandhurst,AlmaMaterPrimary,d4,1.0,0,1.0,0,0.0,0
Winston Churchill,"Woodstock, Oxfordshire, England",BirthPlace,d4,0.222700148820877,0,0.222700148820877,0,0.0,0
University of Leipzig,Johann Wolfgang von Goethe,CurrentEmployer,d4,1.0,0,1.0,0,0.0,0
University of Munich,Ludwig Maximilian University of Munich,CurrentEmployer,d4,1.0,0,1.0,0,0.0,0
British,Chancellor of the Exchequer,CurrentPosition,d4,0.0,0,0.0,0,0.0,0
Belgium,Monarchy,CurrentPosition,d4,0.0,0,0.0,0,0.0,0
Seoul National University,Ban Ki-moon,AlmaMaterPrimary,d4,1.0,0,1.0,0,0.0,0
ETH Zurich,Swiss Federal Institute of Technology,ParentOrganization,d4,1.0,100,1.0,100,0.0,0
1978,1978-01-01,OccursOn,d4,1.0,100,1.0,100,0.0,0
1690,1690-01-01,BirthDate,d4,1.0,0,1.0,0,0.0,0
1690,Unknown Employer,CurrentEmployer,d4,0.5,0,0.5,0,0.0,0
"January 1, 2020",Cotillion,OccursOn,d4,1.0,0,1.0,0,0.0,0
Andhra Pradesh Government,Y. S. Jagan Mohan Reddy,CurrentEmployer,d4,1.0,0,1.0,0,0.0,0
"Nihonmatsu, Japan",Nihonmatsu,HeadquartersCity,d4,1.0,0,1.0,0,0.0,0
Kumamoto,Kumamoto Prefecture Government,ParentOrganization,d4,1.0,0,1.0,0,0.0,0
"September 21, 1792",Marie Antoinette,BirthDate,d4,1.0,0,1.0,0,0.0,0
Declaration of Independence,1776-07-04,PublicationDate,d4,1.0,100,1.0,100,0.0,0
October 31,Beggars' Night,OccursOn,d4,1.0,0,1.0,0,0.0,0
October 31,John Keats,BirthDate,d4,1.0,0,1.0,0,0.0,0
Hungary,1000,FoundingDate,d4,0.5,0,0.5,0,0.0,0
Danish Superliga,Danish Football Clubs,CurrentEmployer,d4,1.0,0,1.0,0,0.0,0
Infineon Technologies,Neubiberg,HeadquartersCity,d4,0.222700148820877,0,0.222700148820877,0,0.0,0
DB Netz AG,Infrastructure Manager,CurrentPosition,d4,0.0,0,0.0,0,0.0,0
Year 2001,2001 in sports,OccursOn,d4,0.0,0,0.0,0,0.0,0
Austria,Federal Republic,CurrentPosition,d4,1.0,100,1.0,100,0.0,0
Liechtenstein,Liechtenstein Financial Market Authority,CountryOfIncorporation,d4,0.7772998809814453,0,0.7772998809814453,0,0.0,0
Shrewsbury,Shrewsbury Town F.C.,HeadquartersCity,d4,1.0,0,1.0,0,0.0,0
Formation of the Delphic Amphictyony,Religious practices,MajorIndustryPrimary,d4,1.0,0,1.0,0,0.0,0
Formation of the Delphic Amphictyony,Delphi,HeldInCity,d4,1.0,0,1.0,0,0.0,0
Telugu Desam Party,N. Chandrababu Naidu,CurrentEmployer,d4,0.7772998809814453,100,0.7772998809814453,100,0.0,0
Banco Santander,Ana Botín,CurrentEmployer,d4,1.0,0,1.0,0,0.0,0
International Animated Film Association,Jean-François Laguionie,ChiefExecutiveOfficerCurrent,d4,1.0,0,1.0,0,0.0,0
FC Copenhagen,Head Coach,CurrentPosition,d4,1.0,0,1.0,0,0.0,0
Fumio Kishida,Chairman of the Liberal Democratic Party,CurrentPosition,d4,1.0,0,1.0,0,0.0,0
Pablo Picasso,Royal Academy of San Fernando,AlmaMaterPrimary,d4,1.0,0,1.0,0,0.0,0
Frida Kahlo,National Preparatory School,AlmaMaterPrimary,d4,1.0,50,1.0,50,0.0,0
Content Strategist,Advertising Agency,CurrentEmployer,d4,1.0,0,1.0,0,0.0,0
Cultural Institutions,The Tate Modern,CurrentEmployer,d4,0.222700148820877,0,0.222700148820877,0,0.0,0
"April 1, 1582",First day of the Gregorian Calendar,OccursOn,d4,1.0,0,1.0,0,0.0,0
Sichuan Airlines,Commercial Airline,CurrentPosition,d4,0.0,0,0.0,0,0.0,0
"January 20, 1941",Inauguration of Franklin D. Roosevelt,OccursOn,d4,1.0,50,1.0,50,0.0,0
Electronics Manufacturing,Manufacturing Leader,CurrentPosition,d4,0.0,0,0.0,0,0.0,0
Venezuela,1811,FoundingDate,d4,1.0,0,1.0,0,0.0,0
Lionel Messi,"June 24, 1987",BirthDate,d4,1.0,0,1.0,0,0.0,0
David Beckham,"May 2, 1975",BirthDate,d4,1.0,100,1.0,100,0.0,0
Dara Khosrowshahi,Tehran,BirthPlace,d4,1.0,100,1.0,100,0.0,0
Toyota Group,1937,FoundingDate,d4,0.3486451506614685,100,0.3486451506614685,100,0.0,0
Afrikaans,Kook en Geniet,LanguageOfWorkPrimary,d4,0.2111267298460006,0,0.222700148820877,0,-0.0115734189748764,0
Electronics,Yen,CurrencyPrimary,d4,0.4225046336650848,0,0.4588649868965149,0,-0.03636035323143,0
Cultural Capital of Denmark,Danish Government,ParentOrganization,d4,0.4567359387874603,0,0.5,0,-0.0432640612125396,0
Senior Researcher,Hometown,BirthPlace,d4,0.6513549089431763,0,0.6970582008361816,0,-0.0457032918930053,0
Animation,Illumination Entertainment,CurrentEmployer,d4,0.3486451506614685,0,0.3944366574287414,0,-0.0457915067672729,0
Nobel Laureate,1950-04-15,BirthDate,d4,0.1753723472356796,0,0.222700148820877,0,-0.0473278015851974,0
1764,Historical City,HeadquartersCity,d4,0.6026865839958191,0,0.6513549089431763,0,-0.0486683249473571,0
Afrikaans,Kleinboet,LanguageOfWorkPrimary,d4,0.5,0,0.548917829990387,0,-0.0489178299903869,0
Film Industry,Metro-Goldwyn-Mayer,CurrentEmployer,d4,0.1732881963253021,0,0.222700148820877,0,-0.0494119524955749,0
University of Padua,Italian universities,ParentOrganization,d4,0.44810551404953,0,0.5,0,-0.0518944859504699,0
1799,1799-01-01,BirthDate,d4,0.2814055979251861,0,0.3333333432674408,0,-0.0519277453422546,0
New Delhi,State Bank of India,HeadquartersCity,d4,0.6513549089431763,0,0.7046110033988953,0,-0.0532560944557189,0
1942-11-20,Operation Torch,OccursOn,d4,0.1732881963253021,100,0.2295142710208892,100,-0.0562260746955871,0
Sony Corporation,Sony Group Corporation,ParentOrganization,d4,0.7185943722724915,50,0.7772998809814453,50,-0.0587055087089538,0
Epoch Start,Tech Companies,CurrentEmployer,d4,0.7185943722724915,0,0.7772998809814453,0,-0.0587055087089538,0
Director of Studies,Specific University,AlmaMaterPrimary,d4,0.7185943722724915,0,0.7772998809814453,0,-0.0587055087089538,0
Reference point in time,2023-10-02,OccursOn,d4,0.7185943722724915,0,0.7772998809814453,0,-0.0587055087089538,0
Mary Barra,"Royal Oak, Michigan",BirthPlace,d4,0.7185943722724915,0,0.7772998809814453,0,-0.0587055087089538,0
1870,National History Museum,CurrentEmployer,d4,0.7185943722724915,0,0.7772998809814453,0,-0.0587055087089538,0
FC Barcelona,Barcelona,HeadquartersCity,d4,0.7185943722724915,100,0.7772998809814453,100,-0.0587055087089538,0
Summer of 1969,1969-09-01,OccursOn,d4,0.4373487532138824,0,0.5,0,-0.0626512467861175,0
State-owned Enterprises,Various Years,FoundingDate,d4,0.4373487532138824,0,0.5,0,-0.0626512467861175,0
Argentina,Buenos Aires,CapitalCityOfCountry,d4,0.6513549089431763,100,0.7185943722724915,100,-0.0672394633293151,0
Austria,Vienna,CapitalCityOfCountry,d4,0.6513549089431763,100,0.7185943722724915,100,-0.0672394633293151,0
Charles L. Webster,1840-01-01,BirthDate,d4,0.2654717862606048,0,0.3333333432674408,0,-0.0678615570068359,0
Woodrow Wilson,"Staunton, Virginia",BirthPlace,d4,0.5774953961372375,100,0.6513549089431763,100,-0.0738595128059387,0
Indian Languages,Ministry of Home Affairs,ParentOrganization,d4,0.5774953961372375,0,0.6513549089431763,0,-0.0738595128059387,0
Country A,Language X,OfficialLanguagePrimary,d4,0.5774953961372375,0,0.6513549089431763,0,-0.0738595128059387,0
John Adams,"Braintree, Massachusetts",BirthPlace,d4,0.4225046336650848,100,0.5,100,-0.0774953663349151,0
Henry Ford,"Wayne County, Michigan",BirthPlace,d4,0.4225046336650848,0,0.5,0,-0.0774953663349151,0
Mumbai,Tata Group,HeadquartersCity,d4,0.4225046336650848,0,0.5,0,-0.0774953663349151,0
Max Planck Society,Max Planck,FoundedByPrimary,d4,0.5,100,0.5774953961372375,100,-0.0774953961372375,0
October 31,Samhain,OccursOn,d4,0.5,0,0.5774953961372375,0,-0.0774953961372375,0
Cultural Capital of Denmark,1043,FoundingDate,d4,0.5,0,0.5774953961372375,0,-0.0774953961372375,0
Chairperson of the Board,Chair of the Audit Committee,CurrentPosition,d4,0.5731076598167419,0,0.6513549089431763,0,-0.0782472491264343,0
Cultural Institutions,The Metropolitan Museum of Art,CurrentEmployer,d4,0.0524595454335212,0,0.1329642385244369,0,-0.0805046930909156,0
Helsinki,1550,FoundingDate,d4,0.6513549089431763,100,0.7336938381195068,100,-0.0823389291763305,0
Brian Moynihan,1959-10-25,BirthDate,d4,0.1113500744104385,0,0.1974976062774658,0,-0.0861475318670272,0
Vietnam War Protests,National Mobilization Committee to End the War in Vietnam,HostOrganizationPrimary,d4,0.6513549089431763,0,0.7391709685325623,0,-0.0878160595893859,0
Knowledge City,United Arab Emirates Dirham,CurrencyPrimary,d4,0.6513549089431763,0,0.7391724586486816,0,-0.0878175497055053,0
Belgium,Belgian Franc,CurrencyPrimary,d4,0.3486451506614685,0,0.4373487532138824,0,-0.0887036025524139,0
Product Development,Michael Johnson,CurrentEmployer,d4,0.7772998809814453,0,0.8670357465744019,0,-0.0897358655929565,0
Product Development,Emily Davis,CurrentEmployer,d4,0.7772998809814453,0,0.8670357465744019,0,-0.0897358655929565,0
1958,Industries prominent in 1958,MajorIndustryPrimary,d4,0.7772998809814453,0,0.8670357465744019,0,-0.0897358655929565,0
"January 1, 2020",Rose Bowl,OccursOn,d4,0.7772998809814453,100,0.8670357465744019,100,-0.0897358655929565,0
Political Revolution,Political Activism,CurrentPosition,d4,0.5,50,0.5922008156776428,50,-0.0922008156776428,0
Year of the Pandemic,Wuhan,HeldInCity,d4,0.7185943722724915,100,0.8112791776657104,100,-0.092684805393219,0
Charles Miller,1866-09-15,BirthDate,d4,0.1887254863977432,0,0.2843428254127502,0,-0.095617339015007,0
Epoch,Epoch Language,OfficialLanguagePrimary,d4,0.3486451506614685,0,0.4481017291545868,0,-0.0994565784931182,0
Political Ideology,University of Political Science,CurrentEmployer,d4,0.6357240676879883,0,0.7391695380210876,0,-0.1034454703330993,0
Switzerland,Federal Council,CurrentPosition,d4,0.7185943722724915,0,0.8267117738723755,0,-0.108117401599884,0
"July 4, 1876",George M. Cohan,BirthDate,d4,0.8892737030982971,0,1.0,0,-0.1107262969017028,0
Pete Buttigieg,1982-01-19,BirthDate,d4,0.8892737030982971,0,1.0,0,-0.1107262969017028,0
IAG,IAG Group,CurrentEmployer,d4,0.1058671846985817,0,0.222700148820877,0,-0.1168329641222953,0
1743,Unknown Year,FoundingDate,d4,0.0626512616872787,0,0.1828786432743072,0,-0.1202273815870285,0
Epoch,Epoch Industry,MajorIndustryPrimary,d4,0.7185943722724915,0,0.8411336541175842,0,-0.1225392818450927,0
Moscow,Russian Railways,HeadquartersCity,d4,0.6513549089431763,0,0.7772998809814453,0,-0.125944972038269,0
January 1,J.D. Salinger,BirthDate,d4,0.6513549089431763,0,0.7772998809814453,0,-0.125944972038269,0
Jes Staley,Maine,BirthPlace,d4,0.6513549089431763,0,0.7772998809814453,0,-0.125944972038269,0
Netherlands,Amsterdam,CapitalCityOfCountry,d4,0.6513549089431763,100,0.7772998809814453,100,-0.125944972038269,0
Colombia,Bogotá,CapitalCityOfCountry,d4,0.6513549089431763,100,0.7772998809814453,100,-0.125944972038269,0
Reference point in time,2023-10-10,OccursOn,d4,0.6513549089431763,0,0.7772998809814453,0,-0.125944972038269,0
Reference point in time,2023-10-08,OccursOn,d4,0.6513549089431763,0,0.7772998809814453,0,-0.125944972038269,0
Czech Republic,Czech National Bank,CurrentEmployer,d4,0.6513549089431763,0,0.7772998809814453,0,-0.125944972038269,0
Italian Government,Italian Parliament,ParentOrganization,d4,0.6513549089431763,0,0.7772998809814453,0,-0.125944972038269,0
Secretary of Education,"January 20, 1960",BirthDate,d4,0.222700148820877,0,0.3486451506614685,0,-0.1259450018405914,0
1958,Organizations active in 1958,CurrentEmployer,d4,0.8670357465744019,0,1.0,0,-0.1329642534255981,0
Chengdu Research Base of Giant Panda Breeding,Li Desheng,ChiefExecutiveOfficerCurrent,d4,0.8670357465744019,0,1.0,0,-0.1329642534255981,0
Paris,L'Oréal,HeadquartersCity,d4,0.8670357465744019,0,1.0,0,-0.1329642534255981,0
Seikei University,Seikei Gakuen,ParentOrganization,d4,0.8670357465744019,0,1.0,0,-0.1329642534255981,0
University of Warsaw,Adam Mickiewicz University,CurrentEmployer,d4,0.8670357465744019,0,1.0,0,-0.1329642534255981,0
Government of Brazil,Luiz Inácio Lula da Silva,ChiefExecutiveOfficerCurrent,d4,0.8670357465744019,0,1.0,0,-0.1329642534255981,0
Jeanie Buss,President of the Los Angeles Lakers,CurrentPosition,d4,0.7534968256950378,100,0.8892737030982971,100,-0.1357768774032592,0
Argentina,Argentine Football Association,CurrentEmployer,d4,0.6513549089431763,0,0.7901690602302551,0,-0.1388141512870788,0
Martin Luther King Jr.,Morehouse College,AlmaMaterPrimary,d4,0.1743225753307342,100,0.316982239484787,100,-0.1426596641540527,0
Richard Ketchum,1951-01-01,BirthDate,d4,0.25,0,0.3944366574287414,0,-0.1444366574287414,0
World War II,Allied Powers,CurrentEmployer,d4,0.7772998809814453,50,0.9241418242454528,50,-0.1468419432640075,0
Liechtenstein,1719,FoundingDate,d4,0.7772998809814453,0,0.9241418242454528,0,-0.1468419432640075,0
FC Copenhagen,Ståle Solbakken,CurrentEmployer,d4,0.7185943722724915,100,0.8670357465744019,100,-0.1484413743019104,0
Chile,Chilean peso,CurrencyPrimary,d4,0.677793025970459,0,0.8267117738723755,0,-0.1489187479019165,0
Epoch Start,Digital Currency,CurrencyPrimary,d4,0.3486451506614685,0,0.5,0,-0.1513548493385315,0
Thomas Jefferson,"Shadwell, Virginia",BirthPlace,d4,0.3486451506614685,100,0.5,100,-0.1513548493385315,0
Shakespearean English,Shakespeare's Sonnets,AuthorOfWorkPrimary,d4,0.3486451506614685,0,0.5,0,-0.1513548493385315,0
Knowledge City,Abu Dhabi Department of Education and Knowledge,ParentOrganization,d4,0.3486451506614685,0,0.5,0,-0.1513548493385315,0
Sony Corporation,1946-05-07,FoundingDate,d4,0.5,0,0.6513549089431763,0,-0.1513549089431762,0
Hsinchu Science Park,Acer Inc.,CurrentEmployer,d4,0.5,0,0.6513549089431763,0,-0.1513549089431762,0
Community Organizer,Various Nonprofit Organizations,CurrentEmployer,d4,0.5,0,0.6513549089431763,0,-0.1513549089431762,0
Vincent van Gogh,Post-Impressionist Painter,CurrentPosition,d4,0.5,0,0.6513549089431763,0,-0.1513549089431762,0
City-State,City-State Founding Year,FoundingDate,d4,0.222700148820877,0,0.3761544227600097,0,-0.1534542739391327,0
Tencent,WeChat,DevelopedByPrimary,d4,0.4225046336650848,0,0.5774953961372375,0,-0.1549907624721527,0
Pocahontas,1596,BirthDate,d4,0.4225046336650848,100,0.5774953961372375,100,-0.1549907624721527,0
Emergency Medical Technicians,Emergency Medical Responder,CurrentPosition,d4,0.2814055979251861,0,0.4392561316490173,0,-0.1578505337238311,0
State-owned Enterprises,Various Positions,CurrentPosition,d4,0.7652807235717773,0,0.9241418242454528,0,-0.1588611006736755,0
Year 2001,2001 in literature,OccursOn,d4,0.0,0,0.1588684171438217,0,-0.1588684171438217,0
Chile,Santiago,CapitalCityOfCountry,d4,0.6513549089431763,100,0.8112791776657104,100,-0.1599242687225341,0
Firefighters,Fire Captain,CurrentPosition,d4,0.222700148820877,0,0.3849121630191803,0,-0.1622120141983032,0
Porsche AG,Oliver Blume,CurrentEmployer,d4,0.4225046336650848,0,0.5862597823143005,0,-0.1637551486492157,0
Portugal,Ferdinand Magellan,BirthPlace,d4,0.3486451506614685,0,0.5151380896568298,0,-0.1664929389953613,0
French Government,Constitution of France,FoundedByPrimary,d4,0.6945120692253113,0,0.8670357465744019,0,-0.1725236773490905,0
Nobel Laureate,Stockholm,BirthPlace,d4,0.8267117738723755,100,1.0,100,-0.1732882261276245,0
African Union,Political Organization,MajorIndustryPrimary,d4,0.8267117738723755,0,1.0,0,-0.1732882261276245,0
Data Analyst,Business Intelligence Analyst,CurrentPosition,d4,0.8267117738723755,0,1.0,0,-0.1732882261276245,0
Luis Gallego,1966-10-01,BirthDate,d4,0.0599777922034263,0,0.2332902997732162,0,-0.1733125075697899,0
Henry Ford,"Dearborn, Michigan",BirthPlace,d4,0.325379878282547,0,0.5,0,-0.174620121717453,0
K. K. Y. Wong,1975-01-01,BirthDate,d4,0.222700148820877,0,0.4080508351325989,0,-0.1853506863117218,0
Francis Collins,University of North Carolina at Chapel Hill,AlmaMaterPrimary,d4,0.5774953961372375,0,0.7652807235717773,0,-0.1877853274345398,0
First Anglo-Powhatan War,1614,OccursOn,d4,0.5774953961372375,0,0.7652807235717773,0,-0.1877853274345398,0
Historical Preservation,Advocate,CurrentPosition,d4,0.0,0,0.1887208074331283,0,-0.1887208074331283,0
1746,Year Founded,FoundingDate,d4,0.2590999603271484,0,0.4481092989444732,0,-0.1890093386173248,0
"January 1, 1 AD",1 AD,FoundingDate,d4,0.2590999603271484,0,0.4481092989444732,0,-0.1890093386173248,0
Company Name,Year Founded,FoundingDate,d4,0.4225046336650848,0,0.6139360070228577,0,-0.1914313733577728,0
Jeffrey Sprecher,1965-11-23,BirthDate,d4,0.1253025233745575,0,0.3178620338439941,0,-0.1925595104694366,0
Vincent van Gogh,Independent Artist,CurrentEmployer,d4,0.5,0,0.6945120096206665,0,-0.1945120096206665,0
Seoul,South Korean Won,CurrencyPrimary,d4,0.5810242295265198,100,0.7772998809814453,100,-0.1962756514549255,0
Xetra,Deutsche Börse AG,CurrentEmployer,d4,0.5774953961372375,100,0.7772998809814453,100,-0.1998044848442077,0
University of Leipzig,1409,FoundingDate,d4,0.5774953961372375,100,0.7772998809814453,100,-0.1998044848442077,0
Parent Company Name,Stock Exchange Name,StockExchangePrimary,d4,0.0,0,0.2051891833543777,0,-0.2051891833543777,0
Director of Communication,Media Relations Director,CurrentPosition,d4,0.5518983006477356,0,0.7652807235717773,0,-0.2133824229240417,0
William McMaster,1824-10-04,BirthDate,d4,0.222700148820877,0,0.4373487532138824,0,-0.2146486043930053,0
Cultural Revolution,Mao Zedong,CurrentPosition,d4,0.6513549089431763,100,0.8670357465744019,100,-0.2156808376312255,0
Various institutions,Duke University,CurrentEmployer,d4,0.5,0,0.7185943722724915,0,-0.2185943722724914,0
"January 1, 1 AD",Jerusalem,HeadquartersCity,d4,0.2814055979251861,0,0.5,0,-0.2185944020748138,0
Rob Pelinka,1970-04-23,BirthDate,d4,0.1659584492444992,0,0.3886499404907226,0,-0.2226914912462234,0
Volkswagen AG,Wolfsburg,HeadquartersCity,d4,0.7772998809814453,100,1.0,100,-0.2227001190185547,0
Nokia,Pekka Lundmark,ChiefExecutiveOfficerCurrent,d4,0.7772998809814453,0,1.0,0,-0.2227001190185547,0
Gavin Newsom,"San Francisco, California",BirthPlace,d4,0.7772998809814453,100,1.0,100,-0.2227001190185547,0
Vice President of the United States,"October 20, 1964",BirthDate,d4,0.7772998809814453,0,1.0,0,-0.2227001190185547,0
Battle of the Atlantic,British Admiralty,CurrentEmployer,d4,0.7772998809814453,0,1.0,0,-0.2227001190185547,0
Battle of the Atlantic,Royal Navy,HostOrganizationPrimary,d4,0.7772998809814453,0,1.0,0,-0.2227001190185547,0
Colleen Paige,Pet Lifestyle Expert,CurrentEmployer,d4,0.7772998809814453,0,1.0,0,-0.2227001190185547,0
Food Industry,Tyson Foods,CurrentEmployer,d4,0.7772998809814453,0,1.0,0,-0.2227001190185547,0
Food Industry,Kraft Heinz,CurrentEmployer,d4,0.7772998809814453,0,1.0,0,-0.2227001190185547,0
Food Industry,General Mills,CurrentEmployer,d4,0.7772998809814453,0,1.0,0,-0.2227001190185547,0
Deutsche Bahn AG,Deutsche Bahn Stiftung,ParentOrganization,d4,0.7772998809814453,0,1.0,0,-0.2227001190185547,0
Hong Kong Monetary Authority,HKMA,CurrentEmployer,d4,0.7772998809814453,100,1.0,100,-0.2227001190185547,0
Government of Japan,Yen,CurrencyPrimary,d4,0.7772998809814453,100,1.0,100,-0.2227001190185547,0
Cloud Engineer,Alibaba Cloud,CurrentEmployer,d4,0.7772998809814453,0,1.0,0,-0.2227001190185547,0
Orange Polska,Polish złoty,CurrencyPrimary,d4,0.7772998809814453,50,1.0,50,-0.2227001190185547,0
Radium Institute,1932,FoundingDate,d4,0.7772998809814453,0,1.0,0,-0.2227001190185547,0
ASEAN Secretariat,Secretary-General of ASEAN,CurrentEmployer,d4,0.7772998809814453,0,1.0,0,-0.2227001190185547,0
Toyota City,Aichi Prefecture,CountryOfCity,d4,0.7772998809814453,100,1.0,100,-0.2227001190185547,0
DB Netz AG,Railway,MajorIndustryPrimary,d4,0.7772998809814453,50,1.0,50,-0.2227001190185547,0
Phil Knight,Chairman Emeritus,CurrentPosition,d4,0.7772998809814453,0,1.0,0,-0.2227001190185547,0
Danish Football Association,Kasper Hjulmand,CurrentEmployer,d4,0.7772998809814453,0,1.0,0,-0.2227001190185547,0
1848,1848 Revolutions,OccursOn,d4,0.0,0,0.222700148820877,0,-0.222700148820877,0
Knowledge City,Innovation Hub,CurrentPosition,d4,0.0,0,0.222700148820877,0,-0.222700148820877,0
Specific Parent Organization,Specific Employee,CurrentEmployer,d4,0.0,0,0.222700148820877,0,-0.222700148820877,0
Year 2001,Wikipedia's 2001 in film page,OccursOn,d4,0.0,0,0.222700148820877,0,-0.222700148820877,0
Eurozone,Monetary Union,CurrentPosition,d4,0.5489178895950317,0,0.7772998809814453,0,-0.2283819913864135,0
DB Netz AG,Dr. Richard Lutz,ChiefExecutiveOfficerCurrent,d4,0.5969080924987793,0,0.8267117738723755,0,-0.2298036813735962,0
Various titles,Various years,FoundingDate,d4,0.5,0,0.7306791543960571,0,-0.2306791543960571,0
Innovation City,Saudi Arabian Government,CurrentEmployer,d4,0.5,0,0.7345045208930969,0,-0.2345045208930969,0
Brian Moynihan,"Marblehead, Massachusetts",BirthPlace,d4,0.5,0,0.7391724586486816,0,-0.2391724586486816,0
Max Planck Society,Hermann von Helmholtz,FoundedByPrimary,d4,0.2608275413513183,0,0.5,0,-0.2391724586486816,0
1958,1958-01-01,OccursOn,d4,0.2608246207237243,0,0.5,0,-0.2391753792762756,0
Shrewsbury,Shrewsbury School,CurrentEmployer,d4,0.2585151195526123,0,0.5,0,-0.2414848804473877,0
Korea Standard Time,Korea,TimeZonePrimary,d4,0.6513549089431763,50,0.8991213440895081,50,-0.2477664351463318,0
British Museum,Sir Hans Sloane,FoundedByPrimary,d4,0.3973170816898346,100,0.6513549089431763,100,-0.2540378272533417,0
Salil Parekh,1964-04-01,BirthDate,d4,0.0758581757545471,0,0.3307223320007324,0,-0.2548641562461853,0
Chengdu Research Base of Giant Panda Breeding,Sichuan Province,CurrentEmployer,d4,0.6513549089431763,0,0.9081849455833436,0,-0.2568300366401672,0
Seoul National University,Lee Jae-myung,CurrentEmployer,d4,0.0,0,0.2585151195526123,0,-0.2585151195526123,0
Forward,Forward Player,CurrentPosition,d4,0.0,0,0.2585151195526123,0,-0.2585151195526123,0
1500,1500-01-01,BirthDate,d4,0.5518983006477356,100,0.811274528503418,100,-0.2593762278556824,0
1764,Historical Language,OfficialLanguagePrimary,d4,0.7391753792762756,0,1.0,0,-0.2608246207237243,0
Epoch Start,Start of Unix Time,CurrentPosition,d4,0.1588704586029052,0,0.4250129461288452,0,-0.2661424875259399,0
French Revolution,1789-07-14,OccursOn,d4,0.4225046336650848,0,0.6945120692253113,0,-0.2720074355602264,0
University of Paris,Sorbonne University,CurrentEmployer,d4,0.2268121391534805,0,0.5,0,-0.2731878608465194,0
Various jobs,Sales Representative,CurrentPosition,d4,0.222700148820877,0,0.5,0,-0.2772998511791229,0
1650,Company ABC,CurrentEmployer,d4,0.222700148820877,0,0.5,0,-0.2772998511791229,0
"January 1, 2004",New Year's Day 2004,OccursOn,d4,0.222700148820877,0,0.5,0,-0.2772998511791229,0
Baidu,"Baidu, Inc.",ParentOrganization,d4,0.5,0,0.7772998809814453,0,-0.2772998809814453,0
Secretary of the Treasury,unknown,BirthDate,d4,0.5,0,0.7772998809814453,0,-0.2772998809814453,0
State Governments,State Government of California,CurrentEmployer,d4,0.5,0,0.7772998809814453,0,-0.2772998809814453,0
State Governments,State Government of Florida,CurrentEmployer,d4,0.5,0,0.7772998809814453,0,-0.2772998809814453,0
State Governments,State Government of Texas,CurrentEmployer,d4,0.5,0,0.7772998809814453,0,-0.2772998809814453,0
State Governments,State Government of Ohio,CurrentEmployer,d4,0.5,0,0.7772998809814453,0,-0.2772998809814453,0
State Governments,State Government of Georgia,CurrentEmployer,d4,0.5,0,0.7772998809814453,0,-0.2772998809814453,0
State Governments,State Government of Pennsylvania,CurrentEmployer,d4,0.5,0,0.7772998809814453,0,-0.2772998809814453,0
State Governments,State Government of North Carolina,CurrentEmployer,d4,0.5,0,0.7772998809814453,0,-0.2772998809814453,0
State Governments,State Government of Michigan,CurrentEmployer,d4,0.5,0,0.7772998809814453,0,-0.2772998809814453,0
State Governments,State Government of New York,CurrentEmployer,d4,0.5,0,0.7772998809814453,0,-0.2772998809814453,0
John C. Williams,"Burlington, Vermont",BirthPlace,d4,0.5,0,0.7772998809814453,0,-0.2772998809814453,0
1923,HistoricalIndustries,MajorIndustryPrimary,d4,0.5,0,0.7772998809814453,0,-0.2772998809814453,0
Cultural Institutions,The Smithsonian Institution,CurrentEmployer,d4,0.5,0,0.7772998809814453,0,-0.2772998809814453,0
Cultural Institutions,The Rijksmuseum,CurrentEmployer,d4,0.5,0,0.7772998809814453,0,-0.2772998809814453,0
Sony Interactive Entertainment,San Mateo,HeadquartersCity,d4,0.3726585805416107,0,0.6513549089431763,0,-0.2786963284015655,0
Danish Krone,Danmarks Nationalbank,ParentOrganization,d4,0.7185943722724915,50,1.0,50,-0.2814056277275085,0
Cloud Engineer,Site Reliability Engineer,CurrentPosition,d4,0.7185943722724915,0,1.0,0,-0.2814056277275085,0
Tidjane Thiam,Abidjan,BirthPlace,d4,0.7185943722724915,0,1.0,0,-0.2814056277275085,0
"Theatre Royal, Drury Lane",1663,FoundingDate,d4,0.7185943722724915,0,1.0,0,-0.2814056277275085,0
Danish Football Association,Brøndby,HeadquartersCity,d4,0.7185943722724915,0,1.0,0,-0.2814056277275085,0
Film Industry,Columbia Pictures,CurrentEmployer,d4,0.5260193943977356,0,0.8094282150268555,0,-0.2834088206291199,0
1650,City A,BirthPlace,d4,0.0,0,0.2887442708015442,0,-0.2887442708015442,0
Professor of Mathematics,1975-05-20,BirthDate,d4,0.2111267298460006,0,0.5,0,-0.2888732701539993,0
Moscow,1147,FoundingDate,d4,0.5774953961372375,100,0.8670357465744019,100,-0.2895403504371643,0
Warsaw,Polish złoty,CurrencyPrimary,d4,0.4225046336650848,50,0.7185943722724915,50,-0.2960897386074066,0
Unknown Organization,1591-01-01,FoundingDate,d4,0.1475612372159958,0,0.4481092989444732,0,-0.3005480617284775,0
1894,1894-01-01,BirthDate,d4,0.0,0,0.3029417991638183,0,-0.3029417991638183,0
SIX Swiss Exchange,Christian Katz,ChiefExecutiveOfficerCurrent,d4,0.3625232875347137,0,0.6719016432762146,0,-0.3093783557415008,0
Current Position Title,Series Name,SeriesOfWorkPrimary,d4,0.5774953961372375,0,0.8892707228660583,0,-0.3117753267288208,0
Vice Chair of the Board of Directors,Date of Birth,BirthDate,d4,0.0658653303980827,0,0.3820664286613464,0,-0.3162010982632637,0
Munich,Bavaria,CapitalCityOfCountry,d4,0.2608304917812347,0,0.5774953961372375,0,-0.3166649043560028,0
Bertelsmann,Gütersloh,HeadquartersCity,d4,0.5,100,0.8172832131385803,100,-0.3172832131385803,0
Michael K. Young,1950-07-01,BirthDate,d4,0.1113500744104385,0,0.4294905364513397,0,-0.3181404620409012,0
Venezuela,Nicolás Maduro,CurrentEmployer,d4,0.2814055979251861,100,0.602682888507843,100,-0.3212772905826568,0
Banco Santander,Santander Group,ParentOrganization,d4,0.6026902198791504,50,0.9241418242454528,50,-0.3214516043663025,0
Battle of Guadalcanal,United States Marine Corps,HostOrganizationPrimary,d4,0.2814055979251861,0,0.6061463356018066,0,-0.3247407376766205,0
Chief Innovation Officer,Technology Executive,CurrentPosition,d4,0.0,0,0.3333333432674408,0,-0.3333333432674408,0
Nobel Laureate,1901-12-10,BirthDate,d4,0.4373487532138824,0,0.7772998809814453,0,-0.3399511277675628,0
Benjamin Franklin,American Philosophical Society,CurrentEmployer,d4,0.6513549089431763,0,1.0,0,-0.3486450910568237,0
Bonn,Federal Ministry of Defence,HeadquartersCity,d4,0.6513549089431763,0,1.0,0,-0.3486450910568237,0
Senate Foreign Relations Committee,Senator Bob Menendez,CurrentEmployer,d4,0.6513549089431763,0,1.0,0,-0.3486450910568237,0
Senate Foreign Relations Committee,Senator Jim Risch,CurrentEmployer,d4,0.6513549089431763,0,1.0,0,-0.3486450910568237,0
Renminbi,Yuan,CurrencyPrimary,d4,0.6513549089431763,100,1.0,100,-0.3486450910568237,0
Kremlin,Official Residence,CurrentPosition,d4,0.6513549089431763,0,1.0,0,-0.3486450910568237,0
Project Manager,Team Leader,CurrentPosition,d4,0.6513549089431763,0,1.0,0,-0.3486450910568237,0
Reference point in time,2023-10-06,OccursOn,d4,0.6513549089431763,0,1.0,0,-0.3486450910568237,0
Political Revolution,Revolutionary Leaders,CurrentEmployer,d4,0.6513549089431763,0,1.0,0,-0.3486450910568237,0
Frida Kahlo,Feminist Icon,CurrentPosition,d4,0.6513549089431763,0,1.0,0,-0.3486450910568237,0
Sony Interactive Entertainment,Jim Ryan,CurrentEmployer,d4,0.6513549089431763,100,1.0,100,-0.3486450910568237,0
1908-04-11,1753,FoundingDate,d4,0.6513549089431763,0,1.0,0,-0.3486450910568237,0
Chief Innovation Officer,Innovation Leadership,CurrentPosition,d4,0.0,0,0.3543879687786102,0,-0.3543879687786102,0
Hindi,19th Century,FoundingDate,d4,0.4225046336650848,0,0.7772998809814453,0,-0.3547952473163605,0
Cultural Institutions,The Louvre,CurrentEmployer,d4,0.4213107228279114,0,0.7772998809814453,0,-0.3559891581535339,0
African Union,African Union Commission,CurrentEmployer,d4,0.5774953961372375,0,0.9343951344490052,0,-0.3568997383117676,0
Afrikaans,Die Stem van Suid-Afrika,LanguageOfWorkPrimary,d4,0.6357240676879883,100,1.0,100,-0.3642759323120117,0
Parent Company Name,Current Employee Name,CurrentEmployer,d4,0.5,0,0.8670357465744019,0,-0.3670357465744018,0
Specific Parent Organization,Specific Language,OfficialLanguagePrimary,d4,0.5,0,0.8670357465744019,0,-0.3670357465744018,0
Specific Parent Organization,Specific Subsidiary,ParentOrganization,d4,0.222700148820877,0,0.5922008156776428,0,-0.3695006668567657,0
Faculty and Staff,San Francisco State University,CurrentEmployer,d4,0.222700148820877,0,0.6041950583457947,0,-0.3814949095249176,0
Mumbai,State Bank of India,CurrentEmployer,d4,0.222700148820877,0,0.6077477335929871,0,-0.38504758477211,0
International Relations,North Atlantic Treaty Organization,CurrentEmployer,d4,0.1329642385244369,0,0.5203198194503784,0,-0.3873555809259414,0
Year 2001,2001 in video games,OccursOn,d4,0.4373487532138824,0,0.8267117738723755,0,-0.389363020658493,0
French Government,1791,FoundingDate,d4,0.3486451506614685,0,0.7391695380210876,0,-0.3905243873596191,0
Czech Republic,Škoda Auto,CountryOfIncorporation,d4,0.1588704586029052,0,0.5518945455551147,0,-0.3930240869522095,0
Real Madrid CF,La Liga,CurrentPosition,d4,0.6026902198791504,100,1.0,100,-0.3973097801208496,0
Japanese,660 BC,FoundingDate,d4,0.4225046336650848,100,0.8267117738723755,100,-0.4042071402072906,0
Various companies,Various stock exchanges,StockExchangePrimary,d4,0.0939450562000274,0,0.5,0,-0.4060549437999725,0
Huawei,Guangdong,BirthPlace,d4,0.5774953961372375,0,1.0,0,-0.4225046038627624,0
Kamala Harris,California Department of Justice,CurrentEmployer,d4,0.5774953961372375,0,1.0,0,-0.4225046038627624,0
German Federal Government,Olaf Scholz,CurrentEmployer,d4,0.5774953961372375,0,1.0,0,-0.4225046038627624,0
Jeffrey Sprecher,"Madison, Wisconsin",BirthPlace,d4,0.5774953961372375,0,1.0,0,-0.4225046038627624,0
Moscow,Gazprom,HeadquartersCity,d4,0.5774953961372375,0,1.0,0,-0.4225046038627624,0
"January 1, 2015",New Year Gatherings,OccursOn,d4,0.5774953961372375,50,1.0,50,-0.4225046038627624,0
Ruby,Yukihiro Matsumoto,AlmaMaterPrimary,d4,0.5774953961372375,100,1.0,100,-0.4225046038627624,0
Dean of Students,"Dean of Students at University of California, Berkeley",CurrentPosition,d4,0.0758581757545471,0,0.5,0,-0.4241418242454529,0
Current Position Title,Author Name,AuthorOfWorkPrimary,d4,0.3486451506614685,0,0.7772998809814453,0,-0.4286547303199768,0
American Revolutionary War,Yorktown,HeldInCity,d4,0.3486451506614685,0,0.7772998809814453,0,-0.4286547303199768,0
Netherlands,1581,FoundingDate,d4,0.3486451506614685,0,0.7772998809814453,0,-0.4286547303199768,0
Reference point in time,2023-10-07,OccursOn,d4,0.3486451506614685,0,0.7772998809814453,0,-0.4286547303199768,0
Shrewsbury,Shrewsbury College,CurrentEmployer,d4,0.3486451506614685,0,0.7772998809814453,0,-0.4286547303199768,0
Political Ideology,1900-01-01,BirthDate,d4,0.222700148820877,0,0.6513549089431763,0,-0.4286547601222992,0
Lecturer,Senior Lecturer,CurrentPosition,d4,0.222700148820877,0,0.6513549089431763,0,-0.4286547601222992,0
1817,1817-01-01,BirthDate,d4,0.222700148820877,0,0.6513549089431763,0,-0.4286547601222992,0
Nikkei Inc.,Yoshihiro Inoue,CurrentEmployer,d4,0.222700148820877,0,0.6513549089431763,0,-0.4286547601222992,0
Self-Employed,Not Specified,BirthDate,d4,0.222700148820877,0,0.6513549089431763,0,-0.4286547601222992,0
Brasília,Seat of Government,CurrentPosition,d4,0.0,0,0.4373487532138824,0,-0.4373487532138824,0
FC Copenhagen,Jens Peter Broch,ChiefExecutiveOfficerCurrent,d4,0.4225046336650848,0,0.8670357465744019,0,-0.444531112909317,0
DB Netz AG,DB AG,CurrentEmployer,d4,0.5489178895950317,50,1.0,50,-0.4510821104049682,0
Food Industry,Mondelez International,CurrentEmployer,d4,0.5377748012542725,0,1.0,0,-0.4622251987457275,0
1957,Position in 1957,CurrentPosition,d4,0.4225046336650848,0,0.8892707228660583,0,-0.4667660892009735,0
Geneva,United Nations Office,HeadquartersCity,d4,0.5327491164207458,0,1.0,0,-0.4672508835792541,0
Lecturer,University Lecturer,CurrentPosition,d4,0.1821379959583282,50,0.6513549089431763,50,-0.469216912984848,0
Animal Welfare,Campaigner,CurrentPosition,d4,0.0758581757545471,0,0.5489178895950317,0,-0.4730597138404846,0
1998,Yahoo! Inc.,FoundingDate,d4,0.5260193943977356,0,1.0,0,-0.4739806056022644,0
Industrial Revolution,Economic Transformation,CurrentPosition,d4,0.222700148820877,0,0.6970614194869995,0,-0.4743612706661224,0
North Macedonia,Macedonian companies,CountryOfIncorporation,d4,0.222700148820877,0,0.7185943722724915,0,-0.4958942234516144,0
Venezuela,Caracas,CapitalCityOfCountry,d4,0.222700148820877,100,0.7185943722724915,100,-0.4958942234516144,0
Bill Gates,Philanthropist,CurrentPosition,d4,0.2814055979251861,0,0.7772998809814453,0,-0.4958942830562591,0
Argentina,Argentine peso,CurrencyPrimary,d4,0.2814055979251861,100,0.7772998809814453,100,-0.4958942830562591,0
Bertelsmann,Thomas Rabe,CurrentEmployer,d4,0.5,100,1.0,100,-0.5,0
Volkswagen AG,1937,FoundingDate,d4,0.5,100,1.0,100,-0.5,0
Benjamin Franklin,Boston Latin School,AlmaMaterPrimary,d4,0.5,0,1.0,0,-0.5,0
Robert A. Altman,1946-01-01,BirthDate,d4,0.5,0,1.0,0,-0.5,0
Charles Miller,"Pittsburgh, Pennsylvania",BirthPlace,d4,0.5,0,1.0,0,-0.5,0
"July 4, 1876",Adolf Hitler,BirthDate,d4,0.5,0,1.0,0,-0.5,0
Genevieve Bell,University of Melbourne,AlmaMaterPrimary,d4,0.5,0,1.0,0,-0.5,0
Philosopher,Philosophy Lecturer,CurrentPosition,d4,0.0,0,0.5,0,-0.5,0
1848,March 1848,OccursOn,d4,0.5,0,1.0,0,-0.5,0
1848,November 1848,OccursOn,d4,0.5,0,1.0,0,-0.5,0
Product Development,Technical Lead,CurrentPosition,d4,0.0,0,0.5,0,-0.5,0
Vice Chair of the Board of Directors,Country of Nationality,NationalityPrimary,d4,0.5,0,1.0,0,-0.5,0
Intern,Software Development Intern,CurrentPosition,d4,0.0,0,0.5,0,-0.5,0
Holland,1581,FoundingDate,d4,0.5,0,1.0,0,-0.5,0
Telugu Desam Party,Political Party,CurrentPosition,d4,0.5,0,1.0,0,-0.5,0
"April 1, 1582",Easter Sunday,OccursOn,d4,0.0,0,0.5,0,-0.5,0
Carlos Romero Deschamps,1947-08-24,BirthDate,d4,0.1329642385244369,0,0.6357240080833435,0,-0.5027597695589066,0
Tourism,Madrid,HeadquartersCity,d4,0.2608304917812347,0,0.7772998809814453,0,-0.5164693892002106,0
Year 2001,2001 in music,OccursOn,d4,0.0,0,0.5170729756355286,0,-0.5170729756355286,0
Liechtenstein,Vaduz,CapitalCityOfCountry,d4,0.3486451506614685,100,0.8892737030982971,100,-0.5406285524368286,0
Sichuan Airlines,Sichuan Airlines Group,ParentOrganization,d4,0.3486451506614685,0,0.8892737030982971,0,-0.5406285524368286,0
Mary Barra,Chairperson and CEO,CurrentPosition,d4,0.1968262046575546,0,0.7391724586486816,0,-0.542346253991127,0
Peru,Sol,CurrencyPrimary,d4,0.222700148820877,0,0.7652807235717773,0,-0.5425805747509003,0
Polish National Bank,National Bank of Poland,ParentOrganization,d4,0.1008786112070083,0,0.6513549089431763,0,-0.5504762977361679,0
Democratic Republic,Kinshasa,CapitalCityOfCountry,d4,0.44810551404953,100,1.0,100,-0.55189448595047,0
Russian Federation,Moscow Standard Time,TimeZonePrimary,d4,0.44810551404953,50,1.0,50,-0.55189448595047,0
Year 2001,Battle of Tora Bora,OccursOn,d4,0.222700148820877,0,0.7772998809814453,0,-0.5545997321605682,0
Cultural Institutions,The National Gallery,CurrentEmployer,d4,0.222700148820877,0,0.7772998809814453,0,-0.5545997321605682,0
Various roles,Various dates,BirthDate,d4,0.1253025233745575,0,0.6945120692253113,0,-0.5692095458507538,0
Mayor,Mayor of a specific city,CurrentPosition,d4,0.0,0,0.5731076598167419,0,-0.5731076598167419,0
Prime Minister,1965-05-01,BirthDate,d4,0.3497097492218017,0,0.9241418242454528,0,-0.5744320750236511,0
Benjamin Franklin,Pennsylvania Assembly,CurrentEmployer,d4,0.4225046336650848,0,1.0,0,-0.5774953663349152,0
Kamala Harris,"Oakland, California",BirthPlace,d4,0.4225046336650848,100,1.0,100,-0.5774953663349152,0
Copenhagen Business School,Copenhagen Stock Exchange,StockExchangePrimary,d4,0.4225046336650848,0,1.0,0,-0.5774953663349152,0
The Lord Chamberlain's Men,1594,FoundingDate,d4,0.4225046336650848,100,1.0,100,-0.5774953663349152,0
SIX Swiss Exchange,Swiss Stock Exchange,StockExchangePrimary,d4,0.3333333432674408,50,0.9241418242454528,50,-0.5908084809780121,0
Democratic Republic,Congo Free State,ParentOrganization,d4,0.3486451506614685,0,0.9433475732803344,0,-0.594702422618866,0
City-State,City-State Country,CountryOfCity,d4,0.3486451506614685,0,0.9433475732803344,0,-0.594702422618866,0
Cultural Institutions,The British Museum,CurrentEmployer,d4,0.1786279380321502,0,0.7772998809814453,0,-0.598671942949295,0
Cultural Institutions,The Getty,CurrentEmployer,d4,0.0511950775980949,0,0.6513549089431763,0,-0.6001598313450813,0
Polish,Poland Government,CurrentEmployer,d4,0.3973170816898346,0,1.0,0,-0.6026829183101654,0
Haruhiko Kuroda,Governor of the Bank of Japan,CurrentPosition,d4,0.397309809923172,100,1.0,100,-0.602690190076828,0
António Guterres,Secretary-General of the United Nations,CurrentPosition,d4,0.3849121630191803,100,1.0,100,-0.6150878369808197,0
Moscow,Sberbank,HeadquartersCity,d4,0.0,0,0.6293671727180481,0,-0.6293671727180481,0
Safra Catz,Holon,BirthPlace,d4,0.222700148820877,0,0.8670357465744019,0,-0.6443355977535248,0
1957,Country of City in 1957,CountryOfCity,d4,0.222700148820877,0,0.8670357465744019,0,-0.6443355977535248,0
Russian Federation,Vladimir Putin,CurrentEmployer,d4,0.222700148820877,100,0.8670357465744019,100,-0.6443355977535248,0
Innovation City,Saudi Arabia,CountryOfCity,d4,0.3486451506614685,0,1.0,0,-0.6513548493385315,0
Zurich,15 BC,FoundingDate,d4,0.3486451506614685,0,1.0,0,-0.6513548493385315,0
Shakespearean English,Historical Linguistics,CurrentPosition,d4,0.3486451506614685,0,1.0,0,-0.6513548493385315,0
"January 1, 2020",Polar Bear Plunge,OccursOn,d4,0.3486451506614685,100,1.0,100,-0.6513548493385315,0
"November 20, 1942",Siege of Leningrad,OccursOn,d4,0.3486451506614685,0,1.0,0,-0.6513548493385315,0
Christian Sewing,Bielefeld,BirthPlace,d4,0.0,0,0.6513549089431763,0,-0.6513549089431763,0
Shenzhen Special Economic Zone,Economic Development Zone,CurrentPosition,d4,0.0,0,0.6513549089431763,0,-0.6513549089431763,0
Lecturer,Assistant Professor,CurrentPosition,d4,0.0,0,0.6513549089431763,0,-0.6513549089431763,0
ETH Zurich,Prof. Ralph Eichler,CurrentEmployer,d4,0.0,0,0.6513549089431763,0,-0.6513549089431763,0
North Macedonia,Macedonian,OfficialLanguagePrimary,d4,0.3256774544715881,100,1.0,100,-0.6743225455284119,0
Bengaluru,Kannada,OfficialLanguagePrimary,d4,0.1588663905858993,100,0.8670357465744019,100,-0.7081693559885025,0
Cultural Institutions,The Uffizi Gallery,CurrentEmployer,d4,0.0672716423869133,0,0.7772998809814453,0,-0.710028238594532,0
Bayer AG,Leverkusen,HeadquartersCity,d4,0.2814055979251861,100,1.0,100,-0.7185944020748138,0
Food Industry,Unilever,CurrentEmployer,d4,0.2814055979251861,0,1.0,0,-0.7185944020748138,0
"September 21, 1792",Louis XVI,BirthDate,d4,0.2814055979251861,0,1.0,0,-0.7185944020748138,0
Mexican Federal Government,Andrés Manuel López Obrador,CurrentEmployer,d4,0.2814055979251861,0,1.0,0,-0.7185944020748138,0
Volkswagen Group,Ferdinand Porsche,FoundedByPrimary,d4,0.0918163210153579,100,0.8670357465744019,100,-0.7752194255590439,0
Hsinchu Science Park,Ministry of Science and Technology (Taiwan),ParentOrganization,d4,0.222700148820877,0,1.0,0,-0.7772998511791229,0
1746,Incorporation Country,CountryOfIncorporation,d4,0.222700148820877,0,1.0,0,-0.7772998511791229,0
Kamala Harris,U.S. Senator from California,CurrentPosition,d4,0.222700148820877,0,1.0,0,-0.7772998511791229,0
William C. Durant,1861-12-08,BirthDate,d4,0.222700148820877,0,1.0,0,-0.7772998511791229,0
1923,HistoricalCountries,CountryOfCity,d4,0.222700148820877,0,1.0,0,-0.7772998511791229,0
Taiwan Semiconductor Manufacturing Company,1987-02-21,FoundingDate,d4,0.222700148820877,0,1.0,0,-0.7772998511791229,0
Software Developer,Mobile Developer,CurrentPosition,d4,0.222700148820877,0,1.0,0,-0.7772998511791229,0
Various positions,Creative Tech Group,CurrentEmployer,d4,0.222700148820877,0,1.0,0,-0.7772998511791229,0
Reconstruction Era,1866,PublicationDate,d4,0.222700148820877,0,1.0,0,-0.7772998511791229,0
Real Madrid CF,Florentino Pérez,ChiefExecutiveOfficerCurrent,d4,0.222700148820877,100,1.0,100,-0.7772998511791229,0
"November 20, 1942",Battle of Midway,OccursOn,d4,0.222700148820877,0,1.0,0,-0.7772998511791229,0
Seoul,Park Won-soon,CurrentEmployer,d4,0.0,100,0.7772998809814453,100,-0.7772998809814453,0
Chengdu,Sichuan,CapitalCityOfCountry,d4,0.0,100,0.7772998809814453,100,-0.7772998809814453,0
Head of Government,Premier,CurrentPosition,d4,0.0,0,0.7772998809814453,0,-0.7772998809814453,0
Product Development,Product Manager,CurrentPosition,d4,0.0,0,0.7772998809814453,0,-0.7772998809814453,0
"January 1, 1 AD",Israel,CountryOfCity,d4,0.0,0,0.7772998809814453,0,-0.7772998809814453,0
Various companies,Various parent organizations,ParentOrganization,d4,0.0,0,0.7772998809814453,0,-0.7772998809814453,0
African Union,Addis Ababa,HeadquartersCity,d4,0.1963855028152465,100,1.0,100,-0.8036144971847534,0
Robert Brown,Botanist,CurrentPosition,d4,0.0,0,0.8267117738723755,0,-0.8267117738723755,0
Industrial Revolution,Factory System,CurrentEmployer,d4,0.1732881963253021,0,1.0,0,-0.8267118036746979,0
Shinzo Abe,Nagato,BirthPlace,d4,0.1732881963253021,0,1.0,0,-0.8267118036746979,0
1969,The Moon Landing,PublicationDate,d4,0.1588704586029052,0,1.0,0,-0.8411295413970947,0
China Southern Airlines,Zhang Zhiwei,CurrentEmployer,d4,0.0,0,0.8670357465744019,0,-0.8670357465744019,0
"November 20, 1942",Battle of Stalingrad,OccursOn,d4,0.1159607097506523,0,1.0,0,-0.8840392902493477,0
Italian Government,Giorgia Meloni,CurrentEmployer,d4,0.1051831617951393,0,1.0,0,-0.8948168382048607,0
University of Padua,Pope Gregory XIII,FoundedByPrimary,d4,0.0918163210153579,0,1.0,0,-0.908183678984642,0
Bob Chapek,"Hammond, Indiana",BirthPlace,d4,0.0758581757545471,0,1.0,0,-0.9241418242454528,0
Huawei,Ren Zhengfei,CurrentEmployer,d4,0.0,100,1.0,100,-1.0,0
Chengdu,Mayor of Chengdu,CurrentPosition,d4,0.0,0,1.0,0,-1.0,0
Richard Ketchum,CEO of the American Museum of Natural History,CurrentPosition,d4,0.0,0,1.0,0,-1.0,0
Charles Miller,Football Coach,CurrentPosition,d4,0.0,0,1.0,0,-1.0,0
Director of Studies,Director of Studies at a specific institution,CurrentPosition,d4,0.0,0,1.0,0,-1.0,0
"July 4, 1876",United States Declaration of Independence,OccursOn,d4,1.0,50,0.0,0,1.0,50
Shanghai Stock Exchange,Various listed companies,CurrentEmployer,d4,1.0,50,0.0,0,1.0,50
"April 1, 1582",Transition from Julian to Gregorian Calendar,OccursOn,d4,1.0,50,0.0,0,1.0,50
ETH Zurich,University of Zurich,AlmaMaterPrimary,d4,0.8670357465744019,50,0.0,0,0.8670357465744019,50
Day of the Week,Saturday,OccursOn,d4,1.0,50,0.222700148820877,0,0.7772998511791229,50
Emergency Medical Technicians,Emergency Medical Technician,CurrentPosition,d4,0.7772998809814453,50,0.0758581757545471,0,0.7014417052268982,50
Kaiser Wilhelm Institute for Physics,Physics Research,MajorIndustryPrimary,d4,1.0,50,0.3486451506614685,0,0.6513548493385315,50
Tidjane Thiam,Ivorian,NationalityPrimary,d4,1.0,50,0.3486451506614685,0,0.6513548493385315,50
Ruby,1995-12-21,InitialReleaseDate,d4,0.8892737030982971,50,0.2608275413513183,0,0.6284461617469788,50
Example Founder,CEO of Example Corporation,CurrentPosition,d4,1.0,50,0.3944366574287414,0,0.6055633425712585,50
Salil Parekh,Indian Institute of Technology Bombay,AlmaMaterPrimary,d4,0.7772998809814453,50,0.222700148820877,0,0.5545997321605682,50
Taipei Standard Time,Mandarin Chinese,OfficialLanguagePrimary,d4,0.7772998809814453,100,0.2608304917812347,50,0.5164693892002106,50
Italian Restaurant,Food Service,MajorIndustryPrimary,d4,1.0,100,0.5,50,0.5,50
"April 1, 1582",Start of the 16th century,OccursOn,d4,0.5,50,0.0,0,0.5,50
Formation of the Delphic Amphictyony,6th century BC,OccursOn,d4,0.5,50,0.1079788133502006,0,0.3920211866497993,50
1942-11-20,Operation Torch landings,OccursOn,d4,1.0,50,0.6513549089431763,0,0.3486450910568237,50
Director of Studies,Specific City,BirthPlace,d4,0.7185943722724915,50,0.3726585805416107,0,0.3459357917308807,50
"January 1, 2015",New Year Fireworks,OccursOn,d4,1.0,50,0.6920168995857239,0,0.3079831004142761,50
Specific Parent Organization,Specific Industry,MajorIndustryPrimary,d4,0.5,50,0.2814055979251861,0,0.2185944020748138,50
Beijing Municipal Government,Central Government of China,ParentOrganization,d4,1.0,50,0.8670357465744019,0,0.1329642534255981,50
Copenhagen,Danish krone,CurrencyPrimary,d4,1.0,100,0.8892707228660583,50,0.1107292771339416,50
Kumamoto,Kumamoto Prefecture,HeadquartersCity,d4,0.7391695380210876,50,0.6970614194869995,0,0.0421081185340881,50
"January 1, 2015",New Year Festivities,OccursOn,d4,1.0,50,1.0,0,0.0,50
North Macedonia,Macedonian denar,CurrencyPrimary,d4,0.3973170816898346,50,0.5,0,-0.1026829183101654,50
Hungary,Hungarian,OfficialLanguagePrimary,d4,0.8670357465744019,100,1.0,50,-0.1329642534255981,50
Moscow,Russian Ruble,CurrencyPrimary,d4,0.5774953961372375,100,0.7772998809814453,50,-0.1998044848442077,50
Ministry of Finance of the People's Republic of China,State Council of the People's Republic of China,ParentOrganization,d4,0.7772998809814453,50,1.0,0,-0.2227001190185547,50
Yonsei University,South Korean Won,CurrencyPrimary,d4,0.5389832258224487,50,1.0,0,-0.4610167741775512,50
John Adams,2nd President of the United States,CurrentPosition,d4,0.222700148820877,100,0.7772998809814453,50,-0.5545997321605682,50
Film Industry,Film,MajorIndustryPrimary,d4,0.1732881963253021,50,0.7772998809814453,0,-0.6040116846561432,50
Bern,Federal Council of Switzerland,CurrentEmployer,d4,0.222700148820877,50,1.0,0,-0.7772998511791229,50
Summer of 1969,1969-07-20,PublicationDate,d4,1.0,100,0.0,0,1.0,100
1582,October 15,OccursOn,d4,0.8892707228660583,100,0.0,0,0.8892707228660583,100
Abraham Flexner,Louisville,BirthPlace,d4,1.0,100,0.182137981057167,0,0.817862018942833,100
University of Leipzig,Leipzig,HeadquartersCity,d4,1.0,100,0.3029385805130005,0,0.6970614194869995,100
Animal Welfare Organizations,The Humane Society of the United States,CurrentEmployer,d4,1.0,100,0.4829698204994201,0,0.5170301795005798,100
New Year,December 31,OccursOn,d4,1.0,100,0.5518983006477356,0,0.4481016993522644,100
Christian Democratic Union,Konrad Adenauer,FoundedByPrimary,d4,1.0,100,0.7772998809814453,0,0.2227001190185547,100
Reconstruction Era,14th Amendment,CurrentPosition,d4,1.0,100,0.7772998809814453,0,0.2227001190185547,100
Paris,City of Paris,CurrentEmployer,d4,0.6513549089431763,100,0.5,0,0.1513549089431762,100
Nelson Mandela,Mvezo,BirthPlace,d4,0.2585151195526123,100,0.222700148820877,0,0.0358149707317352,100
Afrikaans,Fiela se Kind,LanguageOfWorkPrimary,d4,1.0,100,1.0,0,0.0,100
Tokyo Metropolitan Government,1943,FoundingDate,d4,1.0,100,1.0,0,0.0,100
New Year,"January 1, 2025",OccursOn,d4,1.0,100,1.0,0,0.0,100
Daimler Truck AG,Gottlieb Daimler,FoundedByPrimary,d4,1.0,100,1.0,0,0.0,100
University of Edinburgh,Edinburgh,HeadquartersCity,d4,1.0,100,1.0,0,0.0,100
"November 20, 1942",Battle of El Alamein,OccursOn,d4,1.0,100,1.0,0,0.0,100
1942-11-20,Battle of Kasserine Pass,OccursOn,d4,1.0,100,1.0,0,0.0,100
Reconstruction Era,1877,OccursOn,d4,0.4225046336650848,100,0.4373487532138824,0,-0.0148441195487976,100
Real Madrid CF,Carlo Ancelotti,CurrentEmployer,d4,0.6513549089431763,100,1.0,0,-0.3486450910568237,100
James Madison,Fourth President of the United States,CurrentPosition,d4,0.6022598743438721,100,1.0,0,-0.3977401256561279,100
Max Planck Institute for Astronomy,1917,FoundingDate,d4,0.222700148820877,100,0.6357240676879883,0,-0.4130239188671112,100
Nelson Mandela,African National Congress,CurrentEmployer,d4,0.314050555229187,100,0.7772998809814453,0,-0.4632493257522583,100
Taiwan Provincial Government,New Taiwan Dollar,CurrencyPrimary,d4,0.222700148820877,100,0.811274528503418,0,-0.5885743796825409,100
PETA,Norfolk,HeadquartersCity,d5,1.0,0,0.1585792601108551,100,0.8414207398891449,-100
Battle of Stalingrad,German Army,CurrentEmployer,d5,1.0,0,0.222700148820877,100,0.7772998511791229,-100
Mother Teresa,1910-08-26,BirthDate,d5,1.0,0,0.7772998809814453,100,0.2227001190185547,-100
Spanish Crown,Ferdinand II of Aragon,FoundedByPrimary,d5,1.0,0,0.8670357465744019,100,0.1329642534255981,-100
Battle of Marathon,Marathon,HeldInCity,d5,0.3486451506614685,0,0.2270917296409607,100,0.1215534210205078,-100
Martin Stratmann,University of Bonn,AlmaMaterPrimary,d5,1.0,0,1.0,100,0.0,-100
Institutional Revolutionary Party,Plutarco Elías Calles,FoundedByPrimary,d5,1.0,0,1.0,100,0.0,-100
Max Planck,1858-04-23,BirthDate,d5,1.0,0,1.0,100,0.0,-100
Ferdinand Porsche,1875-09-03,BirthDate,d5,0.8411336541175842,0,1.0,100,-0.1588663458824157,-100
The Second Battle of El Alamein,Mediterranean Sea,HeldInCity,d5,0.685949444770813,0,0.8670357465744019,100,-0.1810863018035888,-100
Battle of Stalingrad,1943-02-02,OccursOn,d5,0.7772998809814453,0,1.0,100,-0.2227001190185547,-100
Battle of Kasserine Pass,"February 20, 1943",OccursOn,d5,0.7772998809814453,0,1.0,100,-0.2227001190185547,-100
Coco Chanel,1883-08-19,BirthDate,d5,0.7391695380210876,0,1.0,100,-0.2608304619789123,-100
Samsung Electronics,Suwon,HeadquartersCity,d5,0.5,0,0.7772998809814453,100,-0.2772998809814453,-100
Greenpeace,Irving Stowe,FoundedByPrimary,d5,0.44810551404953,0,0.7772998809814453,100,-0.3291943669319153,-100
Otto von Bismarck,University of Göttingen,AlmaMaterPrimary,d5,0.5,0,1.0,100,-0.5,-100
Battle of Marathon,Historical Landmark,CurrentPosition,d5,1.0,0,0.0,50,1.0,-50
November 7,National Diabetes Month,OccursOn,d5,1.0,50,0.1463069468736648,100,0.8536930531263351,-50
Maersk,A.P. Moller-Maersk,CurrentEmployer,d5,1.0,0,0.222700148820877,50,0.7772998511791229,-50
Chair of the Committee,Committee Leader,CurrentPosition,d5,1.0,0,0.2585151195526123,50,0.7414848804473877,-50
Specific Company Name,Specific City Name,HeadquartersCity,d5,0.8670357465744019,0,0.1505470722913742,50,0.7164886742830276,-50
Establishment of the Greek city-states,Circa 800 BC,FoundingDate,d5,0.7185943722724915,0,0.222700148820877,50,0.4958942234516144,-50
Emergence of the Greek alphabet,800 BC,FoundingDate,d5,0.7772998809814453,0,0.3486451506614685,50,0.4286547303199768,-50
Leningrad,Soviet Ruble,CurrencyPrimary,d5,0.7185943722724915,0,0.3660837411880493,50,0.3525106310844421,-50
SAP SE,SAP Group,ParentOrganization,d5,1.0,0,0.7149487137794495,50,0.2850512862205505,-50
Lisbon,Western European Time,TimeZonePrimary,d5,0.5,0,0.222700148820877,50,0.2772998511791229,-50
Battle of Stalingrad,Soviet Army,CurrentEmployer,d5,1.0,0,0.7772998809814453,50,0.2227001190185547,-50
Battle of El Alamein,"October 25, 1942",OccursOn,d5,1.0,0,1.0,50,0.0,-50
Battle of El Alamein,"October 27, 1942",OccursOn,d5,1.0,0,1.0,50,0.0,-50
Cristiano Ronaldo,"February 5, 1985",BirthDate,d5,1.0,50,1.0,100,0.0,-50
Operation Torch landings,"November 11, 1942",OccursOn,d5,0.6970582008361816,0,0.7772998809814453,50,-0.0802416801452636,-50
Chancellor of the Federal Republic of Germany,Leader of the Federal Government,CurrentPosition,d5,0.8670357465744019,0,1.0,50,-0.1329642534255981,-50
Knowledge Country,Knowledge Dollar,CurrencyPrimary,d5,0.0,0,0.1702564507722854,50,-0.1702564507722854,-50
Copenhagen Municipality,Region Hovedstaden,ParentOrganization,d5,0.5,0,0.7185943722724915,50,-0.2185943722724914,-50
Madurai,Tamil Nadu Government,ParentOrganization,d5,0.7772998809814453,50,1.0,100,-0.2227001190185547,-50
Battle of Kasserine Pass,Kasserine Pass,HeldInCity,d5,0.6513549089431763,0,1.0,50,-0.3486450910568237,-50
Operation Uranus,"November 19, 1942",OccursOn,d5,0.5,0,1.0,50,-0.5,-50
Andrés Manuel López Obrador,President of Mexico,CurrentPosition,d5,0.0,0,1.0,50,-1.0,-50
Position Title,Another Current Employer Name,CurrentEmployer,d5,1.0,0,0.0,0,1.0,0
Position Title,Yet Another Current Employer Name,CurrentEmployer,d5,1.0,0,0.0,0,1.0,0
Job Title,Tech Company Inc.,CurrentEmployer,d5,1.0,0,0.0,0,1.0,0
Job Title,Global Enterprises,CurrentEmployer,d5,1.0,0,0.0,0,1.0,0
Job Title,Consulting Group,CurrentEmployer,d5,1.0,0,0.0,0,1.0,0
1989-11-09,German reunification,CurrentPosition,d5,1.0,0,0.0,0,1.0,0
Eastern European Time,Moldova,CountryOfCity,d5,1.0,0,0.0,0,1.0,0
Battle of Marathon,Military Engagement,CurrentPosition,d5,1.0,0,0.0,0,1.0,0
2025-01-01,Resolutions,OccursOn,d5,1.0,0,0.0,0,1.0,0
CountryName,CurrencyName,CurrencyPrimary,d5,1.0,0,0.0,0,1.0,0
Specific Subsidiary Name,Specific Parent Company Name,CurrentEmployer,d5,1.0,0,0.0,0,1.0,0
12th century,1180,OccursOn,d5,1.0,0,0.0758581757545471,0,0.9241418242454528,0
Ferdinand Magellan,Sabrosa,BirthPlace,d5,1.0,0,0.0813566967844963,0,0.9186433032155036,0
Various dates,"October 31, 2026",OccursOn,d5,1.0,0,0.0848813578486442,0,0.9151186421513556,0
Nagato,Amegakure,BirthPlace,d5,1.0,0,0.0871761441230773,0,0.9128238558769226,0
"November 9, 1989",Cold War,OccursOn,d5,1.0,100,0.1104247793555259,100,0.889575220644474,0
Job Title,Creative Agency,CurrentEmployer,d5,1.0,0,0.1253025233745575,0,0.8746974766254425,0
Various dates,"November 11, 2022",OccursOn,d5,1.0,0,0.1329642385244369,0,0.867035761475563,0
Emergence of the Greek alphabet,Drachma,CurrencyPrimary,d5,1.0,100,0.1329642385244369,100,0.867035761475563,0
Knowledge Country,Knowledge Technology,MajorIndustryPrimary,d5,1.0,0,0.1329642385244369,0,0.867035761475563,0
Ludwig van Beethoven,Orchestrator,CurrentPosition,d5,1.0,0,0.1456078886985778,0,0.8543921113014221,0
Ludwig van Beethoven,Conductor,CurrentPosition,d5,1.0,0,0.1801570057868957,0,0.8198429942131042,0
Ludwig van Beethoven,Arranger,CurrentPosition,d5,1.0,0,0.1801570057868957,0,0.8198429942131042,0
Monday,2023-10-23,OccursOn,d5,1.0,0,0.1844393908977508,0,0.8155606091022491,0
2025-01-01,Fireworks Displays,OccursOn,d5,1.0,0,0.2112523168325424,0,0.7887476831674576,0
Al-Qaeda,Terrorist Organization,CurrentPosition,d5,0.7772998809814453,0,0.0,0,0.7772998809814453,0
Position Title,Birth Place,BirthPlace,d5,1.0,0,0.222700148820877,0,0.7772998511791229,0
Kiichiro Toyoda,"June 11, 1894",BirthDate,d5,1.0,0,0.222700148820877,0,0.7772998511791229,0
1878,1878-01-01,BirthDate,d5,1.0,0,0.222700148820877,0,0.7772998511791229,0
Ludwig van Beethoven,Music Educator,CurrentPosition,d5,1.0,0,0.222700148820877,0,0.7772998511791229,0
Chancellor of the Federal Republic of Germany,Federal Government of Germany,CurrentEmployer,d5,1.0,0,0.222700148820877,0,0.7772998511791229,0
Co-founder,City of Headquarters,HeadquartersCity,d5,1.0,0,0.222700148820877,0,0.7772998511791229,0
2025-01-01,Weekend,OccursOn,d5,1.0,0,0.222700148820877,0,0.7772998511791229,0
Monday,2023-10-30,OccursOn,d5,1.0,0,0.222700148820877,0,0.7772998511791229,0
Mahatma Gandhi,Leader of the Indian independence movement,CurrentPosition,d5,1.0,0,0.222700148820877,0,0.7772998511791229,0
Battle of El Alamein,"November 4, 1942",OccursOn,d5,1.0,0,0.222700148820877,0,0.7772998511791229,0
Battle of Kasserine Pass,"February 24, 1943",OccursOn,d5,1.0,0,0.222700148820877,0,0.7772998511791229,0
November 7,National Adoption Month,OccursOn,d5,1.0,100,0.2254001498222351,100,0.7745998501777649,0
Battle of Marathon,Decisive Victory,CurrentPosition,d5,1.0,0,0.2585151195526123,0,0.7414848804473877,0
1882,1882-01-01,BirthDate,d5,1.0,0,0.2608304917812347,0,0.7391695082187653,0
Al-Qaeda,Afghan Afghani,CurrencyPrimary,d5,0.9241418242454528,0,0.1860341876745224,0,0.7381076365709305,0
12th century,1150,OccursOn,d5,0.957912266254425,0,0.222700148820877,0,0.735212117433548,0
12th century,1140,OccursOn,d5,0.957912266254425,0,0.222700148820877,0,0.735212117433548,0
12th century,1120,OccursOn,d5,0.957912266254425,0,0.222700148820877,0,0.735212117433548,0
Ludwig van Beethoven,Composer,CurrentPosition,d5,1.0,0,0.2732809782028198,0,0.7267190217971802,0
Ludwig van Beethoven,Pianist,CurrentPosition,d5,1.0,0,0.2732809782028198,0,0.7267190217971802,0
UTC+5:30,Kolkata,CountryOfCity,d5,1.0,0,0.2814055979251861,0,0.7185944020748138,0
Operation Torch landings,Tunis,HeldInCity,d5,1.0,0,0.2909891903400421,0,0.7090108096599579,0
Pemex,Octavio Romero Oropeza,CurrentEmployer,d5,0.7772998809814453,0,0.0758581757545471,0,0.7014417052268982,0
Operation Torch landings,Algiers,HeldInCity,d5,1.0,100,0.3131121098995209,100,0.6868878901004791,0
Various dates,"December 25, 2021",OccursOn,d5,1.0,0,0.3253765106201172,0,0.6746234893798828,0
Various dates,"March 15, 2023",OccursOn,d5,1.0,0,0.3253765106201172,0,0.6746234893798828,0
Foundation of Rome,Roman Kingdom,ParentOrganization,d5,1.0,0,0.3256774544715881,0,0.6743225455284119,0
Duke University,1838,FoundingDate,d5,1.0,100,0.3333333432674408,100,0.6666666567325592,0
Madurai,Madurai Corporation,HeadquartersCity,d5,0.7772998809814453,0,0.1188951805233955,0,0.6584047004580498,0
Saturday,2023-10-28,OccursOn,d5,1.0,0,0.3445781469345093,0,0.6554218530654907,0
Egypt,Egyptian pound,CurrencyPrimary,d5,0.6513549089431763,0,0.0,0,0.6513549089431763,0
311 BC,Foundation of the city of Alexandria,OccursOn,d5,1.0,0,0.3486451506614685,0,0.6513548493385315,0
Chair of the Committee,Leadership Role,CurrentPosition,d5,1.0,0,0.3486451506614685,0,0.6513548493385315,0
Kiel University,1665,FoundingDate,d5,1.0,100,0.3486451506614685,100,0.6513548493385315,0
American Civil War,1861-04-12,OccursOn,d5,1.0,0,0.3486451506614685,0,0.6513548493385315,0
Danish National Team Player,Aalborg BK,CurrentEmployer,d5,1.0,0,0.3486451506614685,0,0.6513548493385315,0
1926,1926-01-01,BirthDate,d5,1.0,0,0.3486451506614685,0,0.6513548493385315,0
National Team Player,Captain,CurrentPosition,d5,1.0,0,0.3543879389762878,0,0.6456120610237122,0
Battle of Marathon,Ancient Greek Army,CurrentEmployer,d5,0.8670357465744019,0,0.222700148820877,0,0.6443355977535248,0
Mahatma Gandhi,Porbandar,BirthPlace,d5,0.7185943722724915,100,0.0758581757545471,100,0.6427361965179443,0
Saturday,2023-11-18,OccursOn,d5,1.0,0,0.3625232875347137,0,0.6374767124652863,0
Saturday,2023-12-02,OccursOn,d5,0.7772998809814453,0,0.1572676002979278,0,0.6200322806835175,0
CountryName,ContinentName,Continent,d5,1.0,0,0.3886499404907226,0,0.6113500595092773,0
Danish National Team Player,Danish National Football Team,CurrentPosition,d5,0.7772998809814453,0,0.1694678217172622,0,0.607832059264183,0
Copenhagen Municipality,1254,FoundingDate,d5,1.0,0,0.397309809923172,0,0.602690190076828,0
Madurai,Chennai,CapitalCityOfCountry,d5,1.0,0,0.4000197649002075,0,0.5999802350997925,0
Position Title,Birth Date,BirthDate,d5,0.8892737030982971,0,0.2938145697116852,0,0.5954591333866119,0
"November 9, 1989",Democratic reforms,OccursOn,d5,0.7772998809814453,0,0.1821379959583282,0,0.5951618850231171,0
1550,Country of City in 1550,CountryOfCity,d5,1.0,0,0.4241962432861328,0,0.5758037567138672,0
Saturday,2023-10-14,OccursOn,d5,1.0,0,0.425014853477478,0,0.574985146522522,0
Saturday,2023-11-04,OccursOn,d5,1.0,0,0.425014853477478,0,0.574985146522522,0
Saturday,2023-10-21,OccursOn,d5,1.0,0,0.425014853477478,0,0.574985146522522,0
Coco Chanel,Saumur,BirthPlace,d5,1.0,100,0.4269096553325653,100,0.5730903446674347,0
Andrés Manuel López Obrador,1953-11-13,BirthDate,d5,1.0,0,0.4373487532138824,0,0.5626512467861176,0
Tehran,Tehran University,CurrentEmployer,d5,0.7772998809814453,0,0.222700148820877,0,0.5545997321605682,0
National Team Player,YYYY-MM-DD,BirthDate,d5,0.7772998809814453,0,0.222700148820877,0,0.5545997321605682,0
Samsung Electronics,Samsung Group,ParentOrganization,d5,1.0,100,0.44810551404953,100,0.55189448595047,0
Co-founder,Co-founder of a company,CurrentPosition,d5,0.5389832258224487,0,0.0,0,0.5389832258224487,0
Monday,2023-10-16,OccursOn,d5,1.0,0,0.4610168039798736,0,0.5389831960201263,0
311 BC,The Battle of Issus,OccursOn,d5,0.7185943722724915,0,0.1821379959583282,0,0.5364563763141632,0
Shunichi Suzuki,1970-10-05,BirthDate,d5,1.0,0,0.4748858213424682,0,0.5251141786575317,0
Danish National Team Player,1988-05-15,BirthDate,d5,0.6357240676879883,0,0.1113500744104385,0,0.5243739932775497,0
660 BC,Development of Greek philosophy,OccursOn,d5,0.7772998809814453,0,0.2585151195526123,0,0.518784761428833,0
Samsung Electronics,Vice Chairman,CurrentPosition,d5,1.0,100,0.5,100,0.5,0
1492,Explorer,CurrentPosition,d5,0.5,0,0.0,0,0.5,0
UTC+5:30,Surat,CountryOfCity,d5,1.0,0,0.5,0,0.5,0
UTC+5:30,Ahmedabad,CountryOfCity,d5,1.0,0,0.5,0,0.5,0
Battle of Midway,Imperial Japanese Navy,HostOrganizationPrimary,d5,1.0,100,0.5,100,0.5,0
Tuesday,2023-10-31,OccursOn,d5,1.0,0,0.5,0,0.5,0
Establishment of trade routes in the Mediterranean,Roman Empire,CurrentEmployer,d5,1.0,100,0.5,100,0.5,0
12th century,1170,OccursOn,d5,1.0,0,0.5,0,0.5,0
12th century,1190,OccursOn,d5,1.0,0,0.5,0,0.5,0
Mahatma Gandhi,1869-10-02,BirthDate,d5,1.0,100,0.5,100,0.5,0
Young Liu,CEO of Foxconn,CurrentPosition,d5,0.5,0,0.0,0,0.5,0
Operation Uranus,"February 2, 1943",OccursOn,d5,1.0,0,0.5,0,0.5,0
Danish,Team Captain,CurrentPosition,d5,0.7772998809814453,0,0.2814055979251861,0,0.4958942830562591,0
Julius Caesar,Dictator,CurrentPosition,d5,1.0,100,0.5151380896568298,100,0.4848619103431701,0
Leonardo da Vinci,Florence Academy of Arts,AlmaMaterPrimary,d5,1.0,0,0.518977165222168,0,0.481022834777832,0
2025-01-01,Public Holiday,OccursOn,d5,1.0,0,0.5268071293830872,0,0.4731928706169128,0
Emergence of the Greek alphabet,Writing System,CurrentPosition,d5,1.0,0,0.5296257734298706,0,0.4703742265701294,0
Example Event,Example Date,OccursOn,d5,0.8589810729026794,0,0.3944366574287414,0,0.464544415473938,0
311 BC,The establishment of the Ptolemaic Kingdom,OccursOn,d5,1.0,0,0.548917829990387,0,0.451082170009613,0
Position Title,Yet Another Current Position Title,CurrentPosition,d5,1.0,0,0.5608820915222168,0,0.4391179084777832,0
UTC+5:30,Pune,CountryOfCity,d5,0.7772998809814453,0,0.3486451506614685,0,0.4286547303199768,0
Málaga,8th century BC,FoundingDate,d5,0.5,50,0.0758581757545471,50,0.4241418242454529,0
Cultural Capital of China,Chinese Government,CurrentEmployer,d5,0.4225046336650848,0,0.0,0,0.4225046336650848,0
1550,Position held in 1550,CurrentPosition,d5,1.0,0,0.5774953961372375,0,0.4225046038627624,0
Operation Torch landings,Oran,HeldInCity,d5,1.0,0,0.5774953961372375,0,0.4225046038627624,0
Operation Torch landings,La Spezia,HeldInCity,d5,1.0,0,0.5774953961372375,0,0.4225046038627624,0
CountryName,YearFounded,FoundingDate,d5,0.6970582008361816,0,0.2745718657970428,0,0.4224863350391388,0
Introduction of coinage in Greece,Stater,CurrencyPrimary,d5,1.0,0,0.5959083437919617,0,0.4040916562080383,0
Coco Chanel,Fashion Designer,CurrentPosition,d5,0.3944366574287414,0,0.0,0,0.3944366574287414,0
Central European Time Zone,Central Europe,TimeZonePrimary,d5,0.6513549089431763,0,0.2608275413513183,0,0.3905273675918579,0
Foundation of Rome,753 BC,FoundingDate,d5,0.6513549089431763,100,0.2814055979251861,100,0.3699493110179901,0
Chancellor of Germany,Federal Chancellor,CurrentPosition,d5,0.7185943722724915,0,0.3486451506614685,0,0.3699492216110229,0
Chef,Chef de Cuisine,CurrentPosition,d5,0.5,0,0.1329642385244369,0,0.367035761475563,0
Samsung Electronics,Lee Jae-Yong,CurrentEmployer,d5,0.8670357465744019,0,0.5,0,0.3670357465744018,0
CountryName,OrgName,CountryOfIncorporation,d5,0.8670357465744019,0,0.5,0,0.3670357465744018,0
Establishment of trade routes in the Mediterranean,1st century BC,OccursOn,d5,0.4373487532138824,50,0.0705094560980796,50,0.3668392971158027,0
Counterculture Movement,The Diggers,CurrentEmployer,d5,0.6945120096206665,0,0.3333333432674408,0,0.3611786663532257,0
Hamburg,Shipping,MajorIndustryPrimary,d5,0.7185943722724915,100,0.3625232875347137,100,0.3560710847377777,0
Saturday,2023-11-11,OccursOn,d5,0.7772998809814453,0,0.425014853477478,0,0.3522850275039673,0
Position Title,Alma Mater Name,AlmaMaterPrimary,d5,1.0,0,0.6513549089431763,0,0.3486450910568237,0
1550,Employer in 1550,CurrentEmployer,d5,1.0,0,0.6513549089431763,0,0.3486450910568237,0
Otto von Bismarck,Prussia,CurrentEmployer,d5,1.0,100,0.6513549089431763,100,0.3486450910568237,0
November 7,National Day of Mourning,OccursOn,d5,1.0,0,0.6513549089431763,0,0.3486450910568237,0
Battle of El Alamein,"October 24, 1942",OccursOn,d5,1.0,0,0.6513549089431763,0,0.3486450910568237,0
Akio Toyoda,1956-08-03,BirthDate,d5,0.7772998809814453,0,0.4373487532138824,0,0.3399511277675628,0
March 14,Pi Day,OccursOn,d5,0.8267117738723755,100,0.5,100,0.3267117738723755,0
Chair of the Committee,Committee Organization,CurrentEmployer,d5,1.0,0,0.6746234893798828,0,0.3253765106201172,0
1550,Event in 1550,OccursOn,d5,0.6513549089431763,0,0.3486451506614685,0,0.3027097582817077,0
Foundation of Rome,Romulus,FoundedByPrimary,d5,0.6513549089431763,100,0.3486451506614685,100,0.3027097582817077,0
Saturday,2023-11-25,OccursOn,d5,0.4481017291545868,0,0.1499702632427215,0,0.2981314659118652,0
1550,Founding year of organization,FoundingDate,d5,0.6513549089431763,0,0.3589297235012054,0,0.2924251854419708,0
Egypt,3100 BC,FoundingDate,d5,0.4225046336650848,0,0.1358956098556518,0,0.286609023809433,0
Tehran,500 CE,FoundingDate,d5,0.7772998809814453,0,0.5,0,0.2772998809814453,0
Otto von Bismarck,"April 1, 1815",BirthDate,d5,0.7772998809814453,100,0.5,100,0.2772998809814453,0
Leningrad,UTC+3,TimeZonePrimary,d5,0.7772998809814453,0,0.5,0,0.2772998809814453,0
Rise of the Archaic period in Greece,800 BC,OccursOn,d5,0.5,0,0.222700148820877,0,0.2772998511791229,0
Indian National Congress,Allan Octavian Hume,FoundedByPrimary,d5,0.5,0,0.222700148820877,0,0.2772998511791229,0
Battle of Stalingrad,Offensive,CurrentPosition,d5,0.5,0,0.222700148820877,0,0.2772998511791229,0
311 BC,The Battle of the Persian Gates,OccursOn,d5,0.8670357465744019,0,0.592200756072998,0,0.2748349905014038,0
Establishment of trade routes in the Mediterranean,Roman Denarius,CurrencyPrimary,d5,0.9241418242454528,0,0.6513549089431763,0,0.2727869153022766,0
311 BC,The start of the Hellenistic period,OccursOn,d5,0.7185943722724915,0,0.4581440389156341,0,0.2604503333568573,0
Cultural Capital of China,Cultural Leader,CurrentPosition,d5,0.7772998809814453,0,0.518977165222168,0,0.2583227157592773,0
Málaga,Andalusia,ParentOrganization,d5,0.7185943722724915,100,0.472234159708023,100,0.2463602125644683,0
Eastern European Time,Slovakia,CountryOfCity,d5,1.0,0,0.7565393447875977,0,0.2434606552124023,0
Eastern European Time,Bulgaria,CountryOfCity,d5,1.0,0,0.7565393447875977,0,0.2434606552124023,0
Marie Curie,1867-11-07,BirthDate,d5,0.7185943722724915,100,0.4890977144241333,100,0.2294966578483581,0
Madurai,300 BCE,FoundingDate,d5,0.5774953961372375,0,0.3486451506614685,0,0.228850245475769,0
National Team Player,National Sports Federation,CurrentEmployer,d5,0.6513549089431763,0,0.4250138998031616,0,0.2263410091400146,0
Morris Chang,1929-07-10,BirthDate,d5,0.3886499404907226,0,0.1649252623319625,0,0.22372467815876,0
Mother Teresa,Humanitarian,CurrentPosition,d5,1.0,0,0.7772998809814453,0,0.2227001190185547,0
1989-11-09,The Fall of the Berlin Wall,PublicationDate,d5,1.0,0,0.7772998809814453,0,0.2227001190185547,0
Eastern European Time,Latvia,CountryOfCity,d5,1.0,0,0.7772998809814453,0,0.2227001190185547,0
Eastern European Time,Ukraine,CountryOfCity,d5,1.0,0,0.7772998809814453,0,0.2227001190185547,0
Eastern European Time,Estonia,CountryOfCity,d5,1.0,0,0.7772998809814453,0,0.2227001190185547,0
Eastern European Time,Romania,CountryOfCity,d5,1.0,0,0.7772998809814453,0,0.2227001190185547,0
Counterculture Movement,Anti-war protests,CurrentPosition,d5,1.0,0,0.7772998809814453,0,0.2227001190185547,0
Kiel University,Kiel,HeadquartersCity,d5,1.0,0,0.7772998809814453,0,0.2227001190185547,0
Battle of Midway,Naval Battle,CurrentPosition,d5,1.0,0,0.7772998809814453,0,0.2227001190185547,0
Various dates,"April 22, 2025",OccursOn,d5,1.0,0,0.7772998809814453,0,0.2227001190185547,0
Tuesday,2023-11-28,OccursOn,d5,1.0,0,0.7772998809814453,0,0.2227001190185547,0
National Team Player,National Football Association,CurrentEmployer,d5,1.0,0,0.7772998809814453,0,0.2227001190185547,0
12th century,1100,OccursOn,d5,1.0,0,0.7772998809814453,0,0.2227001190185547,0
12th century,1160,OccursOn,d5,1.0,0,0.7772998809814453,0,0.2227001190185547,0
Rise of the Archaic period in Greece,500 BC,OccursOn,d5,1.0,0,0.7772998809814453,0,0.2227001190185547,0
Knowledge Country,Knowledge Language,OfficialLanguagePrimary,d5,1.0,0,0.7772998809814453,0,0.2227001190185547,0
Chairman and CEO,CEO of Company Name,CurrentPosition,d5,0.6513549089431763,0,0.44810551404953,0,0.2032493948936462,0
Battle of Marathon,Cultural Reference,CurrentPosition,d5,1.0,0,0.8112767934799194,0,0.1887232065200805,0
Akio Toyoda,Nagoya,BirthPlace,d5,0.7185943722724915,0,0.5377748012542725,0,0.180819571018219,0
Al-Qaeda,Afghanistan,NationalityPrimary,d5,1.0,0,0.8267117738723755,0,0.1732882261276245,0
Establishment of the Greek city-states,Hellenic League,ParentOrganization,d5,1.0,0,0.8267117738723755,0,0.1732882261276245,0
National Team Player,National Team,CurrentPosition,d5,0.5,0,0.3486451506614685,0,0.1513548493385315,0
Current Employee Name,Specific Job Title,CurrentPosition,d5,1.0,0,0.8545606136322021,0,0.1454393863677978,0
2027-01-01,"January 1, 2027",OccursOn,d5,1.0,0,0.8589810729026794,0,0.1410189270973205,0
Chair of the Committee,Committee Chair,CurrentPosition,d5,0.4694766998291015,0,0.3333333432674408,0,0.1361433565616607,0
Eastern European Time,Lithuania,CountryOfCity,d5,1.0,0,0.8670357465744019,0,0.1329642534255981,0
Various dates,"June 14, 2027",OccursOn,d5,1.0,0,0.8670357465744019,0,0.1329642534255981,0
Operation Torch landings,Mers-el-Kébir,HeldInCity,d5,1.0,0,0.8670357465744019,0,0.1329642534255981,0
Operation Torch landings,Bougie,HeldInCity,d5,1.0,0,0.8670357465744019,0,0.1329642534255981,0
Yuriko Koike,1952-07-15,BirthDate,d5,0.25,0,0.1253025233745575,0,0.1246974766254425,0
Andrés Manuel López Obrador,Tepechitlán,BirthPlace,d5,0.7185943722724915,0,0.602682888507843,0,0.1159114837646484,0
SAP SE,Christian Klein,CurrentEmployer,d5,1.0,0,0.8892722129821777,0,0.1107277870178222,0
National Team Player,Professional Sports Club,CurrentEmployer,d5,1.0,0,0.8892729878425598,0,0.1107270121574401,0
1955-02-24,Scientist,CurrentPosition,d5,0.1107263192534446,0,0.0,0,0.1107263192534446,0
12th century,1130,OccursOn,d5,0.8847476840019226,0,0.7772998809814453,0,0.1074478030204773,0
Battle of Midway,Midway Atoll,HeldInCity,d5,0.6026865839958191,0,0.5,0,0.102686583995819,0
Tehran,Persian,OfficialLanguagePrimary,d5,1.0,100,0.8991213440895081,100,0.1008786559104919,0
Various dates,"February 14, 2020",OccursOn,d5,1.0,0,0.8991213440895081,0,0.1008786559104919,0
Various dates,"September 1, 2024",OccursOn,d5,1.0,0,0.8991213440895081,0,0.1008786559104919,0
Co-founder,Year of Founding,FoundingDate,d5,0.7772998809814453,0,0.6945120692253113,0,0.082787811756134,0
Kiichiro Toyoda,"Nagoya, Japan",BirthPlace,d5,0.5774953961372375,0,0.5,0,0.0774953961372375,0
Skopje,Skopje City Park,HeldInCity,d5,0.6513549089431763,0,0.5774953961372375,0,0.0738595128059387,0
Emergence of the Greek alphabet,Phoenician Alphabet,ParentOrganization,d5,0.7772998809814453,100,0.7185943722724915,100,0.0587055087089538,0
Counterculture Movement,Environmental Movement,CurrentPosition,d5,0.8267117738723755,0,0.7681549191474915,0,0.058556854724884,0
Establishment of the Greek city-states,Democracy,CurrentPosition,d5,0.222700148820877,0,0.1821379959583282,0,0.0405621528625488,0
CountryName,LanguageName,OfficialLanguagePrimary,d5,0.7772998809814453,0,0.7420396208763123,0,0.035260260105133,0
Emergence of the Greek alphabet,Hellenistic Greece,CurrentEmployer,d5,0.8094282150268555,0,0.7772998809814453,0,0.0321283340454101,0
Madrid,Banco de España,HeadquartersCity,d5,0.7185943722724915,0,0.6970614194869995,0,0.0215329527854919,0
Position Title,Nationality,NationalityPrimary,d5,1.0,0,1.0,0,0.0,0
Herbert Diess,1959-04-24,BirthDate,d5,0.7772998809814453,0,0.7772998809814453,0,0.0,0
"October 8, 1960",1960-10-08,OccursOn,d5,0.0,0,0.0,0,0.0,0
African National Congress,Johannesburg,HeadquartersCity,d5,1.0,100,1.0,100,0.0,0
Egypt,Egyptian General Petroleum Corporation,CountryOfIncorporation,d5,1.0,0,1.0,0,0.0,0
LG Electronics,LG Corp,ParentOrganization,d5,1.0,50,1.0,50,0.0,0
Unknown Capital,Unknown TimeZone,TimeZonePrimary,d5,1.0,0,1.0,0,0.0,0
311 BC,Death of Alexander the Great,OccursOn,d5,0.0,0,0.0,0,0.0,0
Hamburg,Hapag-Lloyd,HeadquartersCity,d5,1.0,0,1.0,0,0.0,0
"November 9, 1989",Reunification of Germany,OccursOn,d5,1.0,50,1.0,50,0.0,0
"November 9, 1989",East Germany,OccursOn,d5,1.0,0,1.0,0,0.0,0
"November 9, 1989",Peaceful protests,OccursOn,d5,1.0,0,1.0,0,0.0,0
"November 9, 1989",Fall of the Berlin Wall,OccursOn,d5,1.0,100,1.0,100,0.0,0
1550,Official language in 1550,OfficialLanguagePrimary,d5,1.0,0,1.0,0,0.0,0
Lisbon,Efacec,HeadquartersCity,d5,1.0,0,1.0,0,0.0,0
Lisbon,1200,FoundingDate,d5,0.5,0,0.5,0,0.0,0
Málaga,Tourism Capital,CurrentPosition,d5,1.0,0,1.0,0,0.0,0
Al-Qaeda,Osama bin Laden,CurrentEmployer,d5,1.0,0,1.0,0,0.0,0
Al-Qaeda,Kabul,HeadquartersCity,d5,1.0,100,1.0,100,0.0,0
Al-Qaeda,Maktab al-Khidamat,ParentOrganization,d5,1.0,0,1.0,0,0.0,0
Greenpeace,1971-09-15,FoundingDate,d5,0.6513549089431763,0,0.6513549089431763,0,0.0,0
Co-founder,Specific Role,CurrentPosition,d5,1.0,0,1.0,0,0.0,0
SAP SE,Walldorf,HeadquartersCity,d5,1.0,100,1.0,100,0.0,0
Tehran,Mayor of Tehran,CurrentPosition,d5,0.0,0,0.0,0,0.0,0
Tehran,National Iranian Oil Company,HeadquartersCity,d5,1.0,0,1.0,0,0.0,0
Counterculture Movement,1960s,CurrentPosition,d5,1.0,50,1.0,50,0.0,0
Introduction of coinage in Greece,Sardis,HeadquartersCity,d5,1.0,0,1.0,0,0.0,0
Introduction of coinage in Greece,Lydian Kingdom,CurrentEmployer,d5,1.0,0,1.0,0,0.0,0
Chancellor of Germany,Leader of the Social Democratic Party,CurrentPosition,d5,1.0,0,1.0,0,0.0,0
Otto von Bismarck,Minister-President of Prussia,CurrentPosition,d5,1.0,0,1.0,0,0.0,0
Einstein's birthday celebration,Celebration Committee,CurrentEmployer,d5,1.0,0,1.0,0,0.0,0
2025-01-01,Cultural Events,OccursOn,d5,1.0,0,1.0,0,0.0,0
2025-01-01,Family Gatherings,OccursOn,d5,1.0,0,1.0,0,0.0,0
Battle of Midway,Aircraft Carrier Battle,CurrentPosition,d5,1.0,0,1.0,0,0.0,0
Battle of Midway,1942,PublicationDate,d5,1.0,100,1.0,100,0.0,0
November 7,Guy Fawkes Night,OccursOn,d5,1.0,100,1.0,100,0.0,0
November 7,World Kindness Day,OccursOn,d5,1.0,100,1.0,100,0.0,0
November 7,Election Day,OccursOn,d5,1.0,0,1.0,0,0.0,0
Siege of Leningrad,"September 8, 1941",OccursOn,d5,1.0,100,1.0,100,0.0,0
Various dates,"July 4, 2021",OccursOn,d5,1.0,0,1.0,0,0.0,0
Tuesday,2023-10-17,OccursOn,d5,1.0,0,1.0,0,0.0,0
Gordon Ramsay,Television Chef,CurrentPosition,d5,1.0,0,1.0,0,0.0,0
Specific Subsidiary Name,Specific Position Name,CurrentPosition,d5,0.0,0,0.0,0,0.0,0
Establishment of trade routes in the Mediterranean,Ancient Trade Networks,ParentOrganization,d5,1.0,0,1.0,0,0.0,0
Rise of the Archaic period in Greece,Ancient Greek City-States,ParentOrganization,d5,1.0,0,1.0,0,0.0,0
Mahatma Gandhi,Nonviolent resistance movement,CurrentEmployer,d5,1.0,50,1.0,50,0.0,0
Woodstock Ventures,Michael Lang,FoundedByPrimary,d5,1.0,100,1.0,100,0.0,0
Midfielder,Atletico Madrid,CurrentEmployer,d5,0.5,0,0.5,0,0.0,0
The Second Battle of El Alamein,North Africa,HeldInCity,d5,1.0,100,1.0,100,0.0,0
Operation Torch,Free French Forces,HostOrganizationPrimary,d5,0.5,0,0.5,0,0.0,0
Battle of Kasserine Pass,"February 21, 1943",OccursOn,d5,1.0,0,1.0,0,0.0,0
Battle of Kasserine Pass,"February 19, 1943",OccursOn,d5,1.0,0,1.0,0,0.0,0
Hamburg,Free and Hanseatic City of Hamburg,ParentOrganization,d5,0.5774953961372375,0,0.5922008156776428,0,-0.0147054195404052,0
Introduction of coinage in Greece,Lydia,CreatedByPrimary,d5,0.3067624568939209,0,0.3256774544715881,0,-0.0189149975776672,0
Leonardo da Vinci,Vinci,BirthPlace,d5,0.2814055979251861,0,0.316982239484787,0,-0.0355766415596008,0
Leonardo da Vinci,Vitruvian Man,AuthorOfWorkPrimary,d5,0.2876356244087219,0,0.3445781469345093,0,-0.0569425225257873,0
China Standard Time,Tianjin,CountryOfCity,d5,0.7185943722724915,0,0.7772998809814453,0,-0.0587055087089538,0
Pemex,Mexican Stock Exchange,StockExchangePrimary,d5,0.4373487532138824,50,0.5,50,-0.0626512467861175,0
Rupee,Pakistan,CurrencyPrimary,d5,0.4225046336650848,0,0.5,0,-0.0774953663349151,0
Operation Torch,British Army,HostOrganizationPrimary,d5,0.4225046336650848,0,0.5,0,-0.0774953663349151,0
Kenichiro Yoshida,1960-11-04,BirthDate,d5,0.3497097492218017,0,0.4373487532138824,0,-0.0876390039920806,0
Maersk,Søren Skou,CurrentEmployer,d5,0.685949444770813,100,0.7772998809814453,100,-0.0913504362106323,0
Tuesday,2023-10-24,OccursOn,d5,0.7772998809814453,0,0.8840392827987671,0,-0.1067394018173217,0
Hamburg,1189,FoundingDate,d5,0.0,0,0.1107293292880058,0,-0.1107293292880058,0
Tehran,Iran,CountryOfCity,d5,0.0,100,0.1125155910849571,100,-0.1125155910849571,0
Royal Military Academy Sandhurst,1802,FoundingDate,d5,0.4610168039798736,0,0.5774953961372375,0,-0.1164785921573638,0
Egypt,Abdel Fattah el-Sisi,CurrentEmployer,d5,0.6513549089431763,0,0.7772998809814453,0,-0.125944972038269,0
Siege of Leningrad,Red Army,CurrentEmployer,d5,0.8670357465744019,0,1.0,0,-0.1329642534255981,0
Herbert Diess,Landsberg am Lech,BirthPlace,d5,0.3486451506614685,0,0.5,0,-0.1513548493385315,0
Rise of the Archaic period in Greece,City-States of Ancient Greece,CurrentEmployer,d5,0.8479677438735962,0,1.0,0,-0.1520322561264038,0
Midfielder,Attacking Midfielder,CurrentPosition,d5,0.0,0,0.1585792601108551,0,-0.1585792601108551,0
Tuesday,2023-11-14,OccursOn,d5,0.8411336541175842,0,1.0,0,-0.1588663458824157,0
Battle of El Alamein,"October 23, 1942",OccursOn,d5,0.8411336541175842,0,1.0,0,-0.1588663458824157,0
1492,"October 12, 1492",BirthDate,d5,0.84112948179245,0,1.0,0,-0.15887051820755,0
Battle of Midway,"June 4, 1942",OccursOn,d5,0.84112948179245,0,1.0,0,-0.15887051820755,0
L'Oréal,Eugène Schueller,FoundedByPrimary,d5,0.5,100,0.6746218204498291,100,-0.1746218204498291,0
Midfielder,Defensive Midfielder,CurrentPosition,d5,0.0,0,0.1914990395307541,0,-0.1914990395307541,0
Rupee,Nepal,CurrencyPrimary,d5,0.5,0,0.6945120096206665,0,-0.1945120096206665,0
Midfielder,Professional Footballer,CurrentPosition,d5,0.222700148820877,0,0.4186024069786072,0,-0.1959022581577301,0
Mother Teresa,Nobel Peace Prize Laureate,CurrentPosition,d5,0.5774953961372375,0,0.7772998809814453,0,-0.1998044848442077,0
Position Title,Another Current Position Title,CurrentPosition,d5,0.7772998809814453,0,1.0,0,-0.2227001190185547,0
Ludwig van Beethoven,1770-12-17,BirthDate,d5,0.7772998809814453,0,1.0,0,-0.2227001190185547,0
1492,Genoa,BirthPlace,d5,0.7772998809814453,100,1.0,100,-0.2227001190185547,0
Counterculture Movement,Social activism,MajorIndustryPrimary,d5,0.7772998809814453,0,1.0,0,-0.2227001190185547,0
Coco Chanel,Lycée de la Providence,AlmaMaterPrimary,d5,0.7772998809814453,0,1.0,0,-0.2227001190185547,0
Battle of El Alamein,British Eighth Army,HostOrganizationPrimary,d5,0.7772998809814453,0,1.0,0,-0.2227001190185547,0
Battle of Kasserine Pass,"February 22, 1943",OccursOn,d5,0.7772998809814453,0,1.0,0,-0.2227001190185547,0
Battle of Kasserine Pass,Tunisia,HeldInCity,d5,0.7772998809814453,100,1.0,100,-0.2227001190185547,0
Battle of Kasserine Pass,"February 23, 1943",OccursOn,d5,0.7772998809814453,0,1.0,0,-0.2227001190185547,0
Chancellor of Germany,1958-06-08,BirthDate,d5,0.6357240676879883,0,0.8670357465744019,0,-0.2313116788864135,0
311 BC,Battle of Gaugamela,OccursOn,d5,0.1887231469154358,0,0.4373487532138824,0,-0.2486256062984466,0
Terry Gou,1950-10-18,BirthDate,d5,0.1329642385244369,0,0.3886499404907226,0,-0.2556857019662857,0
Madurai,Tamil,OfficialLanguagePrimary,d5,0.397309809923172,100,0.6683973073959351,100,-0.271087497472763,0
Pisa,1090,FoundingDate,d5,0.4225046336650848,0,0.6945120692253113,0,-0.2720074355602264,0
LG Electronics,Kwon Bong-seok,CurrentEmployer,d5,0.5,0,0.7772998809814453,0,-0.2772998809814453,0
Ferdinand Porsche,Maffersdorf,BirthPlace,d5,0.7185943722724915,0,1.0,0,-0.2814056277275085,0
Al-Qaeda,Terrorism,MajorIndustryPrimary,d5,0.7185943722724915,100,1.0,100,-0.2814056277275085,0
Leonardo da Vinci,Mona Lisa,CreatedByPrimary,d5,0.7185943722724915,100,1.0,100,-0.2814056277275085,0
Battle of Kasserine Pass,Kasserine,HeldInCity,d5,0.7185943722724915,0,1.0,0,-0.2814056277275085,0
Gordon Ramsay,Johnstone,BirthPlace,d5,0.3486451506614685,0,0.6513549089431763,0,-0.3027097582817077,0
Ferdinand Magellan,1480,BirthDate,d5,0.5774953961372375,100,0.8892707228660583,100,-0.3117753267288208,0
Sunday,2023-10-22,OccursOn,d5,0.5518983006477356,0,0.8670357465744019,0,-0.3151374459266662,0
Operation Torch landings,Casablanca,HeldInCity,d5,0.1588704586029052,0,0.5,0,-0.3411295413970947,0
Madrid,Telefónica,HeadquartersCity,d5,0.3486451506614685,0,0.6970582008361816,0,-0.3484130501747131,0
Unknown Time Zone,Unknown Incorporation Country,CountryOfIncorporation,d5,0.6513549089431763,0,1.0,0,-0.3486450910568237,0
CET,Luxembourg,CountryOfCity,d5,0.6513549089431763,0,1.0,0,-0.3486450910568237,0
Otto von Bismarck,"Schönhausen, Prussia",BirthPlace,d5,0.6513549089431763,0,1.0,0,-0.3486450910568237,0
Ola Källenius,Chalmers University of Technology,AlmaMaterPrimary,d5,0.6513549089431763,0,1.0,0,-0.3486450910568237,0
Introduction of coinage in Greece,600 BC,FoundingDate,d5,0.5,0,0.8670357465744019,0,-0.3670357465744018,0
Leonardo da Vinci,Independent,CurrentEmployer,d5,0.5,0,0.8892737030982971,0,-0.3892737030982971,0
CountryName,CapitalCity,CapitalCityOfCountry,d5,0.222700148820877,0,0.6148378252983093,0,-0.3921376764774322,0
Counterculture Movement,1950s,FoundingDate,d5,0.6026865839958191,0,1.0,0,-0.3973134160041809,0
Tuesday,2023-11-21,OccursOn,d5,0.602682888507843,0,1.0,0,-0.397317111492157,0
University of Science,College Town,HeadquartersCity,d5,0.1008786112070083,0,0.5,0,-0.3991213887929916,0
Establishment of the Greek city-states,City-State Governments,CurrentEmployer,d5,0.592200756072998,0,1.0,0,-0.4077992439270019,0
Max Planck,1858,BirthDate,d5,0.3486451506614685,100,0.7772998809814453,100,-0.4286547303199768,0
Nagato,Leader of Akatsuki,CurrentPosition,d5,0.222700148820877,0,0.6513549089431763,0,-0.4286547601222992,0
311 BC,The Siege of Tyre,OccursOn,d5,0.2814055979251861,0,0.7185943722724915,0,-0.4371887743473053,0
311 BC,The Battle of Granicus,OccursOn,d5,0.1887231469154358,0,0.6357240676879883,0,-0.4470009207725525,0
Battle of Marathon,490 BC,OccursOn,d5,0.3486451506614685,100,0.8031737804412842,100,-0.4545286297798157,0
Ferdinand Porsche,Automobile Engineer,CurrentPosition,d5,0.5,0,1.0,0,-0.5,0
Job Title,Data Solutions LLC,CurrentEmployer,d5,0.5,0,1.0,0,-0.5,0
311 BC,The death of Darius III,OccursOn,d5,0.5,0,1.0,0,-0.5,0
November 7,"November 7, 1944",BirthDate,d5,0.5,0,1.0,0,-0.5,0
Leonardo da Vinci,1452-04-15,BirthDate,d5,0.5,100,1.0,100,-0.5,0
The Second Battle of El Alamein,Western Desert,HeldInCity,d5,0.1887254863977432,0,0.6970614194869995,0,-0.5083359330892563,0
Eastern European Time,Eastern European Time Zone,TimeZonePrimary,d5,0.222700148820877,0,0.7772998809814453,0,-0.5545997321605682,0
1291,1291-01-01,BirthDate,d5,0.222700148820877,0,0.7772998809814453,0,-0.5545997321605682,0
Sunday,2023-10-15,OccursOn,d5,0.222700148820877,0,0.7772998809814453,0,-0.5545997321605682,0
Mahatma Gandhi,Civil rights leader,CurrentPosition,d5,0.222700148820877,0,0.7772998809814453,0,-0.5545997321605682,0
Shunichi Suzuki,Osaka,BirthPlace,d5,0.222700148820877,0,0.8267117738723755,0,-0.6040116250514984,0
Martin Stratmann,President of the Max Planck Society,CurrentPosition,d5,0.3486451506614685,0,1.0,0,-0.6513548493385315,0
November 7,National Cancer Awareness Month,OccursOn,d5,0.3486451506614685,0,1.0,0,-0.6513548493385315,0
Operation Torch landings,Bône,HeldInCity,d5,0.3486451506614685,0,1.0,0,-0.6513548493385315,0
Midfielder,Central Midfielder,CurrentPosition,d5,0.0,0,0.6588100790977478,0,-0.6588100790977478,0
Rise of the Archaic period in Greece,Cultural Development,CurrentPosition,d5,0.222700148820877,0,0.8892737030982971,0,-0.66657355427742,0
Battle of Stalingrad,Stalingrad,HeldInCity,d5,0.3249013721942901,50,1.0,50,-0.6750986278057098,0
Tehran,Iran Standard Time,TimeZonePrimary,d5,0.222700148820877,0,1.0,0,-0.7772998511791229,0
Battle of El Alamein,"October 26, 1942",OccursOn,d5,0.222700148820877,0,1.0,0,-0.7772998511791229,0
Sunday,2023-10-29,OccursOn,d5,0.0,0,0.7772998809814453,0,-0.7772998809814453,0
Battle of Stalingrad,Strategic,CurrentPosition,d5,0.1329642385244369,0,1.0,0,-0.867035761475563,0
Battle of Stalingrad,Defensive,CurrentPosition,d5,0.1329642385244369,0,1.0,0,-0.867035761475563,0
Battle of Stalingrad,1942-02-02,OccursOn,d5,0.1107293292880058,0,1.0,0,-0.8892706707119942,0
Cristiano Ronaldo,"Funchal, Portugal",BirthPlace,d5,0.0,100,1.0,100,-1.0,0
Specific Country Name,Primary Industry,MajorIndustryPrimary,d5,1.0,50,0.0,0,1.0,50
Tuesday,2023-11-07,OccursOn,d5,1.0,50,0.1968262046575546,0,0.8031737953424454,50
Introduction of coinage in Greece,7th century BC,OccursOn,d5,1.0,50,0.2585151195526123,0,0.7414848804473877,50
1550,Currency used in 1550,CurrencyPrimary,d5,0.9241418242454528,50,0.222700148820877,0,0.7014416754245758,50
"November 9, 1989",End of the Cold War,OccursOn,d5,1.0,50,0.3041854202747345,0,0.6958145797252655,50
Battle of El Alamein,El Alamein,HeldInCity,d5,1.0,50,0.5251837372779846,0,0.4748162627220154,50
1550,Primary industry in 1550,MajorIndustryPrimary,d5,0.7772998809814453,50,0.5959083437919617,0,0.1813915371894836,50
CountryName,IndustryName,MajorIndustryPrimary,d5,1.0,50,0.8267117738723755,0,0.1732882261276245,50
Counterculture Movement,Various activist organizations,CurrentEmployer,d5,1.0,50,0.8670357465744019,0,0.1329642534255981,50
Rise of the Archaic period in Greece,Ancient Greek,OfficialLanguagePrimary,d5,1.0,50,1.0,0,0.0,50
Emergence of the Greek alphabet,Ancient Greek Language,CurrentPosition,d5,1.0,50,1.0,0,0.0,50
Tehran,Iranian Rial,CurrencyPrimary,d5,0.6513549089431763,100,0.7185943722724915,50,-0.0672394633293151,50
LG Electronics,KRX,StockExchangePrimary,d5,0.5,50,0.602682888507843,0,-0.102682888507843,50
Battle of Midway,United States Navy,HostOrganizationPrimary,d5,0.6513549089431763,100,0.7772998809814453,50,-0.125944972038269,50
Operation Torch landings,"November 8, 1942",OccursOn,d5,1.0,100,0.222700148820877,0,0.7772998511791229,100
Emergence of the Greek alphabet,Greek,OfficialLanguagePrimary,d5,1.0,100,0.3256774544715881,0,0.6743225455284119,100
Madurai,Handicrafts,MajorIndustryPrimary,d5,1.0,100,0.3486451506614685,0,0.6513548493385315,100
Pisa,University of Pisa,CurrentEmployer,d5,0.8670357465744019,100,0.5,0,0.3670357465744018,100
Chair of the Committee,Committee,CurrentEmployer,d5,0.3486451506614685,100,0.316982239484787,0,0.0316629111766815,100
University of Melbourne,Melbourne,HeadquartersCity,d5,0.222700148820877,100,0.2608304917812347,0,-0.0381303429603576,100
November 7,Diwali,OccursOn,d5,0.3029417991638183,100,0.6513549089431763,0,-0.3484131097793579,100
Mother Teresa,Loreto Convent,AlmaMaterPrimary,d5,0.222700148820877,100,1.0,0,-0.7772998511791229,100
