node,degree_centrality,pagerank,betweenness_centrality
CEO,0.0004488330341113106,0.0003524749554568431,0.0
Chief Executive Officer,0.0008976660682226212,0.0009526659867542061,0.0
Twitter,0.0008976660682226212,0.0003524749554568431,0.0
None,0.0008976660682226212,0.0006025545518307444,0.0
Social Media,0.0008976660682226212,0.0006025545518307444,0.0
Tech Company,0.0008976660682226212,0.0003524749554568431,0.0
Innovative Team,0.0004488330341113106,0.0005025227132811838,0.0
John Doe,0.0008976660682226212,0.0006025545518307444,0.0
South Africa,0.004039497307001795,0.0003524749554568431,0.0
1910,0.0008976660682226212,0.0004858507401895904,0.0
South African Government,0.0008976660682226212,0.0004458380047697663,0.0
President,0.0008976660682226212,0.0005358666594643707,0.0
Africa,0.0004488330341113106,0.00038581890164002996,0.0
South Africa Standard Time,0.0008976660682226212,0.0004358348209148102,0.0
Afrikaans,0.0008976660682226212,0.0004358348209148102,0.0
South African Rand,0.0008976660682226212,0.0004458380047697663,0.0
Democratic Republic,0.0008976660682226212,0.0005358666594643707,0.0
Zulu,0.0004488330341113106,0.00038581890164002996,0.0
University of Pennsylvania,0.0017953321364452424,0.0003524749554568431,0.0
1740,0.0004488330341113106,0.0004274988343690135,0.0
Ivy League,0.0004488330341113106,0.0004274988343690135,0.0
Benjamin Franklin,0.0004488330341113106,0.0004274988343690135,0.0
Amy Gutmann,0.0004488330341113106,0.0004274988343690135,0.0
Pretoria,0.0026929982046678637,0.0003524749554568431,0.0
Department of International Relations and Cooperation,0.0004488330341113106,0.0004024908747316233,0.0
City of Tshwane Metropolitan Municipality,0.0004488330341113106,0.0004024908747316233,0.0
Union Buildings,0.0004488330341113106,0.0004024908747316233,0.0
Administrative Capital,0.0004488330341113106,0.0004024908747316233,0.0
"Twitter, Inc.",0.0004488330341113106,0.0003524749554568431,0.0
X Corp.,0.0004488330341113106,0.0006525704711055247,0.0
Technology,0.0004488330341113106,0.0003524749554568431,0.0
Innovator,0.0004488330341113106,0.0006525704711055247,0.0
"Scranton, Pennsylvania",0.0004488330341113106,0.0003524749554568431,0.0
Manufacturing,0.0004488330341113106,0.0006525704711055247,0.0
Services,0.0013464991023339318,0.0003524749554568431,0.0
1989,0.0004488330341113106,0.00045250679400640363,0.0
Service Corporation International,0.0004488330341113106,0.00045250679400640363,0.0
Funeral Services,0.0004488330341113106,0.00045250679400640363,0.0
Central Standard Time,0.0008976660682226212,0.0003524749554568431,0.0
Canadian Dollar,0.0008976660682226212,0.0008026182289298655,0.0
Mexico,0.0013464991023339318,0.0006525704711055247,4.0308310203081327e-07
Sebastopol,0.0017953321364452424,0.0003524749554568431,0.0
Wine Production,0.0004488330341113106,0.0004274988343690135,0.0
Sebastopol City Hall,0.0004488330341113106,0.0004274988343690135,0.0
Sebastopol City Council,0.0004488330341113106,0.0004274988343690135,0.0
1857,0.0008976660682226212,0.000527530672918574,0.0
Reed College,0.0004488330341113106,0.0003524749554568431,0.0
Various Faculty and Staff,0.0004488330341113106,0.0006525704711055247,0.0
"University of California, Berkeley",0.0013464991023339318,0.0003524749554568431,0.0
1868,0.0008976660682226212,0.0006025545518307444,0.0
Public Research University,0.0004488330341113106,0.00045250679400640363,0.0
"Berkeley, California",0.0008976660682226212,0.0005525386325559641,0.0
Jamestown Settlement,0.0031418312387791743,0.0003524749554568431,0.0
The Virginia Company,0.0004488330341113106,0.0003953457434066548,0.0
Colonial National Historical Park,0.0004488330341113106,0.0003953457434066548,0.0
Historic Jamestowne,0.0004488330341113106,0.0003953457434066548,0.0
Jamestown,0.0008976660682226212,0.00044536166268143503,0.0
1607,0.0008976660682226212,0.00044536166268143503,0.0
Tourism,0.0013464991023339318,0.00045536484653639105,4.0308310203081327e-07
Visitor Center,0.0004488330341113106,0.0003953457434066548,0.0
Local Government,0.0004488330341113106,0.0003524749554568431,0.0
Mayor,0.0004488330341113106,0.0006525704711055247,0.0
San Antonio,0.0008976660682226212,0.0003524749554568431,0.0
USAA,0.0004488330341113106,0.0005025227132811838,0.0
1718,0.0004488330341113106,0.0005025227132811838,0.0
Princeton,0.0004488330341113106,0.0003524749554568431,0.0
1746,0.0004488330341113106,0.0006525704711055247,0.0
Alaska Standard Time,0.002244165170556553,0.0003524749554568431,0.0
Juneau,0.0004488330341113106,0.0004124940585865794,0.0
1959,0.0004488330341113106,0.0004124940585865794,0.0
Alaska State Government,0.0004488330341113106,0.0004124940585865794,0.0
Anchorage,0.0004488330341113106,0.0004124940585865794,0.0
U.S. Department of Homeland Security,0.0008976660682226212,0.0003524749554568431,0.0
Public Safety,0.0004488330341113106,0.0005025227132811838,0.0
Alejandro Mayorkas,0.0008976660682226212,0.0006025545518307444,0.0
State of Washington,0.0004488330341113106,0.0003524749554568431,0.0
1889,0.0013464991023339318,0.0009526659867542061,4.0308310203081327e-07
"Washington, D.C.",0.0004488330341113106,0.0003524749554568431,0.0
Federal District,0.0013464991023339318,0.0006525704711055247,4.0308310203081327e-07
Revolutionary Politics,0.0008976660682226212,0.0003524749554568431,0.0
Political Ideology,0.0004488330341113106,0.0005025227132811838,0.0
Caterpillar Inc.,0.002244165170556553,0.0003524749554568431,0.0
Jim Umpleby,0.0004488330341113106,0.0004124940585865794,0.0
Caterpillar Foundation,0.0004488330341113106,0.0004124940585865794,0.0
1925,0.0008976660682226212,0.00048751793749874983,0.0
Peoria,0.0004488330341113106,0.0004124940585865794,0.0
Construction Equipment,0.0004488330341113106,0.0004124940585865794,0.0
Time Zone Organization,0.0017953321364452424,0.0003524749554568431,0.0
Time Standards,0.0004488330341113106,0.0004274988343690135,0.0
UTC-05:00,0.0004488330341113106,0.0004274988343690135,0.0
International Time Bureau,0.0004488330341113106,0.0004274988343690135,0.0
Time Zone Association,0.0004488330341113106,0.0004274988343690135,0.0
Education Sector,0.0004488330341113106,0.0003524749554568431,0.0
1867,0.0008976660682226212,0.0007526023096550852,0.0
"Niskayuna, New York",0.0013464991023339318,0.0003524749554568431,0.0
Albany,0.0004488330341113106,0.00045250679400640363,0.0
Schenectady County,0.0004488330341113106,0.00045250679400640363,0.0
Town Supervisor,0.0004488330341113106,0.00045250679400640363,0.0
Leland Stanford Junior University,0.0008976660682226212,0.0003524749554568431,0.0
Leland Stanford,0.0008976660682226212,0.0006525704711055247,0.0
Stanford,0.0004488330341113106,0.0005025227132811838,0.0
Boston,0.0004488330341113106,0.0003524749554568431,0.0
1630,0.0004488330341113106,0.0006525704711055247,0.0
1955-05-19,0.0026929982046678637,0.0003524749554568431,0.0
Historical Document,0.0004488330341113106,0.0004024908747316233,0.0
Significant Historical Event,0.0004488330341113106,0.0004024908747316233,0.0
Automobile Industry,0.0004488330341113106,0.0004024908747316233,0.0
Notable Organization,0.0004488330341113106,0.0004024908747316233,0.0
Historical Event,0.0008976660682226212,0.0005525386325559641,0.0
Product or Software,0.0004488330341113106,0.0004024908747316233,0.0
American,0.0004488330341113106,0.0003524749554568431,0.0
Service,0.0004488330341113106,0.0006525704711055247,0.0
U.S. House of Representatives,0.0008976660682226212,0.0003524749554568431,0.0
Speaker of the House,0.0004488330341113106,0.0005025227132811838,0.0
Nancy Pelosi,0.0004488330341113106,0.0005025227132811838,0.0
New York Stock Exchange,0.0008976660682226212,0.0003524749554568431,0.0
Thomas Edison,0.0004488330341113106,0.0005025227132811838,0.0
1817,0.0008976660682226212,0.0008026182289298655,0.0
Austin,0.0013464991023339318,0.0003524749554568431,0.0
1839,0.0004488330341113106,0.00045250679400640363,0.0
Texas,0.0008976660682226212,0.0005025227132811838,0.0
Dell Technologies,0.0004488330341113106,0.00045250679400640363,0.0
National Oatmeal Association,0.002244165170556553,0.0003524749554568431,0.0
Promoting Oatmeal Consumption,0.0004488330341113106,0.0004124940585865794,0.0
1966,0.0008976660682226212,0.0005625418164109202,0.0
Food Industry,0.0008976660682226212,0.0005125258971361399,0.0
Oatmeal Industry,0.0004488330341113106,0.0004124940585865794,0.0
American Association of Cereal Chemists,0.0004488330341113106,0.0004124940585865794,0.0
IBM,0.002244165170556553,0.0003524749554568431,0.0
International Business Machines Corporation,0.0004488330341113106,0.0004124940585865794,0.0
Arvind Krishna,0.0004488330341113106,0.0004124940585865794,0.0
Charles Ranlett Flint,0.0004488330341113106,0.0004124940585865794,0.0
1911-06-16,0.0004488330341113106,0.0004124940585865794,0.0
Tuscaloosa,0.0004488330341113106,0.0003524749554568431,0.0
City of Tuscaloosa,0.0004488330341113106,0.0006525704711055247,0.0
City of Los Angeles,0.0004488330341113106,0.0003524749554568431,0.0
Entertainment,0.0008976660682226212,0.0007526023096550852,0.0
Washington State Government,0.0004488330341113106,0.0003524749554568431,0.0
Jay Inslee,0.0004488330341113106,0.0006525704711055247,0.0
Reserve Currency,0.0013464991023339318,0.0003524749554568431,0.0
Euro,0.0008976660682226212,0.0008395132316361174,0.0
Swiss Franc,0.0008976660682226212,0.000527530672918574,0.0
Japanese Yen,0.0008976660682226212,0.0007526023096550852,0.0
Corporate Board,0.0004488330341113106,0.0003524749554568431,0.0
Chairperson,0.0008976660682226212,0.0007526023096550852,0.0
Mediacom Communications Corporation,0.0004488330341113106,0.0003524749554568431,0.0
Bloomington,0.0004488330341113106,0.0006525704711055247,0.0
"December 31, 2020",0.002244165170556553,0.0003524749554568431,0.0
New Year's Day Celebration,0.0004488330341113106,0.0004124940585865794,0.0
New Year's Eve,0.0004488330341113106,0.0004124940585865794,0.0
New Year's Eve Committee,0.0004488330341113106,0.0004124940585865794,0.0
2020 Year in Review,0.0004488330341113106,0.0004124940585865794,0.0
End of the Year,0.0004488330341113106,0.0004124940585865794,0.0
Alaska,0.0008976660682226212,0.0003524749554568431,0.0
Oil and Gas,0.0004488330341113106,0.0005025227132811838,0.0
State,0.0004488330341113106,0.0005025227132811838,0.0
Brazos County,0.0017953321364452424,0.0003524749554568431,0.0
Bryan,0.0004488330341113106,0.0004274988343690135,0.0
Texas Association of Counties,0.0004488330341113106,0.0004274988343690135,0.0
1841,0.0008976660682226212,0.00047751475364379376,0.0
Brazos County Government,0.0004488330341113106,0.0004274988343690135,0.0
Massachusetts,0.0004488330341113106,0.0003524749554568431,0.0
New England,0.0004488330341113106,0.0006525704711055247,0.0
National Association of Emergency Medical Technicians,0.0017953321364452424,0.0003524749554568431,0.0
Emergency Medical Technicians,0.0004488330341113106,0.0004274988343690135,0.0
Abraham O. Olatunji,0.0004488330341113106,0.0004274988343690135,0.0
Alexandria,0.0008976660682226212,0.00048751793749874983,0.0
Healthcare,0.0008976660682226212,0.000527530672918574,0.0
Alabama,0.0008976660682226212,0.0003524749554568431,0.0
State of Alabama,0.0008976660682226212,0.0006025545518307444,0.0
1819,0.0008976660682226212,0.0006025545518307444,0.0
Sacramento City Unified School District,0.0017953321364452424,0.0003524749554568431,0.0
1854,0.0004488330341113106,0.0004274988343690135,0.0
California Department of Education,0.0004488330341113106,0.0004274988343690135,0.0
Jill L. McGarry,0.0004488330341113106,0.0004274988343690135,0.0
Superintendent,0.0008976660682226212,0.0005025227132811838,0.0
1950,0.0004488330341113106,0.0003524749554568431,0.0
"January 1, 1950",0.0004488330341113106,0.0006525704711055247,0.0
Harvard Corporation,0.0004488330341113106,0.0003524749554568431,0.0
1650,0.0004488330341113106,0.0006525704711055247,0.0
Federal Reserve System,0.0004488330341113106,0.0003524749554568431,0.0
1913,0.0004488330341113106,0.0006525704711055247,0.0
Lackawanna County,0.0017953321364452424,0.0003524749554568431,0.0
Scranton,0.0004488330341113106,0.0004274988343690135,0.0
1843,0.0004488330341113106,0.0004274988343690135,0.0
Lackawanna County Government,0.0004488330341113106,0.0004274988343690135,0.0
Pennsylvania,0.0004488330341113106,0.0004274988343690135,0.0
Philadelphia School District,0.0017953321364452424,0.0003524749554568431,0.0
William Hite,0.0004488330341113106,0.0004274988343690135,0.0
1818,0.0004488330341113106,0.0004274988343690135,0.0
School District of Philadelphia,0.0004488330341113106,0.0004274988343690135,0.0
"December 31, 1969",0.0017953321364452424,0.0003524749554568431,0.0
CEO of Tech Company ABC,0.0004488330341113106,0.0004274988343690135,0.0
The Times,0.0004488330341113106,0.0004274988343690135,0.0
Software XYZ,0.0004488330341113106,0.0004274988343690135,0.0
Tech Company ABC,0.0004488330341113106,0.0004274988343690135,0.0
Neighborhood Association,0.0013464991023339318,0.0003524749554568431,0.0
Local Nonprofit,0.0004488330341113106,0.00045250679400640363,0.0
Community Services,0.0004488330341113106,0.00045250679400640363,0.0
Community Development Organization,0.0004488330341113106,0.00045250679400640363,0.0
Las Vegas,0.0026929982046678637,0.0003524749554568431,0.0
Carson City,0.0004488330341113106,0.0004024908747316233,0.0
MGM Resorts International,0.0004488330341113106,0.0004024908747316233,0.0
1905,0.0004488330341113106,0.0004024908747316233,0.0
Wynn Resorts,0.0004488330341113106,0.0004024908747316233,0.0
Las Vegas Raiders,0.0004488330341113106,0.0004024908747316233,0.0
Caesars Entertainment,0.0004488330341113106,0.0004024908747316233,0.0
"Albuquerque Economic Development, Inc.",0.0017953321364452424,0.0003524749554568431,0.0
Albuquerque,0.0008976660682226212,0.000527530672918574,0.0
Economic Development Director,0.0004488330341113106,0.0004274988343690135,0.0
Tina M. Duran,0.0004488330341113106,0.0004274988343690135,0.0
Economic Development,0.0004488330341113106,0.0004274988343690135,0.0
Palo Alto,0.0004488330341113106,0.0003524749554568431,0.0
1894,0.0008976660682226212,0.000727594350017695,0.0
New Jersey,0.0013464991023339318,0.0003524749554568431,0.0
Trenton,0.0004488330341113106,0.00045250679400640363,0.0
1787,0.0008976660682226212,0.0006025545518307444,0.0
State of New Jersey,0.0004488330341113106,0.00045250679400640363,0.0
1949,0.0004488330341113106,0.0003524749554568431,0.0
"January 1, 1949",0.0004488330341113106,0.0006525704711055247,0.0
Olympia,0.0008976660682226212,0.0003524749554568431,0.0
Washington,0.0008976660682226212,0.0008026182289298655,0.0
1859,0.0008976660682226212,0.0005775465921933542,0.0
Federal Government of the United States,0.0004488330341113106,0.0003524749554568431,0.0
State Governments,0.0004488330341113106,0.0006525704711055247,0.0
Intercontinental Exchange,0.0008976660682226212,0.0003524749554568431,0.0
Jeffrey Sprecher,0.0008976660682226212,0.0006525704711055247,0.0
Financial Services,0.0008976660682226212,0.0005775465921933542,0.0
"Nasdaq, Inc.",0.0008976660682226212,0.0003524749554568431,0.0
1971-02-08,0.0004488330341113106,0.0005025227132811838,0.0
Comcast Corporation,0.0008976660682226212,0.0003524749554568431,0.0
1963,0.0004488330341113106,0.0005025227132811838,0.0
1960,0.0004488330341113106,0.0003524749554568431,0.0
1960-01-01,0.0004488330341113106,0.0006525704711055247,0.0
Rockville,0.0008976660682226212,0.0003524749554568431,0.0
Montgomery County,0.0004488330341113106,0.0005025227132811838,0.0
Montgomery County Public Schools,0.0004488330341113106,0.0005025227132811838,0.0
Executive Office of the President,0.0004488330341113106,0.0003524749554568431,0.0
1939,0.0004488330341113106,0.0006525704711055247,0.0
Harvard University Corporation,0.0004488330341113106,0.0003524749554568431,0.0
1636,0.0008976660682226212,0.0009526659867542061,0.0
History Town,0.0004488330341113106,0.0003524749554568431,0.0
History Town Museum,0.0004488330341113106,0.0006525704711055247,0.0
Los Angeles,0.0004488330341113106,0.0003524749554568431,0.0
1781,0.0004488330341113106,0.0006525704711055247,0.0
Bank of America,0.0013464991023339318,0.0003524749554568431,0.0
Amadeo Giannini,0.0004488330341113106,0.00045250679400640363,0.0
1904,0.0004488330341113106,0.00045250679400640363,0.0
Marshall Plan,0.0013464991023339318,0.0003524749554568431,0.0
Economics,0.0004488330341113106,0.00045250679400640363,0.0
Economic Recovery Program,0.0004488330341113106,0.00045250679400640363,0.0
U.S. Department of State,0.0004488330341113106,0.00045250679400640363,0.0
1792,0.003590664272890485,0.0003524749554568431,0.0
French Republic,0.0004488330341113106,0.0003899868949129283,0.0
France,0.0008976660682226212,0.0004650107738250987,0.0
Historical Year,0.0004488330341113106,0.0003899868949129283,0.0
French,0.0004488330341113106,0.0003899868949129283,0.0
1792-01-01,0.0004488330341113106,0.0003899868949129283,0.0
French Revolution,0.0004488330341113106,0.0003899868949129283,0.0
Franc,0.0004488330341113106,0.0003899868949129283,0.0
1792-09-21,0.0004488330341113106,0.0003899868949129283,0.0
Legal Tender,0.0008976660682226212,0.0003524749554568431,0.0
Indian Rupee,0.0008976660682226212,0.0008026182289298655,0.0
Chinese Yuan,0.0004488330341113106,0.0005025227132811838,0.0
State of Oregon,0.0004488330341113106,0.0003524749554568431,0.0
Statehood,0.0004488330341113106,0.0006525704711055247,0.0
UTC-08:00,0.0004488330341113106,0.0003524749554568431,0.0
Time Zone Coordinator,0.0004488330341113106,0.0006525704711055247,0.0
National Institutes of Health,0.0008976660682226212,0.0003524749554568431,0.0
1887,0.0008976660682226212,0.0008026182289298655,0.0
Health Research,0.0004488330341113106,0.0005025227132811838,0.0
1876,0.0008976660682226212,0.0003524749554568431,0.0
"July 4, 1876",0.0004488330341113106,0.0005025227132811838,0.0
Dili,0.0013464991023339318,0.0003524749554568431,0.0
Capital,0.0008976660682226212,0.0007526023096550852,0.0
Timor-Leste Government,0.0004488330341113106,0.00045250679400640363,0.0
UTC+9,0.0004488330341113106,0.00045250679400640363,0.0
"Amazon.com, Inc.",0.0004488330341113106,0.0003524749554568431,0.0
Andy Jassy,0.0004488330341113106,0.0006525704711055247,0.0
Tech Policy Institute,0.0017953321364452424,0.0003524749554568431,0.0
Policy Research Institute,0.0004488330341113106,0.0004274988343690135,0.0
Michael McGarry,0.0004488330341113106,0.0004274988343690135,0.0
Technology Policy,0.0004488330341113106,0.0004274988343690135,0.0
American Enterprise Institute,0.0004488330341113106,0.0004274988343690135,0.0
"Westmoreland County, Virginia",0.0013464991023339318,0.0003524749554568431,0.0
County,0.0004488330341113106,0.00045250679400640363,0.0
1653,0.0004488330341113106,0.00045250679400640363,0.0
Richmond,0.0008976660682226212,0.0007526023096550852,0.0
Mountain View,0.0004488330341113106,0.0003524749554568431,0.0
1902,0.0008976660682226212,0.000727594350017695,0.0
Columbia University,0.0008976660682226212,0.0003524749554568431,0.0
1754,0.0004488330341113106,0.0005025227132811838,0.0
King's College,0.0004488330341113106,0.0005025227132811838,0.0
Honolulu,0.002244165170556553,0.0003524749554568431,0.0
Hawaiian Airlines,0.0004488330341113106,0.0004124940585865794,0.0
1778,0.0004488330341113106,0.0004124940585865794,0.0
Hawaii State Government,0.0004488330341113106,0.0004124940585865794,0.0
Hawaii Tourism Authority,0.0004488330341113106,0.0004124940585865794,0.0
Hawaii-Aleutian Standard Time,0.0008976660682226212,0.0005625418164109202,0.0
"University of California, Los Angeles",0.0008976660682226212,0.0003524749554568431,0.0
Genevieve Bell,0.0004488330341113106,0.0005025227132811838,0.0
Professor,0.0004488330341113106,0.0005025227132811838,0.0
Westmoreland County,0.0013464991023339318,0.0003524749554568431,0.0
1773,0.0004488330341113106,0.00045250679400640363,0.0
Greensburg,0.0004488330341113106,0.00045250679400640363,0.0
County Government,0.0004488330341113106,0.00045250679400640363,0.0
1955-10-28,0.0008976660682226212,0.0003524749554568431,0.0
Historical Figure,0.0008976660682226212,0.0008026182289298655,0.0
October 28,0.0004488330341113106,0.0005025227132811838,0.0
United States Government,0.0004488330341113106,0.0003524749554568431,0.0
1789-03-04,0.0004488330341113106,0.0006525704711055247,0.0
Educational Hub,0.0008976660682226212,0.0003524749554568431,0.0
Director of Education,0.0004488330341113106,0.0005025227132811838,0.0
California State University System,0.0004488330341113106,0.0005025227132811838,0.0
Harrisburg,0.0013464991023339318,0.0003524749554568431,0.0
1785,0.0008976660682226212,0.0007526023096550852,0.0
City of Harrisburg,0.0004488330341113106,0.00045250679400640363,0.0
Pennsylvania Department of Transportation,0.0004488330341113106,0.00045250679400640363,0.0
United States Congress,0.0008976660682226212,0.0003524749554568431,0.0
Constitution of the United States,0.0004488330341113106,0.0005025227132811838,0.0
Legislative Body,0.0004488330341113106,0.0005025227132811838,0.0
Currency in 1961,0.0017953321364452424,0.0003524749554568431,0.0
Italian Lira,0.0004488330341113106,0.0004274988343690135,0.0
French Franc,0.0004488330341113106,0.0004274988343690135,0.0
New Zealand Dollar,0.0008976660682226212,0.0005775465921933542,0.0
Deutsche Mark,0.0004488330341113106,0.0004274988343690135,0.0
Department of Natural Resources,0.0008976660682226212,0.0003524749554568431,0.0
Natural Resources Management,0.0004488330341113106,0.0005025227132811838,0.0
1957,0.0004488330341113106,0.0005025227132811838,0.0
United Nations Security Council,0.0008976660682226212,0.0003524749554568431,0.0
Antonio Guterres,0.0004488330341113106,0.0005025227132811838,0.0
International Relations,0.0004488330341113106,0.0005025227132811838,0.0
Stanford University,0.0008976660682226212,0.0003524749554568431,0.0
Stanford University Board of Trustees,0.0004488330341113106,0.0005025227132811838,0.0
Alabama State Government,0.0013464991023339318,0.0003524749554568431,0.0
Governor of Alabama,0.0004488330341113106,0.00045250679400640363,0.0
State of California,0.0004488330341113106,0.0003524749554568431,0.0
1850,0.0008976660682226212,0.000727594350017695,0.0
University of Southern California,0.0013464991023339318,0.0003524749554568431,0.0
George Lucas,0.0004488330341113106,0.00045250679400640363,0.0
Carol Folt,0.0004488330341113106,0.00045250679400640363,0.0
University of Southern California Board of Trustees,0.0004488330341113106,0.00045250679400640363,0.0
American Red Cross,0.0017953321364452424,0.0003524749554568431,0.0
Humanitarian Aid,0.0004488330341113106,0.0004274988343690135,0.0
Gail McGovern,0.0004488330341113106,0.0004274988343690135,0.0
International Federation of Red Cross and Red Crescent Societies,0.0004488330341113106,0.0004274988343690135,0.0
1881,0.0004488330341113106,0.0004274988343690135,0.0
University of Delaware,0.0004488330341113106,0.0003524749554568431,0.0
1743,0.0004488330341113106,0.0006525704711055247,0.0
Global Education Network,0.0017953321364452424,0.0003524749554568431,0.0
Various educational institutions,0.0004488330341113106,0.0004274988343690135,0.0
Director of Operations,0.0004488330341113106,0.0004274988343690135,0.0
Global Education Foundation,0.0004488330341113106,0.0004274988343690135,0.0
2022,0.0008976660682226212,0.0005775465921933542,0.0
Alabama System of Higher Education,0.0004488330341113106,0.0003524749554568431,0.0
Chancellor,0.0008976660682226212,0.0006525704711055247,2.0154155101540663e-07
History City,0.0004488330341113106,0.0003524749554568431,0.0
History Organization,0.0004488330341113106,0.0006525704711055247,0.0
Wells Fargo,0.0017953321364452424,0.0003524749554568431,0.0
Henry Wells,0.0008976660682226212,0.0005025227132811838,0.0
Investment Banking,0.0008976660682226212,0.0005025227132811838,0.0
1852,0.0004488330341113106,0.0004274988343690135,0.0
Charles W. Scharf,0.0004488330341113106,0.0004274988343690135,0.0
1990,0.0004488330341113106,0.0003524749554568431,0.0
"January 1, 1990",0.0004488330341113106,0.0006525704711055247,0.0
1835-11-30,0.0017953321364452424,0.0003524749554568431,0.0
Self-Employed,0.0004488330341113106,0.0004274988343690135,0.0
Florida,0.0004488330341113106,0.0004274988343690135,0.0
Literature,0.0004488330341113106,0.0004274988343690135,0.0
1835,0.0004488330341113106,0.0004274988343690135,0.0
Chicago,0.0013464991023339318,0.0003524749554568431,0.0
McDonald's,0.0004488330341113106,0.00045250679400640363,0.0
1833,0.0004488330341113106,0.00045250679400640363,0.0
Mayor of Chicago,0.0004488330341113106,0.00045250679400640363,0.0
City of Olympia,0.0008976660682226212,0.0003524749554568431,0.0
City of Olympia Police Department,0.0004488330341113106,0.0005025227132811838,0.0
1994,0.0004488330341113106,0.0003524749554568431,0.0
1994-01-01,0.0004488330341113106,0.0006525704711055247,0.0
University of California System,0.0004488330341113106,0.0003524749554568431,0.0
"University of California, San Diego",0.0004488330341113106,0.0006525704711055247,0.0
American Historical Association,0.0008976660682226212,0.0003524749554568431,0.0
1884,0.0008976660682226212,0.0008026182289298655,0.0
American Council of Learned Societies,0.0004488330341113106,0.0005025227132811838,0.0
Tetum,0.0013464991023339318,0.0003524749554568431,0.0
Official Language,0.0008976660682226212,0.0007526023096550852,0.0
"Ministry of Education, Timor-Leste",0.0004488330341113106,0.00045250679400640363,0.0
Government of Timor-Leste,0.0008976660682226212,0.0007526023096550852,0.0
Alabama State Capitol,0.0004488330341113106,0.0003524749554568431,0.0
1851,0.0008976660682226212,0.0008026182289298655,0.0
Internal Revenue Service,0.0013464991023339318,0.0003524749554568431,0.0
1862,0.0004488330341113106,0.00045250679400640363,0.0
Daniel Werfel,0.0004488330341113106,0.00045250679400640363,0.0
Commissioner,0.0008976660682226212,0.000527530672918574,0.0
Federal Reserve Bank of New York,0.0008976660682226212,0.0003524749554568431,0.0
1914,0.0004488330341113106,0.0005025227132811838,0.0
John C. Williams,0.0004488330341113106,0.0005025227132811838,0.0
City of Albuquerque,0.0013464991023339318,0.0003524749554568431,0.0
Albuquerque Economic Development,0.0004488330341113106,0.00045250679400640363,0.0
Albuquerque Public Schools,0.0004488330341113106,0.00045250679400640363,0.0
Massachusetts Institute of Technology,0.0017953321364452424,0.0003524749554568431,0.0
Erik Demaine,0.0004488330341113106,0.0004274988343690135,0.0
L. Rafael Reif,0.0008976660682226212,0.0005775465921933542,0.0
Massachusetts Institute of Technology Corporation,0.0008976660682226212,0.0005775465921933542,0.0
1861,0.0008976660682226212,0.0005775465921933542,0.0
Transportation,0.0008976660682226212,0.0003524749554568431,0.0
Secretary of Transportation,0.0004488330341113106,0.0005025227132811838,0.0
Oregon State Government,0.0008976660682226212,0.0003524749554568431,0.0
1848,0.0004488330341113106,0.0005025227132811838,0.0
Kate Brown,0.0004488330341113106,0.0005025227132811838,0.0
JPMorgan Chase & Co.,0.0008976660682226212,0.0003524749554568431,0.0
J.P. Morgan,0.0004488330341113106,0.0005025227132811838,0.0
"Brooklyn, New York",0.0008976660682226212,0.0003524749554568431,0.0
1664,0.0004488330341113106,0.0005025227132811838,0.0
Brooklyn,0.0004488330341113106,0.0005025227132811838,0.0
Philadelphia City Council,0.0004488330341113106,0.0003524749554568431,0.0
1701,0.0004488330341113106,0.0006525704711055247,0.0
Department of Health and Human Services,0.0004488330341113106,0.0003524749554568431,0.0
Xavier Becerra,0.0004488330341113106,0.0006525704711055247,0.0
National Emergency Management Agency,0.0013464991023339318,0.0003524749554568431,0.0
Administrator,0.0008976660682226212,0.0005125258971361399,0.0
Emergency Management,0.0004488330341113106,0.00045250679400640363,0.0
Federal Emergency Management Agency,0.0004488330341113106,0.00045250679400640363,0.0
Department of Transportation,0.0004488330341113106,0.0003524749554568431,0.0
Pete Buttigieg,0.0004488330341113106,0.0006525704711055247,0.0
Lockheed Martin,0.0017953321364452424,0.0003524749554568431,0.0
Lockheed Martin Corporation,0.0004488330341113106,0.0004274988343690135,0.0
1912,0.0004488330341113106,0.0004274988343690135,0.0
James Taiclet,0.0004488330341113106,0.0004274988343690135,0.0
Aerospace and Defense,0.0008976660682226212,0.00048751793749874983,0.0
1860,0.0008976660682226212,0.0003524749554568431,0.0
"January 1, 1860",0.0004488330341113106,0.0005025227132811838,0.0
1860-01-01,0.0004488330341113106,0.0005025227132811838,0.0
Lackawanna County Transit,0.0013464991023339318,0.0003524749554568431,0.0
Public Transportation Provider,0.0004488330341113106,0.00045250679400640363,0.0
Public Transportation,0.0004488330341113106,0.00045250679400640363,0.0
Lackawanna County Department of Transportation,0.0004488330341113106,0.00045250679400640363,0.0
The Cat Fanciers' Association,0.0017953321364452424,0.0003524749554568431,0.0
The International Cat Association,0.0004488330341113106,0.0004274988343690135,0.0
American Cat Fanciers Association,0.0004488330341113106,0.0004274988343690135,0.0
Pet Industry,0.0004488330341113106,0.0004274988343690135,0.0
Alliance,0.0004488330341113106,0.0004274988343690135,0.0
"East Lansing, Michigan",0.0013464991023339318,0.0003524749554568431,0.0
Michigan State University,0.0004488330341113106,0.00045250679400640363,0.0
Lansing,0.0004488330341113106,0.00045250679400640363,0.0
Dallas,0.0026929982046678637,0.0003524749554568431,0.0
Largest City in North Texas,0.0004488330341113106,0.0004024908747316233,0.0
AT&T Inc.,0.0004488330341113106,0.0004024908747316233,0.0
Southwest Airlines,0.0004488330341113106,0.0004024908747316233,0.0
American Airlines,0.0004488330341113106,0.0004024908747316233,0.0
New Year's Day 1970,0.0004488330341113106,0.0003524749554568431,0.0
"January 1, 1970",0.0004488330341113106,0.0006525704711055247,0.0
Googleplex,0.0008976660682226212,0.0003524749554568431,0.0
1998,0.0008976660682226212,0.0005775465921933542,0.0
Sundar Pichai,0.0008976660682226212,0.0005775465921933542,0.0
Finance,0.0008976660682226212,0.0003524749554568431,0.0
Credit Suisse,0.0004488330341113106,0.0005025227132811838,0.0
Deutsche Bank,0.0004488330341113106,0.0005025227132811838,0.0
Citigroup Inc.,0.0004488330341113106,0.0003524749554568431,0.0
1812,0.0008976660682226212,0.0007526023096550852,0.0
Springfield,0.0017953321364452424,0.0003524749554568431,0.0
Illinois,0.0004488330341113106,0.0004274988343690135,0.0
Springfield Electric,0.0004488330341113106,0.0004274988343690135,0.0
City of Springfield,0.0004488330341113106,0.0004274988343690135,0.0
1821,0.0004488330341113106,0.0004274988343690135,0.0
Detroit,0.0008976660682226212,0.0003524749554568431,0.0
Quicken Loans,0.0004488330341113106,0.0005025227132811838,0.0
DTE Energy,0.0004488330341113106,0.0005025227132811838,0.0
San Diego,0.0008976660682226212,0.0003524749554568431,0.0
San Diego State University,0.0004488330341113106,0.0005025227132811838,0.0
1769,0.0004488330341113106,0.0005025227132811838,0.0
U.S. Congress,0.0004488330341113106,0.0003524749554568431,0.0
Bicameral Legislature,0.0004488330341113106,0.0006525704711055247,0.0
University of Illinois at Urbana-Champaign,0.0013464991023339318,0.0003524749554568431,0.0
Robert J. Jones,0.0004488330341113106,0.00045250679400640363,0.0
University of Illinois System,0.0004488330341113106,0.00045250679400640363,0.0
National Immigrants Day,0.0004488330341113106,0.0003524749554568431,0.0
Immigration Services,0.0004488330341113106,0.0006525704711055247,0.0
"Los Angeles, California",0.0008976660682226212,0.0003524749554568431,0.0
Universal Pictures,0.0004488330341113106,0.0005025227132811838,0.0
Sony Pictures Entertainment,0.0004488330341113106,0.0005025227132811838,0.0
Newark,0.0013464991023339318,0.0003524749554568431,0.0
1666,0.0004488330341113106,0.00045250679400640363,0.0
Newark Public Schools,0.0004488330341113106,0.00045250679400640363,0.0
Prudential Financial,0.0004488330341113106,0.00045250679400640363,0.0
Philadelphia,0.0004488330341113106,0.0003524749554568431,0.0
1682,0.0004488330341113106,0.0006525704711055247,0.0
International Communication Association,0.0013464991023339318,0.0003524749554568431,0.0
Diana R. Carlin,0.0004488330341113106,0.00045250679400640363,0.0
International Association for Media and Communication Research,0.0004488330341113106,0.00045250679400640363,0.0
"Newburyport, Massachusetts",0.0004488330341113106,0.0003524749554568431,0.0
1764,0.0004488330341113106,0.0006525704711055247,0.0
Apple Inc.,0.0004488330341113106,0.0003524749554568431,0.0
Consumer Electronics,0.0004488330341113106,0.0006525704711055247,0.0
Reston,0.0013464991023339318,0.0003524749554568431,0.0
Community Manager,0.0004488330341113106,0.00045250679400640363,0.0
Reston Association,0.0004488330341113106,0.00045250679400640363,0.0
Leidos,0.0004488330341113106,0.00045250679400640363,0.0
NBA,0.0017953321364452424,0.0003524749554568431,0.0
Adam Silver,0.0004488330341113106,0.0004274988343690135,0.0
National Basketball Association,0.0004488330341113106,0.0004274988343690135,0.0
1946,0.0004488330341113106,0.0004274988343690135,0.0
Santa Fe,0.0017953321364452424,0.0003524749554568431,0.0
New Mexico State Government,0.0004488330341113106,0.0004274988343690135,0.0
1610,0.0004488330341113106,0.0004274988343690135,0.0
Santa Fe Public Schools,0.0004488330341113106,0.0004274988343690135,0.0
City of Santa Fe,0.0004488330341113106,0.0004274988343690135,0.0
Alabama Department of Postsecondary Education,0.0008976660682226212,0.0003524749554568431,0.0
Alabama Community College System,0.0004488330341113106,0.0005025227132811838,0.0
Alabama State Department of Education,0.0004488330341113106,0.0005025227132811838,0.0
Atlanta,0.0017953321364452424,0.0003524749554568431,0.0
1837,0.0004488330341113106,0.0004274988343690135,0.0
Atlanta Braves,0.0004488330341113106,0.0004274988343690135,0.0
Coca-Cola,0.0004488330341113106,0.0004274988343690135,0.0
Delta Air Lines,0.0004488330341113106,0.0004274988343690135,0.0
"Oracle America, Inc.",0.0004488330341113106,0.0003524749554568431,0.0
Software,0.0008976660682226212,0.000727594350017695,0.0
NASA,0.002244165170556553,0.0003524749554568431,0.0
1958,0.0004488330341113106,0.0004124940585865794,0.0
N/A,0.0008976660682226212,0.00048751793749874983,0.0
Dwight D. Eisenhower,0.0004488330341113106,0.0004124940585865794,0.0
Bill Nelson,0.0004488330341113106,0.0004124940585865794,0.0
JP Morgan Chase,0.0004488330341113106,0.0003524749554568431,0.0
1799,0.0004488330341113106,0.0006525704711055247,0.0
City of New York,0.0013464991023339318,0.0003524749554568431,0.0
1624,0.0004488330341113106,0.00045250679400640363,0.0
New York City Department of Education,0.0004488330341113106,0.00045250679400640363,0.0
New York City Government,0.0004488330341113106,0.00045250679400640363,0.0
U.S. Department of Health and Human Services,0.0004488330341113106,0.0003524749554568431,0.0
Health Care,0.0004488330341113106,0.0006525704711055247,0.0
1945,0.0008976660682226212,0.0003524749554568431,0.0
The Diary of a Young Girl,0.0004488330341113106,0.0005025227132811838,0.0
World War II,0.0004488330341113106,0.0005025227132811838,0.0
Delaware State University,0.0008976660682226212,0.0003524749554568431,0.0
1891,0.0004488330341113106,0.0005025227132811838,0.0
Dover,0.0004488330341113106,0.0005025227132811838,0.0
JPMorgan Chase,0.0004488330341113106,0.0003524749554568431,0.0
Chase Manhattan Bank,0.0004488330341113106,0.0006525704711055247,0.0
Global Heritage Alliance,0.0008976660682226212,0.0003524749554568431,0.0
Cultural Heritage,0.0004488330341113106,0.0005025227132811838,0.0
Heritage Conservation Society,0.0004488330341113106,0.0005025227132811838,0.0
Eastern Time Zone,0.0004488330341113106,0.0003524749554568431,0.0
1783,0.0004488330341113106,0.0006525704711055247,0.0
Citigroup,0.0013464991023339318,0.0003524749554568431,0.0
William C. Rhind,0.0004488330341113106,0.00045250679400640363,0.0
Municipal City,0.0013464991023339318,0.0003524749554568431,0.0
Municipal Government,0.0008976660682226212,0.0007526023096550852,0.0
District of Columbia,0.0004488330341113106,0.00045250679400640363,0.0
City Hall,0.0004488330341113106,0.00045250679400640363,0.0
Microsoft Corporation,0.0013464991023339318,0.0003524749554568431,0.0
Satya Nadella,0.0008976660682226212,0.0007526023096550852,0.0
1975-04-04,0.0004488330341113106,0.00045250679400640363,0.0
NYSE Euronext,0.0008976660682226212,0.0003524749554568431,0.0
John Thain,0.0004488330341113106,0.0005025227132811838,0.0
U.S. Citizenship and Immigration Services,0.0013464991023339318,0.0003524749554568431,0.0
Secretary of Homeland Security,0.0004488330341113106,0.00045250679400640363,0.0
Immigration Officer,0.0004488330341113106,0.00045250679400640363,0.0
Social Services,0.0008976660682226212,0.0003524749554568431,0.0
Social Services Director,0.0004488330341113106,0.0005025227132811838,0.0
1965,0.0008976660682226212,0.0008026182289298655,0.0
American Independence Day,0.0008976660682226212,0.0003524749554568431,0.0
National holiday,0.0004488330341113106,0.0005025227132811838,0.0
July 4,0.0004488330341113106,0.0005025227132811838,0.0
World Bank,0.0013464991023339318,0.0003524749554568431,0.0
International Bank for Reconstruction and Development,0.0004488330341113106,0.00045250679400640363,0.0
David Malpass,0.0004488330341113106,0.00045250679400640363,0.0
1944,0.0008976660682226212,0.0005125258971361399,0.0
Democratic Party,0.0008976660682226212,0.0003524749554568431,0.0
Politics,0.0008976660682226212,0.0005775465921933542,0.0
1828,0.0004488330341113106,0.0005025227132811838,0.0
Environmental Protection Agency,0.0008976660682226212,0.0003524749554568431,0.0
Michael Regan,0.0004488330341113106,0.0005025227132811838,0.0
Environmental Protection,0.0004488330341113106,0.0005025227132811838,0.0
Alphabet Inc.,0.0004488330341113106,0.0003524749554568431,0.0
"September 4, 1998",0.0004488330341113106,0.0006525704711055247,0.0
1863,0.0008976660682226212,0.0003524749554568431,0.0
Red Cross,0.0004488330341113106,0.0005025227132811838,0.0
Battle of Gettysburg,0.0004488330341113106,0.0005025227132811838,0.0
Yale University,0.0004488330341113106,0.0003524749554568431,0.0
New Haven,0.0004488330341113106,0.0006525704711055247,0.0
Zimbabwean Government,0.0008976660682226212,0.0003524749554568431,0.0
Emmerson Mnangagwa,0.0004488330341113106,0.0005025227132811838,0.0
Ministry of Finance,0.0008976660682226212,0.0006525704711055247,0.0
City of Montgomery,0.0004488330341113106,0.0003524749554568431,0.0
City of Montgomery Government,0.0004488330341113106,0.0006525704711055247,0.0
"Amazon Web Services, Inc.",0.0004488330341113106,0.0003524749554568431,0.0
Cloud Computing,0.0008976660682226212,0.0008026182289298655,0.0
United Nations,0.002244165170556553,0.0003524749554568431,0.0
Multiple Nations,0.0004488330341113106,0.0004124940585865794,0.0
United Nations Conference on International Organization,0.0004488330341113106,0.0004124940585865794,0.0
1945-10-24,0.0004488330341113106,0.0004124940585865794,0.0
António Guterres,0.0004488330341113106,0.0004124940585865794,0.0
Hawaii,0.0004488330341113106,0.0003524749554568431,0.0
Hawaiian,0.0004488330341113106,0.0006525704711055247,0.0
Charles L. Webster Company,0.0004488330341113106,0.0003524749554568431,0.0
Webster & Co.,0.0004488330341113106,0.0006525704711055247,0.0
Media Outlets,0.0013464991023339318,0.0003524749554568431,0.0
News Corp,0.0004488330341113106,0.00045250679400640363,0.0
Editor-in-Chief,0.0004488330341113106,0.00045250679400640363,0.0
1900,0.0004488330341113106,0.00045250679400640363,0.0
Sydney,0.0013464991023339318,0.0003524749554568431,0.0
Sydney Opera House,0.0004488330341113106,0.00045250679400640363,0.0
1788,0.0004488330341113106,0.00045250679400640363,0.0
Commonwealth Bank of Australia,0.0004488330341113106,0.00045250679400640363,0.0
Friday,0.003590664272890485,0.0003524749554568431,0.0
Calendar City,0.0004488330341113106,0.0003899868949129283,0.0
Time,0.0008976660682226212,0.0004900187334624888,0.0
The Calendar,0.0004488330341113106,0.0003899868949129283,0.0
"January 1, 2000",0.0008976660682226212,0.0004650107738250987,0.0
Weekly,0.0004488330341113106,0.0003899868949129283,0.0
Workweek,0.0004488330341113106,0.0003899868949129283,0.0
Week,0.0008976660682226212,0.0004500059980426646,0.0
Day of the Week,0.0008976660682226212,0.0004500059980426646,0.0
Red Hat,0.0017953321364452424,0.0003524749554568431,0.0
Raleigh,0.0004488330341113106,0.0004274988343690135,0.0
1993,0.0004488330341113106,0.0004274988343690135,0.0
Jim Whitehurst,0.0004488330341113106,0.0004274988343690135,0.0
Textron,0.002244165170556553,0.0003524749554568431,0.0
Textron Aviation,0.0004488330341113106,0.0004124940585865794,0.0
Scott Donnelly,0.0004488330341113106,0.0004124940585865794,0.0
Providence,0.0004488330341113106,0.0004124940585865794,0.0
1923,0.0004488330341113106,0.0004124940585865794,0.0
2014,0.0008976660682226212,0.0003524749554568431,0.0
Year of the Horse,0.0004488330341113106,0.0005025227132811838,0.0
"January 1, 2014",0.0004488330341113106,0.0005025227132811838,0.0
Henry Condell,0.002244165170556553,0.0003524749554568431,0.0
Playwright,0.0004488330341113106,0.0004124940585865794,0.0
1568-01-01,0.0004488330341113106,0.0004124940585865794,0.0
Globe Theatre,0.0004488330341113106,0.0004124940585865794,0.0
"St. John's College, Cambridge",0.0004488330341113106,0.0004124940585865794,0.0
Actor,0.0004488330341113106,0.0004124940585865794,0.0
Disney+,0.0008976660682226212,0.0003524749554568431,0.0
Bob Chapek,0.0004488330341113106,0.0005025227132811838,0.0
Streaming Services,0.0004488330341113106,0.0005025227132811838,0.0
"Pinterest, Inc.",0.0013464991023339318,0.0003524749554568431,0.0
Ben Silbermann,0.0004488330341113106,0.00045250679400640363,0.0
2013,0.0017953321364452424,0.0003524749554568431,0.0
"January 1, 2013",0.0004488330341113106,0.0004274988343690135,0.0
Industries prominent in 2013,0.0004488330341113106,0.0004274988343690135,0.0
Organizations active in 2013,0.0004488330341113106,0.0004274988343690135,0.0
3M,0.0017953321364452424,0.0003524749554568431,0.0
Maplewood,0.0004488330341113106,0.0004274988343690135,0.0
Mike Roman,0.0004488330341113106,0.0004274988343690135,0.0
Auburn University,0.0013464991023339318,0.0003524749554568431,0.0
1856,0.0004488330341113106,0.00045250679400640363,0.0
Wednesday,0.002244165170556553,0.0003524749554568431,0.0
Time Management,0.0004488330341113106,0.0004124940585865794,0.0
2023-10-04,0.0004488330341113106,0.0004124940585865794,0.0
Calendar,0.0004488330341113106,0.0004124940585865794,0.0
1901,0.0017953321364452424,0.0003524749554568431,0.0
Industry in 1901,0.0004488330341113106,0.0004274988343690135,0.0
Historical Organizations,0.0004488330341113106,0.0004274988343690135,0.0
1901-01-01,0.0004488330341113106,0.0004274988343690135,0.0
Currency in 1901,0.0004488330341113106,0.0004274988343690135,0.0
1983,0.0004488330341113106,0.0003524749554568431,0.0
1983-01-01,0.0004488330341113106,0.0006525704711055247,0.0
TD Bank Group,0.0008976660682226212,0.0003524749554568431,0.0
William Mulholland,0.0004488330341113106,0.0005025227132811838,0.0
1855,0.0004488330341113106,0.0005025227132811838,0.0
2029-01-01,0.0017953321364452424,0.0003524749554568431,0.0
2029,0.0004488330341113106,0.0004274988343690135,0.0
Event Management,0.0004488330341113106,0.0004274988343690135,0.0
Event Coordinator,0.0004488330341113106,0.0004274988343690135,0.0
Event Management Company,0.0004488330341113106,0.0004274988343690135,0.0
Innovator Inc.,0.0008976660682226212,0.0003524749554568431,0.0
Global Innovations LLC,0.0004488330341113106,0.0005025227132811838,0.0
Alice Smith,0.0004488330341113106,0.0005025227132811838,0.0
Snap Inc.,0.0013464991023339318,0.0003524749554568431,0.0
Santa Monica,0.0004488330341113106,0.00045250679400640363,0.0
Snapchat,0.0004488330341113106,0.00045250679400640363,0.0
Evan Spiegel,0.0004488330341113106,0.00045250679400640363,0.0
British Pound Sterling,0.0008976660682226212,0.0003524749554568431,0.0
Bank of England,0.0004488330341113106,0.0005025227132811838,0.0
1694,0.0004488330341113106,0.0005025227132811838,0.0
Linux,0.0004488330341113106,0.0003524749554568431,0.0
Linus Torvalds,0.0008976660682226212,0.0009526659867542061,0.0
1809-02-12,0.0004488330341113106,0.0003524749554568431,0.0
"Shrewsbury, England",0.0004488330341113106,0.0006525704711055247,0.0
Suva,0.0026929982046678637,0.0003524749554568431,0.0
Fiji Government,0.0004488330341113106,0.0004024908747316233,0.0
Fiji National University,0.0004488330341113106,0.0004024908747316233,0.0
Fiji Time,0.0004488330341113106,0.0004024908747316233,0.0
UTC+12:00,0.0004488330341113106,0.0004024908747316233,0.0
Capital City,0.0008976660682226212,0.0005525386325559641,0.0
Fijian dollar,0.0004488330341113106,0.0004024908747316233,0.0
1911,0.0004488330341113106,0.0003524749554568431,0.0
1911-01-01,0.0004488330341113106,0.0006525704711055247,0.0
PST Holdings,0.0004488330341113106,0.0003524749554568431,0.0
PST Holdings Group,0.0004488330341113106,0.0006525704711055247,0.0
Greenwich Mean Time,0.0008976660682226212,0.0003524749554568431,0.0
"January 1, 1884",0.0004488330341113106,0.0005025227132811838,0.0
Greenwich,0.0008976660682226212,0.0006525704711055247,0.0
2003,0.0004488330341113106,0.0003524749554568431,0.0
"January 1, 2003",0.0004488330341113106,0.0006525704711055247,0.0
First Day of the Year,0.002244165170556553,0.0003524749554568431,0.0
New Year,0.0004488330341113106,0.0004124940585865794,0.0
January 1,0.0004488330341113106,0.0004124940585865794,0.0
Various currencies,0.0004488330341113106,0.0004124940585865794,0.0
"January 1, 1 AD",0.0004488330341113106,0.0004124940585865794,0.0
Various cities worldwide,0.0004488330341113106,0.0004124940585865794,0.0
Goldman Sachs,0.0017953321364452424,0.0003524749554568431,0.0
David Solomon,0.0004488330341113106,0.0004274988343690135,0.0
1869,0.0004488330341113106,0.0004274988343690135,0.0
Marcus Goldman,0.0004488330341113106,0.0004274988343690135,0.0
City of London Corporation,0.0017953321364452424,0.0003524749554568431,0.0
1066,0.0008976660682226212,0.000527530672918574,0.0
The Lord Mayor of London,0.0004488330341113106,0.0004274988343690135,0.0
Lord Mayor of London,0.0004488330341113106,0.0004274988343690135,0.0
Greater London Authority,0.0004488330341113106,0.0004274988343690135,0.0
PDT Inc.,0.0013464991023339318,0.0003524749554568431,0.0
Huntington Beach,0.0004488330341113106,0.00045250679400640363,0.0
PDT Group,0.0004488330341113106,0.00045250679400640363,0.0
House of Commons,0.0017953321364452424,0.0003524749554568431,0.0
Members of Parliament,0.0004488330341113106,0.0004274988343690135,0.0
Speaker of the House of Commons,0.0004488330341113106,0.0004274988343690135,0.0
Parliament of the United Kingdom,0.0004488330341113106,0.0004274988343690135,0.0
1295,0.0004488330341113106,0.0004274988343690135,0.0
University of Technology,0.0008976660682226212,0.0003524749554568431,0.0
Country A,0.0004488330341113106,0.0005025227132811838,0.0
Tech Education Group,0.0004488330341113106,0.0005025227132811838,0.0
John Winthrop,0.0013464991023339318,0.0003524749554568431,0.0
"Trinity College, Cambridge",0.0004488330341113106,0.00045250679400640363,0.0
Governor of the Massachusetts Bay Colony,0.0004488330341113106,0.00045250679400640363,0.0
1606-12-12,0.0004488330341113106,0.00045250679400640363,0.0
Hong Kong,0.0026929982046678637,0.0003524749554568431,0.0
1842,0.0008976660682226212,0.000702586390380305,0.0
China,0.0008976660682226212,0.00047751475364379376,0.0
Hong Kong Dollar,0.0004488330341113106,0.0004024908747316233,0.0
Hong Kong Time,0.0004488330341113106,0.0004024908747316233,0.0
Chief Executive,0.0004488330341113106,0.0004024908747316233,0.0
Special Administrative Region,0.0004488330341113106,0.0004024908747316233,0.0
Global Language Network,0.0008976660682226212,0.0003524749554568431,0.0
Language Services Provider,0.0004488330341113106,0.0005025227132811838,0.0
Language Network Inc.,0.0004488330341113106,0.0005025227132811838,0.0
Google LLC,0.0017953321364452424,0.0003524749554568431,0.0
1998-09-04,0.0004488330341113106,0.0004274988343690135,0.0
Singapore Government,0.0008976660682226212,0.0003524749554568431,0.0
Lee Hsien Loong,0.0004488330341113106,0.0005025227132811838,0.0
University of Oxford,0.0008976660682226212,0.0003524749554568431,0.0
1096,0.0008976660682226212,0.0008026182289298655,0.0
Vice-Chancellor,0.0004488330341113106,0.0005025227132811838,0.0
The Adventures of Tom Sawyer,0.0008976660682226212,0.0003524749554568431,0.0
Chatto & Windus,0.0004488330341113106,0.0005025227132811838,0.0
Classic Literature,0.0004488330341113106,0.0005025227132811838,0.0
British Council,0.0004488330341113106,0.0003524749554568431,0.0
1934,0.0004488330341113106,0.0006525704711055247,0.0
Parent Company ABC,0.0004488330341113106,0.0003524749554568431,0.0
CEO Name,0.0004488330341113106,0.0006525704711055247,0.0
2009,0.0004488330341113106,0.0003524749554568431,0.0
"January 1, 2009",0.0004488330341113106,0.0006525704711055247,0.0
Example Corporation,0.0013464991023339318,0.0003524749554568431,0.0
Example City,0.0004488330341113106,0.00045250679400640363,0.0
Example Founder,0.0004488330341113106,0.00045250679400640363,0.0
Example Capital,0.0004488330341113106,0.00045250679400640363,0.0
Shakespeare's Plays,0.0013464991023339318,0.0003524749554568431,0.0
Thomas Thorpe,0.0004488330341113106,0.00045250679400640363,0.0
1599,0.0004488330341113106,0.00045250679400640363,0.0
1609,0.0008976660682226212,0.0007526023096550852,0.0
International Airlines Group,0.0004488330341113106,0.0003524749554568431,0.0
Iberia,0.0004488330341113106,0.0006525704711055247,0.0
NVIDIA Corporation,0.0008976660682226212,0.0003524749554568431,0.0
Jensen Huang,0.0004488330341113106,0.0005025227132811838,0.0
Startup Incubator,0.0008976660682226212,0.0003524749554568431,0.0
Tech Ventures,0.0004488330341113106,0.0005025227132811838,0.0
Incubator Manager,0.0004488330341113106,0.0005025227132811838,0.0
University Press,0.0004488330341113106,0.0003524749554568431,0.0
Cambridge University,0.0004488330341113106,0.0006525704711055247,0.0
Unix Systems,0.002244165170556553,0.0003524749554568431,0.0
Ken Thompson,0.0004488330341113106,0.0004124940585865794,0.0
Murray Hill,0.0004488330341113106,0.0004124940585865794,0.0
AT&T,0.0004488330341113106,0.0004124940585865794,0.0
1969,0.0004488330341113106,0.0004124940585865794,0.0
Dennis Ritchie,0.0004488330341113106,0.0004124940585865794,0.0
1997,0.0004488330341113106,0.0003524749554568431,0.0
1997-01-01,0.0004488330341113106,0.0006525704711055247,0.0
Innovative Holdings LLC,0.0008976660682226212,0.0003524749554568431,0.0
Senior Analyst,0.0004488330341113106,0.0005025227132811838,0.0
Innovative Group Inc.,0.0004488330341113106,0.0005025227132811838,0.0
Another Organization Name,0.0004488330341113106,0.0003524749554568431,0.0
Parent Company Name,0.0004488330341113106,0.0006525704711055247,0.0
Energy,0.0017953321364452424,0.0003524749554568431,0.0
Energy Sector,0.0004488330341113106,0.0004274988343690135,0.0
ExxonMobil,0.0004488330341113106,0.0004274988343690135,0.0
OPEC,0.0004488330341113106,0.0004274988343690135,0.0
GMT,0.0008976660682226212,0.0003524749554568431,0.0
British Broadcasting Corporation,0.0004488330341113106,0.0005025227132811838,0.0
1980,0.0008976660682226212,0.0003524749554568431,0.0
1980-01-01,0.0004488330341113106,0.0005025227132811838,0.0
"January 1, 1980",0.0004488330341113106,0.0005025227132811838,0.0
Unix Time,0.0004488330341113106,0.0003524749554568431,0.0
Epoch,0.0004488330341113106,0.0006525704711055247,0.0
2024-01-01,0.0013464991023339318,0.0003524749554568431,0.0
2024,0.0004488330341113106,0.00045250679400640363,0.0
"January 1, 2024",0.0004488330341113106,0.00045250679400640363,0.0
United Nations Food and Agriculture Organization,0.0017953321364452424,0.0003524749554568431,0.0
Rome,0.0008976660682226212,0.0005775465921933542,0.0
José Graziano da Silva,0.0004488330341113106,0.0004274988343690135,0.0
Director-General,0.0004488330341113106,0.0004274988343690135,0.0
Italy,0.0008976660682226212,0.0005025227132811838,0.0
European Central Bank,0.0008976660682226212,0.0003524749554568431,0.0
European System of Central Banks,0.0004488330341113106,0.0005025227132811838,0.0
Christine Lagarde,0.0004488330341113106,0.0005025227132811838,0.0
Networking,0.0008976660682226212,0.0003524749554568431,0.0
Vint Cerf,0.0004488330341113106,0.0005025227132811838,0.0
Network Engineer,0.0004488330341113106,0.0005025227132811838,0.0
Royal Bank of Canada Group,0.0008976660682226212,0.0003524749554568431,0.0
1864,0.0004488330341113106,0.0005025227132811838,0.0
David McKay,0.0004488330341113106,0.0005025227132811838,0.0
University of Cambridge,0.0004488330341113106,0.0003524749554568431,0.0
University of Cambridge Trust,0.0004488330341113106,0.0006525704711055247,0.0
Bell Labs,0.0017953321364452424,0.0003524749554568431,0.0
Research and Development,0.0004488330341113106,0.0004274988343690135,0.0
Jio P. P. Raghavan,0.0004488330341113106,0.0004274988343690135,0.0
1987,0.0004488330341113106,0.0003524749554568431,0.0
"January 1, 1987",0.0004488330341113106,0.0006525704711055247,0.0
Royal Bank of Canada,0.0004488330341113106,0.0003524749554568431,0.0
William McMaster,0.0004488330341113106,0.0006525704711055247,0.0
The Globe Theatre Trust,0.0008976660682226212,0.0003524749554568431,0.0
The Shakespeare's Globe,0.0004488330341113106,0.0005025227132811838,0.0
Trustee,0.0004488330341113106,0.0005025227132811838,0.0
Company A,0.0004488330341113106,0.0003524749554568431,0.0
Parent Company X,0.0004488330341113106,0.0006525704711055247,0.0
The King's Men Theatre Company,0.0013464991023339318,0.0003524749554568431,0.0
Artistic Director,0.0008976660682226212,0.0005125258971361399,0.0
Royal Shakespeare Company,0.0004488330341113106,0.00045250679400640363,0.0
David Edgar,0.0004488330341113106,0.00045250679400640363,0.0
Research Organization,0.0008976660682226212,0.0003524749554568431,0.0
Lead Researcher,0.0004488330341113106,0.0005025227132811838,0.0
Global Research Network,0.0004488330341113106,0.0005025227132811838,0.0
"Florida, Missouri",0.0013464991023339318,0.0003524749554568431,0.0
Missouri,0.0004488330341113106,0.00045250679400640363,0.0
Jefferson City,0.0004488330341113106,0.00045250679400640363,0.0
City,0.0004488330341113106,0.00045250679400640363,0.0
LSE,0.0013464991023339318,0.0003524749554568431,0.0
Minouche Shafik,0.0004488330341113106,0.00045250679400640363,0.0
1895,0.0004488330341113106,0.00045250679400640363,0.0
University of London,0.0004488330341113106,0.00045250679400640363,0.0
Advanced Micro Devices,0.0004488330341113106,0.0003524749554568431,0.0
Lisa Su,0.0004488330341113106,0.0006525704711055247,0.0
John Heminges,0.0008976660682226212,0.0003524749554568431,0.0
1566-04-01,0.0004488330341113106,0.0005025227132811838,0.0
St. Paul's School,0.0004488330341113106,0.0005025227132811838,0.0
Hospitality,0.0004488330341113106,0.0003524749554568431,0.0
Hospitality Manager,0.0004488330341113106,0.0006525704711055247,0.0
Official Language Name,0.0031418312387791743,0.0003524749554568431,0.0
Hindi,0.0004488330341113106,0.0003953457434066548,0.0
Italian,0.0004488330341113106,0.0003953457434066548,0.0
Portuguese,0.0008976660682226212,0.0006721385957866676,0.0
Arabic,0.0004488330341113106,0.0003953457434066548,0.0
German,0.0004488330341113106,0.0003953457434066548,0.0
Spanish,0.0008976660682226212,0.0004953775819562152,0.0
Mandarin,0.0004488330341113106,0.0003953457434066548,0.0
2016,0.0008976660682226212,0.0003524749554568431,0.0
"January 1, 2016",0.0004488330341113106,0.0005025227132811838,0.0
Global Corporation,0.0004488330341113106,0.0005025227132811838,0.0
Unknown Org,0.0017953321364452424,0.0003524749554568431,0.0
Fictional Exchange,0.0004488330341113106,0.0004274988343690135,0.0
Metropolis,0.0008976660682226212,0.0004703696223188251,0.0
Fictionland,0.0004488330341113106,0.0004274988343690135,0.0
Fictional Currency,0.0004488330341113106,0.0004274988343690135,0.0
Advocacy Group,0.0013464991023339318,0.0003524749554568431,0.0
Advocacy Director,0.0004488330341113106,0.00045250679400640363,0.0
National LGBTQ Task Force,0.0004488330341113106,0.00045250679400640363,0.0
Nonprofit,0.0004488330341113106,0.00045250679400640363,0.0
Telecommunications,0.0013464991023339318,0.0003524749554568431,0.0
Sprint Corporation,0.0004488330341113106,0.00045250679400640363,0.0
T-Mobile US,0.0004488330341113106,0.00045250679400640363,0.0
Verizon Communications,0.0004488330341113106,0.00045250679400640363,0.0
Shakespeare's Globe,0.0008976660682226212,0.0003524749554568431,0.0
Theater,0.0004488330341113106,0.0005025227132811838,0.0
Shakespeare's Globe Trust,0.0004488330341113106,0.0005025227132811838,0.0
2015,0.0004488330341113106,0.0003524749554568431,0.0
"January 1, 2015",0.0004488330341113106,0.0006525704711055247,0.0
Earth,0.0008976660682226212,0.0003524749554568431,0.0
UTC,0.0008976660682226212,0.0006525704711055247,0.0
4.5 billion years ago,0.0004488330341113106,0.0005025227132811838,0.0
Adobe Inc.,0.0008976660682226212,0.0003524749554568431,0.0
Shantanu Narayen,0.0004488330341113106,0.0005025227132811838,0.0
Self-Employment,0.0013464991023339318,0.0003524749554568431,0.0
Self-Employed Individuals,0.0004488330341113106,0.00045250679400640363,0.0
Freelancers Union,0.0004488330341113106,0.00045250679400640363,0.0
Entrepreneurship,0.0004488330341113106,0.00045250679400640363,0.0
Global Hospitality Group,0.0004488330341113106,0.0003524749554568431,0.0
Hospitality Holdings Inc.,0.0004488330341113106,0.0006525704711055247,0.0
Holding Company Inc.,0.0004488330341113106,0.0003524749554568431,0.0
Parent Holdings LLC,0.0004488330341113106,0.0006525704711055247,0.0
Virginia Company,0.0026929982046678637,0.0003524749554568431,0.0
British Crown,0.0008976660682226212,0.0005025227132811838,0.0
Colonization,0.0004488330341113106,0.0004024908747316233,0.0
1606,0.0004488330341113106,0.0004024908747316233,0.0
King James I,0.0004488330341113106,0.0004024908747316233,0.0
Joint Stock Company,0.0004488330341113106,0.0004024908747316233,0.0
Thomas West,0.0004488330341113106,0.0004024908747316233,0.0
Global Education Group,0.0004488330341113106,0.0003524749554568431,0.0
Education Worldwide Inc.,0.0004488330341113106,0.0006525704711055247,0.0
Thursday,0.0017953321364452424,0.0003524749554568431,0.0
Time Zone City,0.0004488330341113106,0.0004274988343690135,0.0
2023-10-12,0.0004488330341113106,0.0004274988343690135,0.0
2023-01-01,0.0008976660682226212,0.0004703696223188251,0.0
Weekdays,0.0004488330341113106,0.0004274988343690135,0.0
National Sheriffs' Association,0.002244165170556553,0.0003524749554568431,0.0
Law Enforcement,0.0004488330341113106,0.0004124940585865794,0.0
1940,0.0004488330341113106,0.0004124940585865794,0.0
Sheriffs,0.0004488330341113106,0.0004124940585865794,0.0
National Association of Counties,0.0004488330341113106,0.0004124940585865794,0.0
Tech Holdings Inc.,0.0004488330341113106,0.0003524749554568431,0.0
Tech Group LLC,0.0004488330341113106,0.0006525704711055247,0.0
World Health Organization,0.0008976660682226212,0.0003524749554568431,0.0
Public Health,0.0008976660682226212,0.0005453935012309955,0.0
Tedros Adhanom,0.0004488330341113106,0.0005025227132811838,0.0
The New York Times Company,0.0008976660682226212,0.0003524749554568431,0.0
Henry Jarvis Raymond,0.0004488330341113106,0.0005025227132811838,0.0
"The New York Times Company, Inc.",0.0004488330341113106,0.0005025227132811838,0.0
Continental dollar,0.0008976660682226212,0.0003524749554568431,0.0
Currency,0.0004488330341113106,0.0005025227132811838,0.0
1775,0.0004488330341113106,0.0005025227132811838,0.0
Paramount+,0.0013464991023339318,0.0003524749554568431,0.0
Streaming Service,0.0004488330341113106,0.00045250679400640363,0.0
Streaming Media,0.0004488330341113106,0.00045250679400640363,0.0
ViacomCBS,0.0004488330341113106,0.00045250679400640363,0.0
Research Institute,0.0008976660682226212,0.0003524749554568431,0.0
Countryland,0.0004488330341113106,0.0005025227132811838,0.0
Cityville,0.0004488330341113106,0.0005025227132811838,0.0
Lam Research,0.0004488330341113106,0.0003524749554568431,0.0
Semiconductor Equipment,0.0004488330341113106,0.0006525704711055247,0.0
BritBox,0.0008976660682226212,0.0003524749554568431,0.0
Streaming,0.0004488330341113106,0.0005025227132811838,0.0
ITV,0.0004488330341113106,0.0005025227132811838,0.0
Canberra,0.0008976660682226212,0.0003524749554568431,0.0
Australian Capital Territory,0.0004488330341113106,0.0005025227132811838,0.0
Australian Federal Government,0.0004488330341113106,0.0005025227132811838,0.0
Fiji,0.0004488330341113106,0.0003524749554568431,0.0
Fijian,0.0004488330341113106,0.0006525704711055247,0.0
Association of Southeast Asian Nations,0.0017953321364452424,0.0003524749554568431,0.0
ASEAN Secretariat,0.0004488330341113106,0.0004274988343690135,0.0
Indonesia,0.0004488330341113106,0.0004274988343690135,0.0
Jakarta,0.0004488330341113106,0.0004274988343690135,0.0
Trade,0.0004488330341113106,0.0004274988343690135,0.0
Guernsey,0.0017953321364452424,0.0003524749554568431,0.0
Crown dependencies,0.0004488330341113106,0.0004274988343690135,0.0
1204,0.0004488330341113106,0.0004274988343690135,0.0
Guernsey pound,0.0004488330341113106,0.0004274988343690135,0.0
St. Peter Port,0.0004488330341113106,0.0004274988343690135,0.0
Year 2000,0.0017953321364452424,0.0003524749554568431,0.0
"December 31, 2000",0.0004488330341113106,0.0004274988343690135,0.0
Various Organizations,0.0004488330341113106,0.0004274988343690135,0.0
Millennium,0.0004488330341113106,0.0004274988343690135,0.0
1600,0.0008976660682226212,0.0003524749554568431,0.0
British East India Company,0.0004488330341113106,0.0005025227132811838,0.0
Historical Significance,0.0004488330341113106,0.0005025227132811838,0.0
Example Education Group,0.0008976660682226212,0.0003524749554568431,0.0
Example Holdings Inc.,0.0004488330341113106,0.0005025227132811838,0.0
Educational Institution,0.0004488330341113106,0.0005025227132811838,0.0
Infosys,0.002244165170556553,0.0003524749554568431,0.0
Nandan Nilekani,0.0004488330341113106,0.0004124940585865794,0.0
N. R. Narayana Murthy,0.0004488330341113106,0.0004124940585865794,0.0
Bengaluru,0.0004488330341113106,0.0004124940585865794,0.0
India,0.0004488330341113106,0.0004124940585865794,0.0
Bangalore,0.0004488330341113106,0.0004124940585865794,0.0
The Walt Disney Studios,0.0004488330341113106,0.0003524749554568431,0.0
Film Production,0.0004488330341113106,0.0006525704711055247,0.0
H&R Block,0.0017953321364452424,0.0003524749554568431,0.0
"H&R Block, Inc.",0.0004488330341113106,0.0004274988343690135,0.0
Tax Preparation,0.0004488330341113106,0.0004274988343690135,0.0
Kansas City,0.0004488330341113106,0.0004274988343690135,0.0
Jeffrey J. Jones II,0.0004488330341113106,0.0004274988343690135,0.0
Greenwich Observatory,0.0017953321364452424,0.0003524749554568431,0.0
1675,0.0004488330341113106,0.0004274988343690135,0.0
Astronomer Royal,0.0004488330341113106,0.0004274988343690135,0.0
Royal Museums Greenwich,0.0004488330341113106,0.0004274988343690135,0.0
Astronomy,0.0004488330341113106,0.0004274988343690135,0.0
Cultural Foundation,0.0008976660682226212,0.0003524749554568431,0.0
Cultural Arts,0.0004488330341113106,0.0005025227132811838,0.0
Arts Council,0.0004488330341113106,0.0005025227132811838,0.0
Various countries,0.0004488330341113106,0.0003524749554568431,0.0
Paris,0.0008976660682226212,0.0007125895742352609,0.0
International Business Institute,0.0004488330341113106,0.0003524749554568431,0.0
Director of Studies,0.0004488330341113106,0.0006525704711055247,0.0
Tech Innovations Inc.,0.0031418312387791743,0.0003524749554568431,0.0
2000-05-15,0.0004488330341113106,0.0003953457434066548,0.0
2010-05-15,0.0004488330341113106,0.0003953457434066548,0.0
Innovative Holdings,0.0004488330341113106,0.0003953457434066548,0.0
2010-05-01,0.0004488330341113106,0.0003953457434066548,0.0
1999-05-01,0.0004488330341113106,0.0003953457434066548,0.0
2010-04-01,0.0004488330341113106,0.0003953457434066548,0.0
Innovators Group,0.0004488330341113106,0.0003524749554568431,0.0
Innovation Holdings,0.0004488330341113106,0.0006525704711055247,0.0
Government of the United Kingdom,0.0013464991023339318,0.0003524749554568431,0.0
1215,0.0004488330341113106,0.00045250679400640363,0.0
King John,0.0004488330341113106,0.00045250679400640363,0.0
Public Sector,0.0004488330341113106,0.00045250679400640363,0.0
Construction,0.0013464991023339318,0.0003524749554568431,0.0
Construction Group,0.0004488330341113106,0.00045250679400640363,0.0
Project Manager,0.0008976660682226212,0.0005125258971361399,0.0
Construction Company,0.0004488330341113106,0.00045250679400640363,0.0
National Fire Protection Association,0.002244165170556553,0.0003524749554568431,0.0
1896,0.0004488330341113106,0.0004124940585865794,0.0
Jim Pauley,0.0004488330341113106,0.0004124940585865794,0.0
International Fire Safety Standards Coalition,0.0004488330341113106,0.0004124940585865794,0.0
Quincy,0.0004488330341113106,0.0004124940585865794,0.0
Fire Safety,0.0004488330341113106,0.0004124940585865794,0.0
1947,0.0004488330341113106,0.0003524749554568431,0.0
"January 1, 1947",0.0004488330341113106,0.0006525704711055247,0.0
International Linguistic Society,0.0013464991023339318,0.0003524749554568431,0.0
Linguistic Society of America,0.0004488330341113106,0.00045250679400640363,0.0
Linguistics,0.0004488330341113106,0.00045250679400640363,0.0
Noam Chomsky,0.0004488330341113106,0.00045250679400640363,0.0
1970-01-01T00:00:00Z,0.0008976660682226212,0.0003524749554568431,0.0
1970-01-01,0.0008976660682226212,0.0005625418164109202,0.0
English Colonization,0.002244165170556553,0.0003524749554568431,0.0
1583,0.0004488330341113106,0.0004124940585865794,0.0
Colonial Trade,0.0004488330341113106,0.0004124940585865794,0.0
Colonial Power,0.0004488330341113106,0.0004124940585865794,0.0
Queen Elizabeth I,0.0004488330341113106,0.0004124940585865794,0.0
British Empire,0.0008976660682226212,0.0005125258971361399,0.0
Massachusetts Bay Company,0.0004488330341113106,0.0003524749554568431,0.0
1628,0.0004488330341113106,0.0006525704711055247,0.0
Museum,0.0013464991023339318,0.0003524749554568431,0.0
Cultural Heritage Foundation,0.0004488330341113106,0.00045250679400640363,0.0
Cultural,0.0004488330341113106,0.00045250679400640363,0.0
City Museum,0.0004488330341113106,0.00045250679400640363,0.0
University of Alabama System,0.0008976660682226212,0.0003524749554568431,0.0
University of Alabama Board of Trustees,0.0004488330341113106,0.0005025227132811838,0.0
Stacey M. Abrams,0.0004488330341113106,0.0005025227132811838,0.0
National Historical Society,0.0008976660682226212,0.0003524749554568431,0.0
1938,0.0004488330341113106,0.0005025227132811838,0.0
Historical Preservation,0.0004488330341113106,0.0005025227132811838,0.0
Shakespeare's Works,0.0008976660682226212,0.0003524749554568431,0.0
1623,0.0004488330341113106,0.0005025227132811838,0.0
1593,0.0004488330341113106,0.0005025227132811838,0.0
DEF Ltd.,0.0004488330341113106,0.0003524749554568431,0.0
XYZ Corp.,0.0004488330341113106,0.0006525704711055247,0.0
Plymouth Colony,0.0017953321364452424,0.0003524749554568431,0.0
Plymouth Rock Foundation,0.0004488330341113106,0.0004274988343690135,0.0
Pine Tree Shilling,0.0004488330341113106,0.0004274988343690135,0.0
William Bradford,0.0004488330341113106,0.0004274988343690135,0.0
Plymouth,0.0004488330341113106,0.0004274988343690135,0.0
Colonial America,0.0013464991023339318,0.0003524749554568431,0.0
Colonial Governor,0.0004488330341113106,0.00045250679400640363,0.0
Go,0.0008976660682226212,0.0003524749554568431,0.0
Programming Language,0.0008976660682226212,0.0005775465921933542,0.0
Game Developer,0.0004488330341113106,0.0005025227132811838,0.0
National Breadstick Day Committee,0.0031418312387791743,0.0003524749554568431,0.0
Unknown Parent Org,0.0004488330341113106,0.0003953457434066548,0.0
Unknown Date,0.0004488330341113106,0.0003953457434066548,0.0
Unknown Founder,0.0004488330341113106,0.0003953457434066548,0.0
Unknown Country,0.0004488330341113106,0.0003953457434066548,0.0
Unknown Position,0.0004488330341113106,0.0003953457434066548,0.0
Unknown City,0.0004488330341113106,0.0003953457434066548,0.0
Unknown Employee,0.0004488330341113106,0.0003953457434066548,0.0
Hamlet,0.002244165170556553,0.0003524749554568431,0.0
Denmark,0.0004488330341113106,0.0004124940585865794,0.0
Prince of Denmark,0.0004488330341113106,0.0004124940585865794,0.0
Unknown,0.0008976660682226212,0.0007125895742352609,0.0
King of Denmark,0.0004488330341113106,0.0004124940585865794,0.0
1603,0.0004488330341113106,0.0004124940585865794,0.0
Awareness and Celebration of Immigrants,0.0017953321364452424,0.0003524749554568431,0.0
Immigrant Heritage Month,0.0004488330341113106,0.0004274988343690135,0.0
Non-Profit,0.0004488330341113106,0.0004274988343690135,0.0
Advocate for Immigrant Rights,0.0004488330341113106,0.0004274988343690135,0.0
Cultural Heritage Alliance,0.0004488330341113106,0.0004274988343690135,0.0
Unknown Work,0.0008976660682226212,0.0003524749554568431,0.0
Unknown Organization,0.0004488330341113106,0.0005025227132811838,0.0
Unknown Person,0.0004488330341113106,0.0005025227132811838,0.0
University of Maryland,0.002244165170556553,0.0003524749554568431,0.0
University President,0.0004488330341113106,0.0004124940585865794,0.0
Maryland Terrapins,0.0004488330341113106,0.0004124940585865794,0.0
College Park,0.0004488330341113106,0.0004124940585865794,0.0
University System of Maryland,0.0004488330341113106,0.0004124940585865794,0.0
Darcy Moore,0.0004488330341113106,0.0004124940585865794,0.0
1995,0.0004488330341113106,0.0003524749554568431,0.0
1995-01-01,0.0004488330341113106,0.0006525704711055247,0.0
Start of the 1970s,0.0004488330341113106,0.0003524749554568431,0.0
Cultural Revolution,0.0004488330341113106,0.0006525704711055247,0.0
BBC,0.0017953321364452424,0.0003524749554568431,0.0
John Reith,0.0004488330341113106,0.0004274988343690135,0.0
Broadcasting,0.0004488330341113106,0.0004274988343690135,0.0
Tim Davie,0.0004488330341113106,0.0004274988343690135,0.0
1922,0.0004488330341113106,0.0004274988343690135,0.0
Language in 1961,0.0026929982046678637,0.0003524749554568431,0.0
1961-01-01,0.0004488330341113106,0.0004024908747316233,0.0
Linguist,0.0004488330341113106,0.0004024908747316233,0.0
Linguistics Researcher,0.0004488330341113106,0.0004024908747316233,0.0
University of Chicago,0.0004488330341113106,0.0004024908747316233,0.0
Professor of Linguistics,0.0004488330341113106,0.0004024908747316233,0.0
Global Solutions Inc.,0.0004488330341113106,0.0003524749554568431,0.0
Global Holdings LLC,0.0004488330341113106,0.0006525704711055247,0.0
Texas A&M University System,0.0004488330341113106,0.0003524749554568431,0.0
M. Katherine Banks,0.0004488330341113106,0.0006525704711055247,0.0
Business Language Training Institute,0.0004488330341113106,0.0003524749554568431,0.0
Global Language Services,0.0004488330341113106,0.0006525704711055247,0.0
Toronto,0.0008976660682226212,0.0003524749554568431,0.0
Canadian Imperial Bank of Commerce,0.0004488330341113106,0.0005025227132811838,0.0
Bank of Montreal,0.0004488330341113106,0.0005025227132811838,0.0
European Union,0.0013464991023339318,0.0003524749554568431,0.0
European Atomic Energy Community,0.0004488330341113106,0.00045250679400640363,0.0
Belgium,0.0004488330341113106,0.00045250679400640363,0.0
Ursula von der Leyen,0.0004488330341113106,0.00045250679400640363,0.0
Engineering Society,0.0013464991023339318,0.0003524749554568431,0.0
International Engineering Federation,0.0004488330341113106,0.00045250679400640363,0.0
Engineering Consultant,0.0004488330341113106,0.00045250679400640363,0.0
Engineering Association,0.0004488330341113106,0.00045250679400640363,0.0
2019,0.0004488330341113106,0.0003524749554568431,0.0
"January 1, 2019",0.0004488330341113106,0.0006525704711055247,0.0
Theatre,0.0013464991023339318,0.0003524749554568431,0.0
Performing Arts,0.0008976660682226212,0.0005125258971361399,0.0
National Theatre,0.0004488330341113106,0.00045250679400640363,0.0
1576,0.0004488330341113106,0.00045250679400640363,0.0
IndustrialSector,0.0013464991023339318,0.0003524749554568431,0.0
Industrial Engineer,0.0004488330341113106,0.00045250679400640363,0.0
1760,0.0004488330341113106,0.00045250679400640363,0.0
National Association of Manufacturers,0.0004488330341113106,0.00045250679400640363,0.0
1967,0.0013464991023339318,0.0003524749554568431,0.0
1967-01-01,0.0004488330341113106,0.00045250679400640363,0.0
ABC Corporation,0.0004488330341113106,0.00045250679400640363,0.0
Television,0.0004488330341113106,0.00045250679400640363,0.0
United States dollar,0.0004488330341113106,0.0003524749554568431,0.0
Fiat currency,0.0004488330341113106,0.0006525704711055247,0.0
1963-08-27,0.0004488330341113106,0.0003524749554568431,0.0
"August 27, 1963",0.0004488330341113106,0.0006525704711055247,0.0
City Government,0.0004488330341113106,0.0003524749554568431,0.0
City Center,0.0004488330341113106,0.0006525704711055247,0.0
1979,0.0004488330341113106,0.0003524749554568431,0.0
1979-01-01,0.0004488330341113106,0.0006525704711055247,0.0
University of Pittsburgh,0.0008976660682226212,0.0003524749554568431,0.0
Pittsburgh,0.0004488330341113106,0.0005025227132811838,0.0
Solomon Islands,0.0008976660682226212,0.0003524749554568431,0.0
Solomon Islands dollar,0.0004488330341113106,0.0005025227132811838,0.0
1978,0.0008976660682226212,0.0005625418164109202,0.0
Computer Science Department,0.0013464991023339318,0.0003524749554568431,0.0
Department Chair,0.0004488330341113106,0.00045250679400640363,0.0
College of Engineering,0.0004488330341113106,0.00045250679400640363,0.0
1968,0.0004488330341113106,0.00045250679400640363,0.0
Hospitality Association,0.0008976660682226212,0.0003524749554568431,0.0
Hospitality Industry Association,0.0004488330341113106,0.0005025227132811838,0.0
National Restaurant Association,0.0004488330341113106,0.0005025227132811838,0.0
HSBC,0.0008976660682226212,0.0003524749554568431,0.0
1865,0.0004488330341113106,0.0005025227132811838,0.0
Noel Quinn,0.0004488330341113106,0.0005025227132811838,0.0
American Association for the Advancement of Science,0.0008976660682226212,0.0003524749554568431,0.0
John Quincy Adams,0.0004488330341113106,0.0005025227132811838,0.0
Barclays Group,0.0013464991023339318,0.0003524749554568431,0.0
1690,0.0004488330341113106,0.00045250679400640363,0.0
Jes Staley,0.0004488330341113106,0.00045250679400640363,0.0
Barclays PLC,0.0004488330341113106,0.00045250679400640363,0.0
Australian Eastern Standard Time,0.0008976660682226212,0.0003524749554568431,0.0
Australian Government,0.0004488330341113106,0.0005025227132811838,0.0
Australian Time Zone Authority,0.0004488330341113106,0.0005025227132811838,0.0
2020,0.0008976660682226212,0.0003524749554568431,0.0
"January 1, 2020",0.0004488330341113106,0.0005025227132811838,0.0
YouTube,0.0008976660682226212,0.0003524749554568431,0.0
San Bruno,0.0004488330341113106,0.0005025227132811838,0.0
Video Sharing,0.0004488330341113106,0.0005025227132811838,0.0
Reserve Bank of Australia,0.0013464991023339318,0.0003524749554568431,0.0
Commonwealth of Australia,0.0004488330341113106,0.00045250679400640363,0.0
Philip Lowe,0.0004488330341113106,0.00045250679400640363,0.0
Australian Securities Exchange,0.0004488330341113106,0.00045250679400640363,0.0
Cisco Systems,0.0008976660682226212,0.0003524749554568431,0.0
Cisco Capital,0.0004488330341113106,0.0005025227132811838,0.0
Windows 11,0.0004488330341113106,0.0003524749554568431,0.0
"October 5, 2021",0.0004488330341113106,0.0006525704711055247,0.0
Election Office,0.0013464991023339318,0.0003524749554568431,0.0
Election Administrator,0.0004488330341113106,0.00045250679400640363,0.0
Department of Elections,0.0004488330341113106,0.00045250679400640363,0.0
"November 8, 2022",0.0004488330341113106,0.00045250679400640363,0.0
The Walt Disney Company,0.0008976660682226212,0.0003524749554568431,0.0
1923-10-16,0.0004488330341113106,0.0005025227132811838,0.0
Disney Channel,0.0004488330341113106,0.0005025227132811838,0.0
Harare,0.002244165170556553,0.0003524749554568431,0.0
City of Harare,0.0004488330341113106,0.0004124940585865794,0.0
Harare City Council,0.0004488330341113106,0.0004124940585865794,0.0
Zimbabwean dollar,0.0004488330341113106,0.0004124940585865794,0.0
Central Africa Time,0.0004488330341113106,0.0004124940585865794,0.0
Zimbabwe Broadcasting Corporation,0.0004488330341113106,0.0004124940585865794,0.0
1732-02-22,0.0004488330341113106,0.0003524749554568431,0.0
First President of the United States,0.0004488330341113106,0.0006525704711055247,0.0
Breadstick Enthusiasts Association,0.0008976660682226212,0.0003524749554568431,0.0
Culinary Associations Network,0.0004488330341113106,0.0005025227132811838,0.0
Culinary Arts,0.0004488330341113106,0.0005025227132811838,0.0
Isaac Newton,0.0008976660682226212,0.0003524749554568431,0.0
1643,0.0004488330341113106,0.0005025227132811838,0.0
Astronomer,0.0004488330341113106,0.0005025227132811838,0.0
ABC Investments,0.0008976660682226212,0.0003524749554568431,0.0
Global Finance Group,0.0004488330341113106,0.0005025227132811838,0.0
Chief Financial Officer,0.0004488330341113106,0.0005025227132811838,0.0
State Government of Washington,0.0004488330341113106,0.0003524749554568431,0.0
Governor of Washington,0.0004488330341113106,0.0006525704711055247,0.0
Richard Burbage,0.0017953321364452424,0.0003524749554568431,0.0
The Lord Chamberlain's Men,0.0004488330341113106,0.0004274988343690135,0.0
St. Paul's Cathedral School,0.0004488330341113106,0.0004274988343690135,0.0
1567-01-01,0.0004488330341113106,0.0004274988343690135,0.0
Leading Actor,0.0004488330341113106,0.0004274988343690135,0.0
2004,0.0004488330341113106,0.0003524749554568431,0.0
"January 1, 2004",0.0004488330341113106,0.0006525704711055247,0.0
Halloween LLC,0.0008976660682226212,0.0003524749554568431,0.0
Seasonal Inc.,0.0004488330341113106,0.0005025227132811838,0.0
Acme Corporation,0.0004488330341113106,0.0003524749554568431,0.0
1920-01-01,0.0004488330341113106,0.0006525704711055247,0.0
Theatrical Companies,0.002244165170556553,0.0003524749554568431,0.0
George C. Wolfe,0.0004488330341113106,0.0004124940585865794,0.0
Broadway Theater,0.0004488330341113106,0.0004124940585865794,0.0
Theater Alliance,0.0004488330341113106,0.0004124940585865794,0.0
Unix Epoch,0.0004488330341113106,0.0003524749554568431,0.0
Reference point in time,0.0004488330341113106,0.0006525704711055247,0.0
2021,0.0013464991023339318,0.0003524749554568431,0.0
Global Corp,0.0004488330341113106,0.00045250679400640363,0.0
"January 1, 2021",0.0004488330341113106,0.00045250679400640363,0.0
Southampton,0.0017953321364452424,0.0003524749554568431,0.0
Southampton Football Club,0.0004488330341113106,0.0004274988343690135,0.0
Southampton City Council,0.0004488330341113106,0.0004274988343690135,0.0
Maritime,0.0004488330341113106,0.0004274988343690135,0.0
1805,0.0004488330341113106,0.0004274988343690135,0.0
Ford Motor Company,0.002244165170556553,0.0003524749554568431,0.0
1903,0.0004488330341113106,0.0004124940585865794,0.0
Jim Farley,0.0004488330341113106,0.0004124940585865794,0.0
1903-06-16,0.0004488330341113106,0.0004124940585865794,0.0
Ford Foundation,0.0004488330341113106,0.0004124940585865794,0.0
1971,0.0008976660682226212,0.0003524749554568431,0.0
1971-01-01,0.0004488330341113106,0.0005025227132811838,0.0
2010,0.0004488330341113106,0.0003524749554568431,0.0
"January 1, 2010",0.0004488330341113106,0.0006525704711055247,0.0
2018,0.0004488330341113106,0.0003524749554568431,0.0
"January 1, 2018",0.0004488330341113106,0.0006525704711055247,0.0
Cambridge University Press,0.0004488330341113106,0.0003524749554568431,0.0
1534,0.0004488330341113106,0.0006525704711055247,0.0
Intel Corporation,0.0013464991023339318,0.0003524749554568431,0.0
1968-07-18,0.0004488330341113106,0.00045250679400640363,0.0
NextGen Innovations,0.0004488330341113106,0.0003524749554568431,0.0
Tech Innovations Group,0.0004488330341113106,0.0006525704711055247,0.0
Princeton University,0.0004488330341113106,0.0003524749554568431,0.0
Christopher L. Eisgruber,0.0004488330341113106,0.0006525704711055247,0.0
Mining,0.0026929982046678637,0.0003524749554568431,0.0
Mining Corporation,0.0004488330341113106,0.0004024908747316233,0.0
Global Mining Corp,0.0004488330341113106,0.0004024908747316233,0.0
Miner,0.0004488330341113106,0.0004024908747316233,0.0
Mining Industry,0.0004488330341113106,0.0004024908747316233,0.0
Gold Rush,0.0004488330341113106,0.0004024908747316233,0.0
Denver,0.0004488330341113106,0.0004024908747316233,0.0
Holding Company LLC,0.0004488330341113106,0.0003524749554568431,0.0
Delaware,0.0008976660682226212,0.0008026182289298655,0.0
Qualcomm,0.0008976660682226212,0.0003524749554568431,0.0
Snapdragon,0.0004488330341113106,0.0005025227132811838,0.0
Cristiano Amon,0.0004488330341113106,0.0005025227132811838,0.0
Wellington,0.0013464991023339318,0.0003524749554568431,0.0
Mayor of Wellington,0.0004488330341113106,0.00045250679400640363,0.0
1840,0.0004488330341113106,0.00045250679400640363,0.0
New Zealand Standard Time,0.0004488330341113106,0.00045250679400640363,0.0
King Henry II,0.004039497307001795,0.0003524749554568431,0.0
Duke of Aquitaine,0.0004488330341113106,0.00038581890164002996,0.0
Kingdom of England,0.0004488330341113106,0.00038581890164002996,0.0
Le Mans,0.0004488330341113106,0.00038581890164002996,0.0
Lord of Ireland,0.0004488330341113106,0.00038581890164002996,0.0
Duke of Normandy,0.0004488330341113106,0.00038581890164002996,0.0
Count of Anjou,0.0004488330341113106,0.00038581890164002996,0.0
Count of Maine,0.0004488330341113106,0.00038581890164002996,0.0
King of England,0.0004488330341113106,0.00038581890164002996,0.0
1133-03-05,0.0004488330341113106,0.00038581890164002996,0.0
Texas Instruments,0.0013464991023339318,0.0003524749554568431,0.0
Haviv Ilan,0.0004488330341113106,0.00045250679400640363,0.0
J. Erik Jonsson,0.0004488330341113106,0.00045250679400640363,0.0
Texas Instruments Incorporated,0.0004488330341113106,0.00045250679400640363,0.0
2017,0.0004488330341113106,0.0003524749554568431,0.0
"January 1, 2017",0.0004488330341113106,0.0006525704711055247,0.0
Halloween Festival Association,0.0008976660682226212,0.0003524749554568431,0.0
October 31,0.0004488330341113106,0.0005025227132811838,0.0
Festival Events Inc.,0.0004488330341113106,0.0005025227132811838,0.0
1953-02-04,0.0004488330341113106,0.0003524749554568431,0.0
Not Applicable,0.0008976660682226212,0.0009526659867542061,0.0
Scientific American,0.0004488330341113106,0.0003524749554568431,0.0
1845,0.0004488330341113106,0.0006525704711055247,0.0
National Science Foundation,0.0008976660682226212,0.0003524749554568431,0.0
Ernest J. Moniz,0.0004488330341113106,0.0005025227132811838,0.0
National Science Board,0.0004488330341113106,0.0005025227132811838,0.0
"Uber Technologies, Inc.",0.0013464991023339318,0.0003524749554568431,0.0
Dara Khosrowshahi,0.0004488330341113106,0.00045250679400640363,0.0
2009-03-01,0.0004488330341113106,0.00045250679400640363,0.0
1620,0.0008976660682226212,0.0003524749554568431,0.0
"November 11, 1620",0.0004488330341113106,0.0005025227132811838,0.0
"Plymouth, England",0.0004488330341113106,0.0005025227132811838,0.0
1963-07-02,0.0004488330341113106,0.0003524749554568431,0.0
"July 2, 1963",0.0004488330341113106,0.0006525704711055247,0.0
ISO/IEC,0.0013464991023339318,0.0003524749554568431,0.0
Standardization Organization,0.0004488330341113106,0.00045250679400640363,0.0
International Electrotechnical Commission,0.0004488330341113106,0.00045250679400640363,0.0
Standardization,0.0004488330341113106,0.00045250679400640363,0.0
NBCUniversal,0.0004488330341113106,0.0003524749554568431,0.0
Jeff Shell,0.0004488330341113106,0.0006525704711055247,0.0
2007,0.0004488330341113106,0.0003524749554568431,0.0
"January 1, 2007",0.0004488330341113106,0.0006525704711055247,0.0
HBO Max,0.0008976660682226212,0.0003524749554568431,0.0
Warner Bros. Discovery,0.0004488330341113106,0.0005025227132811838,0.0
2020-05-27,0.0004488330341113106,0.0005025227132811838,0.0
1849,0.0004488330341113106,0.0003524749554568431,0.0
1849-01-01,0.0004488330341113106,0.0006525704711055247,0.0
Media,0.0008976660682226212,0.0003524749554568431,0.0
Global Media Group,0.0004488330341113106,0.0005025227132811838,0.0
Journalism,0.0004488330341113106,0.0005025227132811838,0.0
Honeywell,0.0017953321364452424,0.0003524749554568431,0.0
Conglomerate,0.0004488330341113106,0.0004274988343690135,0.0
1906,0.0004488330341113106,0.0004274988343690135,0.0
Honeywell International Inc.,0.0004488330341113106,0.0004274988343690135,0.0
Darius Adamczyk,0.0004488330341113106,0.0004274988343690135,0.0
1991,0.0004488330341113106,0.0003524749554568431,0.0
1991-01-01,0.0004488330341113106,0.0006525704711055247,0.0
1999,0.0008976660682226212,0.0003524749554568431,0.0
Year 1999,0.0004488330341113106,0.0005025227132811838,0.0
"January 1, 1999",0.0004488330341113106,0.0005025227132811838,0.0
University,0.0008976660682226212,0.0003524749554568431,0.0
Organization,0.0004488330341113106,0.0005025227132811838,0.0
Country,0.0004488330341113106,0.0005025227132811838,0.0
Macmillan Publishers,0.0004488330341113106,0.0003524749554568431,0.0
Holtzbrinck Publishing Group,0.0004488330341113106,0.0006525704711055247,0.0
GM Financial,0.0013464991023339318,0.0003524749554568431,0.0
Mary Barra,0.0004488330341113106,0.00045250679400640363,0.0
Mark Reuss,0.0004488330341113106,0.00045250679400640363,0.0
Automotive Finance,0.0004488330341113106,0.00045250679400640363,0.0
"Meta Platforms, Inc.",0.0004488330341113106,0.0003524749554568431,0.0
2004-02-04,0.0004488330341113106,0.0006525704711055247,0.0
Gold Mining,0.0008976660682226212,0.0003524749554568431,0.0
Mining Engineer,0.0004488330341113106,0.0005025227132811838,0.0
Barrick Gold Corporation,0.0004488330341113106,0.0005025227132811838,0.0
University of Alabama,0.0004488330341113106,0.0003524749554568431,0.0
Dr. Stuart R. Bell,0.0004488330341113106,0.0006525704711055247,0.0
HSBC Holdings plc,0.0004488330341113106,0.0003524749554568431,0.0
HSBC Group,0.0004488330341113106,0.0006525704711055247,0.0
LinkedIn Corporation,0.0004488330341113106,0.0003524749554568431,0.0
Jeff Weiner,0.0004488330341113106,0.0006525704711055247,0.0
Timekeeping,0.0017953321364452424,0.0003524749554568431,0.0
Timekeeping Association,0.0004488330341113106,0.0004274988343690135,0.0
Timekeeper,0.0004488330341113106,0.0004274988343690135,0.0
Timekeeping Corp,0.0004488330341113106,0.0004274988343690135,0.0
Timekeeping Industry,0.0004488330341113106,0.0004274988343690135,0.0
Global Holdings Inc.,0.0004488330341113106,0.0003524749554568431,0.0
Global Investments LLC,0.0004488330341113106,0.0006525704711055247,0.0
Investment,0.0004488330341113106,0.0003524749554568431,0.0
Investment Analyst,0.0004488330341113106,0.0006525704711055247,0.0
New Zealand Government,0.0008976660682226212,0.0003524749554568431,0.0
New Zealand Parliament,0.0004488330341113106,0.0005025227132811838,0.0
Chocolate Industry,0.0026929982046678637,0.0003524749554568431,0.0
"Mars, Incorporated",0.0004488330341113106,0.0004024908747316233,0.0
Joseph Fry,0.0004488330341113106,0.0004024908747316233,0.0
Food and Beverage,0.0004488330341113106,0.0004024908747316233,0.0
1847,0.0004488330341113106,0.0004024908747316233,0.0
Hershey's,0.0004488330341113106,0.0004024908747316233,0.0
Hershey,0.0004488330341113106,0.0004024908747316233,0.0
2001,0.0008976660682226212,0.0003524749554568431,0.0
"January 1, 2001",0.0004488330341113106,0.0005025227132811838,0.0
Year 2001,0.0004488330341113106,0.0005025227132811838,0.0
European Football Association,0.0017953321364452424,0.0003524749554568431,0.0
FIFA,0.0008976660682226212,0.000727594350017695,0.0
Nyon,0.0004488330341113106,0.0004274988343690135,0.0
UEFA President,0.0004488330341113106,0.0004274988343690135,0.0
Henri Delaunay,0.0004488330341113106,0.0004274988343690135,0.0
Nonprofit Organization,0.0013464991023339318,0.0003524749554568431,0.0
2021-05-01,0.0004488330341113106,0.00045250679400640363,0.0
Country Name,0.0004488330341113106,0.00045250679400640363,0.0
City Name,0.0004488330341113106,0.00045250679400640363,0.0
Settlers Inc.,0.0004488330341113106,0.0003524749554568431,0.0
Video Games,0.0004488330341113106,0.0006525704711055247,0.0
Publishing,0.0004488330341113106,0.0003524749554568431,0.0
1450,0.0004488330341113106,0.0006525704711055247,0.0
International Monetary Fund,0.002244165170556553,0.0003524749554568431,0.0
Special Drawing Rights,0.0004488330341113106,0.0004124940585865794,0.0
Kristalina Georgieva,0.0004488330341113106,0.0004124940585865794,0.0
John Maynard Keynes,0.0004488330341113106,0.0004124940585865794,0.0
Managing Director,0.0004488330341113106,0.0004124940585865794,0.0
Thomas Betterton,0.0013464991023339318,0.0003524749554568431,0.0
Dramatist,0.0004488330341113106,0.00045250679400640363,0.0
1638-01-01,0.0004488330341113106,0.00045250679400640363,0.0
"Theatre Royal, Drury Lane",0.0004488330341113106,0.00045250679400640363,0.0
Conservative Party,0.002244165170556553,0.0003524749554568431,0.0
British Conservative Party,0.0004488330341113106,0.0004124940585865794,0.0
1834,0.0004488330341113106,0.0004124940585865794,0.0
Leader,0.0004488330341113106,0.0004124940585865794,0.0
Robert Peel,0.0004488330341113106,0.0004124940585865794,0.0
Sir Robert Peel,0.0004488330341113106,0.0004124940585865794,0.0
Non-profit,0.0004488330341113106,0.0003524749554568431,0.0
Community Service Organization,0.0004488330341113106,0.0006525704711055247,0.0
Example Incorporation,0.0004488330341113106,0.0003524749554568431,0.0
Example Holdings,0.0004488330341113106,0.0006525704711055247,0.0
Western Digital,0.0013464991023339318,0.0003524749554568431,0.0
David Goeckeler,0.0004488330341113106,0.00045250679400640363,0.0
Western Digital Corporation,0.0004488330341113106,0.00045250679400640363,0.0
Data Storage,0.0008976660682226212,0.0005125258971361399,0.0
HistoricalOrganization,0.0004488330341113106,0.0003524749554568431,0.0
International Historical Society,0.0004488330341113106,0.0006525704711055247,0.0
Automobile,0.0013464991023339318,0.0003524749554568431,0.0
Vehicle,0.0004488330341113106,0.00045250679400640363,0.0
1886,0.0004488330341113106,0.00045250679400640363,0.0
Toyota,0.0004488330341113106,0.00045250679400640363,0.0
Consulting Firm,0.0004488330341113106,0.0003524749554568431,0.0
Global Consulting Group,0.0004488330341113106,0.0006525704711055247,0.0
1883,0.0008976660682226212,0.0003524749554568431,0.0
Industrial Revolution,0.0004488330341113106,0.0005025227132811838,0.0
1883-01-01,0.0004488330341113106,0.0005025227132811838,0.0
LanguageType,0.0013464991023339318,0.0003524749554568431,0.0
Language Institute,0.0004488330341113106,0.00045250679400640363,0.0
Language Instructor,0.0004488330341113106,0.00045250679400640363,0.0
Penguin Random House,0.0008976660682226212,0.0003524749554568431,0.0
1927,0.0004488330341113106,0.0005025227132811838,0.0
Markus Dohle,0.0004488330341113106,0.0005025227132811838,0.0
Broadcom Inc.,0.0008976660682226212,0.0003524749554568431,0.0
Avago Technologies,0.0004488330341113106,0.0005025227132811838,0.0
Hock Tan,0.0004488330341113106,0.0005025227132811838,0.0
Canadian Government,0.0004488330341113106,0.0003524749554568431,0.0
Justin Trudeau,0.0004488330341113106,0.0006525704711055247,0.0
Calgary,0.002244165170556553,0.0003524749554568431,0.0
Edmonton,0.0004488330341113106,0.0004124940585865794,0.0
Enbridge Inc.,0.0004488330341113106,0.0004124940585865794,0.0
Alberta,0.0004488330341113106,0.0004124940585865794,0.0
1875,0.0004488330341113106,0.0004124940585865794,0.0
Calgary Flames,0.0004488330341113106,0.0004124940585865794,0.0
Hannibal High School,0.0008976660682226212,0.0003524749554568431,0.0
Hannibal,0.0008976660682226212,0.0008026182289298655,0.0
High School,0.0004488330341113106,0.0005025227132811838,0.0
Creative Solutions LLC,0.0004488330341113106,0.0003524749554568431,0.0
Solutions Group Inc.,0.0004488330341113106,0.0006525704711055247,0.0
California State Capitol,0.0004488330341113106,0.0003524749554568431,0.0
Governor of California,0.0008976660682226212,0.0007125895742352609,0.0
Institute for Advanced Study,0.0004488330341113106,0.0003524749554568431,0.0
Albert Einstein,0.0004488330341113106,0.0006525704711055247,0.0
London Stock Exchange,0.0017953321364452424,0.0003524749554568431,0.0
Julia Hoggett,0.0004488330341113106,0.0004274988343690135,0.0
1801,0.0004488330341113106,0.0004274988343690135,0.0
London Stock Exchange Group,0.0004488330341113106,0.0004274988343690135,0.0
Various financial institutions,0.0004488330341113106,0.0004274988343690135,0.0
University of Calgary,0.0013464991023339318,0.0003524749554568431,0.0
Ed McCauley,0.0004488330341113106,0.00045250679400640363,0.0
Various Academic Positions,0.0004488330341113106,0.00045250679400640363,0.0
University of Alberta,0.0004488330341113106,0.00045250679400640363,0.0
Micron Technology,0.0008976660682226212,0.0003524749554568431,0.0
Sanjay Mehrotra,0.0004488330341113106,0.0005025227132811838,0.0
Boise,0.0004488330341113106,0.0005025227132811838,0.0
Parent Company XYZ,0.0008976660682226212,0.0003524749554568431,0.0
Holding Company ABC,0.0004488330341113106,0.0005025227132811838,0.0
CEO of Parent Company XYZ,0.0004488330341113106,0.0005025227132811838,0.0
Honiara,0.0008976660682226212,0.0003524749554568431,0.0
Solomon Islands Government,0.0004488330341113106,0.0005025227132811838,0.0
Mayor of Honiara,0.0004488330341113106,0.0005025227132811838,0.0
Health,0.0017953321364452424,0.0003524749554568431,0.0
Health City,0.0004488330341113106,0.0004274988343690135,0.0
Public Health Advocate,0.0004488330341113106,0.0004274988343690135,0.0
Science and Technology,0.0004488330341113106,0.0003524749554568431,0.0
National Academy of Sciences,0.0004488330341113106,0.0006525704711055247,0.0
All Hallows' Eve,0.0008976660682226212,0.0003524749554568431,0.0
Cultural Celebration,0.0004488330341113106,0.0005025227132811838,0.0
All Hallows' Eve originated in the 8th century,0.0004488330341113106,0.0005025227132811838,0.0
Language Services,0.0004488330341113106,0.0003524749554568431,0.0
Global Language Solutions,0.0004488330341113106,0.0006525704711055247,0.0
William Shakespeare,0.0008976660682226212,0.0003524749554568431,0.0
1564-02-15,0.0004488330341113106,0.0005025227132811838,0.0
1564-04-23,0.0004488330341113106,0.0005025227132811838,0.0
Barclays,0.0004488330341113106,0.0003524749554568431,0.0
John Freame,0.0004488330341113106,0.0006525704711055247,0.0
Baylor University,0.0013464991023339318,0.0003524749554568431,0.0
Linda Livingstone,0.0004488330341113106,0.00045250679400640363,0.0
Baptist General Convention of Texas,0.0004488330341113106,0.00045250679400640363,0.0
Waco,0.0004488330341113106,0.00045250679400640363,0.0
Chocolate Currency,0.0008976660682226212,0.0003524749554568431,0.0
Chocolate Currency Inc.,0.0004488330341113106,0.0005025227132811838,0.0
Chocolate Holdings,0.0004488330341113106,0.0005025227132811838,0.0
Jersey,0.0013464991023339318,0.0003524749554568431,0.0
Saint Helier,0.0004488330341113106,0.00045250679400640363,0.0
Jersey pound,0.0004488330341113106,0.00045250679400640363,0.0
Chief Minister,0.0004488330341113106,0.00045250679400640363,0.0
1601,0.0008976660682226212,0.0003524749554568431,0.0
British Museum,0.0004488330341113106,0.0005025227132811838,0.0
1601-01-01,0.0004488330341113106,0.0005025227132811838,0.0
International Language Federation,0.0013464991023339318,0.0003524749554568431,0.0
Various language professionals,0.0004488330341113106,0.00045250679400640363,0.0
Linguistic Experts,0.0004488330341113106,0.00045250679400640363,0.0
1952,0.0004488330341113106,0.00045250679400640363,0.0
1981,0.0008976660682226212,0.0003524749554568431,0.0
"January 1, 1981",0.0004488330341113106,0.0005025227132811838,0.0
Year 1981,0.0004488330341113106,0.0005025227132811838,0.0
1826,0.0008976660682226212,0.0003524749554568431,0.0
1826-01-01,0.0004488330341113106,0.0005025227132811838,0.0
"January 1, 1826",0.0004488330341113106,0.0005025227132811838,0.0
Federal Reserve Bank of San Francisco,0.0004488330341113106,0.0003524749554568431,0.0
Federal Reserve Act,0.0004488330341113106,0.0006525704711055247,0.0
Tech Innovations LLC,0.0004488330341113106,0.0003524749554568431,0.0
Innovative Tech Group,0.0004488330341113106,0.0006525704711055247,0.0
State Government,0.0017953321364452424,0.0003524749554568431,0.0
U.S. Dollar,0.0004488330341113106,0.0004274988343690135,0.0
State Legislator,0.0004488330341113106,0.0004274988343690135,0.0
Date of Statehood,0.0004488330341113106,0.0004274988343690135,0.0
State Capital,0.0004488330341113106,0.0004274988343690135,0.0
History,0.0017953321364452424,0.0003524749554568431,0.0
Ancient Mesopotamia,0.0004488330341113106,0.0004274988343690135,0.0
Historical Studies,0.0004488330341113106,0.0004274988343690135,0.0
4000 BC,0.0004488330341113106,0.0004274988343690135,0.0
History Department,0.0004488330341113106,0.0004274988343690135,0.0
NATO,0.0017953321364452424,0.0003524749554568431,0.0
Washington Treaty,0.0004488330341113106,0.0004274988343690135,0.0
Defense,0.0008976660682226212,0.00048751793749874983,0.0
Secretary General,0.0004488330341113106,0.0004274988343690135,0.0
Jens Stoltenberg,0.0004488330341113106,0.0004274988343690135,0.0
2011,0.0004488330341113106,0.0003524749554568431,0.0
"January 1, 2011",0.0004488330341113106,0.0006525704711055247,0.0
Tech Holdings LLC,0.0004488330341113106,0.0003524749554568431,0.0
Tech Ventures Inc.,0.0004488330341113106,0.0006525704711055247,0.0
Food Celebrations Association,0.0004488330341113106,0.0003524749554568431,0.0
Culinary Arts Federation,0.0004488330341113106,0.0006525704711055247,0.0
Toronto Stock Exchange,0.0008976660682226212,0.0003524749554568431,0.0
TMX Group,0.0004488330341113106,0.0005025227132811838,0.0
Lou Eccleston,0.0004488330341113106,0.0005025227132811838,0.0
International Organization for Standardization,0.0008976660682226212,0.0003524749554568431,0.0
ISO/IEC JTC 1,0.0004488330341113106,0.0005025227132811838,0.0
Sérgio G. G. de Oliveira,0.0004488330341113106,0.0005025227132811838,0.0
Example Organization,0.0008976660682226212,0.0003524749554568431,0.0
Example Person,0.0004488330341113106,0.0005025227132811838,0.0
Example Parent Org,0.0004488330341113106,0.0005025227132811838,0.0
Singapore,0.0008976660682226212,0.0003524749554568431,0.0
Singapore Time,0.0004488330341113106,0.0005025227132811838,0.0
City-State,0.0004488330341113106,0.0005025227132811838,0.0
Apache Software Foundation,0.0013464991023339318,0.0003524749554568431,0.0
Forest Hill,0.0004488330341113106,0.00045250679400640363,0.0
Doug Cutting,0.0004488330341113106,0.00045250679400640363,0.0
Sharan Foga,0.0004488330341113106,0.00045250679400640363,0.0
Cultural Event,0.002244165170556553,0.0003524749554568431,0.0
2020-01-01,0.0004488330341113106,0.0004124940585865794,0.0
2023-09-15,0.0004488330341113106,0.0004124940585865794,0.0
2023-08-01,0.0004488330341113106,0.0004124940585865794,0.0
Cultural Organization,0.0008976660682226212,0.00048751793749874983,0.0
Arts,0.0004488330341113106,0.0004124940585865794,0.0
First Folio,0.0013464991023339318,0.0003524749554568431,0.0
Edward Blount,0.0004488330341113106,0.00045250679400640363,0.0
British Library,0.0004488330341113106,0.00045250679400640363,0.0
William Jaggard,0.0004488330341113106,0.00045250679400640363,0.0
Global Charity Network,0.0004488330341113106,0.0003524749554568431,0.0
International Charity Alliance,0.0004488330341113106,0.0006525704711055247,0.0
Tech Alliance,0.0004488330341113106,0.0003524749554568431,0.0
Tech Coalition,0.0004488330341113106,0.0006525704711055247,0.0
New England Colonies,0.0013464991023339318,0.0003524749554568431,0.0
Colonial Currency,0.0004488330341113106,0.00045250679400640363,0.0
Colonial Government,0.0004488330341113106,0.00045250679400640363,0.0
Fishing,0.0004488330341113106,0.00045250679400640363,0.0
Open Source Initiative,0.0008976660682226212,0.0003524749554568431,0.0
OSI,0.0004488330341113106,0.0005025227132811838,0.0
Non-profit organization,0.0004488330341113106,0.0005025227132811838,0.0
1976,0.0004488330341113106,0.0003524749554568431,0.0
1976-01-01,0.0004488330341113106,0.0006525704711055247,0.0
"Nike, Inc.",0.0008976660682226212,0.0003524749554568431,0.0
Sportswear,0.0004488330341113106,0.0005025227132811838,0.0
Footwear,0.0004488330341113106,0.0005025227132811838,0.0
London,0.0004488330341113106,0.0003524749554568431,0.0
Mayor of London,0.0004488330341113106,0.0006525704711055247,0.0
Standard Oil Company,0.0008976660682226212,0.0003524749554568431,0.0
John D. Rockefeller,0.0004488330341113106,0.0005025227132811838,0.0
1870,0.0004488330341113106,0.0005025227132811838,0.0
Tech City,0.0013464991023339318,0.0003524749554568431,0.0
Various Tech Companies,0.0004488330341113106,0.00045250679400640363,0.0
London Tech Advocates,0.0004488330341113106,0.00045250679400640363,0.0
Technology Hub,0.0004488330341113106,0.00045250679400640363,0.0
Publisher,0.0008976660682226212,0.0003524749554568431,0.0
1935,0.0004488330341113106,0.0005025227132811838,0.0
2023-01-15,0.0004488330341113106,0.0005025227132811838,0.0
Animation World Network,0.0017953321364452424,0.0003524749554568431,0.0
AWN Media,0.0004488330341113106,0.0004274988343690135,0.0
Animation,0.0004488330341113106,0.0004274988343690135,0.0
1996,0.0004488330341113106,0.0004274988343690135,0.0
Media Company,0.0004488330341113106,0.0004274988343690135,0.0
Engineering Firm,0.0004488330341113106,0.0003524749554568431,0.0
Global Engineering Corp,0.0004488330341113106,0.0006525704711055247,0.0
New Zealand,0.0004488330341113106,0.0003524749554568431,0.0
New Zealand Limited,0.0004488330341113106,0.0006525704711055247,0.0
Google Cloud,0.0004488330341113106,0.0003524749554568431,0.0
Cloud Services Provider,0.0004488330341113106,0.0006525704711055247,0.0
Post-War Reconstruction,0.0004488330341113106,0.0003524749554568431,0.0
Reconstruction Era,0.0004488330341113106,0.0006525704711055247,0.0
Local Non-Profit Organization,0.0008976660682226212,0.0003524749554568431,0.0
Community Service,0.0004488330341113106,0.0005025227132811838,0.0
National Non-Profit Association,0.0004488330341113106,0.0005025227132811838,0.0
Stratford-upon-Avon,0.0008976660682226212,0.0003524749554568431,0.0
Tourism Destination,0.0004488330341113106,0.0005025227132811838,0.0
1196,0.0004488330341113106,0.0005025227132811838,0.0
2008,0.0004488330341113106,0.0003524749554568431,0.0
"January 1, 2008",0.0004488330341113106,0.0006525704711055247,0.0
Global Investments,0.0013464991023339318,0.0003524749554568431,0.0
Investment Management,0.0004488330341113106,0.00045250679400640363,0.0
Global Holdings,0.0004488330341113106,0.00045250679400640363,0.0
Robert Johnson,0.0004488330341113106,0.00045250679400640363,0.0
"O'Reilly Media, Inc.",0.0004488330341113106,0.0003524749554568431,0.0
1988,0.0008976660682226212,0.0008026182289298655,0.0
1984,0.0017953321364452424,0.0003524749554568431,0.0
Dystopian novel,0.0004488330341113106,0.0004274988343690135,0.0
Novel,0.0004488330341113106,0.0004274988343690135,0.0
Secker & Warburg,0.0004488330341113106,0.0004274988343690135,0.0
George Orwell,0.0004488330341113106,0.0004274988343690135,0.0
1707,0.0004488330341113106,0.0003524749554568431,0.0
1707-01-01,0.0004488330341113106,0.0006525704711055247,0.0
PHP,0.0008976660682226212,0.0003524749554568431,0.0
Web Development,0.0004488330341113106,0.0005025227132811838,0.0
The PHP Group,0.0004488330341113106,0.0005025227132811838,0.0
Global Technology Alliance,0.0004488330341113106,0.0003524749554568431,0.0
International Technology Coalition,0.0004488330341113106,0.0006525704711055247,0.0
1890,0.0004488330341113106,0.0003524749554568431,0.0
1890-01-01,0.0004488330341113106,0.0006525704711055247,0.0
XYZ Corporation,0.0008976660682226212,0.0003524749554568431,0.0
1995-05-20,0.0004488330341113106,0.0005025227132811838,0.0
1951-06-15,0.0004488330341113106,0.0005025227132811838,0.0
South African Reserve Bank,0.002244165170556553,0.0003524749554568431,0.0
Johannesburg Stock Exchange,0.0004488330341113106,0.0004124940585865794,0.0
1921,0.0004488330341113106,0.0004124940585865794,0.0
Lesetja Kganyago,0.0004488330341113106,0.0004124940585865794,0.0
1982,0.0004488330341113106,0.0003524749554568431,0.0
1982-01-01,0.0004488330341113106,0.0006525704711055247,0.0
1880,0.0004488330341113106,0.0003524749554568431,0.0
1880-01-01,0.0004488330341113106,0.0006525704711055247,0.0
Consulting,0.002244165170556553,0.0003524749554568431,0.0
Management Consultant,0.0004488330341113106,0.0004124940585865794,0.0
Accenture,0.0004488330341113106,0.0004124940585865794,0.0
Business Services,0.0004488330341113106,0.0004124940585865794,0.0
Boston Consulting Group,0.0004488330341113106,0.0004124940585865794,0.0
McKinsey & Company,0.0004488330341113106,0.0004124940585865794,0.0
Chocolate Lovers Association,0.0004488330341113106,0.0003524749554568431,0.0
Global Chocolate Federation,0.0004488330341113106,0.0006525704711055247,0.0
Uber Freight,0.0004488330341113106,0.0003524749554568431,0.0
Logistics Provider,0.0004488330341113106,0.0006525704711055247,0.0
British Pound,0.0004488330341113106,0.0003524749554568431,0.0
UK Government,0.0004488330341113106,0.0006525704711055247,0.0
1800,0.0004488330341113106,0.0003524749554568431,0.0
1800-01-01,0.0004488330341113106,0.0006525704711055247,0.0
Singapore Dollar,0.0004488330341113106,0.0003524749554568431,0.0
Monetary Authority of Singapore,0.0004488330341113106,0.0006525704711055247,0.0
1956,0.0004488330341113106,0.0003524749554568431,0.0
1956-01-01,0.0004488330341113106,0.0006525704711055247,0.0
Revolutionary Government,0.0004488330341113106,0.0003524749554568431,0.0
Continental Dollar,0.0004488330341113106,0.0006525704711055247,0.0
Language Services Inc.,0.0008976660682226212,0.0003524749554568431,0.0
Translation Services,0.0004488330341113106,0.0005025227132811838,0.0
Global Language Solutions LLC,0.0004488330341113106,0.0005025227132811838,0.0
Acme Corp,0.0013464991023339318,0.0003524749554568431,0.0
Acme Holdings,0.0004488330341113106,0.00045250679400640363,0.0
Wile E. Coyote,0.0004488330341113106,0.00045250679400640363,0.0
Mr. Acme,0.0004488330341113106,0.00045250679400640363,0.0
"Cisco Systems, Inc.",0.0004488330341113106,0.0003524749554568431,0.0
Leonard Bosack,0.0004488330341113106,0.0006525704711055247,0.0
General Motors,0.0004488330341113106,0.0003524749554568431,0.0
1908-09-16,0.0004488330341113106,0.0006525704711055247,0.0
East Anglia,0.0008976660682226212,0.0003524749554568431,0.0
AD 410,0.0004488330341113106,0.0005025227132811838,0.0
Norwich,0.0004488330341113106,0.0005025227132811838,0.0
Central,0.0017953321364452424,0.0003524749554568431,0.0
Manager,0.0004488330341113106,0.0004274988343690135,0.0
Central Holdings,0.0004488330341113106,0.0004274988343690135,0.0
Central Organization,0.0004488330341113106,0.0004274988343690135,0.0
Central City,0.0004488330341113106,0.0004274988343690135,0.0
Southern African Development Community,0.0026929982046678637,0.0003524749554568431,0.0
Botswana,0.0004488330341113106,0.0004024908747316233,0.0
1992,0.0008976660682226212,0.0005525386325559641,0.0
Dr. Stergomena Lawrence Tax,0.0004488330341113106,0.0004024908747316233,0.0
Executive Secretary,0.0004488330341113106,0.0004024908747316233,0.0
Regional Development,0.0004488330341113106,0.0004024908747316233,0.0
Gaborone,0.0004488330341113106,0.0004024908747316233,0.0
Royal Society,0.0008976660682226212,0.0003524749554568431,0.0
King Charles II,0.0004488330341113106,0.0005025227132811838,0.0
Science,0.0004488330341113106,0.0005025227132811838,0.0
Y Corp,0.0004488330341113106,0.0003524749554568431,0.0
Z Corp,0.0004488330341113106,0.0006525704711055247,0.0
Example Country,0.0004488330341113106,0.0003524749554568431,0.0
Example Continent,0.0004488330341113106,0.0006525704711055247,0.0
Yahoo Inc.,0.0008976660682226212,0.0003524749554568431,0.0
Internet Services,0.0004488330341113106,0.0005025227132811838,0.0
Marissa Mayer,0.0004488330341113106,0.0005025227132811838,0.0
Community Center,0.0004488330341113106,0.0003524749554568431,0.0
City Recreation Department,0.0004488330341113106,0.0006525704711055247,0.0
2006,0.0004488330341113106,0.0003524749554568431,0.0
2006-01-01,0.0004488330341113106,0.0006525704711055247,0.0
Oceania,0.0008976660682226212,0.0003524749554568431,0.0
Tonga,0.0004488330341113106,0.0005025227132811838,0.0
Samoa,0.0004488330341113106,0.0005025227132811838,0.0
1977,0.0004488330341113106,0.0003524749554568431,0.0
1977-01-01,0.0004488330341113106,0.0006525704711055247,0.0
1781-01-01,0.0013464991023339318,0.0003524749554568431,0.0
Military,0.0004488330341113106,0.00045250679400640363,0.0
Continental Army,0.0008976660682226212,0.0007526023096550852,0.0
Commander-in-Chief of the Continental Army,0.0004488330341113106,0.00045250679400640363,0.0
Internet Engineering Task Force,0.0013464991023339318,0.0003524749554568431,0.0
Internet Standards,0.0004488330341113106,0.00045250679400640363,0.0
1986,0.0004488330341113106,0.00045250679400640363,0.0
Internet Society,0.0004488330341113106,0.00045250679400640363,0.0
1975,0.0004488330341113106,0.0003524749554568431,0.0
"January 1, 1975",0.0004488330341113106,0.0006525704711055247,0.0
The Scranton Times-Tribune,0.0008976660682226212,0.0003524749554568431,0.0
Local Newspaper,0.0004488330341113106,0.0005025227132811838,0.0
Tribune Publishing,0.0004488330341113106,0.0005025227132811838,0.0
GNU General Public License,0.0017953321364452424,0.0003524749554568431,0.0
Free Software Foundation,0.0004488330341113106,0.0004274988343690135,0.0
GNU,0.0004488330341113106,0.0004274988343690135,0.0
Free Software License,0.0004488330341113106,0.0004274988343690135,0.0
Richard Stallman,0.0004488330341113106,0.0004274988343690135,0.0
2005,0.0004488330341113106,0.0003524749554568431,0.0
"January 1, 2005",0.0004488330341113106,0.0006525704711055247,0.0
Hulu,0.0004488330341113106,0.0003524749554568431,0.0
Disney,0.0004488330341113106,0.0006525704711055247,0.0
Commonwealth of Nations,0.0008976660682226212,0.0003524749554568431,0.0
1931,0.0004488330341113106,0.0005025227132811838,0.0
Patricia Scotland,0.0004488330341113106,0.0005025227132811838,0.0
UTC+11:00,0.0004488330341113106,0.0003524749554568431,0.0
Various,0.0004488330341113106,0.0006525704711055247,0.0
Innovator Parent Org,0.0004488330341113106,0.0003524749554568431,0.0
2005-01-01,0.0004488330341113106,0.0006525704711055247,0.0
Chocolate Manufacturers Association,0.002244165170556553,0.0003524749554568431,0.0
Chocolate Industry Workers,0.0004488330341113106,0.0004124940585865794,0.0
Not Listed,0.0004488330341113106,0.0004124940585865794,0.0
National Confectioners Association,0.0004488330341113106,0.0004124940585865794,0.0
Confectionery,0.0008976660682226212,0.00048751793749874983,0.0
Susan Smith,0.0004488330341113106,0.0004124940585865794,0.0
Houston,0.0004488330341113106,0.0003524749554568431,0.0
Houston Rockets,0.0004488330341113106,0.0006525704711055247,0.0
1974,0.0004488330341113106,0.0003524749554568431,0.0
1974-01-01,0.0004488330341113106,0.0006525704711055247,0.0
International Animation Day,0.0004488330341113106,0.0003524749554568431,0.0
International Animated Film Association,0.0004488330341113106,0.0006525704711055247,0.0
Boeing,0.0017953321364452424,0.0003524749554568431,0.0
1916,0.0004488330341113106,0.0004274988343690135,0.0
"Boeing Defense, Space & Security",0.0004488330341113106,0.0004274988343690135,0.0
David L. Calhoun,0.0004488330341113106,0.0004274988343690135,0.0
William E. Boeing,0.0004488330341113106,0.0004274988343690135,0.0
Apollo 11 Moon Landing,0.0013464991023339318,0.0003524749554568431,0.0
Moon,0.0004488330341113106,0.00045250679400640363,0.0
First Manned Moon Landing,0.0004488330341113106,0.00045250679400640363,0.0
"July 20, 1969",0.0004488330341113106,0.00045250679400640363,0.0
Author,0.0017953321364452424,0.0003524749554568431,0.0
The Great Gatsby,0.0004488330341113106,0.0004274988343690135,0.0
Simon & Schuster,0.0004488330341113106,0.0004274988343690135,0.0
Writer,0.0004488330341113106,0.0004274988343690135,0.0
1975-06-15,0.0008976660682226212,0.0008543394445733669,0.0
National Breadstick Day,0.0013464991023339318,0.0003524749554568431,0.0
August 24,0.0004488330341113106,0.00045250679400640363,0.0
National Cat Day,0.0017953321364452424,0.0003524749554568431,0.0
Animal Welfare,0.0004488330341113106,0.0004274988343690135,0.0
Animal Welfare Organizations,0.0004488330341113106,0.0004274988343690135,0.0
President of the United States,0.0008976660682226212,0.0003524749554568431,0.0
"August 4, 1961",0.0004488330341113106,0.0005025227132811838,0.0
Powhatan Confederacy,0.0026929982046678637,0.0003524749554568431,0.0
Wampum,0.0004488330341113106,0.0004024908747316233,0.0
Powhatan language,0.0004488330341113106,0.0004024908747316233,0.0
Algonquian Confederacy,0.0004488330341113106,0.0004024908747316233,0.0
Citizen,0.0008976660682226212,0.0003524749554568431,0.0
1990-01-01,0.0004488330341113106,0.0005025227132811838,0.0
Pfizer,0.0004488330341113106,0.0003524749554568431,0.0
Albert Bourla,0.0004488330341113106,0.0006525704711055247,0.0
Various occupations,0.002244165170556553,0.0003524749554568431,0.0
Financial Institution,0.0004488330341113106,0.0004124940585865794,0.0
Healthcare Organization,0.0004488330341113106,0.0004124940585865794,0.0
Awareness Campaign,0.0031418312387791743,0.0003524749554568431,0.0
Awareness Coordinator,0.0004488330341113106,0.0003953457434066548,0.0
Health Advocacy Group,0.0004488330341113106,0.0003953457434066548,0.0
Community Outreach Group,0.0004488330341113106,0.0003953457434066548,0.0
2023-09-01,0.0004488330341113106,0.0003953457434066548,0.0
2023-10-01,0.0004488330341113106,0.0003953457434066548,0.0
Global Research Institute,0.0004488330341113106,0.0003524749554568431,0.0
Dr. Jane Smith,0.0004488330341113106,0.0006525704711055247,0.0
Cultural Ambassador,0.0017953321364452424,0.0003524749554568431,0.0
Cultural Attaché,0.0004488330341113106,0.0004274988343690135,0.0
Cultural Diplomacy Advocate,0.0004488330341113106,0.0004274988343690135,0.0
Cultural Institute,0.0004488330341113106,0.0004274988343690135,0.0
Pharmaceuticals,0.0013464991023339318,0.0003524749554568431,0.0
Pharmaceutical Executive,0.0004488330341113106,0.00045250679400640363,0.0
Johnson & Johnson,0.0004488330341113106,0.00045250679400640363,0.0
Berkeley,0.0004488330341113106,0.0003524749554568431,0.0
Berkeley Unified School District,0.0004488330341113106,0.0006525704711055247,0.0
Central Time Zone,0.002244165170556553,0.0003524749554568431,0.0
Wichita,0.0004488330341113106,0.0004124940585865794,0.0
New Orleans,0.0004488330341113106,0.0004124940585865794,0.0
Saint Louis,0.0004488330341113106,0.0004124940585865794,0.0
Minneapolis,0.0004488330341113106,0.0004124940585865794,0.0
Oklahoma City,0.0004488330341113106,0.0004124940585865794,0.0
Mountain Standard Time,0.0013464991023339318,0.0003524749554568431,0.0
America/Denver,0.0004488330341113106,0.00045250679400640363,0.0
America/Phoenix,0.0004488330341113106,0.00045250679400640363,0.0
America/Edmonton,0.0004488330341113106,0.00045250679400640363,0.0
Java,0.0017953321364452424,0.0003524749554568431,0.0
Object-Oriented Programming Language,0.0004488330341113106,0.0004274988343690135,0.0
1995-05-23,0.0004488330341113106,0.0004274988343690135,0.0
Deloitte,0.0008976660682226212,0.0003524749554568431,0.0
Professional Services,0.0004488330341113106,0.0005025227132811838,0.0
William Welch Deloitte,0.0004488330341113106,0.0005025227132811838,0.0
Advisory Board,0.0008976660682226212,0.0003524749554568431,0.0
Advisory Board Parent Organization,0.0004488330341113106,0.0005025227132811838,0.0
Advisory Board Organization,0.0004488330341113106,0.0005025227132811838,0.0
Joe Biden,0.0013464991023339318,0.0003524749554568431,0.0
"November 20, 1942",0.0004488330341113106,0.00045250679400640363,0.0
1942-11-20,0.0004488330341113106,0.00045250679400640363,0.0
San Jose State University,0.0008976660682226212,0.0003524749554568431,0.0
California State University,0.0004488330341113106,0.0005025227132811838,0.0
Public University,0.0004488330341113106,0.0005025227132811838,0.0
Various Contributors,0.0008976660682226212,0.0003524749554568431,0.0
Editor,0.0004488330341113106,0.0005025227132811838,0.0
Governor,0.002244165170556553,0.0003524749554568431,0.0
Governor of Texas,0.0004488330341113106,0.0004124940585865794,0.0
"Austin, Texas",0.0004488330341113106,0.0004124940585865794,0.0
State of Texas,0.0004488330341113106,0.0004124940585865794,0.0
Theoretical Physicist,0.0013464991023339318,0.0003524749554568431,0.0
Professor of Physics,0.0004488330341113106,0.00045250679400640363,0.0
California Institute of Technology,0.0004488330341113106,0.00045250679400640363,0.0
International Association of Fire Fighters,0.0013464991023339318,0.0003524749554568431,0.0
AFL-CIO,0.0004488330341113106,0.00045250679400640363,0.0
1918,0.0004488330341113106,0.00045250679400640363,0.0
Lee C. Bollinger,0.0013464991023339318,0.0003524749554568431,0.0
1951-04-30,0.0004488330341113106,0.00045250679400640363,0.0
President of Columbia University,0.0004488330341113106,0.00045250679400640363,0.0
Python Software Foundation,0.0008976660682226212,0.0003524749554568431,0.0
Guido van Rossum,0.0004488330341113106,0.0005025227132811838,0.0
Active Voter,0.0017953321364452424,0.0003524749554568431,0.0
Election Monitor,0.0004488330341113106,0.0004274988343690135,0.0
Civic Engagement Group,0.0004488330341113106,0.0004274988343690135,0.0
Electoral Office,0.0004488330341113106,0.0004274988343690135,0.0
Voting Rights Organization,0.0004488330341113106,0.0004274988343690135,0.0
Member of the House of Representatives,0.0008976660682226212,0.0003524749554568431,0.0
Congressional Office,0.0004488330341113106,0.0005025227132811838,0.0
Legislative Branch of the United States,0.0004488330341113106,0.0005025227132811838,0.0
Andrew Jackson,0.0013464991023339318,0.0003524749554568431,0.0
General,0.0004488330341113106,0.00045250679400640363,0.0
"Waxhaws, South Carolina",0.0004488330341113106,0.00045250679400640363,0.0
"March 15, 1767",0.0004488330341113106,0.00045250679400640363,0.0
Self-employed,0.002244165170556553,0.0003524749554568431,0.0
Freelancer,0.0004488330341113106,0.0004124940585865794,0.0
Contractor,0.0004488330341113106,0.0004124940585865794,0.0
Freelance Writer,0.0004488330341113106,0.0004124940585865794,0.0
Marketing Agency,0.0004488330341113106,0.0003524749554568431,0.0
Marketing,0.0004488330341113106,0.0006525704711055247,0.0
Los Angeles Lakers,0.0013464991023339318,0.0003524749554568431,0.0
Professional Basketball,0.0004488330341113106,0.00045250679400640363,0.0
Jerry Buss,0.0004488330341113106,0.00045250679400640363,0.0
Jack Kent Cooke,0.0004488330341113106,0.00045250679400640363,0.0
Atlantic Time Zone,0.0017953321364452424,0.0003524749554568431,0.0
Halifax,0.0004488330341113106,0.0004274988343690135,0.0
Fredericton,0.0004488330341113106,0.0004274988343690135,0.0
Charlottetown,0.0004488330341113106,0.0004274988343690135,0.0
Saint John,0.0004488330341113106,0.0004274988343690135,0.0
"White Plains, New York",0.0008976660682226212,0.0003524749554568431,0.0
PepsiCo,0.0004488330341113106,0.0005025227132811838,0.0
White Plains Hospital,0.0004488330341113106,0.0005025227132811838,0.0
1953,0.0004488330341113106,0.0003524749554568431,0.0
1953-01-01,0.0004488330341113106,0.0006525704711055247,0.0
"January 1, 2023",0.0017953321364452424,0.0003524749554568431,0.0
Tech Company Y,0.0004488330341113106,0.0004274988343690135,0.0
Example Book,0.0004488330341113106,0.0004274988343690135,0.0
Software Product X,0.0004488330341113106,0.0004274988343690135,0.0
Company Z,0.0004488330341113106,0.0004274988343690135,0.0
Science Communicator,0.0026929982046678637,0.0003524749554568431,0.0
Public Speaker,0.0004488330341113106,0.0004024908747316233,0.0
The Royal Society,0.0004488330341113106,0.0004024908747316233,0.0
National Science Teachers Association,0.0004488330341113106,0.0004024908747316233,0.0
Science Educator,0.0004488330341113106,0.0004024908747316233,0.0
Science Writer,0.0004488330341113106,0.0004024908747316233,0.0
National Geographic Society,0.0004488330341113106,0.0004024908747316233,0.0
UTC-5,0.0031418312387791743,0.0003524749554568431,0.0
Panama,0.0004488330341113106,0.0003953457434066548,0.0
Ecuador,0.0004488330341113106,0.0003953457434066548,0.0
Cuba,0.0004488330341113106,0.0003953457434066548,0.0
Haiti,0.0004488330341113106,0.0003953457434066548,0.0
Bahamas,0.0004488330341113106,0.0003953457434066548,0.0
Jamaica,0.0004488330341113106,0.0003953457434066548,0.0
Second Continental Congress,0.0017953321364452424,0.0003524749554568431,0.0
Colonial Leaders,0.0004488330341113106,0.0004274988343690135,0.0
Legislative body,0.0004488330341113106,0.0004274988343690135,0.0
Colonial leaders,0.0004488330341113106,0.0004274988343690135,0.0
Seagate Technology,0.002244165170556553,0.0003524749554568431,0.0
Alan Shugart,0.0004488330341113106,0.0004124940585865794,0.0
Dave Mosley,0.0004488330341113106,0.0004124940585865794,0.0
Seagate Technology Holdings,0.0004488330341113106,0.0004124940585865794,0.0
George H. W. Bush,0.0013464991023339318,0.0003524749554568431,0.0
1924-06-12,0.0004488330341113106,0.00045250679400640363,0.0
Director of the Central Intelligence Agency,0.0004488330341113106,0.00045250679400640363,0.0
"Milton, Massachusetts",0.0004488330341113106,0.00045250679400640363,0.0
Police Officers,0.003590664272890485,0.0003524749554568431,0.0
State Police,0.0004488330341113106,0.0003899868949129283,0.0
Law Enforcement Officer,0.0004488330341113106,0.0003899868949129283,0.0
Police Department,0.0004488330341113106,0.0003899868949129283,0.0
Federal Bureau of Investigation,0.0004488330341113106,0.0003899868949129283,0.0
City Police Department,0.0004488330341113106,0.0003899868949129283,0.0
Detective,0.0004488330341113106,0.0003899868949129283,0.0
Police Constable,0.0004488330341113106,0.0003899868949129283,0.0
Sergeant,0.0004488330341113106,0.0003899868949129283,0.0
Legislator,0.0017953321364452424,0.0003524749554568431,0.0
State Legislature,0.0004488330341113106,0.0004274988343690135,0.0
Assembly Member,0.0004488330341113106,0.0004274988343690135,0.0
City Council Member,0.0004488330341113106,0.0004274988343690135,0.0
Member of Congress,0.0004488330341113106,0.0004274988343690135,0.0
Language Advocate,0.0031418312387791743,0.0003524749554568431,0.0
Language Policy Advisor,0.0004488330341113106,0.0003953457434066548,0.0
Global Language Organization,0.0004488330341113106,0.0003953457434066548,0.0
Linguistic Researcher,0.0004488330341113106,0.0003953457434066548,0.0
National Language Association,0.0004488330341113106,0.0003953457434066548,0.0
Language Advocacy,0.0004488330341113106,0.0003953457434066548,0.0
Language Advocacy Organization,0.0004488330341113106,0.0003953457434066548,0.0
Language Rights Activist,0.0004488330341113106,0.0003953457434066548,0.0
TurboTax,0.0008976660682226212,0.0003524749554568431,0.0
Tax Preparation Software,0.0004488330341113106,0.0005025227132811838,0.0
XYZ Productions,0.0004488330341113106,0.0003524749554568431,0.0
2010-01-01,0.0004488330341113106,0.0006525704711055247,0.0
Hilton Worldwide,0.0004488330341113106,0.0003524749554568431,0.0
McLean,0.0004488330341113106,0.0006525704711055247,0.0
April Fools' Day,0.002244165170556553,0.0003524749554568431,0.0
Cultural Institutions,0.0004488330341113106,0.0004124940585865794,0.0
April 1,0.0004488330341113106,0.0004124940585865794,0.0
1582,0.0004488330341113106,0.0004124940585865794,0.0
"April 1, 1582",0.0004488330341113106,0.0004124940585865794,0.0
LeBron James,0.0026929982046678637,0.0003524749554568431,0.0
Small Forward,0.0004488330341113106,0.0004024908747316233,0.0
St. Vincent-St. Mary High School,0.0004488330341113106,0.0004024908747316233,0.0
Forward,0.0004488330341113106,0.0004024908747316233,0.0
"December 30, 1984",0.0004488330341113106,0.0004024908747316233,0.0
"Akron, Ohio",0.0004488330341113106,0.0004024908747316233,0.0
Basketball Player,0.0004488330341113106,0.0004024908747316233,0.0
Representative,0.0017953321364452424,0.0003524749554568431,0.0
House of Representatives,0.0004488330341113106,0.0004274988343690135,0.0
Majority Whip,0.0004488330341113106,0.0004274988343690135,0.0
Leader of the Opposition,0.0004488330341113106,0.0004274988343690135,0.0
Chairperson of the Committee,0.0004488330341113106,0.0004274988343690135,0.0
Organization of American States,0.0013464991023339318,0.0003524749554568431,0.0
Luis Almagro,0.0004488330341113106,0.00045250679400640363,0.0
Inter-American Commission on Human Rights,0.0004488330341113106,0.00045250679400640363,0.0
Wikimedia Foundation,0.0008976660682226212,0.0003524749554568431,0.0
Internet,0.0004488330341113106,0.0005025227132811838,0.0
Jimmy Wales,0.0004488330341113106,0.0005025227132811838,0.0
Linguistic Society,0.0004488330341113106,0.0003524749554568431,0.0
1924,0.0004488330341113106,0.0006525704711055247,0.0
John F. Kennedy,0.0008976660682226212,0.0003524749554568431,0.0
1917-05-29,0.0004488330341113106,0.0005025227132811838,0.0
"Brookline, Massachusetts",0.0004488330341113106,0.0005025227132811838,0.0
Commander-in-Chief,0.002244165170556553,0.0003524749554568431,0.0
U.S. Military,0.0004488330341113106,0.0004124940585865794,0.0
1961-01-20,0.0004488330341113106,0.0004124940585865794,0.0
Chief Diplomat,0.0004488330341113106,0.0004124940585865794,0.0
Commander-in-Chief of the Armed Forces,0.0004488330341113106,0.0004124940585865794,0.0
Commander-in-Chief of the Navy,0.0004488330341113106,0.0004124940585865794,0.0
1040,0.0013464991023339318,0.0003524749554568431,0.0
Ranking Member of the House Committee on Education and Labor,0.0004488330341113106,0.00045250679400640363,0.0
Vice Chair of the House Committee on Armed Services,0.0004488330341113106,0.00045250679400640363,0.0
Chair of the House Committee on Oversight and Reform,0.0004488330341113106,0.00045250679400640363,0.0
Washington State University,0.0004488330341113106,0.0003524749554568431,0.0
Pullman,0.0004488330341113106,0.0006525704711055247,0.0
J.P. Morgan & Co.,0.0004488330341113106,0.0003524749554568431,0.0
1871,0.0004488330341113106,0.0006525704711055247,0.0
City of Newburyport,0.0026929982046678637,0.0003524749554568431,0.0
Newburyport Public Library,0.0004488330341113106,0.0004024908747316233,0.0
Newburyport Chamber of Commerce,0.0004488330341113106,0.0004024908747316233,0.0
Newburyport Public Schools,0.0004488330341113106,0.0004024908747316233,0.0
City of Newburyport Police Department,0.0004488330341113106,0.0004024908747316233,0.0
Newburyport Fire Department,0.0004488330341113106,0.0004024908747316233,0.0
Newburyport Development Authority,0.0004488330341113106,0.0004024908747316233,0.0
Registered Voter,0.0008976660682226212,0.0003524749554568431,0.0
Political Activist,0.0004488330341113106,0.0005025227132811838,0.0
Electorate,0.0004488330341113106,0.0005025227132811838,0.0
Treasurer,0.002244165170556553,0.0003524749554568431,0.0
Department of the Treasury,0.0004488330341113106,0.0004124940585865794,0.0
Public Financial Officer,0.0004488330341113106,0.0004124940585865794,0.0
Government Financial Officer,0.0004488330341113106,0.0004124940585865794,0.0
Treasurer of the United States,0.0004488330341113106,0.0004124940585865794,0.0
Financial Administrator,0.0004488330341113106,0.0004124940585865794,0.0
1955,0.0008976660682226212,0.0003524749554568431,0.0
"January 1, 1955",0.0004488330341113106,0.0005025227132811838,0.0
Retired,0.0004488330341113106,0.0005025227132811838,0.0
Stacey Cunningham,0.0008976660682226212,0.0003524749554568431,0.0
President of the New York Stock Exchange,0.0004488330341113106,0.0005025227132811838,0.0
1974-12-21,0.0004488330341113106,0.0005025227132811838,0.0
Bethesda,0.0004488330341113106,0.0003524749554568431,0.0
Video Game Developer,0.0004488330341113106,0.0006525704711055247,0.0
Hershey Chocolate Company,0.0017953321364452424,0.0003524749554568431,0.0
Michele Buck,0.0004488330341113106,0.0004274988343690135,0.0
The Hershey Trust Company,0.0004488330341113106,0.0004274988343690135,0.0
Civic Engagement Organization,0.0004488330341113106,0.0003524749554568431,0.0
Civic Alliance,0.0004488330341113106,0.0006525704711055247,0.0
Newburyport,0.0004488330341113106,0.0003524749554568431,0.0
City Councilor,0.0004488330341113106,0.0006525704711055247,0.0
Aviation,0.0017953321364452424,0.0003524749554568431,0.0
Airbus,0.0004488330341113106,0.0004274988343690135,0.0
United Airlines,0.0004488330341113106,0.0004274988343690135,0.0
Alaska Airlines,0.0004488330341113106,0.0004274988343690135,0.0
Spirit Airlines,0.0004488330341113106,0.0004274988343690135,0.0
United States Department of the Treasury,0.0004488330341113106,0.0003524749554568431,0.0
Alexander Hamilton,0.0004488330341113106,0.0006525704711055247,0.0
Political Science,0.0008976660682226212,0.0003524749554568431,0.0
Academia,0.0004488330341113106,0.0005025227132811838,0.0
American Political Science Association,0.0004488330341113106,0.0005025227132811838,0.0
National Trust for Historic Preservation,0.0004488330341113106,0.0003524749554568431,0.0
Preservation Society,0.0004488330341113106,0.0006525704711055247,0.0
Franklin D. Roosevelt,0.0004488330341113106,0.0003524749554568431,0.0
"Hyde Park, New York",0.0004488330341113106,0.0006525704711055247,0.0
UTC-8,0.0008976660682226212,0.0003524749554568431,0.0
Tijuana,0.0004488330341113106,0.0005025227132811838,0.0
Vancouver,0.0004488330341113106,0.0005025227132811838,0.0
1964,0.0004488330341113106,0.0003524749554568431,0.0
1964-01-01,0.0004488330341113106,0.0006525704711055247,0.0
Secretary,0.002244165170556553,0.0003524749554568431,0.0
Department of State,0.0004488330341113106,0.0004124940585865794,0.0
Secretary of Treasury,0.0004488330341113106,0.0004124940585865794,0.0
Secretary of Defense,0.0004488330341113106,0.0004124940585865794,0.0
Department of Treasury,0.0004488330341113106,0.0004124940585865794,0.0
Secretary of State,0.0004488330341113106,0.0004124940585865794,0.0
Time Zone Name,0.0013464991023339318,0.0003524749554568431,0.0
Venezuela,0.0004488330341113106,0.00045250679400640363,0.0
Tobacco,0.0017953321364452424,0.0003524749554568431,0.0
Altria Group,0.0004488330341113106,0.0004274988343690135,0.0
Americas,0.0004488330341113106,0.0004274988343690135,0.0
Philip Morris International,0.0004488330341113106,0.0004274988343690135,0.0
Cash Crop,0.0004488330341113106,0.0004274988343690135,0.0
1790,0.0004488330341113106,0.0003524749554568431,0.0
1790-01-01,0.0004488330341113106,0.0006525704711055247,0.0
Inter Miami CF,0.0008976660682226212,0.0003524749554568431,0.0
David Beckham,0.0004488330341113106,0.0005025227132811838,0.0
Fort Lauderdale,0.0004488330341113106,0.0005025227132811838,0.0
David I. McKay,0.0004488330341113106,0.0003524749554568431,0.0
1963-10-15,0.0004488330341113106,0.0006525704711055247,0.0
National Chocolate Day,0.0004488330341113106,0.0003524749554568431,0.0
1920,0.0004488330341113106,0.0006525704711055247,0.0
Barack Obama,0.0013464991023339318,0.0003524749554568431,0.0
Former President,0.0004488330341113106,0.00045250679400640363,0.0
1961-08-04,0.0004488330341113106,0.00045250679400640363,0.0
Former President of the United States,0.0004488330341113106,0.00045250679400640363,0.0
Comcast,0.0004488330341113106,0.0003524749554568431,0.0
Ralph Roberts,0.0004488330341113106,0.0006525704711055247,0.0
Senator,0.0008976660682226212,0.0003524749554568431,0.0
"January 1, 1960",0.0004488330341113106,0.0005025227132811838,0.0
U.S. Senate,0.0004488330341113106,0.0005025227132811838,0.0
University of Illinois,0.0004488330341113106,0.0003524749554568431,0.0
"Champaign, Illinois",0.0004488330341113106,0.0006525704711055247,0.0
Mountain Time Zone,0.0013464991023339318,0.0003524749554568431,0.0
Phoenix,0.0004488330341113106,0.00045250679400640363,0.0
Tucson,0.0004488330341113106,0.00045250679400640363,0.0
Salt Lake City,0.0004488330341113106,0.00045250679400640363,0.0
General Electric,0.0013464991023339318,0.0003524749554568431,0.0
1892,0.0004488330341113106,0.00045250679400640363,0.0
Electrical Equipment,0.0004488330341113106,0.00045250679400640363,0.0
GE Aviation,0.0004488330341113106,0.00045250679400640363,0.0
Incorporation Country Name,0.0008976660682226212,0.0003524749554568431,0.0
Ireland,0.0004488330341113106,0.0005025227132811838,0.0
JavaScript,0.002244165170556553,0.0003524749554568431,0.0
Brendan Eich,0.0004488330341113106,0.0004124940585865794,0.0
Mozilla Foundation,0.0004488330341113106,0.0004124940585865794,0.0
ECMAScript,0.0004488330341113106,0.0004124940585865794,0.0
Client-side scripting language,0.0004488330341113106,0.0004124940585865794,0.0
Mozilla Corporation,0.0004488330341113106,0.0004124940585865794,0.0
TypeScript,0.0004488330341113106,0.0003524749554568431,0.0
2012,0.0004488330341113106,0.0006525704711055247,0.0
Operation Mars,0.002244165170556553,0.0003524749554568431,0.0
Military Operation,0.0004488330341113106,0.0004124940585865794,0.0
Department of Defense,0.0004488330341113106,0.0004124940585865794,0.0
U.S. Central Command,0.0004488330341113106,0.0004124940585865794,0.0
United States Army,0.0004488330341113106,0.0004124940585865794,0.0
1950-10-24,0.0004488330341113106,0.0003524749554568431,0.0
"October 24, 1950",0.0004488330341113106,0.0006525704711055247,0.0
David L. Mills,0.0017953321364452424,0.0003524749554568431,0.0
"Newark, New Jersey",0.0004488330341113106,0.0004274988343690135,0.0
1944-04-18,0.0004488330341113106,0.0004274988343690135,0.0
Network Time Protocol Developer,0.0004488330341113106,0.0004274988343690135,0.0
Public Administrator,0.0008976660682226212,0.0003524749554568431,0.0
County Administrator,0.0004488330341113106,0.0005025227132811838,0.0
Town Manager,0.0004488330341113106,0.0005025227132811838,0.0
Hewlett-Packard,0.0017953321364452424,0.0003524749554568431,0.0
Bill Hewlett,0.0004488330341113106,0.0004274988343690135,0.0
HP Inc.,0.0004488330341113106,0.0004274988343690135,0.0
Dave Packard,0.0004488330341113106,0.0004274988343690135,0.0
Diane Greene,0.0004488330341113106,0.0004274988343690135,0.0
Naughty Dog,0.0004488330341113106,0.0003524749554568431,0.0
Sony Interactive Entertainment,0.0004488330341113106,0.0006525704711055247,0.0
1908,0.0004488330341113106,0.0003524749554568431,0.0
1908-01-01,0.0004488330341113106,0.0006525704711055247,0.0
University of Linguistics,0.0004488330341113106,0.0003524749554568431,0.0
Linguist City,0.0004488330341113106,0.0006525704711055247,0.0
Adena Friedman,0.0008976660682226212,0.0003524749554568431,0.0
President and CEO,0.0004488330341113106,0.0005025227132811838,0.0
1970-07-27,0.0004488330341113106,0.0005025227132811838,0.0
San Jose,0.0004488330341113106,0.0003524749554568431,0.0
Mayor of San Jose,0.0004488330341113106,0.0006525704711055247,0.0
Innovator Organization,0.0013464991023339318,0.0003524749554568431,0.0
Chief Innovation Officer,0.0004488330341113106,0.00045250679400640363,0.0
Innovator CEO,0.0004488330341113106,0.00045250679400640363,0.0
New York Times,0.0008976660682226212,0.0003524749554568431,0.0
A.G. Sulzberger,0.0004488330341113106,0.0005025227132811838,0.0
Celebration,0.0013464991023339318,0.00045250679400640363,4.0308310203081327e-07
Colleen Paige,0.0004488330341113106,0.0004274988343690135,0.0
October 29,0.0004488330341113106,0.0004274988343690135,0.0
Engineering,0.0004488330341113106,0.0003524749554568431,0.0
Engineer,0.0004488330341113106,0.0006525704711055247,0.0
Standard Time,0.0008976660682226212,0.0003524749554568431,0.0
Year of significant events,0.0004488330341113106,0.0004274988343690135,0.0
Powhatan,0.0004488330341113106,0.0004024908747316233,0.0
Oracle Cloud,0.0008976660682226212,0.0003524749554568431,0.0
Larry Ellison,0.0004488330341113106,0.0005025227132811838,0.0
Auburn,0.0004488330341113106,0.00045250679400640363,0.0
Lemuel Foster,0.0004488330341113106,0.00045250679400640363,0.0
Resident,0.0004488330341113106,0.0005025227132811838,0.0
Global Business Academy,0.0004488330341113106,0.0003524749554568431,0.0
Director,0.0004488330341113106,0.0006525704711055247,0.0
American Express,0.0017953321364452424,0.0003524749554568431,0.0
Stephen Squeri,0.0004488330341113106,0.0004274988343690135,0.0
1885,0.0004488330341113106,0.0003524749554568431,0.0
Local Election Office,0.0004488330341113106,0.0003524749554568431,0.0
Global Tech Corp.,0.0008976660682226212,0.0003524749554568431,0.0
John Smith,0.0004488330341113106,0.0005025227132811838,0.0
Alice Johnson,0.0004488330341113106,0.0005025227132811838,0.0
Data Scientist,0.0004488330341113106,0.0004124940585865794,0.0
Software Engineer,0.0004488330341113106,0.0004124940585865794,0.0
Brian Roberts,0.0004488330341113106,0.0005025227132811838,0.0
Jane Smith,0.0004488330341113106,0.00045250679400640363,0.0
Global Charity,0.0008976660682226212,0.0003524749554568431,0.0
Executive Director,0.0008976660682226212,0.0005025227132811838,2.0154155101540663e-07
Example Corp,0.0004488330341113106,0.0003524749554568431,0.0
Jane Doe,0.0004488330341113106,0.0006525704711055247,0.0
Washington State Legislature,0.0004488330341113106,0.0003524749554568431,0.0
Natural Resources,0.0004488330341113106,0.0003524749554568431,0.0
Environmental Advocate,0.0004488330341113106,0.0006525704711055247,0.0
Larry Page,0.0004488330341113106,0.0004274988343690135,0.0
Virginia,0.0004488330341113106,0.0003524749554568431,0.0
Higher Education,0.0008976660682226212,0.0003524749554568431,0.0
Higher Education Administrator,0.0004488330341113106,0.0005025227132811838,0.0
Voter,0.0004488330341113106,0.0003524749554568431,0.0
Civic Participant,0.0004488330341113106,0.0006525704711055247,0.0
Semiconductors,0.0004488330341113106,0.0005025227132811838,0.0
North America,0.0004488330341113106,0.0003524749554568431,0.0
Mexico City,0.0004488330341113106,0.0006525704711055247,0.0
"Facebook, Inc.",0.0004488330341113106,0.0003524749554568431,0.0
Mark Zuckerberg,0.0004488330341113106,0.0006525704711055247,0.0
Pacific Time,0.0004488330341113106,0.0003524749554568431,0.0
Programmer,0.0004488330341113106,0.0003524749554568431,0.0
Software Developer,0.0004488330341113106,0.0006525704711055247,0.0
Board of Directors,0.0013464991023339318,0.0003524749554568431,0.0
2000-01-01,0.0004488330341113106,0.00045250679400640363,0.0
Steve Jobs,0.0004488330341113106,0.00045250679400640363,0.0
Exchange Name,0.0004488330341113106,0.0003524749554568431,0.0
Microsoft Azure,0.0004488330341113106,0.0003524749554568431,0.0
CEO of NYSE Euronext,0.0004488330341113106,0.0003524749554568431,0.0
Salesforce.org,0.0004488330341113106,0.0003524749554568431,0.0
Marc Benioff,0.0004488330341113106,0.0006525704711055247,0.0
James Gosling,0.0004488330341113106,0.0004274988343690135,0.0
Sun Microsystems,0.0004488330341113106,0.0003524749554568431,0.0
Mark Hurd,0.0004488330341113106,0.0006525704711055247,0.0
Burbank,0.0004488330341113106,0.0003524749554568431,0.0
Pacific Standard Time,0.0004488330341113106,0.0003524749554568431,0.0
Nokia,0.0004488330341113106,0.0004274988343690135,0.0
Information Technology Hub,0.0004488330341113106,0.0003524749554568431,0.0
Innovation Leader,0.0004488330341113106,0.0006525704711055247,0.0
Chairman of the Senate Foreign Relations Committee,0.0004488330341113106,0.00045250679400640363,0.0
Jane Fraser,0.0004488330341113106,0.00045250679400640363,0.0
C++,0.0004488330341113106,0.0003524749554568431,0.0
Bjarne Stroustrup,0.0004488330341113106,0.0006525704711055247,0.0
John Warnock,0.0004488330341113106,0.0005025227132811838,0.0
McGarry and Associates,0.0004488330341113106,0.0003524749554568431,0.0
Daniel E. McGarry,0.0004488330341113106,0.0006525704711055247,0.0
Oracle,0.0004488330341113106,0.0003524749554568431,0.0
Safra Catz,0.0004488330341113106,0.0006525704711055247,0.0
Wikipedia,0.0004488330341113106,0.0005025227132811838,0.0
U.S. Department of the Treasury,0.0004488330341113106,0.0003524749554568431,0.0
Janet Yellen,0.0004488330341113106,0.0006525704711055247,0.0
Research Scientist,0.0004488330341113106,0.00045250679400640363,0.0
Firefighters,0.0004488330341113106,0.00045250679400640363,0.0
Lenovo,0.0004488330341113106,0.0004124940585865794,0.0
Montgomery,0.0004488330341113106,0.0003524749554568431,0.0
Martin Luther King Jr.,0.0004488330341113106,0.0006525704711055247,0.0
Research University,0.0004488330341113106,0.0003524749554568431,0.0
Richard Ketchum,0.0004488330341113106,0.0005025227132811838,0.0
Language of Science,0.0004488330341113106,0.0003524749554568431,0.0
Scientific Writer,0.0004488330341113106,0.0006525704711055247,0.0
Business Owner,0.0004488330341113106,0.0004124940585865794,0.0
Consultant,0.0004488330341113106,0.0004124940585865794,0.0
Revolution,0.0004488330341113106,0.0003524749554568431,0.0
MIT,0.0008976660682226212,0.0003524749554568431,0.0
Organization X,0.0004488330341113106,0.0003524749554568431,0.0
Founder,0.0004488330341113106,0.0006525704711055247,0.0
Communication,0.0004488330341113106,0.0003524749554568431,0.0
Director of Communication,0.0004488330341113106,0.0006525704711055247,0.0
1961,0.0004488330341113106,0.0004024908747316233,0.0
Mayor of Olympia,0.0004488330341113106,0.0005025227132811838,0.0
1959-10-06,0.0004488330341113106,0.0003524749554568431,0.0
Jamie Dimon,0.0004488330341113106,0.0005025227132811838,0.0
Colombia,0.0004488330341113106,0.0003953457434066548,0.0
1965-01-01,0.0004488330341113106,0.0003524749554568431,0.0
Dr. Sudip Parikh,0.0004488330341113106,0.0005025227132811838,0.0
University of California,0.0008976660682226212,0.0003524749554568431,0.0
Kamala Harris,0.0004488330341113106,0.0005025227132811838,0.0
Year of the Pandemic,0.0004488330341113106,0.0005025227132811838,0.0
Chuck Robbins,0.0004488330341113106,0.0005025227132811838,0.0
Seattle,0.0004488330341113106,0.0003524749554568431,0.0
Jeff Bezos,0.0004488330341113106,0.0006525704711055247,0.0
Retail,0.0004488330341113106,0.0005025227132811838,0.0
Continental Currency,0.0004488330341113106,0.0003524749554568431,0.0
Henry Ford,0.0004488330341113106,0.0004124940585865794,0.0
Various organizations,0.0004488330341113106,0.0005025227132811838,0.0
City Council,0.0004488330341113106,0.0003524749554568431,0.0
Robert Noyce,0.0004488330341113106,0.00045250679400640363,0.0
Pat Gelsinger,0.0004488330341113106,0.00045250679400640363,0.0
Windows,0.0004488330341113106,0.00045250679400640363,0.0
Secretary-General,0.0004488330341113106,0.0004124940585865794,0.0
Travis Kalanick,0.0004488330341113106,0.00045250679400640363,0.0
1884-01-01,0.0004488330341113106,0.0003524749554568431,0.0
Brian Moynihan,0.0004488330341113106,0.00045250679400640363,0.0
Hospitality Industry,0.0017953321364452424,0.0003524749554568431,0.0
Spain,0.0004488330341113106,0.0004274988343690135,0.0
Linux Foundation,0.0004488330341113106,0.0003524749554568431,0.0
Brazil,0.0004488330341113106,0.00045250679400640363,0.0
Argentina,0.0004488330341113106,0.00045250679400640363,0.0
Switzerland,0.0004488330341113106,0.0004274988343690135,0.0
Morgan Stanley,0.0004488330341113106,0.0003524749554568431,0.0
James Gorman,0.0004488330341113106,0.0006525704711055247,0.0
Netherlands,0.0004488330341113106,0.0005025227132811838,0.0
Hannibal School District,0.0004488330341113106,0.0003524749554568431,0.0
Salem,0.0004488330341113106,0.0003524749554568431,0.0
Texas A&M University,0.0004488330341113106,0.0003524749554568431,0.0
K. K. Y. Wong,0.0004488330341113106,0.0006525704711055247,0.0
Professor Emeritus,0.0004488330341113106,0.0004274988343690135,0.0
Head of Government,0.0008976660682226212,0.0003524749554568431,0.0
Prime Minister,0.0004488330341113106,0.0005025227132811838,0.0
Telangana State Government,0.0004488330341113106,0.0003524749554568431,0.0
Moscow,0.0004488330341113106,0.0005447710781330745,0.0
Tokyo,0.0004488330341113106,0.0005447710781330745,0.0
Government of Brazil,0.0004488330341113106,0.0006292678078368559,0.0
Mexican Peso,0.0004488330341113106,0.0009060606602168686,0.0
Agriculture,0.0008976660682226212,0.0003524749554568431,0.0
Secretary-General of the United Nations Food and Agriculture Organization,0.0004488330341113106,0.0005025227132811838,0.0
First Anglo-Powhatan War,0.0004488330341113106,0.0003524749554568431,0.0
Portuguese Football Federation,0.0004488330341113106,0.0003524749554568431,0.0
FC Copenhagen,0.0008976660682226212,0.0003524749554568431,0.0
Danish Krone,0.0004488330341113106,0.0005025227132811838,0.0
Timorese,0.0004488330341113106,0.0003524749554568431,0.0
Cabinet of Japan,0.0004488330341113106,0.0003524749554568431,0.0
Charles Darwin,0.0013464991023339318,0.0003524749554568431,0.0
University of Edinburgh,0.0004488330341113106,0.00045250679400640363,0.0
Shrewsbury,0.0004488330341113106,0.00045250679400640363,0.0
British,0.0004488330341113106,0.00045250679400640363,0.0
Brasília Time,0.0004488330341113106,0.0003524749554568431,0.0
Unknown Place,0.0004488330341113106,0.0011595508493282124,0.0
Oxford,0.0004488330341113106,0.0003524749554568431,0.0
Leader of the Government,0.0004488330341113106,0.0009060606602168686,0.0
Indian Languages,0.0004488330341113106,0.0003524749554568431,0.0
