node,degree_centrality,pagerank,betweenness_centrality
SpaceX,0.002036659877800407,0.0001754997778146737,0.0
Elon Musk,0.0015840687938447613,0.00024174709330318484,4.609913711635146e-06
Not publicly traded,0.001131477709889115,0.00019206160668680148,2.0488505385045092e-07
United States Dollar,0.002036659877800407,0.0002046181646585795,3.150107702950683e-06
English,0.0024892509617560534,0.0002046181646585795,2.6635057000558617e-06
Space Exploration Technologies Corp.,0.00045259108395564606,0.00019206160668680148,5.122126346261273e-08
2002,0.001131477709889115,0.00019206160668680148,2.8171694904437003e-07
Aerospace,0.0009051821679112921,0.00019206160668680148,3.585488442382891e-07
Hawthorne,0.002036659877800407,0.00019206160668680148,6.146551615513527e-07
United States,0.0031681375876895226,0.00019206160668680148,4.353807394322082e-06
Tech Company,0.0006788866259334691,0.0001754997778146737,0.0
CEO,0.0006788866259334691,0.0002464653967815052,2.0488505385045092e-07
South Africa,0.00226295541977823,0.00021665410481167517,2.9196120173689255e-06
University of Pennsylvania,0.001131477709889115,0.00021665410481167517,1.69030169426622e-06
Pretoria,0.0015840687938447613,0.00021665410481167517,1.3829741134905436e-06
1971-06-28,0.00022629554197782303,0.00021665410481167517,0.0
Private Company,0.00022629554197782303,0.00021630859122295229,0.0
San Francisco,0.00022629554197782303,0.00021630859122295229,0.0
USD,0.00022629554197782303,0.00021630859122295229,0.0
Technology,0.0006788866259334691,0.00022886514919473033,1.5366379038783817e-07
"Washington, D.C.",0.0006788866259334691,0.0002129032677053112,9.219827423270291e-07
New York Stock Exchange,0.0006788866259334691,0.00020034670973353316,4.6099137116351457e-07
Federal Reserve,0.00022629554197782303,0.00020034670973353316,0.0
1792,0.002036659877800407,0.00020034670973353316,1.3829741134905436e-06
Legal Tender,0.0009051821679112921,0.0003494031695826833,1.0244252692522546e-06
Finance,0.0006788866259334691,0.00020034670973353316,6.146551615513527e-07
U.S. Department of the Treasury,0.00045259108395564606,0.00020034670973353316,3.0732758077567635e-07
British Council,0.00045259108395564606,0.00019482516930711992,1.8439654846540583e-06
Language of Science,0.00045259108395564606,0.00019482516930711992,1.5366379038783817e-07
Shakespeare's Works,0.0006788866259334691,0.00019482516930711992,6.146551615513527e-07
Oxford University Press,0.00022629554197782303,0.00019482516930711992,0.0
The Adventures of Huckleberry Finn,0.00022629554197782303,0.00019482516930711992,0.0
Language,0.00022629554197782303,0.00019482516930711992,0.0
Global Lingua Franca,0.00022629554197782303,0.00019482516930711992,0.0
United Kingdom,0.00022629554197782303,0.00019482516930711992,0.0
International Business Language,0.00022629554197782303,0.00019482516930711992,0.0
"SpaceX Services, Inc.",0.00022629554197782303,0.00033873503144778817,0.0
US Dollar,0.0006788866259334691,0.00022886514919473033,6.146551615513527e-07
Year 2002,0.00022629554197782303,0.00021630859122295229,0.0
"January 1, 2002",0.00022629554197782303,0.00021630859122295229,0.0
USA,0.00045259108395564606,0.00029083682114752735,0.0
Aerospace Industry,0.00022629554197782303,0.00022991152902571184,0.0
Aerospace Engineer,0.00022629554197782303,0.00022991152902571184,0.0
Boeing,0.001131477709889115,0.00022991152902571184,4.0977010770090183e-07
Bowdoin College,0.00022629554197782303,0.000195904184518813,0.0
Author,0.0015840687938447613,0.00022571547648864303,6.658764250139654e-07
Short Story Writer,0.00022629554197782303,0.000195904184518813,0.0
1804,0.00022629554197782303,0.000195904184518813,0.0
Novelist,0.00045259108395564606,0.0002342951549355133,0.0
American Literature,0.00022629554197782303,0.000195904184518813,0.0
Literary World,0.00022629554197782303,0.000195904184518813,0.0
Romanticism Movement,0.00022629554197782303,0.000195904184518813,0.0
Sports,0.00022629554197782303,0.00018805633578645173,0.0
Joe Biden,0.0009051821679112921,0.00018805633578645173,6.453879196289204e-06
North America,0.00045259108395564606,0.00018805633578645173,1.0244252692522546e-07
Telecommunications,0.0009051821679112921,0.00018805633578645173,3.0732758077567635e-07
Philadelphia,0.00045259108395564606,0.00018805633578645173,2.0488505385045092e-07
Apple Inc.,0.00045259108395564606,0.00018805633578645173,1.0244252692522546e-07
1776,0.00022629554197782303,0.00018805633578645173,0.0
Automotive,0.00022629554197782303,0.00018805633578645173,0.0
Red Hat,0.001131477709889115,0.0001754997778146737,0.0
Innovator Organization,0.0009051821679112921,0.0001754997778146737,0.0
Innovator Country,0.00022629554197782303,0.00021276389277696123,0.0
Harvard Law School,0.00022629554197782303,0.0001754997778146737,0.0
Cambridge,0.00022629554197782303,0.00032455623766382383,0.0
National Breadstick Day,0.0009051821679112921,0.0001754997778146737,0.0
National Breadstick Day Committee,0.0018103643358225842,0.00021276389277696123,3.585488442382891e-07
Standard Time,0.0006788866259334691,0.0001754997778146737,0.0
Canada,0.00022629554197782303,0.00022518526443105705,0.0
Powhatan Confederacy,0.0015840687938447613,0.0001754997778146737,0.0
Agriculture,0.0006788866259334691,0.0001967935577931237,1.0244252692522546e-07
Natural Resources,0.00045259108395564606,0.0001754997778146737,0.0
Earth,0.0006788866259334691,0.0002500280077392487,4.0977010770090183e-07
Parent Company ABC,0.00045259108395564606,0.0001754997778146737,0.0
University of Technology,0.0006788866259334691,0.0002500280077392487,4.6099137116351457e-07
1835-11-30,0.001131477709889115,0.0001754997778146737,0.0
Dollar,0.00022629554197782303,0.0001754997778146737,0.0
East Timor,0.00022629554197782303,0.00032455623766382383,0.0
Fiat Currency,0.00022629554197782303,0.0001754997778146737,0.0
Reserve Currency,0.0009051821679112921,0.000370002634309157,6.146551615513527e-07
1956,0.00045259108395564606,0.0001754997778146737,0.0
Chief Executive Officer,0.00045259108395564606,0.0005337790457992823,0.0
Twitter,0.00045259108395564606,0.0001754997778146737,0.0
None,0.00045259108395564606,0.0002997134943556321,0.0
Social Media,0.00045259108395564606,0.0002997134943556321,0.0
Innovative Team,0.00022629554197782303,0.00022518526443105705,0.0
John Doe,0.00045259108395564606,0.0002624493793933446,0.0
1910,0.00045259108395564606,0.0002455964843559818,0.0
South African Government,0.00045259108395564606,0.00022572228970942846,0.0
President,0.00045259108395564606,0.00027043922766417357,0.0
Africa,0.0009051821679112921,0.00019591099773959842,6.146551615513527e-07
South Africa Standard Time,0.00045259108395564606,0.00022652782762698555,0.0
Afrikaans,0.00226295541977823,0.00022652782762698555,2.0488505385045093e-06
South African Rand,0.00045259108395564606,0.00022572228970942846,0.0
Democratic Republic,0.0013577732518669382,0.00027043922766417357,1.0244252692522546e-06
Zulu,0.00022629554197782303,0.00019591099773959842,0.0
1740,0.00022629554197782303,0.00022142502264575436,0.0
Ivy League,0.00022629554197782303,0.00022142502264575436,0.0
Benjamin Franklin,0.0018103643358225842,0.00022142502264575436,1.4341953769531564e-06
Amy Gutmann,0.00022629554197782303,0.00022142502264575436,0.0
Department of International Relations and Cooperation,0.00022629554197782303,0.0002061166077020608,0.0
City of Tshwane Metropolitan Municipality,0.00022629554197782303,0.0002061166077020608,0.0
Union Buildings,0.00022629554197782303,0.0002061166077020608,0.0
Administrative Capital,0.00022629554197782303,0.0002061166077020608,0.0
"Twitter, Inc.",0.00022629554197782303,0.0001754997778146737,0.0
X Corp.,0.00022629554197782303,0.00032455623766382383,0.0
Innovator,0.00022629554197782303,0.000370002634309157,0.0
"Scranton, Pennsylvania",0.00022629554197782303,0.0001754997778146737,0.0
Manufacturing,0.00022629554197782303,0.00032455623766382383,0.0
Services,0.0006788866259334691,0.0001754997778146737,0.0
1989,0.0006788866259334691,0.00022518526443105705,1.0244252692522546e-07
Service Corporation International,0.00022629554197782303,0.00022518526443105705,0.0
Funeral Services,0.00022629554197782303,0.00022518526443105705,0.0
Central Standard Time,0.00045259108395564606,0.0001754997778146737,0.0
Canadian Dollar,0.00045259108395564606,0.0003990844675883989,0.0
Mexico,0.0009051821679112921,0.0002997134943556321,2.0488505385045092e-07
Sebastopol,0.0009051821679112921,0.0001754997778146737,0.0
Wine Production,0.00022629554197782303,0.00021276389277696123,0.0
Sebastopol City Hall,0.00022629554197782303,0.00021276389277696123,0.0
Sebastopol City Council,0.00022629554197782303,0.00021276389277696123,0.0
1857,0.00045259108395564606,0.0002624493793933446,0.0
Reed College,0.00022629554197782303,0.0001754997778146737,0.0
Various Faculty and Staff,0.00022629554197782303,0.00032455623766382383,0.0
"University of California, Berkeley",0.0006788866259334691,0.0001754997778146737,0.0
1868,0.00045259108395564606,0.0002997134943556321,0.0
Public Research University,0.00022629554197782303,0.00022518526443105705,0.0
"Berkeley, California",0.00045259108395564606,0.00027487075104744047,0.0
Jamestown Settlement,0.0015840687938447613,0.0001754997778146737,0.0
The Virginia Company,0.00022629554197782303,0.0001967935577931237,0.0
Colonial National Historical Park,0.00022629554197782303,0.0001967935577931237,0.0
Historic Jamestowne,0.00022629554197782303,0.0001967935577931237,0.0
Jamestown,0.00045259108395564606,0.0002180873377715737,0.0
1607,0.00045259108395564606,0.0002180873377715737,0.0
Tourism,0.0015840687938447613,0.00022660484976295373,7.170976884765782e-07
Visitor Center,0.00022629554197782303,0.0001967935577931237,0.0
Local Government,0.00022629554197782303,0.0001754997778146737,0.0
Mayor,0.001131477709889115,0.00032455623766382383,2.0488505385045092e-07
San Antonio,0.00045259108395564606,0.0001754997778146737,0.0
USAA,0.00022629554197782303,0.0002500280077392487,0.0
1718,0.00022629554197782303,0.0002500280077392487,0.0
Princeton,0.00022629554197782303,0.0001754997778146737,0.0
1746,0.0009051821679112921,0.00032455623766382383,1.5366379038783817e-07
Alaska Standard Time,0.001131477709889115,0.0001754997778146737,0.0
Juneau,0.00022629554197782303,0.0002053110697845037,0.0
1959,0.00022629554197782303,0.0002053110697845037,0.0
Alaska State Government,0.00022629554197782303,0.0002053110697845037,0.0
Anchorage,0.00022629554197782303,0.0002053110697845037,0.0
U.S. Department of Homeland Security,0.00045259108395564606,0.0001754997778146737,0.0
Public Safety,0.00022629554197782303,0.0002500280077392487,0.0
Alejandro Mayorkas,0.00045259108395564606,0.0002997134943556321,0.0
State of Washington,0.00022629554197782303,0.0001754997778146737,0.0
1889,0.001131477709889115,0.000473612697512974,3.0732758077567635e-07
Federal District,0.0009051821679112921,0.0003563804436720078,1.0244252692522546e-06
Revolutionary Politics,0.00045259108395564606,0.0001754997778146737,0.0
Political Ideology,0.0009051821679112921,0.0002500280077392487,1.5366379038783817e-07
Caterpillar Inc.,0.001131477709889115,0.0001754997778146737,0.0
Jim Umpleby,0.00022629554197782303,0.0002053110697845037,0.0
Caterpillar Foundation,0.00022629554197782303,0.0002053110697845037,0.0
1925,0.00045259108395564606,0.00024257518474679124,0.0
Peoria,0.00022629554197782303,0.0002053110697845037,0.0
Construction Equipment,0.00022629554197782303,0.0002053110697845037,0.0
Time Zone Organization,0.0009051821679112921,0.0001754997778146737,0.0
Time Standards,0.00022629554197782303,0.00021276389277696123,0.0
UTC-05:00,0.00022629554197782303,0.00021276389277696123,0.0
International Time Bureau,0.00022629554197782303,0.00021276389277696123,0.0
Time Zone Association,0.00022629554197782303,0.00021276389277696123,0.0
Education Sector,0.00022629554197782303,0.0001754997778146737,0.0
1867,0.00045259108395564606,0.00037424172428020724,0.0
"Niskayuna, New York",0.0006788866259334691,0.0001754997778146737,0.0
Albany,0.00022629554197782303,0.00022518526443105705,0.0
Schenectady County,0.00022629554197782303,0.00022518526443105705,0.0
Town Supervisor,0.00022629554197782303,0.00022518526443105705,0.0
Leland Stanford Junior University,0.00045259108395564606,0.0001754997778146737,0.0
Leland Stanford,0.00045259108395564606,0.00032455623766382383,0.0
Stanford,0.00022629554197782303,0.0002500280077392487,0.0
Boston,0.00022629554197782303,0.0001754997778146737,0.0
1630,0.00045259108395564606,0.00032455623766382383,5.122126346261273e-08
1955-05-19,0.0013577732518669382,0.0001754997778146737,0.0
Historical Document,0.00022629554197782303,0.00020034252112286537,0.0
Significant Historical Event,0.00022629554197782303,0.00020034252112286537,0.0
Automobile Industry,0.00022629554197782303,0.00020034252112286537,0.0
Notable Organization,0.00022629554197782303,0.00020034252112286537,0.0
Historical Event,0.00045259108395564606,0.00027487075104744047,0.0
Product or Software,0.00022629554197782303,0.00020034252112286537,0.0
American,0.00022629554197782303,0.0001754997778146737,0.0
Service,0.00022629554197782303,0.00032455623766382383,0.0
U.S. House of Representatives,0.00045259108395564606,0.0001754997778146737,0.0
Speaker of the House,0.00022629554197782303,0.0002500280077392487,0.0
Nancy Pelosi,0.00022629554197782303,0.0002500280077392487,0.0
Thomas Edison,0.00022629554197782303,0.00026059347584388983,0.0
1817,0.0006788866259334691,0.00040964993569303986,2.5610631731306366e-07
Austin,0.0006788866259334691,0.0001754997778146737,0.0
1839,0.00022629554197782303,0.00022518526443105705,0.0
Texas,0.00045259108395564606,0.0002500280077392487,0.0
Dell Technologies,0.00022629554197782303,0.00022518526443105705,0.0
National Oatmeal Association,0.001131477709889115,0.0001754997778146737,0.0
Promoting Oatmeal Consumption,0.00022629554197782303,0.0002053110697845037,0.0
1966,0.00045259108395564606,0.0002798392997090788,0.0
Food Industry,0.0018103643358225842,0.00024257518474679124,6.146551615513527e-07
Oatmeal Industry,0.00022629554197782303,0.0002053110697845037,0.0
American Association of Cereal Chemists,0.00022629554197782303,0.0002053110697845037,0.0
IBM,0.001131477709889115,0.0001754997778146737,0.0
International Business Machines Corporation,0.00022629554197782303,0.0002053110697845037,0.0
Arvind Krishna,0.00022629554197782303,0.0002053110697845037,0.0
Charles Ranlett Flint,0.00045259108395564606,0.0002053110697845037,5.122126346261273e-08
1911-06-16,0.00022629554197782303,0.0002053110697845037,0.0
Tuscaloosa,0.00022629554197782303,0.0001754997778146737,0.0
City of Tuscaloosa,0.00022629554197782303,0.00032455623766382383,0.0
City of Los Angeles,0.00022629554197782303,0.0001754997778146737,0.0
Entertainment,0.00045259108395564606,0.00037424172428020724,0.0
Washington State Government,0.00022629554197782303,0.0001754997778146737,0.0
Jay Inslee,0.00022629554197782303,0.00032455623766382383,0.0
Euro,0.00045259108395564606,0.0003188973443383919,0.0
Swiss Franc,0.00045259108395564606,0.0003175998260241743,0.0
Japanese Yen,0.00045259108395564606,0.0003300211976782702,0.0
Corporate Board,0.00022629554197782303,0.0001754997778146737,0.0
Chairperson,0.00045259108395564606,0.00037424172428020724,0.0
Mediacom Communications Corporation,0.00022629554197782303,0.0001754997778146737,0.0
Bloomington,0.00022629554197782303,0.00032455623766382383,0.0
"December 31, 2020",0.001131477709889115,0.0001754997778146737,0.0
New Year's Day Celebration,0.00022629554197782303,0.0002053110697845037,0.0
New Year's Eve,0.00022629554197782303,0.0002053110697845037,0.0
New Year's Eve Committee,0.00022629554197782303,0.0002053110697845037,0.0
2020 Year in Review,0.00022629554197782303,0.0002053110697845037,0.0
End of the Year,0.00022629554197782303,0.0002053110697845037,0.0
Alaska,0.00045259108395564606,0.0001754997778146737,0.0
Oil and Gas,0.00022629554197782303,0.0002500280077392487,0.0
State,0.00022629554197782303,0.0002500280077392487,0.0
Brazos County,0.0009051821679112921,0.0001754997778146737,0.0
Bryan,0.00022629554197782303,0.00021276389277696123,0.0
Texas Association of Counties,0.00022629554197782303,0.00021276389277696123,0.0
1841,0.00045259108395564606,0.0002376066360851529,0.0
Brazos County Government,0.00022629554197782303,0.00021276389277696123,0.0
Massachusetts,0.00022629554197782303,0.0001754997778146737,0.0
New England,0.00022629554197782303,0.00032455623766382383,0.0
National Association of Emergency Medical Technicians,0.0009051821679112921,0.0001754997778146737,0.0
Emergency Medical Technicians,0.0024892509617560534,0.00021276389277696123,5.122126346261273e-07
Abraham O. Olatunji,0.00022629554197782303,0.00021276389277696123,0.0
Alexandria,0.00045259108395564606,0.00024257518474679124,0.0
Healthcare,0.00045259108395564606,0.0002624493793933446,0.0
Alabama,0.00045259108395564606,0.0001754997778146737,0.0
State of Alabama,0.00045259108395564606,0.0002997134943556321,0.0
1819,0.00045259108395564606,0.0002997134943556321,0.0
Sacramento City Unified School District,0.0009051821679112921,0.0001754997778146737,0.0
1854,0.00022629554197782303,0.00021276389277696123,0.0
California Department of Education,0.00022629554197782303,0.00021276389277696123,0.0
Jill L. McGarry,0.00022629554197782303,0.00021276389277696123,0.0
Superintendent,0.00045259108395564606,0.0002500280077392487,0.0
1950,0.00022629554197782303,0.0001754997778146737,0.0
"January 1, 1950",0.00022629554197782303,0.00032455623766382383,0.0
Harvard Corporation,0.00022629554197782303,0.0001754997778146737,0.0
1650,0.0018103643358225842,0.00032455623766382383,3.585488442382891e-07
Federal Reserve System,0.00022629554197782303,0.0001754997778146737,0.0
1913,0.00022629554197782303,0.00032455623766382383,0.0
Lackawanna County,0.0009051821679112921,0.0001754997778146737,0.0
Scranton,0.00022629554197782303,0.00021276389277696123,0.0
1843,0.00022629554197782303,0.00021276389277696123,0.0
Lackawanna County Government,0.00022629554197782303,0.00021276389277696123,0.0
Pennsylvania,0.00022629554197782303,0.00021276389277696123,0.0
Philadelphia School District,0.0009051821679112921,0.0001754997778146737,0.0
William Hite,0.00022629554197782303,0.00021276389277696123,0.0
1818,0.00022629554197782303,0.00021276389277696123,0.0
School District of Philadelphia,0.00022629554197782303,0.00021276389277696123,0.0
"December 31, 1969",0.0009051821679112921,0.0001754997778146737,0.0
CEO of Tech Company ABC,0.00022629554197782303,0.00021276389277696123,0.0
The Times,0.00022629554197782303,0.00021276389277696123,0.0
Software XYZ,0.00022629554197782303,0.00021276389277696123,0.0
Tech Company ABC,0.00022629554197782303,0.00021276389277696123,0.0
Neighborhood Association,0.0006788866259334691,0.0001754997778146737,0.0
Local Nonprofit,0.00022629554197782303,0.00022518526443105705,0.0
Community Services,0.00022629554197782303,0.00022518526443105705,0.0
Community Development Organization,0.00022629554197782303,0.00022518526443105705,0.0
Las Vegas,0.0013577732518669382,0.0001754997778146737,0.0
Carson City,0.00022629554197782303,0.00020034252112286537,0.0
MGM Resorts International,0.00022629554197782303,0.00020034252112286537,0.0
1905,0.00022629554197782303,0.00020034252112286537,0.0
Wynn Resorts,0.00022629554197782303,0.00020034252112286537,0.0
Las Vegas Raiders,0.00022629554197782303,0.00020034252112286537,0.0
Caesars Entertainment,0.00022629554197782303,0.00020034252112286537,0.0
"Albuquerque Economic Development, Inc.",0.0009051821679112921,0.0001754997778146737,0.0
Albuquerque,0.00045259108395564606,0.0002624493793933446,0.0
Economic Development Director,0.00022629554197782303,0.00021276389277696123,0.0
Tina M. Duran,0.00022629554197782303,0.00021276389277696123,0.0
Economic Development,0.00022629554197782303,0.00021276389277696123,0.0
Palo Alto,0.00022629554197782303,0.0001754997778146737,0.0
1894,0.0006788866259334691,0.00036182035262611136,1.0244252692522546e-07
New Jersey,0.0006788866259334691,0.0001754997778146737,0.0
Trenton,0.00022629554197782303,0.00022518526443105705,0.0
1787,0.00045259108395564606,0.0002997134943556321,0.0
State of New Jersey,0.00022629554197782303,0.00022518526443105705,0.0
1949,0.00022629554197782303,0.0001754997778146737,0.0
"January 1, 1949",0.00022629554197782303,0.00032455623766382383,0.0
Olympia,0.00045259108395564606,0.0001754997778146737,0.0
Washington,0.00045259108395564606,0.0003990844675883989,0.0
1859,0.00045259108395564606,0.0002872921227015363,0.0
Federal Government of the United States,0.00022629554197782303,0.0001754997778146737,0.0
State Governments,0.0024892509617560534,0.00032455623766382383,5.122126346261273e-07
Intercontinental Exchange,0.00045259108395564606,0.0001754997778146737,0.0
Jeffrey Sprecher,0.0009051821679112921,0.00032455623766382383,2.0488505385045092e-07
Financial Services,0.00045259108395564606,0.0002872921227015363,0.0
"Nasdaq, Inc.",0.00045259108395564606,0.0001754997778146737,0.0
1971-02-08,0.00022629554197782303,0.0002500280077392487,0.0
Comcast Corporation,0.00045259108395564606,0.0001754997778146737,0.0
1963,0.0006788866259334691,0.0002500280077392487,1.0244252692522546e-07
1960,0.00022629554197782303,0.0001754997778146737,0.0
1960-01-01,0.00022629554197782303,0.00032455623766382383,0.0
Rockville,0.00045259108395564606,0.0001754997778146737,0.0
Montgomery County,0.00022629554197782303,0.0002500280077392487,0.0
Montgomery County Public Schools,0.00022629554197782303,0.0002500280077392487,0.0
Executive Office of the President,0.00022629554197782303,0.0001754997778146737,0.0
1939,0.00022629554197782303,0.00032455623766382383,0.0
Harvard University Corporation,0.00022629554197782303,0.0001754997778146737,0.0
1636,0.00045259108395564606,0.000473612697512974,0.0
History Town,0.00022629554197782303,0.0001754997778146737,0.0
History Town Museum,0.00022629554197782303,0.00032455623766382383,0.0
Los Angeles,0.00022629554197782303,0.0001754997778146737,0.0
1781,0.00045259108395564606,0.00032455623766382383,5.122126346261273e-08
Bank of America,0.0006788866259334691,0.0001754997778146737,0.0
Amadeo Giannini,0.00022629554197782303,0.00022518526443105705,0.0
1904,0.00045259108395564606,0.00022518526443105705,5.122126346261273e-08
Marshall Plan,0.0006788866259334691,0.0001754997778146737,0.0
Economics,0.00022629554197782303,0.00022518526443105705,0.0
Economic Recovery Program,0.00022629554197782303,0.00022518526443105705,0.0
U.S. Department of State,0.00022629554197782303,0.00022518526443105705,0.0
French Republic,0.00022629554197782303,0.0001967732023219777,0.0
France,0.00045259108395564606,0.00023403731728426525,0.0
Historical Year,0.00022629554197782303,0.0001967732023219777,0.0
French,0.00022629554197782303,0.0001967732023219777,0.0
1792-01-01,0.00022629554197782303,0.0001967732023219777,0.0
French Revolution,0.00045259108395564606,0.0001967732023219777,2.0488505385045092e-07
Franc,0.00022629554197782303,0.0001967732023219777,0.0
1792-09-21,0.00022629554197782303,0.0001967732023219777,0.0
Indian Rupee,0.0006788866259334691,0.00037408353448811256,9.219827423270291e-07
Chinese Yuan,0.00022629554197782303,0.00032439804787172925,0.0
State of Oregon,0.00022629554197782303,0.0001754997778146737,0.0
Statehood,0.00022629554197782303,0.00032455623766382383,0.0
UTC-08:00,0.00022629554197782303,0.0001754997778146737,0.0
Time Zone Coordinator,0.0006788866259334691,0.00032455623766382383,1.0244252692522546e-07
National Institutes of Health,0.00045259108395564606,0.0001754997778146737,0.0
1887,0.00045259108395564606,0.0003990844675883989,0.0
Health Research,0.0006788866259334691,0.0002500280077392487,1.0244252692522546e-07
1876,0.00045259108395564606,0.0001754997778146737,0.0
"July 4, 1876",0.002036659877800407,0.0002500280077392487,4.0977010770090183e-07
Dili,0.0006788866259334691,0.0001754997778146737,0.0
Capital,0.00045259108395564606,0.00027487075104744047,0.0
Timor-Leste Government,0.00022629554197782303,0.00022518526443105705,0.0
UTC+9,0.001131477709889115,0.00022518526443105705,2.0488505385045092e-07
"Amazon.com, Inc.",0.00022629554197782303,0.0001754997778146737,0.0
Andy Jassy,0.00022629554197782303,0.00032455623766382383,0.0
Tech Policy Institute,0.0009051821679112921,0.0001754997778146737,0.0
Policy Research Institute,0.00022629554197782303,0.00021276389277696123,0.0
Michael McGarry,0.00022629554197782303,0.00021276389277696123,0.0
Technology Policy,0.00022629554197782303,0.00021276389277696123,0.0
American Enterprise Institute,0.00022629554197782303,0.00021276389277696123,0.0
"Westmoreland County, Virginia",0.0006788866259334691,0.0001754997778146737,0.0
County,0.00022629554197782303,0.00022518526443105705,0.0
1653,0.00022629554197782303,0.00022518526443105705,0.0
Richmond,0.00045259108395564606,0.00037424172428020724,0.0
Mountain View,0.00022629554197782303,0.0001754997778146737,0.0
1902,0.0006788866259334691,0.00036182035262611136,1.0244252692522546e-07
Columbia University,0.00045259108395564606,0.0001754997778146737,0.0
1754,0.00045259108395564606,0.0002500280077392487,5.122126346261273e-08
King's College,0.00022629554197782303,0.0002500280077392487,0.0
Honolulu,0.001131477709889115,0.0001754997778146737,0.0
Hawaiian Airlines,0.00022629554197782303,0.0002053110697845037,0.0
1778,0.00022629554197782303,0.0002053110697845037,0.0
Hawaii State Government,0.00022629554197782303,0.0002053110697845037,0.0
Hawaii Tourism Authority,0.00022629554197782303,0.0002053110697845037,0.0
Hawaii-Aleutian Standard Time,0.00045259108395564606,0.0002549965564008871,0.0
"University of California, Los Angeles",0.00045259108395564606,0.0001754997778146737,0.0
Genevieve Bell,0.001131477709889115,0.0002500280077392487,2.5610631731306366e-07
Professor,0.00022629554197782303,0.0002500280077392487,0.0
Westmoreland County,0.0006788866259334691,0.0001754997778146737,0.0
1773,0.00022629554197782303,0.00022518526443105705,0.0
Greensburg,0.00022629554197782303,0.00022518526443105705,0.0
County Government,0.00022629554197782303,0.00022518526443105705,0.0
1955-10-28,0.00045259108395564606,0.0001754997778146737,0.0
Historical Figure,0.00045259108395564606,0.0003990844675883989,0.0
October 28,0.00022629554197782303,0.0002500280077392487,0.0
United States Government,0.00022629554197782303,0.0001754997778146737,0.0
1789-03-04,0.00022629554197782303,0.00032455623766382383,0.0
Educational Hub,0.00045259108395564606,0.0001754997778146737,0.0
Director of Education,0.00022629554197782303,0.0002500280077392487,0.0
California State University System,0.00022629554197782303,0.0002500280077392487,0.0
Harrisburg,0.0006788866259334691,0.0001754997778146737,0.0
1785,0.0009051821679112921,0.00037424172428020724,2.0488505385045092e-07
City of Harrisburg,0.00022629554197782303,0.00022518526443105705,0.0
Pennsylvania Department of Transportation,0.00022629554197782303,0.00022518526443105705,0.0
United States Congress,0.00045259108395564606,0.0001754997778146737,0.0
Constitution of the United States,0.00022629554197782303,0.0002500280077392487,0.0
Legislative Body,0.00022629554197782303,0.0002500280077392487,0.0
Currency in 1961,0.0009051821679112921,0.0001754997778146737,0.0
Italian Lira,0.00022629554197782303,0.00021276389277696123,0.0
French Franc,0.001131477709889115,0.00021276389277696123,2.0488505385045092e-07
New Zealand Dollar,0.00045259108395564606,0.0002872921227015363,0.0
Deutsche Mark,0.00022629554197782303,0.00021276389277696123,0.0
Department of Natural Resources,0.00045259108395564606,0.0001754997778146737,0.0
Natural Resources Management,0.00022629554197782303,0.0002500280077392487,0.0
1957,0.0015840687938447613,0.0002500280077392487,3.0732758077567635e-07
United Nations Security Council,0.00045259108395564606,0.0001754997778146737,0.0
Antonio Guterres,0.00022629554197782303,0.0002500280077392487,0.0
International Relations,0.0013577732518669382,0.0002500280077392487,2.5610631731306366e-07
Stanford University,0.00045259108395564606,0.0001754997778146737,0.0
Stanford University Board of Trustees,0.00022629554197782303,0.0002500280077392487,0.0
Alabama State Government,0.0006788866259334691,0.0001754997778146737,0.0
Governor of Alabama,0.00022629554197782303,0.00022518526443105705,0.0
State of California,0.00022629554197782303,0.0001754997778146737,0.0
1850,0.00045259108395564606,0.00036182035262611136,0.0
University of Southern California,0.0006788866259334691,0.0001754997778146737,0.0
George Lucas,0.00022629554197782303,0.00022518526443105705,0.0
Carol Folt,0.00022629554197782303,0.00022518526443105705,0.0
University of Southern California Board of Trustees,0.00022629554197782303,0.00022518526443105705,0.0
American Red Cross,0.0009051821679112921,0.0001754997778146737,0.0
Humanitarian Aid,0.00022629554197782303,0.00021276389277696123,0.0
Gail McGovern,0.00022629554197782303,0.00021276389277696123,0.0
International Federation of Red Cross and Red Crescent Societies,0.00022629554197782303,0.00021276389277696123,0.0
1881,0.00022629554197782303,0.00021276389277696123,0.0
University of Delaware,0.00022629554197782303,0.0001754997778146737,0.0
1743,0.0006788866259334691,0.00032455623766382383,1.0244252692522546e-07
Global Education Network,0.0009051821679112921,0.0001754997778146737,0.0
Various educational institutions,0.00022629554197782303,0.00021276389277696123,0.0
Director of Operations,0.00022629554197782303,0.00021276389277696123,0.0
Global Education Foundation,0.00022629554197782303,0.00021276389277696123,0.0
2022,0.0006788866259334691,0.0002872921227015363,1.0244252692522546e-07
Alabama System of Higher Education,0.00022629554197782303,0.0001754997778146737,0.0
Chancellor,0.0006788866259334691,0.00032455623766382383,1.5366379038783817e-07
History City,0.00022629554197782303,0.0001754997778146737,0.0
History Organization,0.00022629554197782303,0.00032455623766382383,0.0
Wells Fargo,0.0009051821679112921,0.0001754997778146737,0.0
Henry Wells,0.00045259108395564606,0.0002500280077392487,0.0
Investment Banking,0.00045259108395564606,0.0002500280077392487,0.0
1852,0.00022629554197782303,0.00021276389277696123,0.0
Charles W. Scharf,0.0006788866259334691,0.00021276389277696123,1.0244252692522546e-07
1990,0.00022629554197782303,0.0001754997778146737,0.0
"January 1, 1990",0.00022629554197782303,0.00032455623766382383,0.0
Self-Employed,0.00045259108395564606,0.0002053110697845037,5.122126346261273e-08
Florida,0.00022629554197782303,0.0002053110697845037,0.0
Literature,0.00022629554197782303,0.0002053110697845037,0.0
1835,0.00022629554197782303,0.0002053110697845037,0.0
Chicago,0.0006788866259334691,0.0001754997778146737,0.0
McDonald's,0.00022629554197782303,0.00022518526443105705,0.0
1833,0.00022629554197782303,0.00022518526443105705,0.0
Mayor of Chicago,0.00022629554197782303,0.00022518526443105705,0.0
City of Olympia,0.00045259108395564606,0.0001754997778146737,0.0
City of Olympia Police Department,0.00022629554197782303,0.0002500280077392487,0.0
1994,0.00022629554197782303,0.0001754997778146737,0.0
1994-01-01,0.00022629554197782303,0.00032455623766382383,0.0
University of California System,0.00022629554197782303,0.0001754997778146737,0.0
"University of California, San Diego",0.00022629554197782303,0.00032455623766382383,0.0
American Historical Association,0.00045259108395564606,0.0001754997778146737,0.0
1884,0.00045259108395564606,0.0003990844675883989,0.0
American Council of Learned Societies,0.00022629554197782303,0.0002500280077392487,0.0
Tetum,0.0006788866259334691,0.0001754997778146737,0.0
Official Language,0.00045259108395564606,0.0002549965564008871,0.0
"Ministry of Education, Timor-Leste",0.00022629554197782303,0.00022518526443105705,0.0
Government of Timor-Leste,0.00045259108395564606,0.00037424172428020724,0.0
Alabama State Capitol,0.00022629554197782303,0.0001754997778146737,0.0
1851,0.00045259108395564606,0.0003990844675883989,0.0
Internal Revenue Service,0.0006788866259334691,0.0001754997778146737,0.0
1862,0.00022629554197782303,0.00022518526443105705,0.0
Daniel Werfel,0.00022629554197782303,0.00022518526443105705,0.0
Commissioner,0.00045259108395564606,0.0002624493793933446,0.0
Federal Reserve Bank of New York,0.00045259108395564606,0.0001754997778146737,0.0
1914,0.00022629554197782303,0.0002500280077392487,0.0
John C. Williams,0.0009051821679112921,0.0002500280077392487,1.5366379038783817e-07
City of Albuquerque,0.0006788866259334691,0.0001754997778146737,0.0
Albuquerque Economic Development,0.00022629554197782303,0.00022518526443105705,0.0
Albuquerque Public Schools,0.00022629554197782303,0.00022518526443105705,0.0
Massachusetts Institute of Technology,0.0009051821679112921,0.0001754997778146737,0.0
Erik Demaine,0.00022629554197782303,0.00021276389277696123,0.0
L. Rafael Reif,0.00045259108395564606,0.0002872921227015363,0.0
Massachusetts Institute of Technology Corporation,0.00045259108395564606,0.0002872921227015363,0.0
1861,0.00045259108395564606,0.0002872921227015363,0.0
Transportation,0.00045259108395564606,0.0001754997778146737,0.0
Secretary of Transportation,0.00022629554197782303,0.0002500280077392487,0.0
Oregon State Government,0.00045259108395564606,0.0001754997778146737,0.0
1848,0.002036659877800407,0.0002500280077392487,4.0977010770090183e-07
Kate Brown,0.00022629554197782303,0.0002500280077392487,0.0
JPMorgan Chase & Co.,0.00045259108395564606,0.0001754997778146737,0.0
J.P. Morgan,0.00022629554197782303,0.0002500280077392487,0.0
"Brooklyn, New York",0.00045259108395564606,0.0001754997778146737,0.0
1664,0.00022629554197782303,0.0002500280077392487,0.0
Brooklyn,0.00022629554197782303,0.0002500280077392487,0.0
Philadelphia City Council,0.00022629554197782303,0.0001754997778146737,0.0
1701,0.0009051821679112921,0.00032455623766382383,1.5366379038783817e-07
Department of Health and Human Services,0.00022629554197782303,0.0001754997778146737,0.0
Xavier Becerra,0.0009051821679112921,0.00032455623766382383,1.5366379038783817e-07
National Emergency Management Agency,0.0006788866259334691,0.0001754997778146737,0.0
Administrator,0.00045259108395564606,0.0002549965564008871,0.0
Emergency Management,0.00022629554197782303,0.00022518526443105705,0.0
Federal Emergency Management Agency,0.00022629554197782303,0.00022518526443105705,0.0
Department of Transportation,0.00022629554197782303,0.0001754997778146737,0.0
Pete Buttigieg,0.0006788866259334691,0.00032455623766382383,1.0244252692522546e-07
Lockheed Martin,0.0009051821679112921,0.0001754997778146737,0.0
Lockheed Martin Corporation,0.00022629554197782303,0.00021276389277696123,0.0
1912,0.00022629554197782303,0.00021276389277696123,0.0
James Taiclet,0.00022629554197782303,0.00021276389277696123,0.0
Aerospace and Defense,0.00045259108395564606,0.00024257518474679124,0.0
1860,0.00045259108395564606,0.0001754997778146737,0.0
"January 1, 1860",0.00022629554197782303,0.0002500280077392487,0.0
1860-01-01,0.00022629554197782303,0.0002500280077392487,0.0
Lackawanna County Transit,0.0006788866259334691,0.0001754997778146737,0.0
Public Transportation Provider,0.00022629554197782303,0.00022518526443105705,0.0
Public Transportation,0.00022629554197782303,0.00022518526443105705,0.0
Lackawanna County Department of Transportation,0.00022629554197782303,0.00022518526443105705,0.0
The Cat Fanciers' Association,0.0009051821679112921,0.0001754997778146737,0.0
The International Cat Association,0.00022629554197782303,0.00021276389277696123,0.0
American Cat Fanciers Association,0.00022629554197782303,0.00021276389277696123,0.0
Pet Industry,0.00022629554197782303,0.00021276389277696123,0.0
Alliance,0.00022629554197782303,0.00021276389277696123,0.0
"East Lansing, Michigan",0.0006788866259334691,0.0001754997778146737,0.0
Michigan State University,0.00022629554197782303,0.00022518526443105705,0.0
Lansing,0.00022629554197782303,0.00022518526443105705,0.0
Dallas,0.0013577732518669382,0.0001754997778146737,0.0
Largest City in North Texas,0.00022629554197782303,0.00020034252112286537,0.0
AT&T Inc.,0.00022629554197782303,0.00020034252112286537,0.0
Southwest Airlines,0.00022629554197782303,0.00020034252112286537,0.0
American Airlines,0.00022629554197782303,0.00020034252112286537,0.0
New Year's Day 1970,0.00022629554197782303,0.0001754997778146737,0.0
"January 1, 1970",0.00022629554197782303,0.00032455623766382383,0.0
Googleplex,0.00045259108395564606,0.0001754997778146737,0.0
1998,0.0013577732518669382,0.0002872921227015363,4.0977010770090183e-07
Sundar Pichai,0.0006788866259334691,0.0002872921227015363,7.170976884765782e-07
Credit Suisse,0.00045259108395564606,0.00026059347584388983,2.0488505385045092e-07
Deutsche Bank,0.00045259108395564606,0.00026059347584388983,2.0488505385045092e-07
Citigroup Inc.,0.00022629554197782303,0.0001754997778146737,0.0
1812,0.00045259108395564606,0.00037424172428020724,0.0
Springfield,0.0009051821679112921,0.0001754997778146737,0.0
Illinois,0.00022629554197782303,0.00021276389277696123,0.0
Springfield Electric,0.00022629554197782303,0.00021276389277696123,0.0
City of Springfield,0.00022629554197782303,0.00021276389277696123,0.0
1821,0.00022629554197782303,0.00021276389277696123,0.0
Detroit,0.00045259108395564606,0.0001754997778146737,0.0
Quicken Loans,0.00022629554197782303,0.0002500280077392487,0.0
DTE Energy,0.00022629554197782303,0.0002500280077392487,0.0
San Diego,0.00045259108395564606,0.0001754997778146737,0.0
San Diego State University,0.00022629554197782303,0.0002500280077392487,0.0
1769,0.00022629554197782303,0.0002500280077392487,0.0
U.S. Congress,0.00022629554197782303,0.0001754997778146737,0.0
Bicameral Legislature,0.00022629554197782303,0.00032455623766382383,0.0
University of Illinois at Urbana-Champaign,0.0006788866259334691,0.0001754997778146737,0.0
Robert J. Jones,0.00022629554197782303,0.00022518526443105705,0.0
University of Illinois System,0.00022629554197782303,0.00022518526443105705,0.0
National Immigrants Day,0.00022629554197782303,0.0001754997778146737,0.0
Immigration Services,0.00022629554197782303,0.00032455623766382383,0.0
"Los Angeles, California",0.00045259108395564606,0.0001754997778146737,0.0
Universal Pictures,0.00022629554197782303,0.0002500280077392487,0.0
Sony Pictures Entertainment,0.00022629554197782303,0.0002500280077392487,0.0
Newark,0.0006788866259334691,0.0001754997778146737,0.0
1666,0.00022629554197782303,0.00022518526443105705,0.0
Newark Public Schools,0.00022629554197782303,0.00022518526443105705,0.0
Prudential Financial,0.00022629554197782303,0.00022518526443105705,0.0
1682,0.00045259108395564606,0.0003352495074627257,1.5366379038783817e-07
International Communication Association,0.0006788866259334691,0.0001754997778146737,0.0
Diana R. Carlin,0.00022629554197782303,0.00022518526443105705,0.0
International Association for Media and Communication Research,0.00022629554197782303,0.00022518526443105705,0.0
"Newburyport, Massachusetts",0.00022629554197782303,0.0001754997778146737,0.0
1764,0.0013577732518669382,0.00032455623766382383,2.5610631731306366e-07
Consumer Electronics,0.00022629554197782303,0.0003352495074627257,0.0
Reston,0.0006788866259334691,0.0001754997778146737,0.0
Community Manager,0.00022629554197782303,0.00022518526443105705,0.0
Reston Association,0.00022629554197782303,0.00022518526443105705,0.0
Leidos,0.00022629554197782303,0.00022518526443105705,0.0
NBA,0.0009051821679112921,0.0001754997778146737,0.0
Adam Silver,0.00022629554197782303,0.00021276389277696123,0.0
National Basketball Association,0.00022629554197782303,0.00021276389277696123,0.0
1946,0.00022629554197782303,0.00021276389277696123,0.0
Santa Fe,0.0009051821679112921,0.0001754997778146737,0.0
New Mexico State Government,0.00022629554197782303,0.00021276389277696123,0.0
1610,0.00022629554197782303,0.00021276389277696123,0.0
Santa Fe Public Schools,0.00022629554197782303,0.00021276389277696123,0.0
City of Santa Fe,0.00022629554197782303,0.00021276389277696123,0.0
Alabama Department of Postsecondary Education,0.00045259108395564606,0.0001754997778146737,0.0
Alabama Community College System,0.00022629554197782303,0.0002500280077392487,0.0
Alabama State Department of Education,0.00022629554197782303,0.0002500280077392487,0.0
Atlanta,0.0009051821679112921,0.0001754997778146737,0.0
1837,0.00022629554197782303,0.00021276389277696123,0.0
Atlanta Braves,0.00022629554197782303,0.00021276389277696123,0.0
Coca-Cola,0.00022629554197782303,0.00021276389277696123,0.0
Delta Air Lines,0.00022629554197782303,0.00021276389277696123,0.0
"Oracle America, Inc.",0.00022629554197782303,0.0001754997778146737,0.0
Software,0.00045259108395564606,0.0003543675296336539,0.0
NASA,0.001131477709889115,0.0001754997778146737,0.0
1958,0.0018103643358225842,0.0002053110697845037,3.585488442382891e-07
N/A,0.00045259108395564606,0.00024257518474679124,0.0
Dwight D. Eisenhower,0.00022629554197782303,0.0002053110697845037,0.0
Bill Nelson,0.00022629554197782303,0.0002053110697845037,0.0
JP Morgan Chase,0.00022629554197782303,0.0001754997778146737,0.0
1799,0.00045259108395564606,0.00032455623766382383,5.122126346261273e-08
City of New York,0.0006788866259334691,0.0001754997778146737,0.0
1624,0.00022629554197782303,0.00022518526443105705,0.0
New York City Department of Education,0.00022629554197782303,0.00022518526443105705,0.0
New York City Government,0.00022629554197782303,0.00022518526443105705,0.0
U.S. Department of Health and Human Services,0.00022629554197782303,0.0001754997778146737,0.0
Health Care,0.00022629554197782303,0.00032455623766382383,0.0
1945,0.00045259108395564606,0.0001754997778146737,0.0
The Diary of a Young Girl,0.00022629554197782303,0.0002500280077392487,0.0
World War II,0.0013577732518669382,0.0002500280077392487,2.5610631731306366e-07
Delaware State University,0.00045259108395564606,0.0001754997778146737,0.0
1891,0.00022629554197782303,0.0002500280077392487,0.0
Dover,0.00022629554197782303,0.0002500280077392487,0.0
JPMorgan Chase,0.00022629554197782303,0.0001754997778146737,0.0
Chase Manhattan Bank,0.00022629554197782303,0.00032455623766382383,0.0
Global Heritage Alliance,0.00045259108395564606,0.0001754997778146737,0.0
Cultural Heritage,0.0006788866259334691,0.0002500280077392487,1.0244252692522546e-07
Heritage Conservation Society,0.00022629554197782303,0.0002500280077392487,0.0
Eastern Time Zone,0.00022629554197782303,0.0001754997778146737,0.0
1783,0.00022629554197782303,0.00032455623766382383,0.0
Citigroup,0.0006788866259334691,0.0001754997778146737,0.0
William C. Rhind,0.00022629554197782303,0.00022518526443105705,0.0
Municipal City,0.0006788866259334691,0.0001754997778146737,0.0
Municipal Government,0.00045259108395564606,0.00037424172428020724,0.0
District of Columbia,0.00022629554197782303,0.00022518526443105705,0.0
City Hall,0.00022629554197782303,0.00022518526443105705,0.0
Microsoft Corporation,0.0006788866259334691,0.0001754997778146737,0.0
Satya Nadella,0.0006788866259334691,0.00037424172428020724,1.0244252692522546e-07
1975-04-04,0.00022629554197782303,0.00022518526443105705,0.0
NYSE Euronext,0.00045259108395564606,0.0001754997778146737,0.0
John Thain,0.00022629554197782303,0.0002500280077392487,0.0
U.S. Citizenship and Immigration Services,0.0006788866259334691,0.0001754997778146737,0.0
Secretary of Homeland Security,0.00022629554197782303,0.00022518526443105705,0.0
Immigration Officer,0.00022629554197782303,0.00022518526443105705,0.0
Social Services,0.00045259108395564606,0.0001754997778146737,0.0
Social Services Director,0.00022629554197782303,0.0002500280077392487,0.0
1965,0.00045259108395564606,0.0003990844675883989,0.0
American Independence Day,0.00045259108395564606,0.0001754997778146737,0.0
National holiday,0.00022629554197782303,0.0002500280077392487,0.0
July 4,0.00022629554197782303,0.0002500280077392487,0.0
World Bank,0.0006788866259334691,0.0001754997778146737,0.0
International Bank for Reconstruction and Development,0.00022629554197782303,0.00022518526443105705,0.0
David Malpass,0.00022629554197782303,0.00022518526443105705,0.0
1944,0.00045259108395564606,0.0002549965564008871,0.0
Democratic Party,0.00045259108395564606,0.0001754997778146737,0.0
Politics,0.00045259108395564606,0.0002872921227015363,0.0
1828,0.0006788866259334691,0.0002500280077392487,1.0244252692522546e-07
Environmental Protection Agency,0.00045259108395564606,0.0001754997778146737,0.0
Michael Regan,0.00022629554197782303,0.0002500280077392487,0.0
Environmental Protection,0.00022629554197782303,0.0002500280077392487,0.0
Alphabet Inc.,0.00022629554197782303,0.0001754997778146737,0.0
"September 4, 1998",0.00022629554197782303,0.00032455623766382383,0.0
1863,0.00045259108395564606,0.0001754997778146737,0.0
Red Cross,0.00022629554197782303,0.0002500280077392487,0.0
Battle of Gettysburg,0.00022629554197782303,0.0002500280077392487,0.0
Yale University,0.00022629554197782303,0.0001754997778146737,0.0
New Haven,0.00022629554197782303,0.00032455623766382383,0.0
Zimbabwean Government,0.00045259108395564606,0.0001754997778146737,0.0
Emmerson Mnangagwa,0.00022629554197782303,0.0002500280077392487,0.0
Ministry of Finance,0.00045259108395564606,0.00032455623766382383,0.0
City of Montgomery,0.00022629554197782303,0.0001754997778146737,0.0
City of Montgomery Government,0.00022629554197782303,0.00032455623766382383,0.0
"Amazon Web Services, Inc.",0.00022629554197782303,0.0001754997778146737,0.0
Cloud Computing,0.00045259108395564606,0.0003990844675883989,0.0
United Nations,0.001131477709889115,0.0001754997778146737,0.0
Multiple Nations,0.00022629554197782303,0.0002053110697845037,0.0
United Nations Conference on International Organization,0.00022629554197782303,0.0002053110697845037,0.0
1945-10-24,0.00022629554197782303,0.0002053110697845037,0.0
António Guterres,0.0006788866259334691,0.0002053110697845037,1.0244252692522546e-07
Hawaii,0.00022629554197782303,0.0001754997778146737,0.0
Hawaiian,0.00022629554197782303,0.00032455623766382383,0.0
Charles L. Webster Company,0.00022629554197782303,0.0001754997778146737,0.0
Webster & Co.,0.00022629554197782303,0.00032455623766382383,0.0
Media Outlets,0.0006788866259334691,0.0001754997778146737,0.0
News Corp,0.00022629554197782303,0.00022518526443105705,0.0
Editor-in-Chief,0.00022629554197782303,0.00022518526443105705,0.0
1900,0.00022629554197782303,0.00022518526443105705,0.0
Sydney,0.0006788866259334691,0.0001754997778146737,0.0
Sydney Opera House,0.00022629554197782303,0.00022518526443105705,0.0
1788,0.00022629554197782303,0.00022518526443105705,0.0
Commonwealth Bank of Australia,0.00022629554197782303,0.00022518526443105705,0.0
Friday,0.0018103643358225842,0.0001754997778146737,0.0
Calendar City,0.00022629554197782303,0.00019413183529581746,0.0
Time,0.00045259108395564606,0.00024381732191220082,0.0
The Calendar,0.00022629554197782303,0.00019413183529581746,0.0
"January 1, 2000",0.00045259108395564606,0.00023139595025810497,0.0
Weekly,0.00022629554197782303,0.00019413183529581746,0.0
Workweek,0.00022629554197782303,0.00019413183529581746,0.0
Week,0.00045259108395564606,0.00022394312726564748,0.0
Day of the Week,0.0013577732518669382,0.00022394312726564748,2.5610631731306363e-06
Raleigh,0.00022629554197782303,0.0002053110697845037,0.0
1993,0.00022629554197782303,0.0002053110697845037,0.0
Jim Whitehurst,0.00022629554197782303,0.0002053110697845037,0.0
Textron,0.001131477709889115,0.0001754997778146737,0.0
Textron Aviation,0.00022629554197782303,0.0002053110697845037,0.0
Scott Donnelly,0.00022629554197782303,0.0002053110697845037,0.0
Providence,0.00022629554197782303,0.0002053110697845037,0.0
1923,0.0015840687938447613,0.0002053110697845037,3.0732758077567635e-07
2014,0.00045259108395564606,0.0001754997778146737,0.0
Year of the Horse,0.00022629554197782303,0.0002500280077392487,0.0
"January 1, 2014",0.00022629554197782303,0.0002500280077392487,0.0
Henry Condell,0.001131477709889115,0.0001754997778146737,0.0
Playwright,0.00045259108395564606,0.0002053110697845037,5.122126346261273e-08
1568-01-01,0.00022629554197782303,0.0002053110697845037,0.0
Globe Theatre,0.00022629554197782303,0.0002053110697845037,0.0
"St. John's College, Cambridge",0.00022629554197782303,0.0002053110697845037,0.0
Actor,0.00022629554197782303,0.0002053110697845037,0.0
Disney+,0.00045259108395564606,0.0001754997778146737,0.0
Bob Chapek,0.0006788866259334691,0.0002500280077392487,1.0244252692522546e-07
Streaming Services,0.00022629554197782303,0.0002500280077392487,0.0
"Pinterest, Inc.",0.0006788866259334691,0.0001754997778146737,0.0
Ben Silbermann,0.00022629554197782303,0.00022518526443105705,0.0
2013,0.0009051821679112921,0.0001754997778146737,0.0
"January 1, 2013",0.00022629554197782303,0.00021276389277696123,0.0
Industries prominent in 2013,0.00022629554197782303,0.00021276389277696123,0.0
Organizations active in 2013,0.00022629554197782303,0.00021276389277696123,0.0
3M,0.0009051821679112921,0.0001754997778146737,0.0
Maplewood,0.00022629554197782303,0.00021276389277696123,0.0
Mike Roman,0.00022629554197782303,0.00021276389277696123,0.0
Auburn University,0.0006788866259334691,0.0001754997778146737,0.0
1856,0.00045259108395564606,0.00022518526443105705,5.122126346261273e-08
Wednesday,0.001131477709889115,0.0001754997778146737,0.0
Time Management,0.00022629554197782303,0.0002053110697845037,0.0
2023-10-04,0.00022629554197782303,0.0002053110697845037,0.0
Calendar,0.00022629554197782303,0.0002053110697845037,0.0
1901,0.0009051821679112921,0.0001754997778146737,0.0
Industry in 1901,0.00022629554197782303,0.00021276389277696123,0.0
Historical Organizations,0.00022629554197782303,0.00021276389277696123,0.0
1901-01-01,0.00022629554197782303,0.00021276389277696123,0.0
Currency in 1901,0.00022629554197782303,0.00021276389277696123,0.0
1983,0.00022629554197782303,0.0001754997778146737,0.0
1983-01-01,0.00022629554197782303,0.00032455623766382383,0.0
TD Bank Group,0.00045259108395564606,0.0001754997778146737,0.0
William Mulholland,0.00022629554197782303,0.0002500280077392487,0.0
1855,0.00022629554197782303,0.0002500280077392487,0.0
2029-01-01,0.0009051821679112921,0.0001754997778146737,0.0
2029,0.00022629554197782303,0.00021276389277696123,0.0
Event Management,0.00022629554197782303,0.00021276389277696123,0.0
Event Coordinator,0.00022629554197782303,0.00021276389277696123,0.0
Event Management Company,0.00022629554197782303,0.00021276389277696123,0.0
Innovator Inc.,0.00045259108395564606,0.0001754997778146737,0.0
Global Innovations LLC,0.00022629554197782303,0.0002500280077392487,0.0
Alice Smith,0.00022629554197782303,0.0002500280077392487,0.0
Snap Inc.,0.0006788866259334691,0.0001754997778146737,0.0
Santa Monica,0.00022629554197782303,0.00022518526443105705,0.0
Snapchat,0.00022629554197782303,0.00022518526443105705,0.0
Evan Spiegel,0.00022629554197782303,0.00022518526443105705,0.0
British Pound Sterling,0.00045259108395564606,0.0001754997778146737,0.0
Bank of England,0.0006788866259334691,0.0002500280077392487,1.0244252692522546e-07
1694,0.00045259108395564606,0.0002500280077392487,5.122126346261273e-08
Linux,0.00022629554197782303,0.0001754997778146737,0.0
Linus Torvalds,0.0006788866259334691,0.000473612697512974,1.0244252692522546e-07
1809-02-12,0.00022629554197782303,0.0001754997778146737,0.0
"Shrewsbury, England",0.00022629554197782303,0.00032455623766382383,0.0
Suva,0.0013577732518669382,0.0001754997778146737,0.0
Fiji Government,0.00022629554197782303,0.00020034252112286537,0.0
Fiji National University,0.00022629554197782303,0.00020034252112286537,0.0
Fiji Time,0.00022629554197782303,0.00020034252112286537,0.0
UTC+12:00,0.00022629554197782303,0.00020034252112286537,0.0
Capital City,0.00045259108395564606,0.0002376066360851529,0.0
Fijian dollar,0.00022629554197782303,0.00020034252112286537,0.0
1911,0.00022629554197782303,0.0001754997778146737,0.0
1911-01-01,0.00022629554197782303,0.00032455623766382383,0.0
PST Holdings,0.00022629554197782303,0.0001754997778146737,0.0
PST Holdings Group,0.00022629554197782303,0.00032455623766382383,0.0
Greenwich Mean Time,0.00045259108395564606,0.0001754997778146737,0.0
"January 1, 1884",0.00022629554197782303,0.0002500280077392487,0.0
Greenwich,0.00045259108395564606,0.00032455623766382383,0.0
2003,0.00022629554197782303,0.0001754997778146737,0.0
"January 1, 2003",0.00022629554197782303,0.00032455623766382383,0.0
First Day of the Year,0.001131477709889115,0.0001754997778146737,0.0
New Year,0.0009051821679112921,0.0002053110697845037,1.5366379038783817e-07
January 1,0.00045259108395564606,0.0002053110697845037,5.122126346261273e-08
Various currencies,0.00022629554197782303,0.0002053110697845037,0.0
"January 1, 1 AD",0.0015840687938447613,0.0002053110697845037,3.0732758077567635e-07
Various cities worldwide,0.00022629554197782303,0.0002053110697845037,0.0
Goldman Sachs,0.0009051821679112921,0.0001754997778146737,0.0
David Solomon,0.0006788866259334691,0.00021276389277696123,1.0244252692522546e-07
1869,0.00022629554197782303,0.00021276389277696123,0.0
Marcus Goldman,0.00022629554197782303,0.00021276389277696123,0.0
City of London Corporation,0.0009051821679112921,0.0001754997778146737,0.0
1066,0.0009051821679112921,0.0002624493793933446,2.0488505385045092e-07
The Lord Mayor of London,0.00022629554197782303,0.00021276389277696123,0.0
Lord Mayor of London,0.00022629554197782303,0.00021276389277696123,0.0
Greater London Authority,0.00045259108395564606,0.00021276389277696123,5.122126346261273e-08
PDT Inc.,0.0006788866259334691,0.0001754997778146737,0.0
Huntington Beach,0.00022629554197782303,0.00022518526443105705,0.0
PDT Group,0.00022629554197782303,0.00022518526443105705,0.0
House of Commons,0.0009051821679112921,0.0001754997778146737,0.0
Members of Parliament,0.00022629554197782303,0.00021276389277696123,0.0
Speaker of the House of Commons,0.00022629554197782303,0.00021276389277696123,0.0
Parliament of the United Kingdom,0.00022629554197782303,0.00021276389277696123,0.0
1295,0.00022629554197782303,0.00021276389277696123,0.0
Country A,0.0018103643358225842,0.00028193029375316844,7.170976884765782e-07
Tech Education Group,0.00022629554197782303,0.00028193029375316844,0.0
John Winthrop,0.0006788866259334691,0.0001754997778146737,0.0
"Trinity College, Cambridge",0.00022629554197782303,0.00022518526443105705,0.0
Governor of the Massachusetts Bay Colony,0.00022629554197782303,0.00022518526443105705,0.0
1606-12-12,0.00022629554197782303,0.00022518526443105705,0.0
Hong Kong,0.0013577732518669382,0.0001754997778146737,0.0
1842,0.0006788866259334691,0.00034939898097201554,1.0244252692522546e-07
China,0.00045259108395564606,0.0002376066360851529,0.0
Hong Kong Dollar,0.00022629554197782303,0.00020034252112286537,0.0
Hong Kong Time,0.00022629554197782303,0.00020034252112286537,0.0
Chief Executive,0.00022629554197782303,0.00020034252112286537,0.0
Special Administrative Region,0.00022629554197782303,0.00020034252112286537,0.0
Global Language Network,0.00045259108395564606,0.0001754997778146737,0.0
Language Services Provider,0.00022629554197782303,0.0002500280077392487,0.0
Language Network Inc.,0.00022629554197782303,0.0002500280077392487,0.0
Google LLC,0.0009051821679112921,0.0001754997778146737,0.0
1998-09-04,0.00022629554197782303,0.00021276389277696123,0.0
Singapore Government,0.00045259108395564606,0.0001754997778146737,0.0
Lee Hsien Loong,0.00022629554197782303,0.0002500280077392487,0.0
University of Oxford,0.00045259108395564606,0.0001754997778146737,0.0
1096,0.0018103643358225842,0.0003990844675883989,6.146551615513527e-07
Vice-Chancellor,0.00045259108395564606,0.0002500280077392487,5.122126346261273e-08
The Adventures of Tom Sawyer,0.00045259108395564606,0.0001754997778146737,0.0
Chatto & Windus,0.00022629554197782303,0.0002500280077392487,0.0
Classic Literature,0.00022629554197782303,0.0002500280077392487,0.0
1934,0.001131477709889115,0.00034099141027104323,2.2537355923549602e-06
CEO Name,0.00022629554197782303,0.0002500280077392487,0.0
2009,0.00022629554197782303,0.0001754997778146737,0.0
"January 1, 2009",0.00022629554197782303,0.00032455623766382383,0.0
Example Corporation,0.0006788866259334691,0.0001754997778146737,0.0
Example City,0.00045259108395564606,0.00022518526443105705,1.0244252692522546e-07
Example Founder,0.0006788866259334691,0.00022518526443105705,1.0244252692522546e-07
Example Capital,0.00022629554197782303,0.00022518526443105705,0.0
Shakespeare's Plays,0.0006788866259334691,0.0001754997778146737,0.0
Thomas Thorpe,0.00022629554197782303,0.00022518526443105705,0.0
1599,0.00045259108395564606,0.00022518526443105705,5.122126346261273e-08
1609,0.00045259108395564606,0.0002500280077392487,0.0
International Airlines Group,0.00022629554197782303,0.0001754997778146737,0.0
Iberia,0.00022629554197782303,0.00032455623766382383,0.0
NVIDIA Corporation,0.00045259108395564606,0.0001754997778146737,0.0
Jensen Huang,0.00022629554197782303,0.0002500280077392487,0.0
Startup Incubator,0.00045259108395564606,0.0001754997778146737,0.0
Tech Ventures,0.00022629554197782303,0.0002500280077392487,0.0
Incubator Manager,0.00022629554197782303,0.0002500280077392487,0.0
University Press,0.00022629554197782303,0.0001754997778146737,0.0
Cambridge University,0.00022629554197782303,0.00032455623766382383,0.0
Unix Systems,0.001131477709889115,0.0001754997778146737,0.0
Ken Thompson,0.00022629554197782303,0.0002053110697845037,0.0
Murray Hill,0.00022629554197782303,0.0002053110697845037,0.0
AT&T,0.00022629554197782303,0.0002053110697845037,0.0
1969,0.0018103643358225842,0.0002053110697845037,3.585488442382891e-07
Dennis Ritchie,0.00022629554197782303,0.0002053110697845037,0.0
1997,0.00022629554197782303,0.0001754997778146737,0.0
1997-01-01,0.00022629554197782303,0.00032455623766382383,0.0
Innovative Holdings LLC,0.00045259108395564606,0.0001754997778146737,0.0
Senior Analyst,0.00022629554197782303,0.0002500280077392487,0.0
Innovative Group Inc.,0.00022629554197782303,0.0002500280077392487,0.0
Another Organization Name,0.00022629554197782303,0.0001754997778146737,0.0
Parent Company Name,0.0015840687938447613,0.00032455623766382383,4.6099137116351457e-07
Energy,0.0009051821679112921,0.0001754997778146737,0.0
Energy Sector,0.00022629554197782303,0.00021276389277696123,0.0
ExxonMobil,0.00022629554197782303,0.00021276389277696123,0.0
OPEC,0.00022629554197782303,0.00021276389277696123,0.0
GMT,0.00045259108395564606,0.0001754997778146737,0.0
British Broadcasting Corporation,0.00022629554197782303,0.0002500280077392487,0.0
1980,0.00045259108395564606,0.0001754997778146737,0.0
1980-01-01,0.00022629554197782303,0.0002500280077392487,0.0
"January 1, 1980",0.00022629554197782303,0.0002500280077392487,0.0
Unix Time,0.00022629554197782303,0.0001754997778146737,0.0
Epoch,0.0018103643358225842,0.00032455623766382383,3.585488442382891e-07
2024-01-01,0.0006788866259334691,0.0001754997778146737,0.0
2024,0.00022629554197782303,0.00022518526443105705,0.0
"January 1, 2024",0.00022629554197782303,0.00022518526443105705,0.0
United Nations Food and Agriculture Organization,0.0009051821679112921,0.0001754997778146737,0.0
Rome,0.00045259108395564606,0.00029640706156265623,0.0
José Graziano da Silva,0.00022629554197782303,0.00021276389277696123,0.0
Director-General,0.00022629554197782303,0.00021276389277696123,0.0
Italy,0.00045259108395564606,0.0002500280077392487,0.0
European Central Bank,0.00045259108395564606,0.0001754997778146737,0.0
European System of Central Banks,0.00022629554197782303,0.0002500280077392487,0.0
Christine Lagarde,0.00022629554197782303,0.0002500280077392487,0.0
Networking,0.00045259108395564606,0.0001754997778146737,0.0
Vint Cerf,0.00022629554197782303,0.0002500280077392487,0.0
Network Engineer,0.00022629554197782303,0.0002500280077392487,0.0
Royal Bank of Canada Group,0.00045259108395564606,0.0001754997778146737,0.0
1864,0.00022629554197782303,0.0002500280077392487,0.0
David McKay,0.00022629554197782303,0.0002500280077392487,0.0
University of Cambridge,0.00022629554197782303,0.0001754997778146737,0.0
University of Cambridge Trust,0.00022629554197782303,0.00032455623766382383,0.0
Bell Labs,0.0009051821679112921,0.0001754997778146737,0.0
Research and Development,0.00022629554197782303,0.00021276389277696123,0.0
Jio P. P. Raghavan,0.00022629554197782303,0.00021276389277696123,0.0
1987,0.00022629554197782303,0.0001754997778146737,0.0
"January 1, 1987",0.00022629554197782303,0.00032455623766382383,0.0
Royal Bank of Canada,0.00022629554197782303,0.0001754997778146737,0.0
William McMaster,0.00045259108395564606,0.00032455623766382383,5.122126346261273e-08
The Globe Theatre Trust,0.00045259108395564606,0.0001754997778146737,0.0
The Shakespeare's Globe,0.00022629554197782303,0.0002500280077392487,0.0
Trustee,0.00022629554197782303,0.0002500280077392487,0.0
Company A,0.00022629554197782303,0.0001754997778146737,0.0
Parent Company X,0.00022629554197782303,0.00032455623766382383,0.0
The King's Men Theatre Company,0.0006788866259334691,0.0001754997778146737,0.0
Artistic Director,0.00045259108395564606,0.0002549965564008871,0.0
Royal Shakespeare Company,0.00022629554197782303,0.00022518526443105705,0.0
David Edgar,0.00022629554197782303,0.00022518526443105705,0.0
Research Organization,0.00045259108395564606,0.0001754997778146737,0.0
Lead Researcher,0.00022629554197782303,0.0002500280077392487,0.0
Global Research Network,0.00045259108395564606,0.0002500280077392487,5.122126346261273e-08
"Florida, Missouri",0.0006788866259334691,0.0001754997778146737,0.0
Missouri,0.00022629554197782303,0.00022518526443105705,0.0
Jefferson City,0.00022629554197782303,0.00022518526443105705,0.0
City,0.00022629554197782303,0.00022518526443105705,0.0
LSE,0.0006788866259334691,0.0001754997778146737,0.0
Minouche Shafik,0.00022629554197782303,0.00022518526443105705,0.0
1895,0.0006788866259334691,0.00022518526443105705,1.0244252692522546e-07
University of London,0.00022629554197782303,0.00022518526443105705,0.0
Advanced Micro Devices,0.00022629554197782303,0.0001754997778146737,0.0
Lisa Su,0.00022629554197782303,0.00032455623766382383,0.0
John Heminges,0.00045259108395564606,0.0001754997778146737,0.0
1566-04-01,0.00022629554197782303,0.0002500280077392487,0.0
St. Paul's School,0.00022629554197782303,0.0002500280077392487,0.0
Hospitality,0.00022629554197782303,0.0001754997778146737,0.0
Hospitality Manager,0.00045259108395564606,0.00032455623766382383,5.122126346261273e-08
Official Language Name,0.0015840687938447613,0.0001754997778146737,0.0
Hindi,0.001131477709889115,0.0001967935577931237,2.0488505385045092e-07
Italian,0.00022629554197782303,0.0001967935577931237,0.0
Portuguese,0.00045259108395564606,0.00029792807390111915,0.0
Arabic,0.00022629554197782303,0.0001967935577931237,0.0
German,0.00022629554197782303,0.0001967935577931237,0.0
Spanish,0.0009051821679112921,0.0002464790444095071,1.1268677961774801e-06
Mandarin,0.00022629554197782303,0.0001967935577931237,0.0
2016,0.00045259108395564606,0.0001754997778146737,0.0
"January 1, 2016",0.00022629554197782303,0.0002500280077392487,0.0
Global Corporation,0.00022629554197782303,0.0002500280077392487,0.0
Unknown Org,0.0009051821679112921,0.0001754997778146737,0.0
Fictional Exchange,0.00022629554197782303,0.00021276389277696123,0.0
Metropolis,0.00045259108395564606,0.00023405767275541125,0.0
Fictionland,0.00022629554197782303,0.00021276389277696123,0.0
Fictional Currency,0.00022629554197782303,0.00021276389277696123,0.0
Advocacy Group,0.0006788866259334691,0.0001754997778146737,0.0
Advocacy Director,0.00022629554197782303,0.00022518526443105705,0.0
National LGBTQ Task Force,0.00022629554197782303,0.00022518526443105705,0.0
Nonprofit,0.00022629554197782303,0.00022518526443105705,0.0
Sprint Corporation,0.00022629554197782303,0.00022874968769735768,0.0
T-Mobile US,0.00022629554197782303,0.00022874968769735768,0.0
Verizon Communications,0.00022629554197782303,0.00022874968769735768,0.0
Shakespeare's Globe,0.00045259108395564606,0.0001754997778146737,0.0
Theater,0.00022629554197782303,0.0002500280077392487,0.0
Shakespeare's Globe Trust,0.00022629554197782303,0.0002500280077392487,0.0
2015,0.00022629554197782303,0.0001754997778146737,0.0
"January 1, 2015",0.00226295541977823,0.00032455623766382383,4.6099137116351457e-07
UTC,0.0018103643358225842,0.0003564585236777435,9.219827423270291e-07
4.5 billion years ago,0.00022629554197782303,0.00028193029375316844,0.0
Adobe Inc.,0.00045259108395564606,0.0001754997778146737,0.0
Shantanu Narayen,0.00022629554197782303,0.0002500280077392487,0.0
Self-Employment,0.0006788866259334691,0.0001754997778146737,0.0
Self-Employed Individuals,0.00022629554197782303,0.00022518526443105705,0.0
Freelancers Union,0.00022629554197782303,0.00022518526443105705,0.0
Entrepreneurship,0.00022629554197782303,0.00022518526443105705,0.0
Global Hospitality Group,0.00022629554197782303,0.0001754997778146737,0.0
Hospitality Holdings Inc.,0.00022629554197782303,0.00032455623766382383,0.0
Holding Company Inc.,0.00022629554197782303,0.0001754997778146737,0.0
Parent Holdings LLC,0.00022629554197782303,0.00032455623766382383,0.0
Virginia Company,0.0013577732518669382,0.0001754997778146737,0.0
British Crown,0.00045259108395564606,0.0002500280077392487,0.0
Colonization,0.00022629554197782303,0.00020034252112286537,0.0
1606,0.00022629554197782303,0.00020034252112286537,0.0
King James I,0.00022629554197782303,0.00020034252112286537,0.0
Joint Stock Company,0.00022629554197782303,0.00020034252112286537,0.0
Thomas West,0.00022629554197782303,0.00020034252112286537,0.0
Global Education Group,0.00022629554197782303,0.0001754997778146737,0.0
Education Worldwide Inc.,0.00022629554197782303,0.00032455623766382383,0.0
Thursday,0.0009051821679112921,0.0001754997778146737,0.0
Time Zone City,0.00022629554197782303,0.00021276389277696123,0.0
2023-10-12,0.00022629554197782303,0.00021276389277696123,0.0
2023-01-01,0.00045259108395564606,0.00023405767275541125,0.0
Weekdays,0.00022629554197782303,0.00021276389277696123,0.0
National Sheriffs' Association,0.001131477709889115,0.0001754997778146737,0.0
Law Enforcement,0.00022629554197782303,0.0002053110697845037,0.0
1940,0.00022629554197782303,0.0002053110697845037,0.0
Sheriffs,0.00022629554197782303,0.0002053110697845037,0.0
National Association of Counties,0.00022629554197782303,0.0002053110697845037,0.0
Tech Holdings Inc.,0.00022629554197782303,0.0001754997778146737,0.0
Tech Group LLC,0.00022629554197782303,0.00032455623766382383,0.0
World Health Organization,0.00045259108395564606,0.0001754997778146737,0.0
Public Health,0.00045259108395564606,0.00027132178771769884,0.0
Tedros Adhanom,0.00022629554197782303,0.0002500280077392487,0.0
The New York Times Company,0.00045259108395564606,0.0001754997778146737,0.0
Henry Jarvis Raymond,0.00022629554197782303,0.0002500280077392487,0.0
"The New York Times Company, Inc.",0.00022629554197782303,0.0002500280077392487,0.0
Continental dollar,0.00045259108395564606,0.0001754997778146737,0.0
Currency,0.00022629554197782303,0.0002500280077392487,0.0
1775,0.00022629554197782303,0.0002500280077392487,0.0
Paramount+,0.0006788866259334691,0.0001754997778146737,0.0
Streaming Service,0.00022629554197782303,0.00022518526443105705,0.0
Streaming Media,0.00022629554197782303,0.00022518526443105705,0.0
ViacomCBS,0.00022629554197782303,0.00022518526443105705,0.0
Research Institute,0.00045259108395564606,0.0001754997778146737,0.0
Countryland,0.00022629554197782303,0.0002500280077392487,0.0
Cityville,0.00022629554197782303,0.0002500280077392487,0.0
Lam Research,0.00022629554197782303,0.0001754997778146737,0.0
Semiconductor Equipment,0.00022629554197782303,0.00032455623766382383,0.0
BritBox,0.00045259108395564606,0.0001754997778146737,0.0
Streaming,0.00022629554197782303,0.0002500280077392487,0.0
ITV,0.00022629554197782303,0.0002500280077392487,0.0
Canberra,0.00045259108395564606,0.0001754997778146737,0.0
Australian Capital Territory,0.00022629554197782303,0.0002500280077392487,0.0
Australian Federal Government,0.00022629554197782303,0.0002500280077392487,0.0
Fiji,0.00022629554197782303,0.0001754997778146737,0.0
Fijian,0.00022629554197782303,0.00032455623766382383,0.0
Association of Southeast Asian Nations,0.0009051821679112921,0.0001754997778146737,0.0
ASEAN Secretariat,0.0006788866259334691,0.00021276389277696123,1.0244252692522546e-07
Indonesia,0.00022629554197782303,0.00021276389277696123,0.0
Jakarta,0.00022629554197782303,0.00021276389277696123,0.0
Trade,0.00022629554197782303,0.00021276389277696123,0.0
Guernsey,0.0009051821679112921,0.0001754997778146737,0.0
Crown dependencies,0.00022629554197782303,0.00021276389277696123,0.0
1204,0.00022629554197782303,0.00021276389277696123,0.0
Guernsey pound,0.00022629554197782303,0.00021276389277696123,0.0
St. Peter Port,0.00022629554197782303,0.00021276389277696123,0.0
Year 2000,0.0009051821679112921,0.0001754997778146737,0.0
"December 31, 2000",0.00022629554197782303,0.00021276389277696123,0.0
Various Organizations,0.00022629554197782303,0.00021276389277696123,0.0
Millennium,0.00022629554197782303,0.00021276389277696123,0.0
1600,0.00045259108395564606,0.0001754997778146737,0.0
British East India Company,0.00022629554197782303,0.0002500280077392487,0.0
Historical Significance,0.00022629554197782303,0.0002500280077392487,0.0
Example Education Group,0.00045259108395564606,0.0001754997778146737,0.0
Example Holdings Inc.,0.00022629554197782303,0.0002500280077392487,0.0
Educational Institution,0.00022629554197782303,0.0002500280077392487,0.0
Infosys,0.001131477709889115,0.0001754997778146737,0.0
Nandan Nilekani,0.0006788866259334691,0.0002053110697845037,1.0244252692522546e-07
N. R. Narayana Murthy,0.00022629554197782303,0.0002053110697845037,0.0
Bengaluru,0.001131477709889115,0.0002053110697845037,2.0488505385045092e-07
India,0.00045259108395564606,0.0002053110697845037,3.0732758077567635e-07
Bangalore,0.00022629554197782303,0.0002053110697845037,0.0
The Walt Disney Studios,0.00022629554197782303,0.0001754997778146737,0.0
Film Production,0.00022629554197782303,0.00032455623766382383,0.0
H&R Block,0.0009051821679112921,0.0001754997778146737,0.0
"H&R Block, Inc.",0.00022629554197782303,0.00021276389277696123,0.0
Tax Preparation,0.00022629554197782303,0.00021276389277696123,0.0
Kansas City,0.00022629554197782303,0.00021276389277696123,0.0
Jeffrey J. Jones II,0.00022629554197782303,0.00021276389277696123,0.0
Greenwich Observatory,0.0009051821679112921,0.0001754997778146737,0.0
1675,0.00022629554197782303,0.00021276389277696123,0.0
Astronomer Royal,0.00022629554197782303,0.00021276389277696123,0.0
Royal Museums Greenwich,0.00022629554197782303,0.00021276389277696123,0.0
Astronomy,0.00022629554197782303,0.00021276389277696123,0.0
Cultural Foundation,0.00045259108395564606,0.0001754997778146737,0.0
Cultural Arts,0.00022629554197782303,0.0002500280077392487,0.0
Arts Council,0.00022629554197782303,0.0002500280077392487,0.0
Various countries,0.00022629554197782303,0.0001754997778146737,0.0
Paris,0.0009051821679112921,0.0003543675296336539,3.0732758077567635e-07
International Business Institute,0.00022629554197782303,0.0001754997778146737,0.0
Director of Studies,0.0024892509617560534,0.00032455623766382383,5.122126346261273e-07
Tech Innovations Inc.,0.0015840687938447613,0.0001754997778146737,0.0
2000-05-15,0.00022629554197782303,0.0001967935577931237,0.0
2010-05-15,0.00022629554197782303,0.0001967935577931237,0.0
Innovative Holdings,0.00022629554197782303,0.0001967935577931237,0.0
2010-05-01,0.00022629554197782303,0.0001967935577931237,0.0
1999-05-01,0.00022629554197782303,0.0001967935577931237,0.0
2010-04-01,0.00022629554197782303,0.0001967935577931237,0.0
Innovators Group,0.00022629554197782303,0.0001754997778146737,0.0
Innovation Holdings,0.00022629554197782303,0.00032455623766382383,0.0
Government of the United Kingdom,0.0006788866259334691,0.0001754997778146737,0.0
1215,0.00022629554197782303,0.00022518526443105705,0.0
King John,0.00022629554197782303,0.00022518526443105705,0.0
Public Sector,0.00022629554197782303,0.00022518526443105705,0.0
Construction,0.0006788866259334691,0.0001754997778146737,0.0
Construction Group,0.00022629554197782303,0.00022518526443105705,0.0
Project Manager,0.0006788866259334691,0.0002549965564008871,1.0244252692522546e-07
Construction Company,0.00022629554197782303,0.00022518526443105705,0.0
National Fire Protection Association,0.001131477709889115,0.0001754997778146737,0.0
1896,0.00045259108395564606,0.0002053110697845037,5.122126346261273e-08
Jim Pauley,0.00022629554197782303,0.0002053110697845037,0.0
International Fire Safety Standards Coalition,0.00022629554197782303,0.0002053110697845037,0.0
Quincy,0.00022629554197782303,0.0002053110697845037,0.0
Fire Safety,0.00022629554197782303,0.0002053110697845037,0.0
1947,0.00022629554197782303,0.0001754997778146737,0.0
"January 1, 1947",0.00022629554197782303,0.00032455623766382383,0.0
International Linguistic Society,0.0006788866259334691,0.0001754997778146737,0.0
Linguistic Society of America,0.00022629554197782303,0.00022518526443105705,0.0
Linguistics,0.00022629554197782303,0.00022518526443105705,0.0
Noam Chomsky,0.00022629554197782303,0.00022518526443105705,0.0
1970-01-01T00:00:00Z,0.00045259108395564606,0.0001754997778146737,0.0
1970-01-01,0.00045259108395564606,0.0002798392997090788,0.0
English Colonization,0.001131477709889115,0.0001754997778146737,0.0
1583,0.00022629554197782303,0.0002053110697845037,0.0
Colonial Trade,0.00022629554197782303,0.0002053110697845037,0.0
Colonial Power,0.00022629554197782303,0.0002053110697845037,0.0
Queen Elizabeth I,0.00022629554197782303,0.0002053110697845037,0.0
British Empire,0.00045259108395564606,0.0002549965564008871,0.0
Massachusetts Bay Company,0.00022629554197782303,0.0001754997778146737,0.0
1628,0.00022629554197782303,0.00032455623766382383,0.0
Museum,0.0006788866259334691,0.0001754997778146737,0.0
Cultural Heritage Foundation,0.00022629554197782303,0.00022518526443105705,0.0
Cultural,0.00022629554197782303,0.00022518526443105705,0.0
City Museum,0.00022629554197782303,0.00022518526443105705,0.0
University of Alabama System,0.00045259108395564606,0.0001754997778146737,0.0
University of Alabama Board of Trustees,0.00022629554197782303,0.0002500280077392487,0.0
Stacey M. Abrams,0.00022629554197782303,0.0002500280077392487,0.0
National Historical Society,0.00045259108395564606,0.0001754997778146737,0.0
1938,0.00022629554197782303,0.0002500280077392487,0.0
Historical Preservation,0.00045259108395564606,0.0002500280077392487,5.122126346261273e-08
1623,0.00045259108395564606,0.00025824559404285846,2.0488505385045092e-07
1593,0.00045259108395564606,0.00025824559404285846,2.0488505385045092e-07
DEF Ltd.,0.00022629554197782303,0.0001754997778146737,0.0
XYZ Corp.,0.00022629554197782303,0.00032455623766382383,0.0
Plymouth Colony,0.0009051821679112921,0.0001754997778146737,0.0
Plymouth Rock Foundation,0.00022629554197782303,0.00021276389277696123,0.0
Pine Tree Shilling,0.00022629554197782303,0.00021276389277696123,0.0
William Bradford,0.00022629554197782303,0.00021276389277696123,0.0
Plymouth,0.00022629554197782303,0.00021276389277696123,0.0
Colonial America,0.0006788866259334691,0.0001754997778146737,0.0
Colonial Governor,0.00022629554197782303,0.00022518526443105705,0.0
Go,0.00045259108395564606,0.0001754997778146737,0.0
Programming Language,0.00045259108395564606,0.0002872921227015363,0.0
Game Developer,0.00022629554197782303,0.0002500280077392487,0.0
Unknown Parent Org,0.00022629554197782303,0.00020135102722368368,0.0
Unknown Date,0.00022629554197782303,0.00020135102722368368,0.0
Unknown Founder,0.00022629554197782303,0.00020135102722368368,0.0
Unknown Country,0.00022629554197782303,0.00020135102722368368,0.0
Unknown Position,0.00022629554197782303,0.00020135102722368368,0.0
Unknown City,0.00022629554197782303,0.00020135102722368368,0.0
Unknown Employee,0.00022629554197782303,0.00020135102722368368,0.0
Hamlet,0.001131477709889115,0.0001754997778146737,0.0
Denmark,0.00045259108395564606,0.0002053110697845037,5.122126346261273e-08
Prince of Denmark,0.00022629554197782303,0.0002053110697845037,0.0
Unknown,0.00045259108395564606,0.0003543675296336539,0.0
King of Denmark,0.00022629554197782303,0.0002053110697845037,0.0
1603,0.00045259108395564606,0.0002053110697845037,5.122126346261273e-08
Awareness and Celebration of Immigrants,0.0009051821679112921,0.0001754997778146737,0.0
Immigrant Heritage Month,0.00022629554197782303,0.00021276389277696123,0.0
Non-Profit,0.00022629554197782303,0.00021276389277696123,0.0
Advocate for Immigrant Rights,0.00022629554197782303,0.00021276389277696123,0.0
Cultural Heritage Alliance,0.00022629554197782303,0.00021276389277696123,0.0
Unknown Work,0.00045259108395564606,0.0001754997778146737,0.0
Unknown Organization,0.00045259108395564606,0.0002500280077392487,5.122126346261273e-08
Unknown Person,0.00022629554197782303,0.0002500280077392487,0.0
University of Maryland,0.001131477709889115,0.0001754997778146737,0.0
University President,0.00022629554197782303,0.0002053110697845037,0.0
Maryland Terrapins,0.00022629554197782303,0.0002053110697845037,0.0
College Park,0.00022629554197782303,0.0002053110697845037,0.0
University System of Maryland,0.00022629554197782303,0.0002053110697845037,0.0
Darcy Moore,0.00022629554197782303,0.0002053110697845037,0.0
1995,0.00022629554197782303,0.0001754997778146737,0.0
1995-01-01,0.00022629554197782303,0.00032455623766382383,0.0
Start of the 1970s,0.00022629554197782303,0.0001754997778146737,0.0
Cultural Revolution,0.0013577732518669382,0.00032455623766382383,2.5610631731306366e-07
BBC,0.0009051821679112921,0.0001754997778146737,0.0
John Reith,0.00022629554197782303,0.00021276389277696123,0.0
Broadcasting,0.00022629554197782303,0.00021276389277696123,0.0
Tim Davie,0.00022629554197782303,0.00021276389277696123,0.0
1922,0.00022629554197782303,0.00021276389277696123,0.0
Language in 1961,0.0013577732518669382,0.0001754997778146737,0.0
1961-01-01,0.00022629554197782303,0.00020034252112286537,0.0
Linguist,0.00022629554197782303,0.00020034252112286537,0.0
Linguistics Researcher,0.00022629554197782303,0.00020034252112286537,0.0
University of Chicago,0.00022629554197782303,0.00020034252112286537,0.0
Professor of Linguistics,0.00022629554197782303,0.00020034252112286537,0.0
Global Solutions Inc.,0.00022629554197782303,0.0001754997778146737,0.0
Global Holdings LLC,0.00022629554197782303,0.00032455623766382383,0.0
Texas A&M University System,0.00022629554197782303,0.0001754997778146737,0.0
M. Katherine Banks,0.00022629554197782303,0.00032455623766382383,0.0
Business Language Training Institute,0.00022629554197782303,0.0001754997778146737,0.0
Global Language Services,0.00022629554197782303,0.00032455623766382383,0.0
Toronto,0.00045259108395564606,0.0001754997778146737,0.0
Canadian Imperial Bank of Commerce,0.00022629554197782303,0.0002500280077392487,0.0
Bank of Montreal,0.00022629554197782303,0.0002500280077392487,0.0
European Union,0.0006788866259334691,0.0001754997778146737,0.0
European Atomic Energy Community,0.00022629554197782303,0.00022518526443105705,0.0
Belgium,0.0006788866259334691,0.00022518526443105705,1.0244252692522546e-07
Ursula von der Leyen,0.00022629554197782303,0.00022518526443105705,0.0
Engineering Society,0.0006788866259334691,0.0001754997778146737,0.0
International Engineering Federation,0.00022629554197782303,0.00022518526443105705,0.0
Engineering Consultant,0.00022629554197782303,0.00022518526443105705,0.0
Engineering Association,0.00022629554197782303,0.00022518526443105705,0.0
2019,0.00022629554197782303,0.0001754997778146737,0.0
"January 1, 2019",0.00022629554197782303,0.00032455623766382383,0.0
Theatre,0.0006788866259334691,0.0001754997778146737,0.0
Performing Arts,0.00045259108395564606,0.0002549965564008871,0.0
National Theatre,0.00022629554197782303,0.00022518526443105705,0.0
1576,0.00022629554197782303,0.00022518526443105705,0.0
IndustrialSector,0.0006788866259334691,0.0001754997778146737,0.0
Industrial Engineer,0.00022629554197782303,0.00022518526443105705,0.0
1760,0.00022629554197782303,0.00022518526443105705,0.0
National Association of Manufacturers,0.00022629554197782303,0.00022518526443105705,0.0
1967,0.0006788866259334691,0.0001754997778146737,0.0
1967-01-01,0.00022629554197782303,0.00022518526443105705,0.0
ABC Corporation,0.00022629554197782303,0.00022518526443105705,0.0
Television,0.00022629554197782303,0.00022518526443105705,0.0
United States dollar,0.00022629554197782303,0.0001754997778146737,0.0
Fiat currency,0.00022629554197782303,0.00032455623766382383,0.0
1963-08-27,0.00022629554197782303,0.0001754997778146737,0.0
"August 27, 1963",0.00022629554197782303,0.00032455623766382383,0.0
City Government,0.00022629554197782303,0.0001754997778146737,0.0
City Center,0.00022629554197782303,0.00032455623766382383,0.0
1979,0.00022629554197782303,0.0001754997778146737,0.0
1979-01-01,0.00022629554197782303,0.00032455623766382383,0.0
University of Pittsburgh,0.00045259108395564606,0.0001754997778146737,0.0
Pittsburgh,0.00022629554197782303,0.0002500280077392487,0.0
Solomon Islands,0.00045259108395564606,0.0001754997778146737,0.0
Solomon Islands dollar,0.00022629554197782303,0.0002500280077392487,0.0
1978,0.0006788866259334691,0.0002798392997090788,1.0244252692522546e-07
Computer Science Department,0.0006788866259334691,0.0001754997778146737,0.0
Department Chair,0.00022629554197782303,0.00022518526443105705,0.0
College of Engineering,0.00022629554197782303,0.00022518526443105705,0.0
1968,0.00022629554197782303,0.00022518526443105705,0.0
Hospitality Association,0.00045259108395564606,0.0001754997778146737,0.0
Hospitality Industry Association,0.00022629554197782303,0.0002500280077392487,0.0
National Restaurant Association,0.00022629554197782303,0.0002500280077392487,0.0
HSBC,0.00045259108395564606,0.0001754997778146737,0.0
1865,0.00226295541977823,0.0002500280077392487,4.6099137116351457e-07
Noel Quinn,0.00022629554197782303,0.0002500280077392487,0.0
American Association for the Advancement of Science,0.00045259108395564606,0.0001754997778146737,0.0
John Quincy Adams,0.00022629554197782303,0.0002500280077392487,0.0
Barclays Group,0.0006788866259334691,0.0001754997778146737,0.0
1690,0.0006788866259334691,0.00022518526443105705,1.0244252692522546e-07
Jes Staley,0.0006788866259334691,0.00022518526443105705,1.0244252692522546e-07
Barclays PLC,0.00022629554197782303,0.00022518526443105705,0.0
Australian Eastern Standard Time,0.00045259108395564606,0.0001754997778146737,0.0
Australian Government,0.00022629554197782303,0.0002500280077392487,0.0
Australian Time Zone Authority,0.00022629554197782303,0.0002500280077392487,0.0
2020,0.00045259108395564606,0.0001754997778146737,0.0
"January 1, 2020",0.002036659877800407,0.0002500280077392487,4.0977010770090183e-07
YouTube,0.00045259108395564606,0.0001754997778146737,0.0
San Bruno,0.00022629554197782303,0.0002500280077392487,0.0
Video Sharing,0.00022629554197782303,0.0002500280077392487,0.0
Reserve Bank of Australia,0.0006788866259334691,0.0001754997778146737,0.0
Commonwealth of Australia,0.00022629554197782303,0.00022518526443105705,0.0
Philip Lowe,0.00022629554197782303,0.00022518526443105705,0.0
Australian Securities Exchange,0.00022629554197782303,0.00022518526443105705,0.0
Cisco Systems,0.00045259108395564606,0.0001754997778146737,0.0
Cisco Capital,0.00022629554197782303,0.0002500280077392487,0.0
Windows 11,0.00022629554197782303,0.0001754997778146737,0.0
"October 5, 2021",0.00022629554197782303,0.00032455623766382383,0.0
Election Office,0.0006788866259334691,0.0001754997778146737,0.0
Election Administrator,0.00022629554197782303,0.00022518526443105705,0.0
Department of Elections,0.00022629554197782303,0.00022518526443105705,0.0
"November 8, 2022",0.00022629554197782303,0.00022518526443105705,0.0
The Walt Disney Company,0.00045259108395564606,0.0001754997778146737,0.0
1923-10-16,0.00022629554197782303,0.0002500280077392487,0.0
Disney Channel,0.00045259108395564606,0.0002500280077392487,5.122126346261273e-08
Harare,0.001131477709889115,0.0001754997778146737,0.0
City of Harare,0.00022629554197782303,0.0002053110697845037,0.0
Harare City Council,0.00022629554197782303,0.0002053110697845037,0.0
Zimbabwean dollar,0.00022629554197782303,0.0002053110697845037,0.0
Central Africa Time,0.00022629554197782303,0.0002053110697845037,0.0
Zimbabwe Broadcasting Corporation,0.00022629554197782303,0.0002053110697845037,0.0
1732-02-22,0.00022629554197782303,0.0001754997778146737,0.0
First President of the United States,0.00022629554197782303,0.00032455623766382383,0.0
Breadstick Enthusiasts Association,0.00045259108395564606,0.0001754997778146737,0.0
Culinary Associations Network,0.00022629554197782303,0.0002500280077392487,0.0
Culinary Arts,0.00022629554197782303,0.0002500280077392487,0.0
Isaac Newton,0.00045259108395564606,0.0001754997778146737,0.0
1643,0.00022629554197782303,0.0002500280077392487,0.0
Astronomer,0.00022629554197782303,0.0002500280077392487,0.0
ABC Investments,0.00045259108395564606,0.0001754997778146737,0.0
Global Finance Group,0.00022629554197782303,0.0002500280077392487,0.0
Chief Financial Officer,0.00022629554197782303,0.0002500280077392487,0.0
State Government of Washington,0.00022629554197782303,0.0001754997778146737,0.0
Governor of Washington,0.00022629554197782303,0.00032455623766382383,0.0
Richard Burbage,0.0009051821679112921,0.0001754997778146737,0.0
The Lord Chamberlain's Men,0.00045259108395564606,0.00021276389277696123,5.122126346261273e-08
St. Paul's Cathedral School,0.00022629554197782303,0.00021276389277696123,0.0
1567-01-01,0.00022629554197782303,0.00021276389277696123,0.0
Leading Actor,0.00022629554197782303,0.00021276389277696123,0.0
2004,0.00022629554197782303,0.0001754997778146737,0.0
"January 1, 2004",0.0018103643358225842,0.00032455623766382383,3.585488442382891e-07
Halloween LLC,0.00045259108395564606,0.0001754997778146737,0.0
Seasonal Inc.,0.00022629554197782303,0.0002500280077392487,0.0
Acme Corporation,0.00022629554197782303,0.0001754997778146737,0.0
1920-01-01,0.00022629554197782303,0.00032455623766382383,0.0
Theatrical Companies,0.001131477709889115,0.0001754997778146737,0.0
George C. Wolfe,0.00022629554197782303,0.0002053110697845037,0.0
Broadway Theater,0.00022629554197782303,0.0002053110697845037,0.0
Theater Alliance,0.00022629554197782303,0.0002053110697845037,0.0
Unix Epoch,0.00022629554197782303,0.0001754997778146737,0.0
Reference point in time,0.002036659877800407,0.00032455623766382383,4.0977010770090183e-07
2021,0.0006788866259334691,0.0001754997778146737,0.0
Global Corp,0.00022629554197782303,0.00022518526443105705,0.0
"January 1, 2021",0.00022629554197782303,0.00022518526443105705,0.0
Southampton,0.0009051821679112921,0.0001754997778146737,0.0
Southampton Football Club,0.00022629554197782303,0.00021276389277696123,0.0
Southampton City Council,0.00022629554197782303,0.00021276389277696123,0.0
Maritime,0.00022629554197782303,0.00021276389277696123,0.0
1805,0.00022629554197782303,0.00021276389277696123,0.0
Ford Motor Company,0.001131477709889115,0.0001754997778146737,0.0
1903,0.00022629554197782303,0.0002053110697845037,0.0
Jim Farley,0.00022629554197782303,0.0002053110697845037,0.0
1903-06-16,0.00022629554197782303,0.0002053110697845037,0.0
Ford Foundation,0.00022629554197782303,0.0002053110697845037,0.0
1971,0.00045259108395564606,0.0001754997778146737,0.0
1971-01-01,0.00022629554197782303,0.0002500280077392487,0.0
2010,0.00022629554197782303,0.0001754997778146737,0.0
"January 1, 2010",0.00022629554197782303,0.00032455623766382383,0.0
2018,0.00022629554197782303,0.0001754997778146737,0.0
"January 1, 2018",0.00022629554197782303,0.00032455623766382383,0.0
Cambridge University Press,0.00022629554197782303,0.0001754997778146737,0.0
1534,0.00045259108395564606,0.00032455623766382383,5.122126346261273e-08
Intel Corporation,0.0006788866259334691,0.0001754997778146737,0.0
1968-07-18,0.00022629554197782303,0.00022518526443105705,0.0
NextGen Innovations,0.00022629554197782303,0.0001754997778146737,0.0
Tech Innovations Group,0.00022629554197782303,0.00032455623766382383,0.0
Princeton University,0.00022629554197782303,0.0001754997778146737,0.0
Christopher L. Eisgruber,0.00022629554197782303,0.00032455623766382383,0.0
Mining,0.0013577732518669382,0.0001754997778146737,0.0
Mining Corporation,0.00022629554197782303,0.00020034252112286537,0.0
Global Mining Corp,0.00022629554197782303,0.00020034252112286537,0.0
Miner,0.00022629554197782303,0.00020034252112286537,0.0
Mining Industry,0.00022629554197782303,0.00020034252112286537,0.0
Gold Rush,0.00022629554197782303,0.00020034252112286537,0.0
Denver,0.00022629554197782303,0.00020034252112286537,0.0
Holding Company LLC,0.00022629554197782303,0.0001754997778146737,0.0
Delaware,0.00045259108395564606,0.0003990844675883989,0.0
Qualcomm,0.00045259108395564606,0.0001754997778146737,0.0
Snapdragon,0.00022629554197782303,0.0002500280077392487,0.0
Cristiano Amon,0.00022629554197782303,0.0002500280077392487,0.0
Wellington,0.0006788866259334691,0.0001754997778146737,0.0
Mayor of Wellington,0.00022629554197782303,0.00022518526443105705,0.0
1840,0.00022629554197782303,0.00022518526443105705,0.0
New Zealand Standard Time,0.00022629554197782303,0.00022518526443105705,0.0
King Henry II,0.002036659877800407,0.0001754997778146737,0.0
Duke of Aquitaine,0.00022629554197782303,0.00019206160668680148,0.0
Kingdom of England,0.00022629554197782303,0.00019206160668680148,0.0
Le Mans,0.00022629554197782303,0.00019206160668680148,0.0
Lord of Ireland,0.00022629554197782303,0.00019206160668680148,0.0
Duke of Normandy,0.00022629554197782303,0.00019206160668680148,0.0
Count of Anjou,0.00022629554197782303,0.00019206160668680148,0.0
Count of Maine,0.00022629554197782303,0.00019206160668680148,0.0
King of England,0.00022629554197782303,0.00019206160668680148,0.0
1133-03-05,0.00022629554197782303,0.00019206160668680148,0.0
Texas Instruments,0.0006788866259334691,0.0001754997778146737,0.0
Haviv Ilan,0.00022629554197782303,0.00022518526443105705,0.0
J. Erik Jonsson,0.00022629554197782303,0.00022518526443105705,0.0
Texas Instruments Incorporated,0.00022629554197782303,0.00022518526443105705,0.0
2017,0.00022629554197782303,0.0001754997778146737,0.0
"January 1, 2017",0.00022629554197782303,0.00032455623766382383,0.0
Halloween Festival Association,0.00045259108395564606,0.0001754997778146737,0.0
October 31,0.002036659877800407,0.0002500280077392487,4.0977010770090183e-07
Festival Events Inc.,0.00022629554197782303,0.0002500280077392487,0.0
1953-02-04,0.00022629554197782303,0.0001754997778146737,0.0
Not Applicable,0.00045259108395564606,0.000473612697512974,0.0
Scientific American,0.00022629554197782303,0.0001754997778146737,0.0
1845,0.00022629554197782303,0.00032455623766382383,0.0
National Science Foundation,0.00045259108395564606,0.0001754997778146737,0.0
Ernest J. Moniz,0.00022629554197782303,0.0002500280077392487,0.0
National Science Board,0.00022629554197782303,0.0002500280077392487,0.0
"Uber Technologies, Inc.",0.0006788866259334691,0.0001754997778146737,0.0
Dara Khosrowshahi,0.00045259108395564606,0.00022518526443105705,4.6099137116351457e-07
2009-03-01,0.00022629554197782303,0.00022518526443105705,0.0
1620,0.00045259108395564606,0.0001754997778146737,0.0
"November 11, 1620",0.00022629554197782303,0.0002500280077392487,0.0
"Plymouth, England",0.00022629554197782303,0.0002500280077392487,0.0
1963-07-02,0.00022629554197782303,0.0001754997778146737,0.0
"July 2, 1963",0.00022629554197782303,0.00032455623766382383,0.0
ISO/IEC,0.0006788866259334691,0.0001754997778146737,0.0
Standardization Organization,0.00022629554197782303,0.00022518526443105705,0.0
International Electrotechnical Commission,0.00022629554197782303,0.00022518526443105705,0.0
Standardization,0.00022629554197782303,0.00022518526443105705,0.0
NBCUniversal,0.00022629554197782303,0.0001754997778146737,0.0
Jeff Shell,0.00022629554197782303,0.00032455623766382383,0.0
2007,0.00022629554197782303,0.0001754997778146737,0.0
"January 1, 2007",0.00022629554197782303,0.00032455623766382383,0.0
HBO Max,0.00045259108395564606,0.0001754997778146737,0.0
Warner Bros. Discovery,0.00022629554197782303,0.0002500280077392487,0.0
2020-05-27,0.00022629554197782303,0.0002500280077392487,0.0
1849,0.00022629554197782303,0.0001754997778146737,0.0
1849-01-01,0.00022629554197782303,0.00032455623766382383,0.0
Media,0.00045259108395564606,0.0001754997778146737,0.0
Global Media Group,0.00022629554197782303,0.0002500280077392487,0.0
Journalism,0.00022629554197782303,0.0002500280077392487,0.0
Honeywell,0.0009051821679112921,0.0001754997778146737,0.0
Conglomerate,0.00022629554197782303,0.00021276389277696123,0.0
1906,0.00022629554197782303,0.00021276389277696123,0.0
Honeywell International Inc.,0.00022629554197782303,0.00021276389277696123,0.0
Darius Adamczyk,0.00022629554197782303,0.00021276389277696123,0.0
1991,0.00022629554197782303,0.0001754997778146737,0.0
1991-01-01,0.00022629554197782303,0.00032455623766382383,0.0
1999,0.00045259108395564606,0.0001754997778146737,0.0
Year 1999,0.00022629554197782303,0.0002500280077392487,0.0
"January 1, 1999",0.00022629554197782303,0.0002500280077392487,0.0
University,0.00045259108395564606,0.0001754997778146737,0.0
Organization,0.00022629554197782303,0.0002500280077392487,0.0
Country,0.00022629554197782303,0.0002500280077392487,0.0
Macmillan Publishers,0.00022629554197782303,0.0001754997778146737,0.0
Holtzbrinck Publishing Group,0.00022629554197782303,0.00032455623766382383,0.0
GM Financial,0.0006788866259334691,0.0001754997778146737,0.0
Mary Barra,0.0009051821679112921,0.00022518526443105705,1.5366379038783817e-07
Mark Reuss,0.00022629554197782303,0.00022518526443105705,0.0
Automotive Finance,0.00022629554197782303,0.00022518526443105705,0.0
"Meta Platforms, Inc.",0.00022629554197782303,0.0001754997778146737,0.0
2004-02-04,0.00022629554197782303,0.00032455623766382383,0.0
Gold Mining,0.00045259108395564606,0.0001754997778146737,0.0
Mining Engineer,0.00022629554197782303,0.0002500280077392487,0.0
Barrick Gold Corporation,0.00022629554197782303,0.0002500280077392487,0.0
University of Alabama,0.00022629554197782303,0.0001754997778146737,0.0
Dr. Stuart R. Bell,0.0006788866259334691,0.00032455623766382383,1.0244252692522546e-07
HSBC Holdings plc,0.00022629554197782303,0.0001754997778146737,0.0
HSBC Group,0.00022629554197782303,0.00032455623766382383,0.0
LinkedIn Corporation,0.00022629554197782303,0.0001754997778146737,0.0
Jeff Weiner,0.00022629554197782303,0.00032455623766382383,0.0
Timekeeping,0.0009051821679112921,0.0001754997778146737,0.0
Timekeeping Association,0.00022629554197782303,0.00021276389277696123,0.0
Timekeeper,0.00022629554197782303,0.00021276389277696123,0.0
Timekeeping Corp,0.00022629554197782303,0.00021276389277696123,0.0
Timekeeping Industry,0.00022629554197782303,0.00021276389277696123,0.0
Global Holdings Inc.,0.00022629554197782303,0.0001754997778146737,0.0
Global Investments LLC,0.00022629554197782303,0.00032455623766382383,0.0
Investment,0.00022629554197782303,0.0001754997778146737,0.0
Investment Analyst,0.00022629554197782303,0.00032455623766382383,0.0
New Zealand Government,0.00045259108395564606,0.0001754997778146737,0.0
New Zealand Parliament,0.00022629554197782303,0.0002500280077392487,0.0
Chocolate Industry,0.0013577732518669382,0.0001754997778146737,0.0
"Mars, Incorporated",0.00022629554197782303,0.00020034252112286537,0.0
Joseph Fry,0.00022629554197782303,0.00020034252112286537,0.0
Food and Beverage,0.00022629554197782303,0.00020034252112286537,0.0
1847,0.00022629554197782303,0.00020034252112286537,0.0
Hershey's,0.00022629554197782303,0.00020034252112286537,0.0
Hershey,0.0006788866259334691,0.00020034252112286537,1.0244252692522546e-07
2001,0.00045259108395564606,0.0001754997778146737,0.0
"January 1, 2001",0.00022629554197782303,0.0002500280077392487,0.0
Year 2001,0.00226295541977823,0.0002500280077392487,4.6099137116351457e-07
European Football Association,0.0009051821679112921,0.0001754997778146737,0.0
FIFA,0.00045259108395564606,0.0002872921227015363,0.0
Nyon,0.00022629554197782303,0.00021276389277696123,0.0
UEFA President,0.00022629554197782303,0.00021276389277696123,0.0
Henri Delaunay,0.00022629554197782303,0.00021276389277696123,0.0
Nonprofit Organization,0.0006788866259334691,0.0001754997778146737,0.0
2021-05-01,0.00022629554197782303,0.00022518526443105705,0.0
Country Name,0.00045259108395564606,0.00022518526443105705,5.122126346261273e-08
City Name,0.00022629554197782303,0.00022518526443105705,0.0
Settlers Inc.,0.00022629554197782303,0.0001754997778146737,0.0
Video Games,0.00022629554197782303,0.00032455623766382383,0.0
Publishing,0.00022629554197782303,0.0001754997778146737,0.0
1450,0.00022629554197782303,0.00032455623766382383,0.0
International Monetary Fund,0.001131477709889115,0.0001754997778146737,0.0
Special Drawing Rights,0.00022629554197782303,0.0002053110697845037,0.0
Kristalina Georgieva,0.00022629554197782303,0.0002053110697845037,0.0
John Maynard Keynes,0.00022629554197782303,0.0002053110697845037,0.0
Managing Director,0.00022629554197782303,0.0002053110697845037,0.0
Thomas Betterton,0.0006788866259334691,0.0001754997778146737,0.0
Dramatist,0.00022629554197782303,0.00022518526443105705,0.0
1638-01-01,0.00022629554197782303,0.00022518526443105705,0.0
"Theatre Royal, Drury Lane",0.00045259108395564606,0.00022518526443105705,5.122126346261273e-08
Conservative Party,0.001131477709889115,0.0001754997778146737,0.0
British Conservative Party,0.00022629554197782303,0.0002053110697845037,0.0
1834,0.00022629554197782303,0.0002053110697845037,0.0
Leader,0.00022629554197782303,0.0002053110697845037,0.0
Robert Peel,0.00022629554197782303,0.0002053110697845037,0.0
Sir Robert Peel,0.00022629554197782303,0.0002053110697845037,0.0
Non-profit,0.00022629554197782303,0.0001754997778146737,0.0
Community Service Organization,0.00022629554197782303,0.00032455623766382383,0.0
Example Incorporation,0.00022629554197782303,0.0001754997778146737,0.0
Example Holdings,0.00022629554197782303,0.00032455623766382383,0.0
Western Digital,0.0006788866259334691,0.0001754997778146737,0.0
David Goeckeler,0.00022629554197782303,0.00022518526443105705,0.0
Western Digital Corporation,0.00022629554197782303,0.00022518526443105705,0.0
Data Storage,0.00045259108395564606,0.0002549965564008871,0.0
HistoricalOrganization,0.00022629554197782303,0.0001754997778146737,0.0
International Historical Society,0.00022629554197782303,0.00032455623766382383,0.0
Automobile,0.0006788866259334691,0.0001754997778146737,0.0
Vehicle,0.00022629554197782303,0.00022518526443105705,0.0
1886,0.00022629554197782303,0.00022518526443105705,0.0
Toyota,0.00022629554197782303,0.00022518526443105705,0.0
Consulting Firm,0.00022629554197782303,0.0001754997778146737,0.0
Global Consulting Group,0.00022629554197782303,0.00032455623766382383,0.0
1883,0.00045259108395564606,0.0001754997778146737,0.0
Industrial Revolution,0.0015840687938447613,0.0002500280077392487,3.0732758077567635e-07
1883-01-01,0.00022629554197782303,0.0002500280077392487,0.0
LanguageType,0.0006788866259334691,0.0001754997778146737,0.0
Language Institute,0.00022629554197782303,0.00022518526443105705,0.0
Language Instructor,0.00022629554197782303,0.00022518526443105705,0.0
Penguin Random House,0.00045259108395564606,0.0001754997778146737,0.0
1927,0.00022629554197782303,0.0002500280077392487,0.0
Markus Dohle,0.00022629554197782303,0.0002500280077392487,0.0
Broadcom Inc.,0.00045259108395564606,0.0001754997778146737,0.0
Avago Technologies,0.00022629554197782303,0.0002500280077392487,0.0
Hock Tan,0.00022629554197782303,0.0002500280077392487,0.0
Canadian Government,0.00022629554197782303,0.0001754997778146737,0.0
Justin Trudeau,0.00022629554197782303,0.00032455623766382383,0.0
Calgary,0.001131477709889115,0.0001754997778146737,0.0
Edmonton,0.00022629554197782303,0.0002053110697845037,0.0
Enbridge Inc.,0.00022629554197782303,0.0002053110697845037,0.0
Alberta,0.00022629554197782303,0.0002053110697845037,0.0
1875,0.00022629554197782303,0.0002053110697845037,0.0
Calgary Flames,0.00022629554197782303,0.0002053110697845037,0.0
Hannibal High School,0.00045259108395564606,0.0001754997778146737,0.0
Hannibal,0.00045259108395564606,0.0003990844675883989,0.0
High School,0.00022629554197782303,0.0002500280077392487,0.0
Creative Solutions LLC,0.00022629554197782303,0.0001754997778146737,0.0
Solutions Group Inc.,0.00022629554197782303,0.00032455623766382383,0.0
California State Capitol,0.00022629554197782303,0.0001754997778146737,0.0
Governor of California,0.00045259108395564606,0.0003543675296336539,0.0
Institute for Advanced Study,0.00022629554197782303,0.0001754997778146737,0.0
Albert Einstein,0.0006788866259334691,0.00032455623766382383,1.0244252692522546e-07
London Stock Exchange,0.0009051821679112921,0.0001754997778146737,0.0
Julia Hoggett,0.00022629554197782303,0.00021276389277696123,0.0
1801,0.00022629554197782303,0.00021276389277696123,0.0
London Stock Exchange Group,0.00022629554197782303,0.00021276389277696123,0.0
Various financial institutions,0.00022629554197782303,0.00021276389277696123,0.0
University of Calgary,0.0006788866259334691,0.0001754997778146737,0.0
Ed McCauley,0.00022629554197782303,0.00022518526443105705,0.0
Various Academic Positions,0.00022629554197782303,0.00022518526443105705,0.0
University of Alberta,0.00022629554197782303,0.00022518526443105705,0.0
Micron Technology,0.00045259108395564606,0.0001754997778146737,0.0
Sanjay Mehrotra,0.00022629554197782303,0.0002500280077392487,0.0
Boise,0.00022629554197782303,0.0002500280077392487,0.0
Parent Company XYZ,0.00045259108395564606,0.0001754997778146737,0.0
Holding Company ABC,0.00022629554197782303,0.0002500280077392487,0.0
CEO of Parent Company XYZ,0.00022629554197782303,0.0002500280077392487,0.0
Honiara,0.00045259108395564606,0.0001754997778146737,0.0
Solomon Islands Government,0.00045259108395564606,0.0002500280077392487,5.122126346261273e-08
Mayor of Honiara,0.00022629554197782303,0.0002500280077392487,0.0
Health,0.0009051821679112921,0.0001754997778146737,0.0
Health City,0.00022629554197782303,0.00021276389277696123,0.0
Public Health Advocate,0.00022629554197782303,0.00021276389277696123,0.0
Science and Technology,0.00022629554197782303,0.0001754997778146737,0.0
National Academy of Sciences,0.00022629554197782303,0.00032455623766382383,0.0
All Hallows' Eve,0.00045259108395564606,0.0001754997778146737,0.0
Cultural Celebration,0.00022629554197782303,0.0002500280077392487,0.0
All Hallows' Eve originated in the 8th century,0.00022629554197782303,0.0002500280077392487,0.0
Language Services,0.00022629554197782303,0.0001754997778146737,0.0
Global Language Solutions,0.00022629554197782303,0.00032455623766382383,0.0
William Shakespeare,0.00045259108395564606,0.0001754997778146737,0.0
1564-02-15,0.00022629554197782303,0.0002500280077392487,0.0
1564-04-23,0.00022629554197782303,0.0002500280077392487,0.0
Barclays,0.00022629554197782303,0.0001754997778146737,0.0
John Freame,0.00022629554197782303,0.00032455623766382383,0.0
Baylor University,0.0006788866259334691,0.0001754997778146737,0.0
Linda Livingstone,0.00022629554197782303,0.00022518526443105705,0.0
Baptist General Convention of Texas,0.00022629554197782303,0.00022518526443105705,0.0
Waco,0.00022629554197782303,0.00022518526443105705,0.0
Chocolate Currency,0.00045259108395564606,0.0001754997778146737,0.0
Chocolate Currency Inc.,0.00022629554197782303,0.0002500280077392487,0.0
Chocolate Holdings,0.00022629554197782303,0.0002500280077392487,0.0
Jersey,0.0006788866259334691,0.0001754997778146737,0.0
Saint Helier,0.00022629554197782303,0.00022518526443105705,0.0
Jersey pound,0.00022629554197782303,0.00022518526443105705,0.0
Chief Minister,0.00045259108395564606,0.00022518526443105705,5.122126346261273e-08
1601,0.00045259108395564606,0.0001754997778146737,0.0
British Museum,0.0006788866259334691,0.0002500280077392487,1.0244252692522546e-07
1601-01-01,0.00022629554197782303,0.0002500280077392487,0.0
International Language Federation,0.0006788866259334691,0.0001754997778146737,0.0
Various language professionals,0.00022629554197782303,0.00022518526443105705,0.0
Linguistic Experts,0.00022629554197782303,0.00022518526443105705,0.0
1952,0.00022629554197782303,0.00022518526443105705,0.0
1981,0.00045259108395564606,0.0001754997778146737,0.0
"January 1, 1981",0.00022629554197782303,0.0002500280077392487,0.0
Year 1981,0.00022629554197782303,0.0002500280077392487,0.0
1826,0.00045259108395564606,0.0001754997778146737,0.0
1826-01-01,0.00022629554197782303,0.0002500280077392487,0.0
"January 1, 1826",0.00022629554197782303,0.0002500280077392487,0.0
Federal Reserve Bank of San Francisco,0.00022629554197782303,0.0001754997778146737,0.0
Federal Reserve Act,0.00045259108395564606,0.00032455623766382383,5.122126346261273e-08
Tech Innovations LLC,0.00022629554197782303,0.0001754997778146737,0.0
Innovative Tech Group,0.00022629554197782303,0.00032455623766382383,0.0
State Government,0.0009051821679112921,0.0001754997778146737,0.0
U.S. Dollar,0.00022629554197782303,0.00021276389277696123,0.0
State Legislator,0.00022629554197782303,0.00021276389277696123,0.0
Date of Statehood,0.00022629554197782303,0.00021276389277696123,0.0
State Capital,0.00022629554197782303,0.00021276389277696123,0.0
History,0.0009051821679112921,0.0001754997778146737,0.0
Ancient Mesopotamia,0.00022629554197782303,0.00021276389277696123,0.0
Historical Studies,0.00022629554197782303,0.00021276389277696123,0.0
4000 BC,0.00022629554197782303,0.00021276389277696123,0.0
History Department,0.00022629554197782303,0.00021276389277696123,0.0
NATO,0.0009051821679112921,0.0001754997778146737,0.0
Washington Treaty,0.00022629554197782303,0.00021276389277696123,0.0
Defense,0.00045259108395564606,0.00024257518474679124,0.0
Secretary General,0.00022629554197782303,0.00021276389277696123,0.0
Jens Stoltenberg,0.00022629554197782303,0.00021276389277696123,0.0
2011,0.00022629554197782303,0.0001754997778146737,0.0
"January 1, 2011",0.00022629554197782303,0.00032455623766382383,0.0
Tech Holdings LLC,0.00022629554197782303,0.0001754997778146737,0.0
Tech Ventures Inc.,0.00022629554197782303,0.00032455623766382383,0.0
Food Celebrations Association,0.00022629554197782303,0.0001754997778146737,0.0
Culinary Arts Federation,0.00022629554197782303,0.00032455623766382383,0.0
Toronto Stock Exchange,0.00045259108395564606,0.0001754997778146737,0.0
TMX Group,0.00022629554197782303,0.0002500280077392487,0.0
Lou Eccleston,0.00022629554197782303,0.0002500280077392487,0.0
International Organization for Standardization,0.00045259108395564606,0.0001754997778146737,0.0
ISO/IEC JTC 1,0.00022629554197782303,0.0002500280077392487,0.0
Sérgio G. G. de Oliveira,0.00022629554197782303,0.0002500280077392487,0.0
Example Organization,0.00045259108395564606,0.0001754997778146737,0.0
Example Person,0.00022629554197782303,0.0002500280077392487,0.0
Example Parent Org,0.00022629554197782303,0.0002500280077392487,0.0
Singapore,0.00045259108395564606,0.0001754997778146737,0.0
Singapore Time,0.00022629554197782303,0.0002500280077392487,0.0
City-State,0.00226295541977823,0.0002500280077392487,4.6099137116351457e-07
Apache Software Foundation,0.0006788866259334691,0.0001754997778146737,0.0
Forest Hill,0.00022629554197782303,0.00022518526443105705,0.0
Doug Cutting,0.00022629554197782303,0.00022518526443105705,0.0
Sharan Foga,0.00022629554197782303,0.00022518526443105705,0.0
Cultural Event,0.001131477709889115,0.0001754997778146737,0.0
2020-01-01,0.00022629554197782303,0.0002053110697845037,0.0
2023-09-15,0.00022629554197782303,0.0002053110697845037,0.0
2023-08-01,0.00022629554197782303,0.0002053110697845037,0.0
Cultural Organization,0.00045259108395564606,0.00024257518474679124,0.0
Arts,0.00022629554197782303,0.0002053110697845037,0.0
First Folio,0.0006788866259334691,0.0001754997778146737,0.0
Edward Blount,0.00022629554197782303,0.00022518526443105705,0.0
British Library,0.00022629554197782303,0.00022518526443105705,0.0
William Jaggard,0.00022629554197782303,0.00022518526443105705,0.0
Global Charity Network,0.00022629554197782303,0.0001754997778146737,0.0
International Charity Alliance,0.00022629554197782303,0.00032455623766382383,0.0
Tech Alliance,0.00022629554197782303,0.0001754997778146737,0.0
Tech Coalition,0.00022629554197782303,0.00032455623766382383,0.0
New England Colonies,0.0006788866259334691,0.0001754997778146737,0.0
Colonial Currency,0.00022629554197782303,0.00022518526443105705,0.0
Colonial Government,0.00022629554197782303,0.00022518526443105705,0.0
Fishing,0.00022629554197782303,0.00022518526443105705,0.0
Open Source Initiative,0.00045259108395564606,0.0001754997778146737,0.0
OSI,0.00022629554197782303,0.0002500280077392487,0.0
Non-profit organization,0.00022629554197782303,0.0002500280077392487,0.0
1976,0.00022629554197782303,0.0001754997778146737,0.0
1976-01-01,0.00022629554197782303,0.00032455623766382383,0.0
"Nike, Inc.",0.00045259108395564606,0.0001754997778146737,0.0
Sportswear,0.00022629554197782303,0.0002500280077392487,0.0
Footwear,0.00022629554197782303,0.0002500280077392487,0.0
London,0.00022629554197782303,0.0001754997778146737,0.0
Mayor of London,0.00022629554197782303,0.00032455623766382383,0.0
Standard Oil Company,0.00045259108395564606,0.0001754997778146737,0.0
John D. Rockefeller,0.00022629554197782303,0.0002500280077392487,0.0
1870,0.0006788866259334691,0.0002500280077392487,1.0244252692522546e-07
Tech City,0.0006788866259334691,0.0001754997778146737,0.0
Various Tech Companies,0.00022629554197782303,0.00022518526443105705,0.0
London Tech Advocates,0.00022629554197782303,0.00022518526443105705,0.0
Technology Hub,0.00022629554197782303,0.00022518526443105705,0.0
Publisher,0.00045259108395564606,0.0001754997778146737,0.0
1935,0.00022629554197782303,0.0002500280077392487,0.0
2023-01-15,0.00022629554197782303,0.0002500280077392487,0.0
Animation World Network,0.0009051821679112921,0.0001754997778146737,0.0
AWN Media,0.00022629554197782303,0.00021276389277696123,0.0
Animation,0.0024892509617560534,0.00021276389277696123,5.122126346261273e-07
1996,0.00022629554197782303,0.00021276389277696123,0.0
Media Company,0.00022629554197782303,0.00021276389277696123,0.0
Engineering Firm,0.00022629554197782303,0.0001754997778146737,0.0
Global Engineering Corp,0.00022629554197782303,0.00032455623766382383,0.0
New Zealand,0.00022629554197782303,0.0001754997778146737,0.0
New Zealand Limited,0.00022629554197782303,0.00032455623766382383,0.0
Google Cloud,0.00022629554197782303,0.0001754997778146737,0.0
Cloud Services Provider,0.00022629554197782303,0.00032455623766382383,0.0
Post-War Reconstruction,0.00022629554197782303,0.0001754997778146737,0.0
Reconstruction Era,0.002036659877800407,0.00032455623766382383,4.0977010770090183e-07
Local Non-Profit Organization,0.00045259108395564606,0.0001754997778146737,0.0
Community Service,0.00022629554197782303,0.0002500280077392487,0.0
National Non-Profit Association,0.00022629554197782303,0.0002500280077392487,0.0
Stratford-upon-Avon,0.00045259108395564606,0.0001754997778146737,0.0
Tourism Destination,0.00022629554197782303,0.0002500280077392487,0.0
1196,0.00022629554197782303,0.0002500280077392487,0.0
2008,0.00022629554197782303,0.0001754997778146737,0.0
"January 1, 2008",0.00022629554197782303,0.00032455623766382383,0.0
Global Investments,0.0006788866259334691,0.0001754997778146737,0.0
Investment Management,0.00022629554197782303,0.00022518526443105705,0.0
Global Holdings,0.00022629554197782303,0.00022518526443105705,0.0
Robert Johnson,0.00022629554197782303,0.00022518526443105705,0.0
"O'Reilly Media, Inc.",0.00022629554197782303,0.0001754997778146737,0.0
1988,0.00045259108395564606,0.0003990844675883989,0.0
1984,0.0009051821679112921,0.0001754997778146737,0.0
Dystopian novel,0.00022629554197782303,0.00021276389277696123,0.0
Novel,0.00022629554197782303,0.00021276389277696123,0.0
Secker & Warburg,0.00022629554197782303,0.00021276389277696123,0.0
George Orwell,0.00022629554197782303,0.00021276389277696123,0.0
1707,0.00022629554197782303,0.0001754997778146737,0.0
1707-01-01,0.00022629554197782303,0.00032455623766382383,0.0
PHP,0.00045259108395564606,0.0001754997778146737,0.0
Web Development,0.00022629554197782303,0.0002500280077392487,0.0
The PHP Group,0.00022629554197782303,0.0002500280077392487,0.0
Global Technology Alliance,0.00022629554197782303,0.0001754997778146737,0.0
International Technology Coalition,0.00022629554197782303,0.00032455623766382383,0.0
1890,0.00022629554197782303,0.0001754997778146737,0.0
1890-01-01,0.00022629554197782303,0.00032455623766382383,0.0
XYZ Corporation,0.00045259108395564606,0.0001754997778146737,0.0
1995-05-20,0.00022629554197782303,0.0002500280077392487,0.0
1951-06-15,0.00022629554197782303,0.0002500280077392487,0.0
South African Reserve Bank,0.001131477709889115,0.0001754997778146737,0.0
Johannesburg Stock Exchange,0.00022629554197782303,0.0002053110697845037,0.0
1921,0.00022629554197782303,0.0002053110697845037,0.0
Lesetja Kganyago,0.00022629554197782303,0.0002053110697845037,0.0
1982,0.00022629554197782303,0.0001754997778146737,0.0
1982-01-01,0.00022629554197782303,0.00032455623766382383,0.0
1880,0.00022629554197782303,0.0001754997778146737,0.0
1880-01-01,0.00022629554197782303,0.00032455623766382383,0.0
Consulting,0.001131477709889115,0.0001754997778146737,0.0
Management Consultant,0.00022629554197782303,0.0002053110697845037,0.0
Accenture,0.00022629554197782303,0.0002053110697845037,0.0
Business Services,0.00022629554197782303,0.0002053110697845037,0.0
Boston Consulting Group,0.00022629554197782303,0.0002053110697845037,0.0
McKinsey & Company,0.00022629554197782303,0.0002053110697845037,0.0
Chocolate Lovers Association,0.00022629554197782303,0.0001754997778146737,0.0
Global Chocolate Federation,0.00022629554197782303,0.00032455623766382383,0.0
Uber Freight,0.00022629554197782303,0.0001754997778146737,0.0
Logistics Provider,0.00022629554197782303,0.00032455623766382383,0.0
British Pound,0.00022629554197782303,0.0001754997778146737,0.0
UK Government,0.00022629554197782303,0.00032455623766382383,0.0
1800,0.00022629554197782303,0.0001754997778146737,0.0
1800-01-01,0.00022629554197782303,0.00032455623766382383,0.0
Singapore Dollar,0.00022629554197782303,0.0001754997778146737,0.0
Monetary Authority of Singapore,0.00022629554197782303,0.00032455623766382383,0.0
1956-01-01,0.00022629554197782303,0.0002500280077392487,0.0
Revolutionary Government,0.00022629554197782303,0.0001754997778146737,0.0
Continental Dollar,0.00022629554197782303,0.00032455623766382383,0.0
Language Services Inc.,0.00045259108395564606,0.0001754997778146737,0.0
Translation Services,0.00022629554197782303,0.0002500280077392487,0.0
Global Language Solutions LLC,0.00022629554197782303,0.0002500280077392487,0.0
Acme Corp,0.0006788866259334691,0.0001754997778146737,0.0
Acme Holdings,0.00022629554197782303,0.00022518526443105705,0.0
Wile E. Coyote,0.00022629554197782303,0.00022518526443105705,0.0
Mr. Acme,0.00022629554197782303,0.00022518526443105705,0.0
"Cisco Systems, Inc.",0.00022629554197782303,0.0001754997778146737,0.0
Leonard Bosack,0.00022629554197782303,0.00032455623766382383,0.0
General Motors,0.00022629554197782303,0.0001754997778146737,0.0
1908-09-16,0.00022629554197782303,0.00032455623766382383,0.0
East Anglia,0.00045259108395564606,0.0001754997778146737,0.0
AD 410,0.00022629554197782303,0.0002500280077392487,0.0
Norwich,0.00022629554197782303,0.0002500280077392487,0.0
Central,0.0009051821679112921,0.0001754997778146737,0.0
Manager,0.00022629554197782303,0.00021276389277696123,0.0
Central Holdings,0.00022629554197782303,0.00021276389277696123,0.0
Central Organization,0.00022629554197782303,0.00021276389277696123,0.0
Central City,0.00022629554197782303,0.00021276389277696123,0.0
Southern African Development Community,0.0013577732518669382,0.0001754997778146737,0.0
Botswana,0.00022629554197782303,0.00020034252112286537,0.0
1992,0.00045259108395564606,0.0002216363011013154,0.0
Dr. Stergomena Lawrence Tax,0.00022629554197782303,0.00020034252112286537,0.0
Executive Secretary,0.00022629554197782303,0.00020034252112286537,0.0
Regional Development,0.00022629554197782303,0.00020034252112286537,0.0
Gaborone,0.00022629554197782303,0.00020034252112286537,0.0
Royal Society,0.00045259108395564606,0.0001754997778146737,0.0
King Charles II,0.00022629554197782303,0.0002500280077392487,0.0
Science,0.00022629554197782303,0.0002500280077392487,0.0
Y Corp,0.00022629554197782303,0.0001754997778146737,0.0
Z Corp,0.00022629554197782303,0.00032455623766382383,0.0
Example Country,0.00022629554197782303,0.0001754997778146737,0.0
Example Continent,0.00022629554197782303,0.00032455623766382383,0.0
Yahoo Inc.,0.00045259108395564606,0.0001754997778146737,0.0
Internet Services,0.00022629554197782303,0.0002500280077392487,0.0
Marissa Mayer,0.00022629554197782303,0.0002500280077392487,0.0
Community Center,0.00022629554197782303,0.0001754997778146737,0.0
City Recreation Department,0.00022629554197782303,0.00032455623766382383,0.0
2006,0.00022629554197782303,0.0001754997778146737,0.0
2006-01-01,0.00022629554197782303,0.00032455623766382383,0.0
Oceania,0.00045259108395564606,0.0001754997778146737,0.0
Tonga,0.00022629554197782303,0.0002500280077392487,0.0
Samoa,0.00022629554197782303,0.0002500280077392487,0.0
1977,0.00022629554197782303,0.0001754997778146737,0.0
1977-01-01,0.00022629554197782303,0.00032455623766382383,0.0
1781-01-01,0.0006788866259334691,0.0001754997778146737,0.0
Military,0.00022629554197782303,0.00022518526443105705,0.0
Continental Army,0.00045259108395564606,0.00037424172428020724,0.0
Commander-in-Chief of the Continental Army,0.00022629554197782303,0.00022518526443105705,0.0
Internet Engineering Task Force,0.0006788866259334691,0.0001754997778146737,0.0
Internet Standards,0.00022629554197782303,0.00022518526443105705,0.0
1986,0.00022629554197782303,0.00022518526443105705,0.0
Internet Society,0.00022629554197782303,0.00022518526443105705,0.0
1975,0.00022629554197782303,0.0001754997778146737,0.0
"January 1, 1975",0.00022629554197782303,0.00032455623766382383,0.0
The Scranton Times-Tribune,0.00045259108395564606,0.0001754997778146737,0.0
Local Newspaper,0.00022629554197782303,0.0002500280077392487,0.0
Tribune Publishing,0.00022629554197782303,0.0002500280077392487,0.0
GNU General Public License,0.0009051821679112921,0.0001754997778146737,0.0
Free Software Foundation,0.00022629554197782303,0.00021276389277696123,0.0
GNU,0.00022629554197782303,0.00021276389277696123,0.0
Free Software License,0.00022629554197782303,0.00021276389277696123,0.0
Richard Stallman,0.00022629554197782303,0.00021276389277696123,0.0
2005,0.00022629554197782303,0.0001754997778146737,0.0
"January 1, 2005",0.00022629554197782303,0.00032455623766382383,0.0
Hulu,0.00022629554197782303,0.0001754997778146737,0.0
Disney,0.00022629554197782303,0.00032455623766382383,0.0
Commonwealth of Nations,0.00045259108395564606,0.0001754997778146737,0.0
1931,0.00022629554197782303,0.0002500280077392487,0.0
Patricia Scotland,0.00022629554197782303,0.0002500280077392487,0.0
UTC+11:00,0.00022629554197782303,0.0001754997778146737,0.0
Various,0.00022629554197782303,0.00032455623766382383,0.0
Innovator Parent Org,0.00022629554197782303,0.0001754997778146737,0.0
2005-01-01,0.00022629554197782303,0.00032455623766382383,0.0
Chocolate Manufacturers Association,0.001131477709889115,0.0001754997778146737,0.0
Chocolate Industry Workers,0.00022629554197782303,0.0002053110697845037,0.0
Not Listed,0.00022629554197782303,0.0002053110697845037,0.0
National Confectioners Association,0.00022629554197782303,0.0002053110697845037,0.0
Confectionery,0.00045259108395564606,0.00024257518474679124,0.0
Susan Smith,0.00022629554197782303,0.0002053110697845037,0.0
Houston,0.00022629554197782303,0.0001754997778146737,0.0
Houston Rockets,0.00022629554197782303,0.00032455623766382383,0.0
1974,0.00022629554197782303,0.0001754997778146737,0.0
1974-01-01,0.00022629554197782303,0.00032455623766382383,0.0
International Animation Day,0.00022629554197782303,0.0001754997778146737,0.0
International Animated Film Association,0.0013577732518669382,0.00032455623766382383,2.5610631731306366e-07
1916,0.00022629554197782303,0.0002243482683924383,0.0
"Boeing Defense, Space & Security",0.00022629554197782303,0.0002243482683924383,0.0
David L. Calhoun,0.00022629554197782303,0.0002243482683924383,0.0
William E. Boeing,0.00022629554197782303,0.0002243482683924383,0.0
Apollo 11 Moon Landing,0.0006788866259334691,0.0001754997778146737,0.0
Moon,0.00022629554197782303,0.00022518526443105705,0.0
First Manned Moon Landing,0.00022629554197782303,0.00022518526443105705,0.0
"July 20, 1969",0.00022629554197782303,0.00022518526443105705,0.0
The Great Gatsby,0.00022629554197782303,0.000213890748231374,0.0
Simon & Schuster,0.00022629554197782303,0.000213890748231374,0.0
Writer,0.00022629554197782303,0.000213890748231374,0.0
1975-06-15,0.00045259108395564606,0.0004267517801083636,0.0
August 24,0.00022629554197782303,0.00021276389277696123,0.0
National Cat Day,0.0009051821679112921,0.0001754997778146737,0.0
Animal Welfare,0.0009051821679112921,0.00021276389277696123,2.0488505385045092e-07
Animal Welfare Organizations,0.0009051821679112921,0.00021276389277696123,1.5366379038783817e-07
President of the United States,0.00045259108395564606,0.0001754997778146737,0.0
"August 4, 1961",0.00022629554197782303,0.0002500280077392487,0.0
Wampum,0.00022629554197782303,0.0001967935577931237,0.0
Powhatan language,0.00022629554197782303,0.0001967935577931237,0.0
Algonquian Confederacy,0.00022629554197782303,0.0001967935577931237,0.0
Citizen,0.00045259108395564606,0.0001754997778146737,0.0
1990-01-01,0.00022629554197782303,0.0002500280077392487,0.0
Pfizer,0.00022629554197782303,0.0001754997778146737,0.0
Albert Bourla,0.00022629554197782303,0.00032455623766382383,0.0
Various occupations,0.001131477709889115,0.0001754997778146737,0.0
Financial Institution,0.00022629554197782303,0.0002053110697845037,0.0
Healthcare Organization,0.00022629554197782303,0.0002053110697845037,0.0
Awareness Campaign,0.0015840687938447613,0.0001754997778146737,0.0
Awareness Coordinator,0.00022629554197782303,0.0001967935577931237,0.0
Health Advocacy Group,0.00022629554197782303,0.0001967935577931237,0.0
Community Outreach Group,0.00022629554197782303,0.0001967935577931237,0.0
2023-09-01,0.00022629554197782303,0.0001967935577931237,0.0
2023-10-01,0.00022629554197782303,0.0001967935577931237,0.0
Global Research Institute,0.00022629554197782303,0.0001754997778146737,0.0
Dr. Jane Smith,0.00022629554197782303,0.00032455623766382383,0.0
Cultural Ambassador,0.0009051821679112921,0.0001754997778146737,0.0
Cultural Attaché,0.00022629554197782303,0.00021276389277696123,0.0
Cultural Diplomacy Advocate,0.00022629554197782303,0.00021276389277696123,0.0
Cultural Institute,0.00022629554197782303,0.00021276389277696123,0.0
Pharmaceuticals,0.0006788866259334691,0.0001754997778146737,0.0
Pharmaceutical Executive,0.00022629554197782303,0.00022518526443105705,0.0
Johnson & Johnson,0.00022629554197782303,0.00022518526443105705,0.0
Berkeley,0.00022629554197782303,0.0001754997778146737,0.0
Berkeley Unified School District,0.00045259108395564606,0.00032455623766382383,5.122126346261273e-08
Central Time Zone,0.001131477709889115,0.0001754997778146737,0.0
Wichita,0.00022629554197782303,0.0002053110697845037,0.0
New Orleans,0.00022629554197782303,0.0002053110697845037,0.0
Saint Louis,0.00022629554197782303,0.0002053110697845037,0.0
Minneapolis,0.00022629554197782303,0.0002053110697845037,0.0
Oklahoma City,0.00022629554197782303,0.0002053110697845037,0.0
Mountain Standard Time,0.0006788866259334691,0.0001754997778146737,0.0
America/Denver,0.00022629554197782303,0.00022518526443105705,0.0
America/Phoenix,0.00022629554197782303,0.00022518526443105705,0.0
America/Edmonton,0.00022629554197782303,0.00022518526443105705,0.0
Java,0.0009051821679112921,0.0001754997778146737,0.0
Object-Oriented Programming Language,0.00022629554197782303,0.00021276389277696123,0.0
1995-05-23,0.00022629554197782303,0.00021276389277696123,0.0
Deloitte,0.00045259108395564606,0.0001754997778146737,0.0
Professional Services,0.00022629554197782303,0.0002500280077392487,0.0
William Welch Deloitte,0.00022629554197782303,0.0002500280077392487,0.0
Advisory Board,0.00045259108395564606,0.0001754997778146737,0.0
Advisory Board Parent Organization,0.00022629554197782303,0.0002500280077392487,0.0
Advisory Board Organization,0.00022629554197782303,0.0002500280077392487,0.0
"November 20, 1942",0.0013577732518669382,0.00022874968769735768,4.9172412924108215e-06
1942-11-20,0.001131477709889115,0.00022874968769735768,4.3025861308594695e-06
San Jose State University,0.00045259108395564606,0.0001754997778146737,0.0
California State University,0.0006788866259334691,0.0002500280077392487,1.0244252692522546e-07
Public University,0.00022629554197782303,0.0002500280077392487,0.0
Various Contributors,0.00045259108395564606,0.0001754997778146737,0.0
Editor,0.00022629554197782303,0.0002500280077392487,0.0
Governor,0.001131477709889115,0.0001754997778146737,0.0
Governor of Texas,0.00022629554197782303,0.0002053110697845037,0.0
"Austin, Texas",0.00022629554197782303,0.0002053110697845037,0.0
State of Texas,0.00022629554197782303,0.0002053110697845037,0.0
Theoretical Physicist,0.0006788866259334691,0.0001754997778146737,0.0
Professor of Physics,0.00022629554197782303,0.00022518526443105705,0.0
California Institute of Technology,0.00022629554197782303,0.00022518526443105705,0.0
International Association of Fire Fighters,0.0006788866259334691,0.0001754997778146737,0.0
AFL-CIO,0.00022629554197782303,0.00022518526443105705,0.0
1918,0.00022629554197782303,0.00022518526443105705,0.0
Lee C. Bollinger,0.0006788866259334691,0.0001754997778146737,0.0
1951-04-30,0.00022629554197782303,0.00022518526443105705,0.0
President of Columbia University,0.00022629554197782303,0.00022518526443105705,0.0
Python Software Foundation,0.00045259108395564606,0.0001754997778146737,0.0
Guido van Rossum,0.00022629554197782303,0.0002500280077392487,0.0
Active Voter,0.0009051821679112921,0.0001754997778146737,0.0
Election Monitor,0.00022629554197782303,0.00021276389277696123,0.0
Civic Engagement Group,0.00022629554197782303,0.00021276389277696123,0.0
Electoral Office,0.00022629554197782303,0.00021276389277696123,0.0
Voting Rights Organization,0.00022629554197782303,0.00021276389277696123,0.0
Member of the House of Representatives,0.00045259108395564606,0.0001754997778146737,0.0
Congressional Office,0.00022629554197782303,0.0002500280077392487,0.0
Legislative Branch of the United States,0.00022629554197782303,0.0002500280077392487,0.0
Andrew Jackson,0.0006788866259334691,0.0001754997778146737,0.0
General,0.00022629554197782303,0.00022518526443105705,0.0
"Waxhaws, South Carolina",0.00022629554197782303,0.00022518526443105705,0.0
"March 15, 1767",0.00022629554197782303,0.00022518526443105705,0.0
Self-employed,0.001131477709889115,0.0001754997778146737,0.0
Freelancer,0.00022629554197782303,0.0002053110697845037,0.0
Contractor,0.00022629554197782303,0.0002053110697845037,0.0
Freelance Writer,0.00022629554197782303,0.0002053110697845037,0.0
Marketing Agency,0.00022629554197782303,0.0001754997778146737,0.0
Marketing,0.00022629554197782303,0.00032455623766382383,0.0
Los Angeles Lakers,0.0006788866259334691,0.0001754997778146737,0.0
Professional Basketball,0.00022629554197782303,0.00022518526443105705,0.0
Jerry Buss,0.00022629554197782303,0.00022518526443105705,0.0
Jack Kent Cooke,0.00022629554197782303,0.00022518526443105705,0.0
Atlantic Time Zone,0.0009051821679112921,0.0001754997778146737,0.0
Halifax,0.00022629554197782303,0.00021276389277696123,0.0
Fredericton,0.00022629554197782303,0.00021276389277696123,0.0
Charlottetown,0.00022629554197782303,0.00021276389277696123,0.0
Saint John,0.00022629554197782303,0.00021276389277696123,0.0
"White Plains, New York",0.00045259108395564606,0.0001754997778146737,0.0
PepsiCo,0.00022629554197782303,0.0002500280077392487,0.0
White Plains Hospital,0.00022629554197782303,0.0002500280077392487,0.0
1953,0.00022629554197782303,0.0001754997778146737,0.0
1953-01-01,0.00022629554197782303,0.00032455623766382383,0.0
"January 1, 2023",0.0009051821679112921,0.0001754997778146737,0.0
Tech Company Y,0.00022629554197782303,0.00021276389277696123,0.0
Example Book,0.00022629554197782303,0.00021276389277696123,0.0
Software Product X,0.00022629554197782303,0.00021276389277696123,0.0
Company Z,0.00022629554197782303,0.00021276389277696123,0.0
Science Communicator,0.0013577732518669382,0.0001754997778146737,0.0
Public Speaker,0.00022629554197782303,0.00020034252112286537,0.0
The Royal Society,0.00022629554197782303,0.00020034252112286537,0.0
National Science Teachers Association,0.00022629554197782303,0.00020034252112286537,0.0
Science Educator,0.00022629554197782303,0.00020034252112286537,0.0
Science Writer,0.00022629554197782303,0.00020034252112286537,0.0
National Geographic Society,0.00022629554197782303,0.00020034252112286537,0.0
UTC-5,0.0015840687938447613,0.0001754997778146737,0.0
Panama,0.00022629554197782303,0.0001967935577931237,0.0
Ecuador,0.00022629554197782303,0.0001967935577931237,0.0
Cuba,0.00022629554197782303,0.0001967935577931237,0.0
Haiti,0.00022629554197782303,0.0001967935577931237,0.0
Bahamas,0.00022629554197782303,0.0001967935577931237,0.0
Jamaica,0.00022629554197782303,0.0001967935577931237,0.0
Second Continental Congress,0.0009051821679112921,0.0001754997778146737,0.0
Colonial Leaders,0.00045259108395564606,0.00021276389277696123,5.122126346261273e-08
Legislative body,0.00022629554197782303,0.00021276389277696123,0.0
Colonial leaders,0.00022629554197782303,0.00021276389277696123,0.0
Seagate Technology,0.001131477709889115,0.0001754997778146737,0.0
Alan Shugart,0.00022629554197782303,0.0002053110697845037,0.0
Dave Mosley,0.00022629554197782303,0.0002053110697845037,0.0
Seagate Technology Holdings,0.00022629554197782303,0.0002053110697845037,0.0
George H. W. Bush,0.0006788866259334691,0.0001754997778146737,0.0
1924-06-12,0.00022629554197782303,0.00022518526443105705,0.0
Director of the Central Intelligence Agency,0.00022629554197782303,0.00022518526443105705,0.0
"Milton, Massachusetts",0.00022629554197782303,0.00022518526443105705,0.0
Police Officers,0.0018103643358225842,0.0001754997778146737,0.0
State Police,0.00022629554197782303,0.00019413183529581746,0.0
Law Enforcement Officer,0.00022629554197782303,0.00019413183529581746,0.0
Police Department,0.00022629554197782303,0.00019413183529581746,0.0
Federal Bureau of Investigation,0.00022629554197782303,0.00019413183529581746,0.0
City Police Department,0.00022629554197782303,0.00019413183529581746,0.0
Detective,0.00022629554197782303,0.00019413183529581746,0.0
Police Constable,0.00022629554197782303,0.00019413183529581746,0.0
Sergeant,0.00022629554197782303,0.00019413183529581746,0.0
Legislator,0.0009051821679112921,0.0001754997778146737,0.0
State Legislature,0.00022629554197782303,0.00021276389277696123,0.0
Assembly Member,0.00022629554197782303,0.00021276389277696123,0.0
City Council Member,0.00022629554197782303,0.00021276389277696123,0.0
Member of Congress,0.00022629554197782303,0.00021276389277696123,0.0
Language Advocate,0.0015840687938447613,0.0001754997778146737,0.0
Language Policy Advisor,0.00022629554197782303,0.0001967935577931237,0.0
Global Language Organization,0.00022629554197782303,0.0001967935577931237,0.0
Linguistic Researcher,0.00022629554197782303,0.0001967935577931237,0.0
National Language Association,0.00022629554197782303,0.0001967935577931237,0.0
Language Advocacy,0.00022629554197782303,0.0001967935577931237,0.0
Language Advocacy Organization,0.00022629554197782303,0.0001967935577931237,0.0
Language Rights Activist,0.00022629554197782303,0.0001967935577931237,0.0
TurboTax,0.00045259108395564606,0.0001754997778146737,0.0
Tax Preparation Software,0.00022629554197782303,0.0002500280077392487,0.0
XYZ Productions,0.00022629554197782303,0.0001754997778146737,0.0
2010-01-01,0.00022629554197782303,0.00032455623766382383,0.0
Hilton Worldwide,0.00022629554197782303,0.0001754997778146737,0.0
McLean,0.00022629554197782303,0.00032455623766382383,0.0
April Fools' Day,0.001131477709889115,0.0001754997778146737,0.0
Cultural Institutions,0.0024892509617560534,0.0002053110697845037,5.122126346261273e-07
April 1,0.0006788866259334691,0.0002053110697845037,1.0244252692522546e-07
1582,0.0013577732518669382,0.0002053110697845037,2.5610631731306366e-07
"April 1, 1582",0.002036659877800407,0.0002053110697845037,4.0977010770090183e-07
LeBron James,0.0013577732518669382,0.0001754997778146737,0.0
Small Forward,0.00022629554197782303,0.00020034252112286537,0.0
St. Vincent-St. Mary High School,0.00022629554197782303,0.00020034252112286537,0.0
Forward,0.001131477709889115,0.00020034252112286537,2.0488505385045092e-07
"December 30, 1984",0.00022629554197782303,0.00020034252112286537,0.0
"Akron, Ohio",0.00022629554197782303,0.00020034252112286537,0.0
Basketball Player,0.00022629554197782303,0.00020034252112286537,0.0
Representative,0.0009051821679112921,0.0001754997778146737,0.0
House of Representatives,0.00022629554197782303,0.00021276389277696123,0.0
Majority Whip,0.00022629554197782303,0.00021276389277696123,0.0
Leader of the Opposition,0.00022629554197782303,0.00021276389277696123,0.0
Chairperson of the Committee,0.00022629554197782303,0.00021276389277696123,0.0
Organization of American States,0.0006788866259334691,0.0001754997778146737,0.0
Luis Almagro,0.00022629554197782303,0.00022518526443105705,0.0
Inter-American Commission on Human Rights,0.00022629554197782303,0.00022518526443105705,0.0
Wikimedia Foundation,0.00045259108395564606,0.0001754997778146737,0.0
Internet,0.00022629554197782303,0.0002500280077392487,0.0
Jimmy Wales,0.00022629554197782303,0.0002500280077392487,0.0
Linguistic Society,0.00022629554197782303,0.0001754997778146737,0.0
1924,0.00022629554197782303,0.00032455623766382383,0.0
John F. Kennedy,0.00045259108395564606,0.0001754997778146737,0.0
1917-05-29,0.00022629554197782303,0.0002500280077392487,0.0
"Brookline, Massachusetts",0.00022629554197782303,0.0002500280077392487,0.0
Commander-in-Chief,0.001131477709889115,0.0001754997778146737,0.0
U.S. Military,0.00022629554197782303,0.0002053110697845037,0.0
1961-01-20,0.00022629554197782303,0.0002053110697845037,0.0
Chief Diplomat,0.00022629554197782303,0.0002053110697845037,0.0
Commander-in-Chief of the Armed Forces,0.00022629554197782303,0.0002053110697845037,0.0
Commander-in-Chief of the Navy,0.00022629554197782303,0.0002053110697845037,0.0
1040,0.0006788866259334691,0.0001754997778146737,0.0
Ranking Member of the House Committee on Education and Labor,0.00022629554197782303,0.00022518526443105705,0.0
Vice Chair of the House Committee on Armed Services,0.00022629554197782303,0.00022518526443105705,0.0
Chair of the House Committee on Oversight and Reform,0.00022629554197782303,0.00022518526443105705,0.0
Washington State University,0.00022629554197782303,0.0001754997778146737,0.0
Pullman,0.00022629554197782303,0.00032455623766382383,0.0
J.P. Morgan & Co.,0.00022629554197782303,0.0001754997778146737,0.0
1871,0.00022629554197782303,0.00032455623766382383,0.0
City of Newburyport,0.0013577732518669382,0.0001754997778146737,0.0
Newburyport Public Library,0.00022629554197782303,0.00020034252112286537,0.0
Newburyport Chamber of Commerce,0.00022629554197782303,0.00020034252112286537,0.0
Newburyport Public Schools,0.00022629554197782303,0.00020034252112286537,0.0
City of Newburyport Police Department,0.00022629554197782303,0.00020034252112286537,0.0
Newburyport Fire Department,0.00022629554197782303,0.00020034252112286537,0.0
Newburyport Development Authority,0.00022629554197782303,0.00020034252112286537,0.0
Registered Voter,0.00045259108395564606,0.0001754997778146737,0.0
Political Activist,0.00022629554197782303,0.0002500280077392487,0.0
Electorate,0.00022629554197782303,0.0002500280077392487,0.0
Treasurer,0.001131477709889115,0.0001754997778146737,0.0
Department of the Treasury,0.00022629554197782303,0.0002053110697845037,0.0
Public Financial Officer,0.00022629554197782303,0.0002053110697845037,0.0
Government Financial Officer,0.00022629554197782303,0.0002053110697845037,0.0
Treasurer of the United States,0.00022629554197782303,0.0002053110697845037,0.0
Financial Administrator,0.00022629554197782303,0.0002053110697845037,0.0
1955,0.00045259108395564606,0.0001754997778146737,0.0
"January 1, 1955",0.00022629554197782303,0.0002500280077392487,0.0
Retired,0.00022629554197782303,0.0002500280077392487,0.0
Stacey Cunningham,0.00045259108395564606,0.0001754997778146737,0.0
President of the New York Stock Exchange,0.00022629554197782303,0.0002500280077392487,0.0
1974-12-21,0.00022629554197782303,0.0002500280077392487,0.0
Bethesda,0.00022629554197782303,0.0001754997778146737,0.0
Video Game Developer,0.00022629554197782303,0.00032455623766382383,0.0
Hershey Chocolate Company,0.0009051821679112921,0.0001754997778146737,0.0
Michele Buck,0.00022629554197782303,0.00021276389277696123,0.0
The Hershey Trust Company,0.00022629554197782303,0.00021276389277696123,0.0
Civic Engagement Organization,0.00022629554197782303,0.0001754997778146737,0.0
Civic Alliance,0.00022629554197782303,0.00032455623766382383,0.0
Newburyport,0.00022629554197782303,0.0001754997778146737,0.0
City Councilor,0.00022629554197782303,0.00032455623766382383,0.0
Aviation,0.0009051821679112921,0.0001754997778146737,0.0
Airbus,0.00022629554197782303,0.00021276389277696123,0.0
United Airlines,0.00022629554197782303,0.00021276389277696123,0.0
Alaska Airlines,0.00022629554197782303,0.00021276389277696123,0.0
Spirit Airlines,0.00022629554197782303,0.00021276389277696123,0.0
United States Department of the Treasury,0.00022629554197782303,0.0001754997778146737,0.0
Alexander Hamilton,0.00022629554197782303,0.00032455623766382383,0.0
Political Science,0.00045259108395564606,0.0001754997778146737,0.0
Academia,0.00022629554197782303,0.0002500280077392487,0.0
American Political Science Association,0.00022629554197782303,0.0002500280077392487,0.0
National Trust for Historic Preservation,0.00022629554197782303,0.0001754997778146737,0.0
Preservation Society,0.00022629554197782303,0.00032455623766382383,0.0
Franklin D. Roosevelt,0.00022629554197782303,0.0001754997778146737,0.0
"Hyde Park, New York",0.00022629554197782303,0.00032455623766382383,0.0
UTC-8,0.00045259108395564606,0.0001754997778146737,0.0
Tijuana,0.00022629554197782303,0.0002500280077392487,0.0
Vancouver,0.00022629554197782303,0.0002500280077392487,0.0
1964,0.00022629554197782303,0.0001754997778146737,0.0
1964-01-01,0.00022629554197782303,0.00032455623766382383,0.0
Secretary,0.001131477709889115,0.0001754997778146737,0.0
Department of State,0.00022629554197782303,0.0002053110697845037,0.0
Secretary of Treasury,0.00022629554197782303,0.0002053110697845037,0.0
Secretary of Defense,0.00022629554197782303,0.0002053110697845037,0.0
Department of Treasury,0.00022629554197782303,0.0002053110697845037,0.0
Secretary of State,0.00022629554197782303,0.0002053110697845037,0.0
Time Zone Name,0.0006788866259334691,0.0001754997778146737,0.0
Venezuela,0.0018103643358225842,0.00022518526443105705,3.585488442382891e-07
Tobacco,0.0009051821679112921,0.0001754997778146737,0.0
Altria Group,0.00022629554197782303,0.00021276389277696123,0.0
Americas,0.00022629554197782303,0.00021276389277696123,0.0
Philip Morris International,0.00022629554197782303,0.00021276389277696123,0.0
Cash Crop,0.00022629554197782303,0.00021276389277696123,0.0
1790,0.00022629554197782303,0.0001754997778146737,0.0
1790-01-01,0.00022629554197782303,0.00032455623766382383,0.0
Inter Miami CF,0.00045259108395564606,0.0001754997778146737,0.0
David Beckham,0.0006788866259334691,0.0002500280077392487,1.0244252692522546e-07
Fort Lauderdale,0.00022629554197782303,0.0002500280077392487,0.0
David I. McKay,0.00022629554197782303,0.0001754997778146737,0.0
1963-10-15,0.00022629554197782303,0.00032455623766382383,0.0
National Chocolate Day,0.00022629554197782303,0.0001754997778146737,0.0
1920,0.00022629554197782303,0.00032455623766382383,0.0
Barack Obama,0.0006788866259334691,0.0001754997778146737,0.0
Former President,0.00022629554197782303,0.00022518526443105705,0.0
1961-08-04,0.00022629554197782303,0.00022518526443105705,0.0
Former President of the United States,0.00022629554197782303,0.00022518526443105705,0.0
Comcast,0.00022629554197782303,0.0001754997778146737,0.0
Ralph Roberts,0.00022629554197782303,0.00032455623766382383,0.0
Senator,0.00045259108395564606,0.0001754997778146737,0.0
"January 1, 1960",0.00022629554197782303,0.0002500280077392487,0.0
U.S. Senate,0.00022629554197782303,0.0002500280077392487,0.0
University of Illinois,0.00022629554197782303,0.0001754997778146737,0.0
"Champaign, Illinois",0.00022629554197782303,0.00032455623766382383,0.0
Mountain Time Zone,0.0006788866259334691,0.0001754997778146737,0.0
Phoenix,0.00022629554197782303,0.00022518526443105705,0.0
Tucson,0.00022629554197782303,0.00022518526443105705,0.0
Salt Lake City,0.00022629554197782303,0.00022518526443105705,0.0
General Electric,0.0006788866259334691,0.0001754997778146737,0.0
1892,0.00022629554197782303,0.00022518526443105705,0.0
Electrical Equipment,0.00022629554197782303,0.00022518526443105705,0.0
GE Aviation,0.00022629554197782303,0.00022518526443105705,0.0
Incorporation Country Name,0.00045259108395564606,0.0001754997778146737,0.0
Ireland,0.00022629554197782303,0.0002500280077392487,0.0
JavaScript,0.001131477709889115,0.0001754997778146737,0.0
Brendan Eich,0.00022629554197782303,0.0002053110697845037,0.0
Mozilla Foundation,0.00022629554197782303,0.0002053110697845037,0.0
ECMAScript,0.00022629554197782303,0.0002053110697845037,0.0
Client-side scripting language,0.00022629554197782303,0.0002053110697845037,0.0
Mozilla Corporation,0.00022629554197782303,0.0002053110697845037,0.0
TypeScript,0.00022629554197782303,0.0001754997778146737,0.0
2012,0.00022629554197782303,0.00032455623766382383,0.0
Operation Mars,0.001131477709889115,0.0001754997778146737,0.0
Military Operation,0.00022629554197782303,0.0002053110697845037,0.0
Department of Defense,0.00022629554197782303,0.0002053110697845037,0.0
U.S. Central Command,0.00022629554197782303,0.0002053110697845037,0.0
United States Army,0.00022629554197782303,0.0002053110697845037,0.0
1950-10-24,0.00022629554197782303,0.0001754997778146737,0.0
"October 24, 1950",0.00022629554197782303,0.00032455623766382383,0.0
David L. Mills,0.0009051821679112921,0.0001754997778146737,0.0
"Newark, New Jersey",0.00022629554197782303,0.00021276389277696123,0.0
1944-04-18,0.00022629554197782303,0.00021276389277696123,0.0
Network Time Protocol Developer,0.00022629554197782303,0.00021276389277696123,0.0
Public Administrator,0.00045259108395564606,0.0001754997778146737,0.0
County Administrator,0.00022629554197782303,0.0002500280077392487,0.0
Town Manager,0.00022629554197782303,0.0002500280077392487,0.0
Hewlett-Packard,0.0009051821679112921,0.0001754997778146737,0.0
Bill Hewlett,0.00022629554197782303,0.00021276389277696123,0.0
HP Inc.,0.00022629554197782303,0.00021276389277696123,0.0
Dave Packard,0.00022629554197782303,0.00021276389277696123,0.0
Diane Greene,0.00022629554197782303,0.00021276389277696123,0.0
Naughty Dog,0.00022629554197782303,0.0001754997778146737,0.0
Sony Interactive Entertainment,0.0009051821679112921,0.00032455623766382383,1.5366379038783817e-07
1908,0.00022629554197782303,0.0001754997778146737,0.0
1908-01-01,0.00022629554197782303,0.00032455623766382383,0.0
University of Linguistics,0.00022629554197782303,0.0001754997778146737,0.0
Linguist City,0.00022629554197782303,0.00032455623766382383,0.0
Adena Friedman,0.00045259108395564606,0.0001754997778146737,0.0
President and CEO,0.00022629554197782303,0.0002500280077392487,0.0
1970-07-27,0.00022629554197782303,0.0002500280077392487,0.0
San Jose,0.00022629554197782303,0.0001754997778146737,0.0
Mayor of San Jose,0.00022629554197782303,0.00032455623766382383,0.0
Chief Innovation Officer,0.0006788866259334691,0.00021276389277696123,1.0244252692522546e-07
Innovator CEO,0.00022629554197782303,0.00021276389277696123,0.0
New York Times,0.00045259108395564606,0.0001754997778146737,0.0
A.G. Sulzberger,0.00045259108395564606,0.0002500280077392487,5.122126346261273e-08
Celebration,0.0013577732518669382,0.00021276389277696123,5.634338980887401e-07
Colleen Paige,0.0009051821679112921,0.00021276389277696123,1.5366379038783817e-07
October 29,0.0015840687938447613,0.00021276389277696123,3.0732758077567635e-07
Engineering,0.00022629554197782303,0.0001754997778146737,0.0
Engineer,0.00045259108395564606,0.00032455623766382383,5.122126346261273e-08
Year of significant events,0.00022629554197782303,0.00021276389277696123,0.0
Powhatan,0.00022629554197782303,0.0001967935577931237,0.0
Oracle Cloud,0.00045259108395564606,0.0001754997778146737,0.0
Larry Ellison,0.0006788866259334691,0.0002500280077392487,1.0244252692522546e-07
Auburn,0.00022629554197782303,0.00022518526443105705,0.0
Lemuel Foster,0.00022629554197782303,0.00022518526443105705,0.0
Resident,0.00022629554197782303,0.0002500280077392487,0.0
Global Business Academy,0.00022629554197782303,0.0001754997778146737,0.0
Director,0.00022629554197782303,0.00032455623766382383,0.0
American Express,0.0009051821679112921,0.0001754997778146737,0.0
Stephen Squeri,0.00022629554197782303,0.00021276389277696123,0.0
1885,0.00022629554197782303,0.0001754997778146737,0.0
Local Election Office,0.00022629554197782303,0.0001754997778146737,0.0
Global Tech Corp.,0.00045259108395564606,0.0001754997778146737,0.0
John Smith,0.00045259108395564606,0.0002500280077392487,5.122126346261273e-08
Alice Johnson,0.00022629554197782303,0.0002500280077392487,0.0
Data Scientist,0.00045259108395564606,0.0002053110697845037,5.122126346261273e-08
Software Engineer,0.00022629554197782303,0.0002053110697845037,0.0
Brian Roberts,0.00045259108395564606,0.0002500280077392487,5.122126346261273e-08
Jane Smith,0.00022629554197782303,0.00022518526443105705,0.0
Global Charity,0.00045259108395564606,0.0001754997778146737,0.0
Executive Director,0.00045259108395564606,0.0002500280077392487,5.122126346261273e-08
Example Corp,0.00022629554197782303,0.0001754997778146737,0.0
Jane Doe,0.00022629554197782303,0.00032455623766382383,0.0
Washington State Legislature,0.00022629554197782303,0.0001754997778146737,0.0
Environmental Advocate,0.0006788866259334691,0.0002500280077392487,2.0488505385045092e-07
Larry Page,0.00045259108395564606,0.00021276389277696123,5.122126346261273e-08
Virginia,0.00022629554197782303,0.0001754997778146737,0.0
Higher Education,0.00045259108395564606,0.0001754997778146737,0.0
Higher Education Administrator,0.00022629554197782303,0.0002500280077392487,0.0
Voter,0.00022629554197782303,0.0001754997778146737,0.0
Civic Participant,0.00045259108395564606,0.00032455623766382383,5.122126346261273e-08
Semiconductors,0.00022629554197782303,0.0002500280077392487,0.0
Mexico City,0.00022629554197782303,0.0003352495074627257,0.0
"Facebook, Inc.",0.00022629554197782303,0.0001754997778146737,0.0
Mark Zuckerberg,0.00045259108395564606,0.00032455623766382383,5.122126346261273e-08
Pacific Time,0.00022629554197782303,0.0001754997778146737,0.0
Programmer,0.00022629554197782303,0.0001754997778146737,0.0
Software Developer,0.0006788866259334691,0.00032455623766382383,1.0244252692522546e-07
Board of Directors,0.0006788866259334691,0.0001754997778146737,0.0
2000-01-01,0.00022629554197782303,0.00022518526443105705,0.0
Steve Jobs,0.00045259108395564606,0.00022518526443105705,1.0244252692522546e-07
Exchange Name,0.00022629554197782303,0.0001754997778146737,0.0
Microsoft Azure,0.00022629554197782303,0.0001754997778146737,0.0
CEO of NYSE Euronext,0.00022629554197782303,0.0001754997778146737,0.0
Salesforce.org,0.00022629554197782303,0.0001754997778146737,0.0
Marc Benioff,0.00045259108395564606,0.00032455623766382383,5.122126346261273e-08
James Gosling,0.00022629554197782303,0.00021276389277696123,0.0
Sun Microsystems,0.00022629554197782303,0.0001754997778146737,0.0
Mark Hurd,0.00045259108395564606,0.00032455623766382383,5.122126346261273e-08
Burbank,0.00022629554197782303,0.0001754997778146737,0.0
Pacific Standard Time,0.00022629554197782303,0.0001754997778146737,0.0
Nokia,0.001131477709889115,0.00021276389277696123,2.0488505385045092e-07
Information Technology Hub,0.00022629554197782303,0.0001754997778146737,0.0
Innovation Leader,0.00045259108395564606,0.00032455623766382383,5.122126346261273e-08
Chairman of the Senate Foreign Relations Committee,0.00022629554197782303,0.00022874968769735768,0.0
Jane Fraser,0.0006788866259334691,0.00022518526443105705,1.0244252692522546e-07
C++,0.00022629554197782303,0.0001754997778146737,0.0
Bjarne Stroustrup,0.00022629554197782303,0.00032455623766382383,0.0
John Warnock,0.00045259108395564606,0.0002500280077392487,5.122126346261273e-08
McGarry and Associates,0.00022629554197782303,0.0001754997778146737,0.0
Daniel E. McGarry,0.00022629554197782303,0.00032455623766382383,0.0
Oracle,0.00022629554197782303,0.0001754997778146737,0.0
Safra Catz,0.0006788866259334691,0.00032455623766382383,1.0244252692522546e-07
Wikipedia,0.00022629554197782303,0.0002500280077392487,0.0
Janet Yellen,0.00045259108395564606,0.00034568717387310587,2.0488505385045092e-07
Research Scientist,0.00022629554197782303,0.00022518526443105705,0.0
Firefighters,0.0013577732518669382,0.00022518526443105705,2.5610631731306366e-07
Lenovo,0.001131477709889115,0.0002053110697845037,2.0488505385045092e-07
Montgomery,0.00022629554197782303,0.0001754997778146737,0.0
Martin Luther King Jr.,0.002036659877800407,0.00032455623766382383,4.0977010770090183e-07
Research University,0.00022629554197782303,0.0001754997778146737,0.0
Richard Ketchum,0.0006788866259334691,0.0002500280077392487,1.0244252692522546e-07
Scientific Writer,0.00022629554197782303,0.00034099141027104323,0.0
Business Owner,0.0006788866259334691,0.0002053110697845037,1.0244252692522546e-07
Consultant,0.00022629554197782303,0.0002053110697845037,0.0
Revolution,0.00022629554197782303,0.0001754997778146737,0.0
MIT,0.00045259108395564606,0.0001754997778146737,0.0
Organization X,0.00022629554197782303,0.0001754997778146737,0.0
Founder,0.00022629554197782303,0.00032455623766382383,0.0
Communication,0.00022629554197782303,0.0001754997778146737,0.0
Director of Communication,0.0009051821679112921,0.00032455623766382383,1.5366379038783817e-07
1961,0.00022629554197782303,0.00020034252112286537,0.0
Mayor of Olympia,0.00022629554197782303,0.0002500280077392487,0.0
1959-10-06,0.00022629554197782303,0.0001754997778146737,0.0
Jamie Dimon,0.00045259108395564606,0.0002500280077392487,5.122126346261273e-08
Colombia,0.001131477709889115,0.0001967935577931237,2.0488505385045092e-07
1965-01-01,0.00022629554197782303,0.0001754997778146737,0.0
Dr. Sudip Parikh,0.00022629554197782303,0.0002500280077392487,0.0
University of California,0.00045259108395564606,0.0001754997778146737,0.0
Kamala Harris,0.0013577732518669382,0.0002500280077392487,2.5610631731306366e-07
Year of the Pandemic,0.0006788866259334691,0.0002500280077392487,1.0244252692522546e-07
Chuck Robbins,0.0006788866259334691,0.0002500280077392487,1.0244252692522546e-07
Seattle,0.00022629554197782303,0.0001754997778146737,0.0
Jeff Bezos,0.00045259108395564606,0.00032455623766382383,5.122126346261273e-08
Retail,0.002036659877800407,0.0002500280077392487,4.0977010770090183e-07
Continental Currency,0.00022629554197782303,0.0001754997778146737,0.0
Henry Ford,0.0009051821679112921,0.0002053110697845037,1.5366379038783817e-07
Various organizations,0.00022629554197782303,0.0002500280077392487,0.0
City Council,0.00022629554197782303,0.0001754997778146737,0.0
Robert Noyce,0.0006788866259334691,0.00022518526443105705,1.0244252692522546e-07
Pat Gelsinger,0.00045259108395564606,0.00022518526443105705,5.122126346261273e-08
Windows,0.00045259108395564606,0.00022518526443105705,5.122126346261273e-08
Secretary-General,0.00045259108395564606,0.0002053110697845037,5.122126346261273e-08
Travis Kalanick,0.00045259108395564606,0.00022518526443105705,5.122126346261273e-08
1884-01-01,0.00022629554197782303,0.0001754997778146737,0.0
Brian Moynihan,0.0006788866259334691,0.00022518526443105705,1.0244252692522546e-07
Hospitality Industry,0.0009051821679112921,0.0001754997778146737,0.0
Spain,0.00022629554197782303,0.00021276389277696123,0.0
Linux Foundation,0.00022629554197782303,0.0001754997778146737,0.0
Brazil,0.00045259108395564606,0.00022518526443105705,5.122126346261273e-08
Argentina,0.0013577732518669382,0.00022518526443105705,2.5610631731306366e-07
Switzerland,0.0006788866259334691,0.00021276389277696123,1.0244252692522546e-07
Morgan Stanley,0.00022629554197782303,0.0001754997778146737,0.0
James Gorman,0.0006788866259334691,0.00032455623766382383,1.0244252692522546e-07
Netherlands,0.001131477709889115,0.0002500280077392487,2.0488505385045092e-07
Hannibal School District,0.00022629554197782303,0.0001754997778146737,0.0
Salem,0.00022629554197782303,0.0001754997778146737,0.0
Texas A&M University,0.00022629554197782303,0.0001754997778146737,0.0
K. K. Y. Wong,0.00045259108395564606,0.00032455623766382383,5.122126346261273e-08
Professor Emeritus,0.00045259108395564606,0.00021276389277696123,5.122126346261273e-08
Head of Government,0.0009051821679112921,0.0001754997778146737,0.0
Prime Minister,0.00045259108395564606,0.00021276389277696123,5.122126346261273e-08
Telangana State Government,0.0006788866259334691,0.0001754997778146737,0.0
Moscow,0.0015840687938447613,0.00021169152698728765,6.146551615513527e-07
Tokyo,0.00022629554197782303,0.00021169152698728765,0.0
Government of Brazil,0.0006788866259334691,0.0002766342939226692,5.122126346261273e-07
Mexican Peso,0.00022629554197782303,0.00030319848442911495,0.0
Secretary-General of the United Nations Food and Agriculture Organization,0.00022629554197782303,0.0002591429466003687,0.0
First Anglo-Powhatan War,0.0013577732518669382,0.0001754997778146737,0.0
Portuguese Football Federation,0.00045259108395564606,0.0001754997778146737,0.0
FC Copenhagen,0.0015840687938447613,0.0001754997778146737,0.0
Danish Krone,0.0006788866259334691,0.0001967935577931237,1.0244252692522546e-07
Timorese,0.00022629554197782303,0.0001754997778146737,0.0
Cabinet of Japan,0.0006788866259334691,0.0001754997778146737,0.0
Charles Darwin,0.0013577732518669382,0.0001754997778146737,0.0
University of Edinburgh,0.00045259108395564606,0.00020034252112286537,5.122126346261273e-08
Shrewsbury,0.0013577732518669382,0.00020034252112286537,2.5610631731306366e-07
British,0.0009051821679112921,0.00020034252112286537,1.5366379038783817e-07
Brasília Time,0.0006788866259334691,0.0001754997778146737,0.0
Unknown Place,0.00022629554197782303,0.00031025802713484303,0.0
Oxford,0.00022629554197782303,0.0001754997778146737,0.0
Leader of the Government,0.00045259108395564606,0.00031383257976708823,1.0244252692522546e-07
Indian Languages,0.001131477709889115,0.0001754997778146737,0.0
Dave McKay,0.00022629554197782303,0.0001754997778146737,0.0
1965-03-15,0.00022629554197782303,0.00032455623766382383,0.0
1958-07-14,0.00022629554197782303,0.00031383257976708823,0.0
Australian,0.00045259108395564606,0.0003670478377363356,0.0
Sony Corporation,0.0009051821679112921,0.0001754997778146737,0.0
Sony Group Corporation,0.00022629554197782303,0.00021276389277696123,0.0
1946-05-07,0.00022629554197782303,0.00021276389277696123,0.0
Masaru Ibuka,0.00022629554197782303,0.00021276389277696123,0.0
Kenichiro Yoshida,0.00045259108395564606,0.00021276389277696123,5.122126346261273e-08
Luis Gallego,0.00022629554197782303,0.0001754997778146737,0.0
1966-10-01,0.00022629554197782303,0.00032455623766382383,0.0
1959-10-25,0.00022629554197782303,0.00027129619841519527,0.0
"Marblehead, Massachusetts",0.00022629554197782303,0.00027129619841519527,0.0
1960-03-05,0.00022629554197782303,0.0003670926190157168,0.0
1964-09-25,0.00022629554197782303,0.00045216538171950266,0.0
1967-07-01,0.00022629554197782303,0.00027129619841519527,0.0
St. Andrews,0.00022629554197782303,0.00027129619841519527,0.0
Current Position Title,0.0015840687938447613,0.0001754997778146737,0.0
Publication Date,0.00022629554197782303,0.0001967935577931237,0.0
Release Date,0.00022629554197782303,0.0001967935577931237,0.0
Creative Designs Co.,0.00022629554197782303,0.0001967935577931237,0.0
Series Name,0.00022629554197782303,0.0001967935577931237,0.0
Language Name,0.00045259108395564606,0.0002429044917772619,0.0
Developing Organization Name,0.00022629554197782303,0.0001967935577931237,0.0
Author Name,0.00022629554197782303,0.0001967935577931237,0.0
1927-12-12,0.00022629554197782303,0.00027129619841519527,0.0
"Burlingame, California",0.00022629554197782303,0.00027129619841519527,0.0
"March 26, 1973",0.00022629554197782303,0.0003564585236777435,0.0
IAG,0.00045259108395564606,0.0001754997778146737,0.0
Insurance,0.00022629554197782303,0.0002500280077392487,0.0
IAG Group,0.00022629554197782303,0.0002500280077392487,0.0
1965-09-23,0.00022629554197782303,0.00028193029375316844,0.0
North Carolina,0.00022629554197782303,0.00028193029375316844,0.0
Holon,0.00022629554197782303,0.00031383257976708823,0.0
1961-12-01,0.00022629554197782303,0.00031383257976708823,0.0
Bayer AG,0.0006788866259334691,0.0001754997778146737,0.0
Friedrich Bayer,0.00022629554197782303,0.00022518526443105705,0.0
Fritz Bayer,0.00022629554197782303,0.00022518526443105705,0.0
Leverkusen,0.00022629554197782303,0.00022518526443105705,0.0
Bharat Masrani,0.00022629554197782303,0.0001754997778146737,0.0
1962-01-01,0.00045259108395564606,0.0004150356105953588,0.0
1933-10-06,0.00022629554197782303,0.0003883608096916632,0.0
Salil Parekh,0.0006788866259334691,0.0001754997778146737,0.0
Indian Institute of Technology Bombay,0.00022629554197782303,0.00022518526443105705,0.0
1964-04-01,0.00022629554197782303,0.00022518526443105705,0.0
Indian,0.00022629554197782303,0.00022518526443105705,0.0
Christian Sewing,0.00045259108395564606,0.0001754997778146737,0.0
Bielefeld,0.00022629554197782303,0.0002500280077392487,0.0
1970-04-15,0.00022629554197782303,0.0002500280077392487,0.0
1976-08-06,0.00022629554197782303,0.0003670926190157168,0.0
Tim O'Reilly,0.00022629554197782303,0.0001754997778146737,0.0
1954-06-06,0.00022629554197782303,0.00032455623766382383,0.0
Bertelsmann,0.0006788866259334691,0.0001754997778146737,0.0
Thomas Rabe,0.00022629554197782303,0.00022518526443105705,0.0
RTL Group,0.00022629554197782303,0.00022518526443105705,0.0
Gütersloh,0.00022629554197782303,0.00022518526443105705,0.0
Siemens,0.00045259108395564606,0.0001754997778146737,0.0
Siemens AG,0.00022629554197782303,0.0002500280077392487,0.0
Joe Kaeser,0.00022629554197782303,0.0002500280077392487,0.0
Volkswagen AG,0.0009051821679112921,0.0001754997778146737,0.0
Ferdinand Porsche,0.001131477709889115,0.00036182035262611136,3.0732758077567635e-07
Herbert Diess,0.0006788866259334691,0.00021276389277696123,1.0244252692522546e-07
Wolfsburg,0.00022629554197782303,0.00021276389277696123,0.0
1937,0.00045259108395564606,0.00036182035262611136,0.0
Morrisville,0.00022629554197782303,0.00021914434997974516,0.0
HKEX,0.00022629554197782303,0.00021914434997974516,0.0
Legend Holdings,0.00022629554197782303,0.00021914434997974516,0.0
Yang Yuanqing,0.00022629554197782303,0.00021914434997974516,0.0
Reed Hastings,0.00045259108395564606,0.0001754997778146737,0.0
Co-CEO,0.00022629554197782303,0.0002500280077392487,0.0
"October 8, 1960",0.00045259108395564606,0.0002500280077392487,5.122126346261273e-08
1955-02-24,0.00045259108395564606,0.0003670926190157168,1.0244252692522546e-07
Baidu,0.00045259108395564606,0.0001754997778146737,0.0
Robin Li,0.00022629554197782303,0.0002500280077392487,0.0
"Baidu, Inc.",0.00045259108395564606,0.0003112188372119761,0.0
Espoo,0.00022629554197782303,0.00022073946428044115,0.0
Nokia Networks,0.00022629554197782303,0.00022073946428044115,0.0
Rajeev Suri,0.00022629554197782303,0.00022073946428044115,0.0
Pekka Lundmark,0.00022629554197782303,0.00022073946428044115,0.0
Huawei,0.00045259108395564606,0.0001754997778146737,0.0
Ren Zhengfei,0.00022629554197782303,0.0002500280077392487,0.0
Guangdong,0.00022629554197782303,0.0002500280077392487,0.0
Machine Learning Engineer,0.00022629554197782303,0.00035007806647495963,0.0
User Experience Designer,0.00022629554197782303,0.0001754997778146737,0.0
LinkedIn,0.00022629554197782303,0.00032455623766382383,0.0
Social Media Analyst,0.00022629554197782303,0.0001754997778146737,0.0
Brand Manager,0.00022629554197782303,0.00032455623766382383,0.0
Learner,0.00022629554197782303,0.0001754997778146737,0.0
Graduate Student,0.00022629554197782303,0.00032455623766382383,0.0
Various jobs,0.00022629554197782303,0.0001754997778146737,0.0
Sales Representative,0.00022629554197782303,0.00032455623766382383,0.0
Web Developer,0.001131477709889115,0.0001754997778146737,0.0
Innovative Solutions Inc.,0.00022629554197782303,0.0002053110697845037,0.0
Frontend Developer,0.00022629554197782303,0.0002053110697845037,0.0
Backend Developer,0.00022629554197782303,0.0002053110697845037,0.0
Digital Innovations Ltd.,0.00022629554197782303,0.0002053110697845037,0.0
Creative Tech Co.,0.00022629554197782303,0.0002053110697845037,0.0
Nelson Mandela,0.0009051821679112921,0.0001754997778146737,0.0
African National Congress,0.00045259108395564606,0.00021276389277696123,5.122126346261273e-08
1918-07-18,0.00022629554197782303,0.00021276389277696123,0.0
President of South Africa,0.00022629554197782303,0.00021276389277696123,0.0
Mvezo,0.00022629554197782303,0.00021276389277696123,0.0
Cairo,0.00022629554197782303,0.00023106056299763576,0.0
African CFA franc,0.00022629554197782303,0.00023106056299763576,0.0
Ethiopia,0.00045259108395564606,0.00026087185496746583,0.0
Klein Karoo,0.00022629554197782303,0.000199639927701985,0.0
Die Roodkapje,0.00022629554197782303,0.000199639927701985,0.0
Die Kraal,0.00022629554197782303,0.000199639927701985,0.0
Die Vrou wat Haar Man Verlaat het,0.00022629554197782303,0.000199639927701985,0.0
Kleinboet,0.00022629554197782303,0.000199639927701985,0.0
Fiela se Kind,0.00022629554197782303,0.000199639927701985,0.0
Die Stem van Suid-Afrika,0.00022629554197782303,0.000199639927701985,0.0
Kook en Geniet,0.00022629554197782303,0.000199639927701985,0.0
Congolese franc,0.00022629554197782303,0.0002331215097088551,0.0
Democratic Republic of the Congo,0.00022629554197782303,0.0002331215097088551,0.0
Kinshasa,0.00022629554197782303,0.0002331215097088551,0.0
Congo Free State,0.00022629554197782303,0.0002331215097088551,0.0
Various institutions,0.00022629554197782303,0.0001754997778146737,0.0
Duke University,0.00045259108395564606,0.00032455623766382383,5.122126346261273e-08
American Philosophical Society,0.00022629554197782303,0.00020245902426803888,0.0
Boston Latin School,0.00022629554197782303,0.00020245902426803888,0.0
Inventor,0.00022629554197782303,0.00020245902426803888,0.0
Diplomat,0.00022629554197782303,0.00020245902426803888,0.0
Postmaster General,0.00045259108395564606,0.000276987254192614,0.0
Pennsylvania Assembly,0.00022629554197782303,0.00020245902426803888,0.0
1706-01-17,0.00022629554197782303,0.00020245902426803888,0.0
Gavin Newsom,0.0006788866259334691,0.0001754997778146737,0.0
1967-10-10,0.00022629554197782303,0.00022518526443105705,0.0
"San Francisco, California",0.00022629554197782303,0.00022518526443105705,0.0
"October 10, 1967",0.00022629554197782303,0.00022518526443105705,0.0
Vietnam War Protests,0.0006788866259334691,0.0001754997778146737,0.0
Students for a Democratic Society,0.00022629554197782303,0.00022518526443105705,0.0
National Mobilization Committee to End the War in Vietnam,0.00022629554197782303,0.00022518526443105705,0.0
American Friends Service Committee,0.00022629554197782303,0.00022518526443105705,0.0
1985-11-20,0.00022629554197782303,0.0003670926190157168,0.0
Seoul,0.001131477709889115,0.0001754997778146737,0.0
Park Won-soon,0.00022629554197782303,0.0002053110697845037,0.0
Korean,0.00022629554197782303,0.0002053110697845037,0.0
South Korean Won,0.00045259108395564606,0.0002798392997090788,0.0
Samsung Electronics,0.001131477709889115,0.0002053110697845037,2.0488505385045092e-07
LG Electronics,0.0009051821679112921,0.0002053110697845037,1.5366379038783817e-07
Taiwan Provincial Government,0.0006788866259334691,0.0001754997778146737,0.0
New Taiwan Dollar,0.00045259108395564606,0.00027487075104744047,0.0
Executive Yuan,0.00022629554197782303,0.00022518526443105705,0.0
Mandarin Chinese,0.00045259108395564606,0.00027487075104744047,0.0
Shenzhen Special Economic Zone,0.00045259108395564606,0.0001754997778146737,0.0
Shenzhen Municipal Government,0.00022629554197782303,0.0002500280077392487,0.0
Economic Development Zone,0.00022629554197782303,0.0002500280077392487,0.0
Taipei Standard Time,0.0006788866259334691,0.0001754997778146737,0.0
Asia/Taipei,0.00022629554197782303,0.00022518526443105705,0.0
Hsinchu Science Park,0.0013577732518669382,0.0001754997778146737,0.0
Ministry of Science and Technology (Taiwan),0.00022629554197782303,0.00020034252112286537,0.0
Asustek Computer Inc.,0.00022629554197782303,0.00020034252112286537,0.0
TSMC,0.00022629554197782303,0.00020034252112286537,0.0
Acer Inc.,0.00022629554197782303,0.00020034252112286537,0.0
MediaTek,0.00022629554197782303,0.00020034252112286537,0.0
Nuvoton Technology,0.00022629554197782303,0.00020034252112286537,0.0
Electronics,0.00022629554197782303,0.0001754997778146737,0.0
Yen,0.00045259108395564606,0.0003990844675883989,0.0
Unknown Industry,0.00022629554197782303,0.0001754997778146737,0.0
Industry Analyst,0.00022629554197782303,0.00032455623766382383,0.0
Shenzhen,0.00022629554197782303,0.0001754997778146737,0.0
China Standard Time,0.0006788866259334691,0.00037424172428020724,1.0244252692522546e-07
Chengdu,0.0006788866259334691,0.0001754997778146737,0.0
Sichuan,0.00022629554197782303,0.00022518526443105705,0.0
Mayor of Chengdu,0.00022629554197782303,0.00022518526443105705,0.0
311 BC,0.0024892509617560534,0.00022518526443105705,5.122126346261273e-07
Japanese,0.00022629554197782303,0.0001754997778146737,0.0
660 BC,0.0009051821679112921,0.00032455623766382383,6.658764250139654e-07
Berlin,0.00022629554197782303,0.0001754997778146737,0.0
Central European Time,0.00022629554197782303,0.00032455623766382383,0.0
Epoch Start,0.001131477709889115,0.0001754997778146737,0.0
Tech Companies,0.00045259108395564606,0.0003543675296336539,0.0
Digital Currency,0.00022629554197782303,0.0002053110697845037,0.0
Worldwide,0.00022629554197782303,0.0002053110697845037,0.0
Unix Time Foundation,0.00022629554197782303,0.0002053110697845037,0.0
Start of Unix Time,0.00022629554197782303,0.0002053110697845037,0.0
Helsinki,0.00045259108395564606,0.0001754997778146737,0.0
Eastern European Time,0.00226295541977823,0.0002500280077392487,4.6099137116351457e-07
1550,0.002036659877800407,0.0002500280077392487,4.0977010770090183e-07
Tencent,0.00045259108395564606,0.0001754997778146737,0.0
WeChat,0.00022629554197782303,0.0002500280077392487,0.0
Pony Ma,0.00022629554197782303,0.0002500280077392487,0.0
Innovation City,0.001131477709889115,0.0001754997778146737,0.0
Saudi Riyal,0.00022629554197782303,0.0002053110697845037,0.0
Saudi Arabia,0.00022629554197782303,0.0002053110697845037,0.0
Riyadh,0.00022629554197782303,0.0002053110697845037,0.0
Saudi Arabian General Investment Authority,0.00022629554197782303,0.0002053110697845037,0.0
Saudi Arabian Government,0.00022629554197782303,0.0002053110697845037,0.0
Korea Standard Time,0.00022629554197782303,0.0001754997778146737,0.0
Korea,0.00022629554197782303,0.00032455623766382383,0.0
1989-12-31,0.00022629554197782303,0.00027129619841519527,0.0
1989-01-01,0.00022629554197782303,0.00027129619841519527,0.0
Bonn,0.0006788866259334691,0.0001754997778146737,0.0
Federal Ministry of Defence,0.00022629554197782303,0.00022518526443105705,0.0
Deutsche Telekom AG,0.00022629554197782303,0.00022518526443105705,0.0
Deutsche Post AG,0.00022629554197782303,0.00022518526443105705,0.0
Brussels,0.00022629554197782303,0.0001754997778146737,0.0
979,0.00022629554197782303,0.00032455623766382383,0.0
1810,0.00022629554197782303,0.00030319848442911495,0.0
Faculty and Staff,0.0006788866259334691,0.0001754997778146737,0.0
San Francisco State University,0.00022629554197782303,0.00022518526443105705,0.0
Research Associate,0.00022629554197782303,0.00022518526443105705,0.0
"California State University, East Bay",0.00022629554197782303,0.00022518526443105705,0.0
Dean of Students,0.0006788866259334691,0.0001754997778146737,0.0
Dean of Students at Stanford University,0.00022629554197782303,0.00022518526443105705,0.0
1990-08-20,0.00022629554197782303,0.00022518526443105705,0.0
"Dean of Students at University of California, Berkeley",0.00022629554197782303,0.00022518526443105705,0.0
Bruce Perens,0.00022629554197782303,0.0001754997778146737,0.0
1965-08-29,0.00022629554197782303,0.00032455623766382383,0.0
Madrid,0.0006788866259334691,0.00021406141109117882,3.0732758077567635e-07
World Tourism Organization,0.00022629554197782303,0.00021406141109117882,0.0
Tourism Director,0.00022629554197782303,0.00021406141109117882,0.0
Travel,0.00022629554197782303,0.00021406141109117882,0.0
Date of birth,0.00022629554197782303,0.0002446661787908809,0.0
Mayor of a specific city,0.00022629554197782303,0.0002446661787908809,0.0
Country of nationality,0.00022629554197782303,0.0002446661787908809,0.0
Place of birth,0.00022629554197782303,0.0002446661787908809,0.0
National Government,0.00022629554197782303,0.00021276389277696123,0.0
Premier,0.00022629554197782303,0.00021276389277696123,0.0
Place of Birth,0.00045259108395564606,0.00031740713239933343,0.0
Incorporation Country,0.00022629554197782303,0.00026772164578295007,0.0
Year Founded,0.00045259108395564606,0.0004167781056321002,0.0
Unknown Institution,0.00022629554197782303,0.00031025802713484303,0.0
1889-01-01,0.00022629554197782303,0.00031025802713484303,0.0
Robert A. Altman,0.00022629554197782303,0.0001754997778146737,0.0
1946-01-01,0.00022629554197782303,0.00032455623766382383,0.0
Senate Foreign Relations Committee,0.0013577732518669382,0.0001754997778146737,0.0
Senator Bob Menendez,0.00022629554197782303,0.00020034252112286537,0.0
Member,0.00022629554197782303,0.00020034252112286537,0.0
Ranking Member,0.00022629554197782303,0.00020034252112286537,0.0
Senator Marco Rubio,0.00022629554197782303,0.00020034252112286537,0.0
Senator Jim Risch,0.00022629554197782303,0.00020034252112286537,0.0
1816,0.00022629554197782303,0.00020034252112286537,0.0
"September 11, 2001",0.0015840687938447613,0.0001754997778146737,0.0
September 11 attacks,0.00022629554197782303,0.0001967935577931237,0.0
Terrorist attacks,0.00022629554197782303,0.0001967935577931237,0.0
Patriot Act,0.00022629554197782303,0.0001967935577931237,0.0
Al-Qaeda,0.0018103643358225842,0.0001967935577931237,3.585488442382891e-07
War on Terror,0.00022629554197782303,0.0001967935577931237,0.0
Homeland Security,0.00022629554197782303,0.0001967935577931237,0.0
The 9/11 Commission Report,0.00022629554197782303,0.0001967935577931237,0.0
Leader of the Executive Branch,0.00022629554197782303,0.0001754997778146737,0.0
"February 12, 1809",0.00022629554197782303,0.00032455623766382383,0.0
Brazilian Real,0.00022629554197782303,0.0002766342939226692,0.0
Secretary of Education,0.00045259108395564606,0.0001754997778146737,0.0
"January 20, 1960",0.00022629554197782303,0.0002500280077392487,0.0
United States Secretary of Education,0.00022629554197782303,0.0002500280077392487,0.0
Vice President of the United States,0.00022629554197782303,0.0001754997778146737,0.0
"October 20, 1964",0.00022629554197782303,0.00032455623766382383,0.0
Battle of the Atlantic,0.0013577732518669382,0.0001754997778146737,0.0
1939-05-08,0.00022629554197782303,0.00020034252112286537,0.0
Naval Warfare,0.00022629554197782303,0.00020034252112286537,0.0
Admiral,0.00022629554197782303,0.00020034252112286537,0.0
British Admiralty,0.00022629554197782303,0.00020034252112286537,0.0
Royal Navy,0.00022629554197782303,0.00020034252112286537,0.0
1945-05-08,0.00022629554197782303,0.00020034252112286537,0.0
1900-01-01,0.00022629554197782303,0.0002464534551070035,0.0
University of Political Science,0.00022629554197782303,0.0002464534551070035,0.0
Political Scientist,0.00022629554197782303,0.0002464534551070035,0.0
Parent Org,0.00022629554197782303,0.00045216538171950266,0.0
American Revolutionary War,0.0013577732518669382,0.0001754997778146737,0.0
Concord,0.00022629554197782303,0.00020034252112286537,0.0
1775-1783,0.00022629554197782303,0.00020034252112286537,0.0
Charleston,0.00022629554197782303,0.00020034252112286537,0.0
Yorktown,0.00022629554197782303,0.00020034252112286537,0.0
Lexington,0.00022629554197782303,0.00020034252112286537,0.0
Savannah,0.00022629554197782303,0.00020034252112286537,0.0
Charlotte,0.00022629554197782303,0.0001754997778146737,0.0
University of North Carolina at Charlotte,0.00022629554197782303,0.00032455623766382383,0.0
John Adams,0.0006788866259334691,0.0001754997778146737,0.0
2nd President of the United States,0.00022629554197782303,0.00022518526443105705,0.0
"Braintree, Massachusetts",0.00022629554197782303,0.00022518526443105705,0.0
1735-10-30,0.00022629554197782303,0.00022518526443105705,0.0
Rob Pelinka,0.0006788866259334691,0.0001754997778146737,0.0
General Manager,0.00022629554197782303,0.00022518526443105705,0.0
1970-04-23,0.00022629554197782303,0.00022518526443105705,0.0
University of Michigan,0.00022629554197782303,0.00022518526443105705,0.0
Environmental Activism,0.00022629554197782303,0.00028193029375316844,0.0
Greenpeace,0.0006788866259334691,0.00028193029375316844,2.0488505385045092e-07
Communication Director,0.00022629554197782303,0.00026772164578295007,0.0
Public Relations Manager,0.00022629554197782303,0.00026772164578295007,0.0
Media Relations Director,0.00022629554197782303,0.00026772164578295007,0.0
Language Trainer,0.00022629554197782303,0.0001754997778146737,0.0
English Instructor,0.00022629554197782303,0.00032455623766382383,0.0
Brown University,0.00022629554197782303,0.0003883608096916632,0.0
Charles L. Webster,0.00022629554197782303,0.0001754997778146737,0.0
1840-01-01,0.00022629554197782303,0.00032455623766382383,0.0
Secretary of the Treasury,0.00022629554197782303,0.0001754997778146737,0.0
unknown,0.00022629554197782303,0.00032455623766382383,0.0
Lead Designer,0.0006788866259334691,0.0001754997778146737,0.0
Lead Designer at XYZ Corp,0.00022629554197782303,0.00022518526443105705,0.0
1990-05-15,0.00022629554197782303,0.00022518526443105705,0.0
Lead Designer at ABC Inc,0.00022629554197782303,0.00022518526443105705,0.0
Activist,0.00022629554197782303,0.00021008297830277733,0.0
"Atlanta, Georgia",0.00022629554197782303,0.00021008297830277733,0.0
1929-01-15,0.00022629554197782303,0.00021008297830277733,0.0
Minister,0.00022629554197782303,0.00021008297830277733,0.0
Morehouse College,0.00022629554197782303,0.00021008297830277733,0.0
Civil Rights Leader,0.00022629554197782303,0.00021008297830277733,0.0
Southern Christian Leadership Conference,0.00022629554197782303,0.00021008297830277733,0.0
Ebenezer Baptist Church,0.00022629554197782303,0.00021008297830277733,0.0
Small Business Owner,0.00022629554197782303,0.00026278892214481663,0.0
Local Business,0.00022629554197782303,0.00026278892214481663,0.0
Jeanie Buss,0.00022629554197782303,0.0001754997778146737,0.0
President of the Los Angeles Lakers,0.00022629554197782303,0.00032455623766382383,0.0
1954,0.0009051821679112921,0.0001754997778146737,0.0
Global Arts Foundation,0.00022629554197782303,0.00021276389277696123,0.0
Art Institute of Chicago,0.00022629554197782303,0.00021276389277696123,0.0
1954-01-01,0.00022629554197782303,0.00021276389277696123,0.0
Artist,0.00045259108395564606,0.0002500280077392487,0.0
Chairperson of the Board at XYZ Corporation,0.00022629554197782303,0.0001754997778146737,0.0
Executive Leader,0.00022629554197782303,0.00032455623766382383,0.0
"Oakland, California",0.00022629554197782303,0.0002180719841900716,0.0
U.S. Senator from California,0.00022629554197782303,0.0002180719841900716,0.0
California Department of Justice,0.00022629554197782303,0.0002180719841900716,0.0
Attorney General of California,0.00022629554197782303,0.0002180719841900716,0.0
Howard University,0.00022629554197782303,0.0002180719841900716,0.0
Francis Collins,0.0009051821679112921,0.0001754997778146737,0.0
"Carbondale, Illinois",0.00022629554197782303,0.00021276389277696123,0.0
1950-04-14,0.00022629554197782303,0.00021276389277696123,0.0
University of North Carolina at Chapel Hill,0.00022629554197782303,0.00021276389277696123,0.0
Director of the National Institutes of Health,0.00022629554197782303,0.00021276389277696123,0.0
Nobel Laureate,0.0015840687938447613,0.0001754997778146737,0.0
Stockholm,0.00022629554197782303,0.0001967935577931237,0.0
Nobel Prize Winner,0.00022629554197782303,0.0001967935577931237,0.0
1901-12-10,0.00022629554197782303,0.0001967935577931237,0.0
Sweden,0.00022629554197782303,0.0001967935577931237,0.0
The Nobel Foundation,0.00022629554197782303,0.0001967935577931237,0.0
University of Stockholm,0.00022629554197782303,0.0001967935577931237,0.0
1950-04-15,0.00022629554197782303,0.0001967935577931237,0.0
Thomas Jefferson,0.001131477709889115,0.0001754997778146737,0.0
Governor of Virginia,0.00022629554197782303,0.0002053110697845037,0.0
Virginia State Government,0.00022629554197782303,0.0002053110697845037,0.0
"Shadwell, Virginia",0.00022629554197782303,0.0002053110697845037,0.0
College of William & Mary,0.00022629554197782303,0.0002053110697845037,0.0
"April 13, 1743",0.00022629554197782303,0.0002053110697845037,0.0
1706,0.00022629554197782303,0.0001754997778146737,0.0
1984-04-15,0.00022629554197782303,0.00032455623766382383,0.0
Marketing Specialist,0.00022629554197782303,0.0001754997778146737,0.0
University of Marketing Studies,0.00022629554197782303,0.00032455623766382383,0.0
1984-05-14,0.00022629554197782303,0.00045216538171950266,0.0
Content Creator,0.001131477709889115,0.0001754997778146737,0.0
Influencer,0.00022629554197782303,0.0002053110697845037,0.0
Twitch,0.00022629554197782303,0.0002053110697845037,0.0
Content Marketer,0.00022629554197782303,0.0002053110697845037,0.0
Vlogger,0.00022629554197782303,0.0002053110697845037,0.0
Instagram,0.00022629554197782303,0.0002053110697845037,0.0
1863-07-30,0.00022629554197782303,0.00023369254070143566,0.0
"Dearborn, Michigan",0.00022629554197782303,0.00023369254070143566,0.0
"Wayne County, Michigan",0.00022629554197782303,0.00023369254070143566,0.0
1946-08-13,0.00022629554197782303,0.0004699992800594106,0.0
1956-03-13,0.00022629554197782303,0.0003883608096916632,0.0
CEO of the American Museum of Natural History,0.00022629554197782303,0.00028193029375316844,0.0
1951-01-01,0.00022629554197782303,0.00028193029375316844,0.0
Woodrow Wilson,0.00045259108395564606,0.0001754997778146737,0.0
1856-12-28,0.00022629554197782303,0.0002500280077392487,0.0
"Staunton, Virginia",0.00022629554197782303,0.0002500280077392487,0.0
Senior Vice President of Innovation,0.00022629554197782303,0.00045216538171950266,0.0
CEO of Comcast,0.00022629554197782303,0.0003883608096916632,0.0
Surveyor,0.00022629554197782303,0.0001754997778146737,0.0
Land Surveyor,0.00022629554197782303,0.00032455623766382383,0.0
Chairperson of the Board,0.001131477709889115,0.0001754997778146737,0.0
Chair of the Audit Committee,0.00022629554197782303,0.0002053110697845037,0.0
Non-Profit Organization,0.00022629554197782303,0.0002053110697845037,0.0
Corporate Governance,0.00022629554197782303,0.0002053110697845037,0.0
Lead Director,0.00022629554197782303,0.0002053110697845037,0.0
Executive Board Member,0.00022629554197782303,0.0002053110697845037,0.0
Lynn Martin,0.0006788866259334691,0.0001754997778146737,0.0
"Chicago, Illinois",0.00022629554197782303,0.00022518526443105705,0.0
1943-01-08,0.00022629554197782303,0.00022518526443105705,0.0
U.S. Secretary of Labor,0.00022629554197782303,0.00022518526443105705,0.0
Lecturer,0.0006788866259334691,0.0001754997778146737,0.0
University Lecturer,0.00022629554197782303,0.00022518526443105705,0.0
Senior Lecturer,0.00022629554197782303,0.00022518526443105705,0.0
Assistant Professor,0.00022629554197782303,0.00022518526443105705,0.0
1957-01-01,0.00022629554197782303,0.00045216538171950266,0.0
1944-08-17,0.00022629554197782303,0.00028193029375316844,0.0
CTO,0.00022629554197782303,0.00028193029375316844,0.0
Bill Gates,0.00045259108395564606,0.0001754997778146737,0.0
Philanthropist,0.00022629554197782303,0.0002500280077392487,0.0
Bill & Melinda Gates Foundation,0.00022629554197782303,0.0002500280077392487,0.0
Susan Clark,0.00022629554197782303,0.0001754997778146737,0.0
Actress,0.00045259108395564606,0.0003990844675883989,0.0
Samuel Osgood,0.00045259108395564606,0.0001754997778146737,0.0
1808-09-15,0.00022629554197782303,0.0002500280077392487,0.0
Charles Miller,0.0006788866259334691,0.0001754997778146737,0.0
1866-09-15,0.00022629554197782303,0.00022518526443105705,0.0
Football Coach,0.00022629554197782303,0.00022518526443105705,0.0
"Pittsburgh, Pennsylvania",0.00022629554197782303,0.00022518526443105705,0.0
Abraham Flexner,0.0006788866259334691,0.0001754997778146737,0.0
Louisville,0.00022629554197782303,0.00022518526443105705,0.0
Johns Hopkins University,0.00022629554197782303,0.00022518526443105705,0.0
1866-01-01,0.00022629554197782303,0.00022518526443105705,0.0
Leonardo DiCaprio,0.00022629554197782303,0.0001754997778146737,0.0
"November 11, 1974",0.00022629554197782303,0.00032455623766382383,0.0
Patricia Taylor,0.00045259108395564606,0.0001754997778146737,0.0
Model,0.00022629554197782303,0.0002500280077392487,0.0
Dean,0.00022629554197782303,0.0003883608096916632,0.0
HistoricalSignificance,0.00045259108395564606,0.0001754997778146737,0.0
University History Department,0.00022629554197782303,0.0002500280077392487,0.0
History Institute,0.00022629554197782303,0.0002500280077392487,0.0
James Wilson,0.0006788866259334691,0.0001754997778146737,0.0
Associate Justice of the Supreme Court,0.00022629554197782303,0.00022518526443105705,0.0
"Stirling, Scotland",0.00022629554197782303,0.00022518526443105705,0.0
1812-02-15,0.00022629554197782303,0.00022518526443105705,0.0
William C. Durant,0.00045259108395564606,0.0001754997778146737,0.0
"Beverly, Massachusetts",0.00022629554197782303,0.0002500280077392487,0.0
1861-12-08,0.00022629554197782303,0.0002500280077392487,0.0
Fire Captain,0.00022629554197782303,0.00021381834605488232,0.0
Emergency Responder,0.00022629554197782303,0.00021381834605488232,0.0
City Fire Department,0.00022629554197782303,0.00021381834605488232,0.0
Local Fire Department,0.00022629554197782303,0.00021381834605488232,0.0
Firefighter Paramedic,0.00022629554197782303,0.00021381834605488232,0.0
George Washington,0.00022629554197782303,0.0001754997778146737,0.0
"February 22, 1732",0.00022629554197782303,0.00032455623766382383,0.0
James Madison,0.0006788866259334691,0.0001754997778146737,0.0
1751-03-16,0.00022629554197782303,0.00022518526443105705,0.0
"Port Conway, Virginia",0.00022629554197782303,0.00022518526443105705,0.0
Fourth President of the United States,0.00022629554197782303,0.00022518526443105705,0.0
Colleen Paige Pet Lifestyle,0.00022629554197782303,0.0002358193597690303,0.0
1973-05-06,0.00022629554197782303,0.0002358193597690303,0.0
Pet Lifestyle Expert,0.00022629554197782303,0.0002358193597690303,0.0
Robert F. Kennedy,0.00045259108395564606,0.0001754997778146737,0.0
Attorney General of the United States,0.00022629554197782303,0.0002500280077392487,0.0
1925-11-20,0.00022629554197782303,0.0002500280077392487,0.0
Walt Disney,0.0006788866259334691,0.0001754997778146737,0.0
Co-founder,0.001131477709889115,0.00022518526443105705,2.0488505385045092e-07
1901-12-05,0.00022629554197782303,0.00022518526443105705,0.0
Co-Founder,0.00022629554197782303,0.00022518526443105705,0.0
Community Organizer,0.00022629554197782303,0.0001754997778146737,0.0
Various Nonprofit Organizations,0.00022629554197782303,0.00032455623766382383,0.0
"January 12, 1964",0.00022629554197782303,0.00045216538171950266,0.0
Language Specialist,0.00022629554197782303,0.0001754997778146737,0.0
Translator,0.00022629554197782303,0.00032455623766382383,0.0
Civic Engagement Advocate,0.00022629554197782303,0.00045216538171950266,0.0
Robert W. McCulloch,0.00022629554197782303,0.0001754997778146737,0.0
1911-04-07,0.00022629554197782303,0.00032455623766382383,0.0
Henry Sturgis Morgan,0.00045259108395564606,0.0001754997778146737,0.0
Partner,0.00022629554197782303,0.0002500280077392487,0.0
1866-09-29,0.00022629554197782303,0.0002500280077392487,0.0
Alibaba Group,0.00045259108395564606,0.0001754997778146737,0.0
Daniel Zhang,0.00022629554197782303,0.0002500280077392487,0.0
Alibaba Group Holding Limited,0.00022629554197782303,0.0002500280077392487,0.0
1817-01-01,0.00022629554197782303,0.0005248869029172961,0.0
Nestlé,0.00022629554197782303,0.00020991320692704128,0.0
Tyson Foods,0.00022629554197782303,0.00020991320692704128,0.0
Unilever,0.00022629554197782303,0.00020991320692704128,0.0
Mondelez International,0.00022629554197782303,0.00020991320692704128,0.0
Kraft Heinz,0.00022629554197782303,0.00020991320692704128,0.0
General Mills,0.00022629554197782303,0.00020991320692704128,0.0
1860-01-24,0.00022629554197782303,0.00035007806647495963,0.0
UX Designer,0.0009051821679112921,0.0001754997778146737,0.0
Lead UX Designer,0.00022629554197782303,0.00021276389277696123,0.0
Junior UX Designer,0.00022629554197782303,0.00021276389277696123,0.0
Adobe,0.00022629554197782303,0.00021276389277696123,0.0
Senior UX Designer,0.00022629554197782303,0.00021276389277696123,0.0
Chief Technology Officer,0.0006788866259334691,0.0001754997778146737,0.0
Head of Technology,0.00022629554197782303,0.00022518526443105705,0.0
Senior Technology Executive,0.00022629554197782303,0.00022518526443105705,0.0
Technology Executive,0.00045259108395564606,0.00031566463736259196,0.0
Chair,0.00022629554197782303,0.0001754997778146737,0.0
Chair of the Committee,0.0013577732518669382,0.00032455623766382383,2.5610631731306366e-07
Metro Ambulance Service,0.00022629554197782303,0.00019359565240098067,0.0
Regional Ambulance Service,0.00022629554197782303,0.00019359565240098067,0.0
First Responder,0.00022629554197782303,0.00019359565240098067,0.0
Emergency Medical Responder,0.00022629554197782303,0.00019359565240098067,0.0
National Ambulance Service,0.00022629554197782303,0.00019359565240098067,0.0
Emergency Medical Technician,0.00022629554197782303,0.00019359565240098067,0.0
Paramedic,0.00022629554197782303,0.00019359565240098067,0.0
City Ambulance Service,0.00022629554197782303,0.00019359565240098067,0.0
Ambulance Service of New York,0.00022629554197782303,0.00019359565240098067,0.0
Advanced Emergency Medical Technician,0.00022629554197782303,0.00019359565240098067,0.0
Guangdong Province,0.00022629554197782303,0.0001754997778146737,0.0
Economic Hub,0.00022629554197782303,0.00032455623766382383,0.0
Various Literary Works,0.00022629554197782303,0.0002053110697845037,0.0
Ministry of Home Affairs,0.00022629554197782303,0.0002053110697845037,0.0
Linguists,0.00022629554197782303,0.0002053110697845037,0.0
Government of India,0.00045259108395564606,0.0002549965564008871,0.0
Company ABC,0.00022629554197782303,0.00021502343551536355,0.0
Position A,0.00022629554197782303,0.00021502343551536355,0.0
1650-01-01,0.00022629554197782303,0.00021502343551536355,0.0
Town B,0.00022629554197782303,0.00021502343551536355,0.0
Role B,0.00022629554197782303,0.00021502343551536355,0.0
Nation B,0.00022629554197782303,0.00021502343551536355,0.0
City A,0.00022629554197782303,0.00021502343551536355,0.0
End of the 1960s,0.00022629554197782303,0.0001754997778146737,0.0
Counterculture Movement,0.0018103643358225842,0.00032455623766382383,3.585488442382891e-07
1894-01-01,0.00022629554197782303,0.00048406766773342245,0.0
People's Republic of China,0.0006788866259334691,0.0001754997778146737,0.0
Xi Jinping,0.00022629554197782303,0.00022518526443105705,0.0
Chinese Communist Party,0.00022629554197782303,0.00022518526443105705,0.0
"Huawei Technologies Co., Ltd.",0.00022629554197782303,0.00022518526443105705,0.0
Chinese,0.00022629554197782303,0.0001754997778146737,0.0
Chinese National Team,0.00022629554197782303,0.00032455623766382383,0.0
Ministry of Finance of the People's Republic of China,0.0009051821679112921,0.0001754997778146737,0.0
State Council of the People's Republic of China,0.00022629554197782303,0.00021276389277696123,0.0
Minister of Finance,0.00022629554197782303,0.00021276389277696123,0.0
Public Finance,0.00022629554197782303,0.00021276389277696123,0.0
Liu Kun,0.00022629554197782303,0.00021276389277696123,0.0
Beijing Municipal Government,0.0006788866259334691,0.0001754997778146737,0.0
Qin Dynasty,0.00022629554197782303,0.00022518526443105705,0.0
Central Government of China,0.00022629554197782303,0.00022518526443105705,0.0
Chen Jining,0.00022629554197782303,0.00022518526443105705,0.0
Nanjing Municipal Government,0.00022629554197782303,0.0001754997778146737,0.0
Jiangsu Province,0.00022629554197782303,0.00032455623766382383,0.0
German Federal Government,0.00022629554197782303,0.0001754997778146737,0.0
Olaf Scholz,0.00022629554197782303,0.00032455623766382383,0.0
First Olympic Games,0.00045259108395564606,0.0001754997778146737,0.0
776 BC,0.00022629554197782303,0.0002500280077392487,0.0
Ancient Greece,0.00022629554197782303,0.0002500280077392487,0.0
State Government of California,0.00022629554197782303,0.0002031663382051566,0.0
State Government of Florida,0.00022629554197782303,0.0002031663382051566,0.0
State Government of Texas,0.00022629554197782303,0.0002031663382051566,0.0
State Government of Ohio,0.00022629554197782303,0.0002031663382051566,0.0
State Government of Georgia,0.00022629554197782303,0.0002031663382051566,0.0
State Government of Pennsylvania,0.00022629554197782303,0.0002031663382051566,0.0
State Government of North Carolina,0.00022629554197782303,0.0002031663382051566,0.0
State Government of Illinois,0.00022629554197782303,0.0002031663382051566,0.0
State Government of Michigan,0.00022629554197782303,0.0002031663382051566,0.0
State Government of New York,0.00022629554197782303,0.0002031663382051566,0.0
"Madison, Wisconsin",0.00022629554197782303,0.00031383257976708823,0.0
1965-11-23,0.00022629554197782303,0.00031383257976708823,0.0
1963-12-31,0.00022629554197782303,0.00028193029375316844,0.0
1963-01-01,0.00022629554197782303,0.00028193029375316844,0.0
Brasília,0.00045259108395564606,0.0001754997778146737,0.0
Seat of Government,0.00022629554197782303,0.0002500280077392487,0.0
Federal Government of Brazil,0.00022629554197782303,0.0002500280077392487,0.0
Brazilian Government,0.00022629554197782303,0.00022518526443105705,0.0
UTC-3,0.00022629554197782303,0.00022518526443105705,0.0
Maharashtra,0.00045259108395564606,0.0001754997778146737,0.0
Marathi,0.00022629554197782303,0.0002500280077392487,0.0
Government of Maharashtra,0.00022629554197782303,0.0002500280077392487,0.0
Unknown Year,0.00045259108395564606,0.0005904981836719173,0.0
1904-01-01,0.00022629554197782303,0.0003670926190157168,0.0
1789-07-14,0.00022629554197782303,0.0003427366179632722,0.0
Rupee,0.0006788866259334691,0.0004911292751987171,7.170976884765782e-07
Renminbi,0.00022629554197782303,0.0001754997778146737,0.0
Yuan,0.00022629554197782303,0.00032455623766382383,0.0
Time Zone Specialist,0.00022629554197782303,0.00031383257976708823,0.0
Global Time Manager,0.00022629554197782303,0.00031383257976708823,0.0
Epidemiologist,0.00022629554197782303,0.00028193029375316844,0.0
Centers for Disease Control and Prevention,0.00022629554197782303,0.00028193029375316844,0.0
Nikkei Inc.,0.00045259108395564606,0.0001754997778146737,0.0
Nikkei Group,0.00022629554197782303,0.0002500280077392487,0.0
Yoshihiro Inoue,0.00022629554197782303,0.0002500280077392487,0.0
Calvin Coolidge,0.00022629554197782303,0.00020210740679929738,0.0
Richard Nixon,0.00022629554197782303,0.00020210740679929738,0.0
Louis Armstrong,0.00022629554197782303,0.00020210740679929738,0.0
United States Declaration of Independence,0.00022629554197782303,0.00020210740679929738,0.0
James Monroe,0.00022629554197782303,0.00020210740679929738,0.0
Harry S. Truman,0.00022629554197782303,0.00020210740679929738,0.0
George M. Cohan,0.00022629554197782303,0.00020210740679929738,0.0
Adolf Hitler,0.00022629554197782303,0.00020210740679929738,0.0
Guam,0.00022629554197782303,0.00022339798811493445,0.0
North Korea,0.00022629554197782303,0.00022339798811493445,0.0
Palau,0.00022629554197782303,0.00022339798811493445,0.0
Mongolia,0.00022629554197782303,0.00022339798811493445,0.0
1902-01-01,0.00022629554197782303,0.00048406766773342245,0.0
Intuit Inc.,0.00022629554197782303,0.0001754997778146737,0.0
Sasan Goodarzi,0.00022629554197782303,0.00032455623766382383,0.0
1754-01-01,0.00022629554197782303,0.0003883608096916632,0.0
1919,0.00022629554197782303,0.0001754997778146737,0.0
1919-01-01,0.00022629554197782303,0.00032455623766382383,0.0
1972-11-01,0.00022629554197782303,0.00022871503578392107,0.0
University of Melbourne,0.00045259108395564606,0.00022871503578392107,1.0244252692522546e-07
Professor at Australian National University,0.00022629554197782303,0.00022871503578392107,0.0
"January 1, 1789",0.001131477709889115,0.0001754997778146737,0.0
George Washington's inauguration,0.00022629554197782303,0.0002053110697845037,0.0
First presidential inauguration in the United States,0.00022629554197782303,0.0002053110697845037,0.0
Delegate to the Constitutional Convention,0.00022629554197782303,0.0002053110697845037,0.0
Founding Father of the United States,0.00022629554197782303,0.0002053110697845037,0.0
Chairman of the Constitutional Convention,0.00022629554197782303,0.0002053110697845037,0.0
Unknown Location,0.00045259108395564606,0.00039043389122400056,0.0
1785-01-01,0.00022629554197782303,0.0003351007704430347,0.0
French Treasury,0.00022629554197782303,0.00022073946428044115,0.0
1795,0.00022629554197782303,0.00022073946428044115,0.0
Defunct,0.00022629554197782303,0.00022073946428044115,0.0
Banque de France,0.00022629554197782303,0.00022073946428044115,0.0
Country of City in 1961,0.0013577732518669382,0.0001754997778146737,0.0
Founding Year in 1961,0.00022629554197782303,0.00020034252112286537,0.0
City in 1961,0.00022629554197782303,0.00020034252112286537,0.0
Incorporation Country in 1961,0.00022629554197782303,0.00020034252112286537,0.0
Parent Org in 1961,0.00022629554197782303,0.00020034252112286537,0.0
Continent in 1961,0.00022629554197782303,0.00020034252112286537,0.0
Headquarters Country in 1961,0.00022629554197782303,0.00020034252112286537,0.0
Organization in 1957,0.00022629554197782303,0.0002109766164608386,0.0
Industry in 1957,0.00022629554197782303,0.0002109766164608386,0.0
Position in 1957,0.00022629554197782303,0.0002109766164608386,0.0
City in 1957,0.00022629554197782303,0.0002109766164608386,0.0
Country of City in 1957,0.00022629554197782303,0.0002109766164608386,0.0
Language in 1957,0.00022629554197782303,0.0002109766164608386,0.0
North Atlantic Treaty Organization,0.00022629554197782303,0.0002180719841900716,0.0
World Trade Organization,0.00022629554197782303,0.0002180719841900716,0.0
International Negotiator,0.00022629554197782303,0.0002180719841900716,0.0
Foreign Affairs Analyst,0.00022629554197782303,0.0002180719841900716,0.0
Policy Advisor,0.00022629554197782303,0.0002180719841900716,0.0
Research Assistant,0.0006788866259334691,0.0001754997778146737,0.0
Teaching Assistant,0.00022629554197782303,0.00022518526443105705,0.0
Graduate Researcher,0.00022629554197782303,0.00022518526443105705,0.0
Research Intern,0.00022629554197782303,0.00022518526443105705,0.0
Philosopher,0.001131477709889115,0.0001754997778146737,0.0
400 BC,0.00022629554197782303,0.0002053110697845037,0.0
Athens,0.00022629554197782303,0.0002053110697845037,0.0
Philosophy Lecturer,0.00022629554197782303,0.0002053110697845037,0.0
Greece,0.00022629554197782303,0.0002053110697845037,0.0
University of Athens,0.00022629554197782303,0.0002053110697845037,0.0
1743-01-01,0.00022629554197782303,0.00031383257976708823,0.0
RFC 868,0.00022629554197782303,0.0001754997778146737,0.0
1983-11-01,0.00022629554197782303,0.00032455623766382383,0.0
"January 1, 2022",0.00045259108395564606,0.0004784558585923449,0.0
1958-06-15,0.00022629554197782303,0.00031383257976708823,0.0
CEO of Wells Fargo,0.00022629554197782303,0.0002659791507462086,0.0
1965-11-24,0.00022629554197782303,0.0002659791507462086,0.0
Berlin Senate,0.00022629554197782303,0.0001754997778146737,0.0
Otto von Bismarck,0.0013577732518669382,0.00032455623766382383,2.5610631731306366e-07
Shanghai Stock Exchange,0.0006788866259334691,0.0001754997778146737,0.0
China Securities Regulatory Commission,0.00022629554197782303,0.00022518526443105705,0.0
Liu Shiyu,0.00022629554197782303,0.00022518526443105705,0.0
Various listed companies,0.00022629554197782303,0.00022518526443105705,0.0
Not Specified,0.00022629554197782303,0.00035007806647495963,0.0
Deutsche Bahn AG,0.00045259108395564606,0.0001754997778146737,0.0
Richard Lutz,0.00022629554197782303,0.0002500280077392487,0.0
Deutsche Bahn Stiftung,0.00022629554197782303,0.0002500280077392487,0.0
1962-02-28,0.00022629554197782303,0.0002464534551070035,0.0
President and Chief Executive Officer,0.00022629554197782303,0.0002464534551070035,0.0
"Burlington, Vermont",0.00022629554197782303,0.0002464534551070035,0.0
Indian Railways,0.00045259108395564606,0.0001754997778146737,0.0
Ministry of Railways,0.00022629554197782303,0.0002500280077392487,0.0
1853,0.00022629554197782303,0.0002500280077392487,0.0
March 1848,0.00022629554197782303,0.00020210740679929738,0.0
December 1848,0.00022629554197782303,0.00020210740679929738,0.0
June 1848,0.00022629554197782303,0.00020210740679929738,0.0
Spring 1848,0.00022629554197782303,0.00020210740679929738,0.0
February 1848,0.00022629554197782303,0.00020210740679929738,0.0
November 1848,0.00022629554197782303,0.00020210740679929738,0.0
Fall 1848,0.00022629554197782303,0.00020210740679929738,0.0
1848 Revolutions,0.00022629554197782303,0.00020210740679929738,0.0
Historical Currency,0.00022629554197782303,0.00026772164578295007,0.0
1701-01-01,0.00022629554197782303,0.00026772164578295007,0.0
Historical Language,0.00045259108395564606,0.00032305476656391583,0.0
1968-01-27,0.00022629554197782303,0.00026772164578295007,0.0
Secretary of Health and Human Services,0.00022629554197782303,0.00026772164578295007,0.0
"Sacramento, California",0.00022629554197782303,0.00026772164578295007,0.0
1982-01-19,0.00022629554197782303,0.00031383257976708823,0.0
"South Bend, Indiana",0.00022629554197782303,0.00031383257976708823,0.0
STMicroelectronics,0.00045259108395564606,0.0001754997778146737,0.0
Jean-Marc Chery,0.00022629554197782303,0.0002500280077392487,0.0
STMicroelectronics NV,0.00022629554197782303,0.0002500280077392487,0.0
Mechanical Engineer,0.00022629554197782303,0.00045216538171950266,0.0
1949-04-30,0.00022629554197782303,0.00035007806647495963,0.0
Professor of Mathematics,0.00022629554197782303,0.0001754997778146737,0.0
1975-05-20,0.00022629554197782303,0.00032455623766382383,0.0
Bethlehem,0.00022629554197782303,0.00021169152698728765,0.0
December 25,0.00022629554197782303,0.00021169152698728765,0.0
Rio de Janeiro,0.00022629554197782303,0.00021169152698728765,0.0
Michael K. Young,0.00045259108395564606,0.0001754997778146737,0.0
1950-07-01,0.00022629554197782303,0.0002500280077392487,0.0
President of Washington State University,0.00022629554197782303,0.0002500280077392487,0.0
Summer of 1969,0.0018103643358225842,0.0001754997778146737,0.0
1969-07-20,0.00022629554197782303,0.00019413183529581746,0.0
1969-06-20,0.00022629554197782303,0.00019413183529581746,0.0
Woodstock,0.00022629554197782303,0.00019413183529581746,0.0
Saugerties,0.00022629554197782303,0.00019413183529581746,0.0
1969-09-01,0.00022629554197782303,0.00019413183529581746,0.0
1969-08-15,0.00022629554197782303,0.00019413183529581746,0.0
1969-07-21,0.00022629554197782303,0.00019413183529581746,0.0
1969-08-18,0.00022629554197782303,0.00019413183529581746,0.0
Yahoo! Inc.,0.00022629554197782303,0.00023669060728740102,0.0
eBay,0.00022629554197782303,0.00023669060728740102,0.0
PayPal,0.00022629554197782303,0.00023669060728740102,0.0
Federal Council,0.00022629554197782303,0.0002659791507462086,0.0
Swiss Federal Railways,0.00022629554197782303,0.0002659791507462086,0.0
Warsaw,0.00022629554197782303,0.0001754997778146737,0.0
Polish złoty,0.00045259108395564606,0.00037424172428020724,0.0
Frankfurt Stock Exchange,0.0006788866259334691,0.0001754997778146737,0.0
Asra N. K. H. Al-Mansoori,0.00022629554197782303,0.00022518526443105705,0.0
Deutsche Börse,0.00022629554197782303,0.00022518526443105705,0.0
1585,0.00022629554197782303,0.00022518526443105705,0.0
Zurich,0.00022629554197782303,0.0001754997778146737,0.0
15 BC,0.00022629554197782303,0.00032455623766382383,0.0
South Korean won,0.00022629554197782303,0.0001754997778146737,0.0
Bank of Korea,0.00022629554197782303,0.00032455623766382383,0.0
Financial Supervisory Commission,0.00022629554197782303,0.0001754997778146737,0.0
Tsai Cheng-yuan,0.00022629554197782303,0.00032455623766382383,0.0
Copenhagen,0.0006788866259334691,0.0001754997778146737,0.0
Danske Bank,0.00022629554197782303,0.00022518526443105705,0.0
Danish,0.0006788866259334691,0.0002464790444095071,1.0244252692522546e-07
Danish krone,0.00045259108395564606,0.00027487075104744047,0.0
Eurozone,0.00045259108395564606,0.0001754997778146737,0.0
Multiple Languages,0.00022629554197782303,0.0002500280077392487,0.0
Monetary Union,0.00022629554197782303,0.0002500280077392487,0.0
Russian Railways,0.00022629554197782303,0.0002054514115078081,0.0
Moscow Standard Time,0.00045259108395564606,0.0002551368981241915,0.0
1147,0.00022629554197782303,0.0002054514115078081,0.0
Russian Ruble,0.00045259108395564606,0.00035450787135695827,0.0
Sberbank,0.00022629554197782303,0.0002054514115078081,0.0
Gazprom,0.00045259108395564606,0.0002551368981241915,0.0
Frankfurt,0.00045259108395564606,0.0001754997778146737,0.0
794,0.00022629554197782303,0.0002500280077392487,0.0
Financial Hub,0.00022629554197782303,0.0002500280077392487,0.0
Danmarks Nationalbank,0.00022629554197782303,0.0002591429466003687,0.0
Copenhagen Stock Exchange,0.00045259108395564606,0.0003336711765249437,0.0
Alfred Escher,0.00022629554197782303,0.0003972777588616173,0.0
Hong Kong Monetary Authority,0.0006788866259334691,0.0001754997778146737,0.0
Government of Hong Kong,0.00022629554197782303,0.00022518526443105705,0.0
Eddie Yue,0.00022629554197782303,0.00022518526443105705,0.0
HKMA,0.00022629554197782303,0.00022518526443105705,0.0
Tokyo Metropolitan Government,0.00022629554197782303,0.0001754997778146737,0.0
1943,0.00045259108395564606,0.0003431882951449676,0.0
Xetra,0.00022629554197782303,0.0001754997778146737,0.0
Deutsche Börse AG,0.00022629554197782303,0.00032455623766382383,0.0
SIX Swiss Exchange,0.0006788866259334691,0.0001754997778146737,0.0
SIX Group AG,0.00022629554197782303,0.00022518526443105705,0.0
Christian Katz,0.00022629554197782303,0.00022518526443105705,0.0
Swiss Stock Exchange,0.00022629554197782303,0.00022518526443105705,0.0
Geneva,0.0009051821679112921,0.0001754997778146737,0.0
Host City for International Organizations,0.00022629554197782303,0.00021276389277696123,0.0
United Nations Office,0.00022629554197782303,0.00021276389277696123,0.0
1219,0.00022629554197782303,0.00021276389277696123,0.0
International Red Cross,0.00022629554197782303,0.00021276389277696123,0.0
Johann Georg C. W. von Siemens,0.00022629554197782303,0.0003972777588616173,0.0
Mumbai,0.0006788866259334691,0.0001754997778146737,0.0
State Bank of India,0.00045259108395564606,0.00027487075104744047,0.0
Tata Group,0.00022629554197782303,0.00022518526443105705,0.0
1507,0.00022629554197782303,0.00022518526443105705,0.0
Aarhus University,0.00022629554197782303,0.0001754997778146737,0.0
Brian Bech Nielsen,0.00022629554197782303,0.00032455623766382383,0.0
National Taiwan University,0.00022629554197782303,0.0001754997778146737,0.0
Ministry of Education (Taiwan),0.00022629554197782303,0.00032455623766382383,0.0
1682-01-01,0.00022629554197782303,0.0004610694277987522,0.0
1764-01-01,0.00022629554197782303,0.00023083289859563948,0.0
Historical City,0.00022629554197782303,0.00023083289859563948,0.0
Historical Industry,0.00022629554197782303,0.00023083289859563948,0.0
Innovation Leadership,0.00022629554197782303,0.0002659791507462086,0.0
Product Development,0.0009051821679112921,0.0001754997778146737,0.0
Michael Johnson,0.00022629554197782303,0.00021276389277696123,0.0
Emily Davis,0.00022629554197782303,0.00021276389277696123,0.0
Technical Lead,0.00022629554197782303,0.00021276389277696123,0.0
Product Manager,0.00022629554197782303,0.00021276389277696123,0.0
Kremlin,0.0009051821679112921,0.0001754997778146737,0.0
Vladimir Putin,0.00045259108395564606,0.0002624493793933446,0.0
Official Residence,0.00022629554197782303,0.00021276389277696123,0.0
Ivan III,0.00022629554197782303,0.00021276389277696123,0.0
1475,0.00022629554197782303,0.00021276389277696123,0.0
State-owned Enterprises,0.0013577732518669382,0.0001754997778146737,0.0
Local Language,0.00022629554197782303,0.00020034252112286537,0.0
Various Countries,0.00022629554197782303,0.00020034252112286537,0.0
Various Years,0.00022629554197782303,0.00020034252112286537,0.0
Various Positions,0.00022629554197782303,0.00020034252112286537,0.0
National Stock Exchange,0.00022629554197782303,0.00020034252112286537,0.0
Local Currency,0.00022629554197782303,0.00020034252112286537,0.0
Government of Japan,0.00045259108395564606,0.0001754997778146737,0.0
Emperor Meiji,0.00022629554197782303,0.0002500280077392487,0.0
Prime Minister of Japan,0.00022629554197782303,0.00022518526443105705,0.0
Cabinet Minister,0.00022629554197782303,0.00022518526443105705,0.0
Bern,0.0009051821679112921,0.0001754997778146737,0.0
Federal Council of Switzerland,0.00022629554197782303,0.00021276389277696123,0.0
Swiss,0.00022629554197782303,0.00021276389277696123,0.0
Federal Administration of Switzerland,0.00022629554197782303,0.00021276389277696123,0.0
1191,0.00022629554197782303,0.00021276389277696123,0.0
Industries prominent in 1958,0.00022629554197782303,0.00020043953333757168,0.0
Notable Position in 1958,0.00022629554197782303,0.00020043953333757168,0.0
Languages spoken in 1958,0.00022629554197782303,0.00020043953333757168,0.0
Currency used in 1958,0.00022629554197782303,0.00020043953333757168,0.0
1958-01-01,0.00022629554197782303,0.00020043953333757168,0.0
Organizations active in 1958,0.00022629554197782303,0.00020043953333757168,0.0
Countries with cities in 1958,0.00022629554197782303,0.00020043953333757168,0.0
1799-01-01,0.00022629554197782303,0.00045216538171950266,0.0
Kaohsiung City Government,0.00022629554197782303,0.0001754997778146737,0.0
Kaohsiung City Mayor,0.00022629554197782303,0.00032455623766382383,0.0
UNESCO,0.00022629554197782303,0.0001754997778146737,0.0
Audrey Azoulay,0.00022629554197782303,0.00032455623766382383,0.0
Christian Democratic Union,0.00022629554197782303,0.0001754997778146737,0.0
Konrad Adenauer,0.00022629554197782303,0.00032455623766382383,0.0
Battle of Guadalcanal,0.0018103643358225842,0.0001754997778146737,0.0
United States Marine Corps,0.00022629554197782303,0.00019413183529581746,0.0
Imperial Japanese Army,0.00022629554197782303,0.00019413183529581746,0.0
1942-08-07,0.00022629554197782303,0.00019413183529581746,0.0
Pacific Theater,0.00022629554197782303,0.00019413183529581746,0.0
Guadalcanal,0.00022629554197782303,0.00019413183529581746,0.0
Allied Forces,0.00022629554197782303,0.00019413183529581746,0.0
Axis Powers,0.00045259108395564606,0.00023670404167121538,0.0
Polish National Bank,0.0006788866259334691,0.0001754997778146737,0.0
National Bank of Poland,0.00022629554197782303,0.00022518526443105705,0.0
Adam Glapiński,0.00022629554197782303,0.00022518526443105705,0.0
Warsaw Stock Exchange,0.00022629554197782303,0.00022518526443105705,0.0
Global Conflict,0.00022629554197782303,0.0002180719841900716,0.0
Allied Powers,0.00022629554197782303,0.0002180719841900716,0.0
1945-09-02,0.00022629554197782303,0.0002180719841900716,0.0
1939-09-01,0.00022629554197782303,0.0002180719841900716,0.0
1972,0.00022629554197782303,0.00028193029375316844,0.0
Cultural Heritage Specialist,0.00022629554197782303,0.00028193029375316844,0.0
Daylight Saving Time,0.00045259108395564606,0.0001754997778146737,0.0
March 14,0.00045259108395564606,0.0002500280077392487,5.122126346261273e-08
November 7,0.00226295541977823,0.0002500280077392487,4.6099137116351457e-07
Guangzhou,0.00022629554197782303,0.0001754997778146737,0.0
214 BC,0.00022629554197782303,0.00032455623766382383,0.0
1967-08-19,0.00022629554197782303,0.0004947017630713957,0.0
Max Planck Society,0.00045259108395564606,0.0001754997778146737,0.0
Hermann von Helmholtz,0.00022629554197782303,0.0002500280077392487,0.0
Max Planck,0.0006788866259334691,0.0002500280077392487,1.0244252692522546e-07
People's Bank of China,0.00045259108395564606,0.0001754997778146737,0.0
Guo Shuqing,0.00022629554197782303,0.0002500280077392487,0.0
State Council of China,0.00022629554197782303,0.0002500280077392487,0.0
Historical Events,0.00045259108395564606,0.00043098675360231863,0.0
1828-01-01,0.00022629554197782303,0.00028193029375316844,0.0
Lowe's,0.00022629554197782303,0.00020210740679929738,0.0
Ahold Delhaize,0.00022629554197782303,0.00020210740679929738,0.0
Retail Industry,0.00022629554197782303,0.00020210740679929738,0.0
Target Corporation,0.00022629554197782303,0.00020210740679929738,0.0
Walmart,0.00022629554197782303,0.00020210740679929738,0.0
Kroger,0.00022629554197782303,0.00020210740679929738,0.0
Best Buy,0.00022629554197782303,0.00020210740679929738,0.0
Costco,0.00022629554197782303,0.00020210740679929738,0.0
Food Awareness Day,0.00045259108395564606,0.0001754997778146737,0.0
April 7,0.00022629554197782303,0.0002500280077392487,0.0
Food and Agriculture Organization,0.00022629554197782303,0.0002500280077392487,0.0
African Union,0.001131477709889115,0.0001754997778146737,0.0
African Union Commission,0.00022629554197782303,0.0002053110697845037,0.0
African Union Unit,0.00022629554197782303,0.0002053110697845037,0.0
Addis Ababa,0.00022629554197782303,0.0002053110697845037,0.0
Political Organization,0.00022629554197782303,0.0002053110697845037,0.0
Secretary-General of the United Nations,0.00022629554197782303,0.00026278892214481663,0.0
"April 30, 1949",0.00022629554197782303,0.00026278892214481663,0.0
Monday,0.0009051821679112921,0.00022313213573148512,4.6099137116351457e-07
Saturday,0.002036659877800407,0.00022313213573148512,1.2293103231027054e-06
Sunday,0.0009051821679112921,0.00022313213573148512,4.6099137116351457e-07
Tuesday,0.0018103643358225842,0.00022313213573148512,1.0756465327148674e-06
HistoricalOrganizations,0.00022629554197782303,0.0002045961592580547,0.0
HistoricalIndustries,0.00022629554197782303,0.0002045961592580547,0.0
1923-01-01,0.00022629554197782303,0.0002045961592580547,0.0
HistoricalCountries,0.00022629554197782303,0.0002045961592580547,0.0
HistoricalLanguages,0.00022629554197782303,0.0002045961592580547,0.0
HistoricalCurrencies,0.00022629554197782303,0.0002045961592580547,0.0
K. Chandrashekar Rao,0.00022629554197782303,0.00022518526443105705,0.0
Government of Telangana,0.00022629554197782303,0.0001754997778146737,0.0
State of Telangana,0.00022629554197782303,0.00032455623766382383,0.0
Theater Company,0.00022629554197782303,0.00035007806647495963,0.0
"Hammond, Indiana",0.00022629554197782303,0.00028193029375316844,0.0
1960-08-21,0.00022629554197782303,0.00028193029375316844,0.0
Cloud Engineer,0.0006788866259334691,0.0001754997778146737,0.0
DevOps Engineer,0.00022629554197782303,0.00022518526443105705,0.0
Site Reliability Engineer,0.00022629554197782303,0.00022518526443105705,0.0
Alibaba Cloud,0.00022629554197782303,0.00022518526443105705,0.0
Cloud Architect,0.0009051821679112921,0.0001754997778146737,0.0
Infrastructure Architect,0.00022629554197782303,0.00021276389277696123,0.0
Cloud Solutions Architect,0.00022629554197782303,0.00021276389277696123,0.0
DevOps Architect,0.00022629554197782303,0.00021276389277696123,0.0
Cloud Computing Specialist,0.00022629554197782303,0.00021276389277696123,0.0
1856-01-01,0.00022629554197782303,0.0003670926190157168,0.0
Yonsei University,0.00045259108395564606,0.0001754997778146737,0.0
Yonsei University Health System,0.00022629554197782303,0.0002500280077392487,0.0
New Year's Day,0.0009051821679112921,0.0001754997778146737,0.0
2028-01-01,0.00022629554197782303,0.00021276389277696123,0.0
2027-01-01,0.00045259108395564606,0.00021276389277696123,5.122126346261273e-08
2026-01-01,0.00022629554197782303,0.00021276389277696123,0.0
2030-01-01,0.00022629554197782303,0.00021276389277696123,0.0
HM Treasury,0.00022629554197782303,0.00028193029375316844,0.0
Andrew Bailey,0.00022629554197782303,0.00028193029375316844,0.0
1694-01-01,0.00022629554197782303,0.0003883608096916632,0.0
Creator of Linux,0.00022629554197782303,0.0005797745257751817,0.0
Naturalist,0.00022629554197782303,0.00020034252112286537,0.0
Biologist,0.00022629554197782303,0.00020034252112286537,0.0
Geologist,0.00022629554197782303,0.00020034252112286537,0.0
Kaiser Wilhelm Institute for Physics,0.00022629554197782303,0.0001754997778146737,0.0
Physics Research,0.00022629554197782303,0.00032455623766382383,0.0
"January 1, 2025",0.00022629554197782303,0.00023369254070143566,0.0
December 31,0.00022629554197782303,0.00023369254070143566,0.0
J.D. Salinger,0.00022629554197782303,0.00035007806647495963,0.0
Jerusalem,0.00022629554197782303,0.0002045961592580547,0.0
1 AD,0.00022629554197782303,0.0002045961592580547,0.0
Ancient Society,0.00022629554197782303,0.0002045961592580547,0.0
Judean,0.00022629554197782303,0.0002045961592580547,0.0
Ancient School,0.00022629554197782303,0.0002045961592580547,0.0
Israel,0.00022629554197782303,0.0002045961592580547,0.0
"Harrison, New York",0.00022629554197782303,0.0002659791507462086,0.0
Old English,0.00022629554197782303,0.00028724734142215506,0.0
King,0.00022629554197782303,0.00028724734142215506,0.0
Ken Livingstone,0.00022629554197782303,0.0003564585236777435,0.0
Prime Minister of the United Kingdom,0.00022629554197782303,0.0001754997778146737,0.0
1965-05-20,0.00022629554197782303,0.00032455623766382383,0.0
1965-05-01,0.00022629554197782303,0.0003564585236777435,0.0
Language X,0.00022629554197782303,0.00020957386343890125,0.0
Currency Y,0.00022629554197782303,0.00020957386343890125,0.0
Continent Z,0.00022629554197782303,0.00020957386343890125,0.0
Year 1900,0.00022629554197782303,0.00020957386343890125,0.0
Position Z,0.00022629554197782303,0.00020957386343890125,0.0
Capital City A,0.00022629554197782303,0.00020957386343890125,0.0
Organization A,0.00022629554197782303,0.00020957386343890125,0.0
1842-01-01,0.00022629554197782303,0.0004734335723954492,0.0
1975-01-01,0.00022629554197782303,0.00045216538171950266,0.0
1096-01-01,0.00022629554197782303,0.00023224480713678508,0.0
Unknown School,0.00022629554197782303,0.00023224480713678508,0.0
Unknown Role,0.00022629554197782303,0.00023224480713678508,0.0
Unknown Job,0.00022629554197782303,0.00023224480713678508,0.0
Unknown Nationality,0.00022629554197782303,0.00023224480713678508,0.0
Unknown Company,0.00022629554197782303,0.00023224480713678508,0.0
Vice-Chancellor of University of Cambridge,0.00022629554197782303,0.0003883608096916632,0.0
CurrencyType,0.00022629554197782303,0.00024813388124586306,0.0
1934-01-01,0.00022629554197782303,0.00024813388124586306,0.0
CityName,0.00022629554197782303,0.00024813388124586306,0.0
CountryName,0.0018103643358225842,0.00024813388124586306,1.7927442211914455e-06
Korea Advanced Institute of Science and Technology,0.0006788866259334691,0.0001754997778146737,0.0
KAIST,0.00022629554197782303,0.00022518526443105705,0.0
"Ministry of Education, South Korea",0.00022629554197782303,0.00022518526443105705,0.0
Daejeon,0.00022629554197782303,0.00022518526443105705,0.0
Humboldt University of Berlin,0.00045259108395564606,0.0001754997778146737,0.0
Rector,0.00022629554197782303,0.0002500280077392487,0.0
Berlin University Alliance,0.00022629554197782303,0.0002500280077392487,0.0
Example Event,0.00045259108395564606,0.0003670926190157168,1.0244252692522546e-07
Example Birthplace,0.00022629554197782303,0.00027129619841519527,0.0
CEO of Example Corporation,0.00022629554197782303,0.00027129619841519527,0.0
1599-01-01,0.00022629554197782303,0.0003670926190157168,0.0
Hardware Engineer,0.00022629554197782303,0.0001754997778146737,0.0
Electrical Engineer,0.00022629554197782303,0.00032455623766382383,0.0
The Apollo 11 Moon Landing,0.00022629554197782303,0.00020043953333757168,0.0
The First Woodstock,0.00022629554197782303,0.00020043953333757168,0.0
The First Man on the Moon,0.00022629554197782303,0.00020043953333757168,0.0
The Concorde,0.00022629554197782303,0.00020043953333757168,0.0
The Moon Landing,0.00022629554197782303,0.00020043953333757168,0.0
The Beatles' Abbey Road,0.00022629554197782303,0.00020043953333757168,0.0
The Internet,0.00022629554197782303,0.00020043953333757168,0.0
Gordon Ramsay Restaurants,0.00022629554197782303,0.0001754997778146737,0.0
Gordon Ramsay,0.0006788866259334691,0.00032455623766382383,1.0244252692522546e-07
Currency Name,0.00022629554197782303,0.00022161071179881186,0.0
Specific Subsidiary Name,0.0006788866259334691,0.00022161071179881186,2.0488505385045092e-07
Current Employee Name,0.00045259108395564606,0.00022161071179881186,1.0244252692522546e-07
Stock Exchange Name,0.00022629554197782303,0.00022161071179881186,0.0
Founding Year,0.00022629554197782303,0.00022161071179881186,0.0
Galp Energia,0.0006788866259334691,0.0001754997778146737,0.0
Carlos Gomes,0.00022629554197782303,0.00022518526443105705,0.0
Euronext Lisbon,0.00022629554197782303,0.00022518526443105705,0.0
Galp Group,0.00022629554197782303,0.00022518526443105705,0.0
Vice Chair of the Board of Directors,0.0006788866259334691,0.0001754997778146737,0.0
Country of Nationality,0.00022629554197782303,0.00022518526443105705,0.0
Date of Birth,0.00022629554197782303,0.00022518526443105705,0.0
Epoch City,0.00022629554197782303,0.00021502343551536355,0.0
Epoch Industry,0.00022629554197782303,0.00021502343551536355,0.0
Epoch Language,0.00022629554197782303,0.00021502343551536355,0.0
Epoch Leader,0.00022629554197782303,0.00021502343551536355,0.0
Epoch Country,0.00022629554197782303,0.00021502343551536355,0.0
Epoch Currency,0.00022629554197782303,0.00021502343551536355,0.0
Epoch Organization,0.00022629554197782303,0.00021502343551536355,0.0
Tidjane Thiam,0.0006788866259334691,0.0001754997778146737,0.0
Ivorian,0.00022629554197782303,0.00022518526443105705,0.0
Abidjan,0.00022629554197782303,0.00022518526443105705,0.0
1962-07-29,0.00022629554197782303,0.00022518526443105705,0.0
Lucasian Professor of Mathematics,0.00022629554197782303,0.0001754997778146737,0.0
Mathematics,0.00022629554197782303,0.00032455623766382383,0.0
Taiwan Semiconductor Manufacturing Company,0.00045259108395564606,0.0001754997778146737,0.0
1987-02-21,0.00022629554197782303,0.0002500280077392487,0.0
Chengdu Research Base of Giant Panda Breeding,0.001131477709889115,0.0001754997778146737,0.0
Li Desheng,0.00022629554197782303,0.0002053110697845037,0.0
Conservation,0.00022629554197782303,0.0002053110697845037,0.0
Sichuan Province,0.00022629554197782303,0.0002053110697845037,0.0
Sichuan Forestry Administration,0.00022629554197782303,0.0002053110697845037,0.0
Conservation Center,0.00022629554197782303,0.0002053110697845037,0.0
Hyderabad,0.00022629554197782303,0.0001754997778146737,0.0
1591,0.00022629554197782303,0.00032455623766382383,0.0
1824-10-04,0.00022629554197782303,0.00045216538171950266,0.0
Research Director,0.00022629554197782303,0.0003883608096916632,0.0
1895-01-01,0.00022629554197782303,0.00027129619841519527,0.0
"January 1, 1895",0.00022629554197782303,0.00027129619841519527,0.0
Hotel Manager,0.00022629554197782303,0.00045216538171950266,0.0
Ancient,0.00022629554197782303,0.0002173213622075212,0.0
19th Century,0.00022629554197782303,0.0002173213622075212,0.0
Indian Linguists,0.00022629554197782303,0.0002173213622075212,0.0
Indian Government,0.00022629554197782303,0.0002173213622075212,0.0
12th century,0.00226295541977823,0.00028041113727631515,1.3829741134905436e-06
Footballer,0.00022629554197782303,0.00028041113727631515,0.0
Orange Polska,0.0006788866259334691,0.0001754997778146737,0.0
Telecommunications Provider,0.00022629554197782303,0.00022518526443105705,0.0
Orange S.A.,0.00022629554197782303,0.00022518526443105705,0.0
First Day of 2015,0.00022629554197782303,0.0002062404004707658,0.0
New Year Celebrations,0.00022629554197782303,0.0002062404004707658,0.0
New Year Fireworks,0.00022629554197782303,0.0002062404004707658,0.0
The New Year,0.00022629554197782303,0.0002062404004707658,0.0
Global New Year,0.00022629554197782303,0.0002062404004707658,0.0
New Year Resolutions,0.00022629554197782303,0.0002062404004707658,0.0
New Year Gatherings,0.00022629554197782303,0.0002062404004707658,0.0
New Year Festivities,0.00022629554197782303,0.0002062404004707658,0.0
New Year Parades,0.00022629554197782303,0.0002062404004707658,0.0
Covestro,0.00045259108395564606,0.0001754997778146737,0.0
Chemicals,0.00022629554197782303,0.0002500280077392487,0.0
Markus Steilemann,0.00022629554197782303,0.0002500280077392487,0.0
Burkina Faso,0.00022629554197782303,0.0002258869730475791,0.0
Senegal,0.00022629554197782303,0.0002258869730475791,0.0
Ghana,0.00022629554197782303,0.0002258869730475791,0.0
Togo,0.00022629554197782303,0.0002258869730475791,0.0
Mali,0.00022629554197782303,0.0002258869730475791,0.0
Iceland,0.00022629554197782303,0.0002258869730475791,0.0
Pocahontas,0.0006788866259334691,0.0001754997778146737,0.0
1596,0.00022629554197782303,0.00022518526443105705,0.0
Cultural Icon,0.00022629554197782303,0.00022518526443105705,0.0
Native American,0.00022629554197782303,0.00022518526443105705,0.0
Chief of the Powhatan Confederacy,0.00022629554197782303,0.00020034252112286537,0.0
English Settlers,0.00022629554197782303,0.00020034252112286537,0.0
Leader of the English Settlers,0.00022629554197782303,0.00020034252112286537,0.0
1614,0.00022629554197782303,0.00020034252112286537,0.0
Colonial Warfare,0.00022629554197782303,0.00020034252112286537,0.0
Global Health Crisis,0.00022629554197782303,0.00028193029375316844,0.0
Wuhan,0.00022629554197782303,0.00028193029375316844,0.0
Max Planck Institute for Astronomy,0.0006788866259334691,0.0001754997778146737,0.0
Thomas Henning,0.00022629554197782303,0.00022518526443105705,0.0
Heidelberg,0.00022629554197782303,0.00022518526443105705,0.0
1917,0.00022629554197782303,0.00022518526443105705,0.0
Senior Researcher,0.00022629554197782303,0.0001754997778146737,0.0
Hometown,0.00022629554197782303,0.00032455623766382383,0.0
Radium Institute,0.0006788866259334691,0.0001754997778146737,0.0
Medical Research,0.00022629554197782303,0.00022518526443105705,0.0
Curie Institute,0.00022629554197782303,0.00022518526443105705,0.0
1932,0.00022629554197782303,0.00022518526443105705,0.0
Secretary-General of ASEAN,0.00022629554197782303,0.0002659791507462086,0.0
Founding Members of ASEAN,0.00022629554197782303,0.0002659791507462086,0.0
"June 2, 1955",0.00022629554197782303,0.00026278892214481663,0.0
Chairman of Infosys,0.00022629554197782303,0.00026278892214481663,0.0
Wipro,0.00022629554197782303,0.00021914434997974516,0.0
Flipkart,0.00022629554197782303,0.00021914434997974516,0.0
1537,0.00022629554197782303,0.00021914434997974516,0.0
Kannada,0.00022629554197782303,0.00021914434997974516,0.0
Mahatma Gandhi,0.0013577732518669382,0.00035007806647495963,5.122126346261273e-07
Various titles,0.001131477709889115,0.0001754997778146737,0.0
Various cities,0.00022629554197782303,0.0002053110697845037,0.0
Various industries,0.00022629554197782303,0.0002053110697845037,0.0
Various universities,0.00022629554197782303,0.0002053110697845037,0.0
Various languages,0.00022629554197782303,0.0002053110697845037,0.0
Various years,0.00022629554197782303,0.0002053110697845037,0.0
City of Paris,0.00022629554197782303,0.00032659349417265605,0.0
L'Oréal,0.00045259108395564606,0.00032659349417265605,1.5366379038783817e-07
Various roles,0.00045259108395564606,0.0001754997778146737,0.0
Various places,0.00022629554197782303,0.0002500280077392487,0.0
Various companies,0.0006788866259334691,0.0001754997778146737,0.0
Various parent organizations,0.00022629554197782303,0.00022518526443105705,0.0
Various stock exchanges,0.00022629554197782303,0.00022518526443105705,0.0
Various CEOs,0.00022629554197782303,0.00022518526443105705,0.0
Specific Research Institution,0.00022629554197782303,0.0002031663382051566,0.0
Specific Academic Institution,0.00022629554197782303,0.0002031663382051566,0.0
Director of Studies at a specific program,0.00022629554197782303,0.0002031663382051566,0.0
Director of Studies at a specific department,0.00022629554197782303,0.0002031663382051566,0.0
Specific University,0.00022629554197782303,0.0002031663382051566,0.0
Specific Country,0.00022629554197782303,0.0002031663382051566,0.0
Director of Studies at a specific institution,0.00022629554197782303,0.0002031663382051566,0.0
Specific City,0.00022629554197782303,0.0002031663382051566,0.0
Specific Educational Institution,0.00022629554197782303,0.0002031663382051566,0.0
Specific Date,0.00022629554197782303,0.0002031663382051566,0.0
CodeCrafters LLC,0.00022629554197782303,0.00031383257976708823,0.0
Mobile Developer,0.00022629554197782303,0.00031383257976708823,0.0
Current Position,0.001131477709889115,0.0001754997778146737,0.0
NextGen Technologies,0.00022629554197782303,0.0002053110697845037,0.0
Global Solutions Ltd.,0.00022629554197782303,0.0002053110697845037,0.0
Creative Solutions Agency,0.00022629554197782303,0.0002053110697845037,0.0
Business Analyst,0.00022629554197782303,0.0002053110697845037,0.0
Innovative Tech Corp.,0.00022629554197782303,0.0002053110697845037,0.0
Various positions,0.00045259108395564606,0.0001754997778146737,0.0
Creative Tech Group,0.00022629554197782303,0.0002500280077392487,0.0
Future Tech Solutions,0.00022629554197782303,0.0002500280077392487,0.0
Intern,0.0006788866259334691,0.0001754997778146737,0.0
Software Development Intern,0.00022629554197782303,0.00022518526443105705,0.0
Marketing Intern,0.00022629554197782303,0.00022518526443105705,0.0
Internship,0.00022629554197782303,0.00022518526443105705,0.0
Winston Churchill,0.0006788866259334691,0.0001754997778146737,0.0
Royal Military Academy Sandhurst,0.00045259108395564606,0.00022518526443105705,5.122126346261273e-08
1874-11-30,0.00022629554197782303,0.00022518526443105705,0.0
"Woodstock, Oxfordshire, England",0.00022629554197782303,0.00022518526443105705,0.0
Government Leader,0.00022629554197782303,0.0004396759446768702,0.0
Team Leader,0.00022629554197782303,0.0003926144478268526,0.0
University of Copenhagen,0.00045259108395564606,0.0001754997778146737,0.0
University of Copenhagen Faculty of Science,0.00022629554197782303,0.0002500280077392487,0.0
1479,0.00022629554197782303,0.0002500280077392487,0.0
Postdoctoral Fellow,0.0006788866259334691,0.0001754997778146737,0.0
Country of Example,0.00022629554197782303,0.00022518526443105705,0.0
Postdoctoral Researcher,0.00022629554197782303,0.00022518526443105705,0.0
City of Example,0.00022629554197782303,0.00022518526443105705,0.0
University of Leipzig,0.0009051821679112921,0.0001754997778146737,0.0
1409,0.00022629554197782303,0.00021276389277696123,0.0
Leipzig,0.00022629554197782303,0.00021276389277696123,0.0
Leipzig University of Applied Sciences,0.00022629554197782303,0.00021276389277696123,0.0
Johann Wolfgang von Goethe,0.00022629554197782303,0.00021276389277696123,0.0
University of Munich,0.0009051821679112921,0.0001754997778146737,0.0
Bavarian State Ministry of Science and the Arts,0.00022629554197782303,0.00021276389277696123,0.0
1472,0.00022629554197782303,0.00021276389277696123,0.0
Ludwig Maximilian University of Munich,0.00022629554197782303,0.00021276389277696123,0.0
Thomas F. Hofmann,0.00022629554197782303,0.00021276389277696123,0.0
1896-01-01,0.00022629554197782303,0.00035007806647495963,0.0
Tokyo Prefectural Assembly,0.00022629554197782303,0.0001754997778146737,0.0
Legislative Assembly,0.00022629554197782303,0.00032455623766382383,0.0
Shakespearean English,0.0009051821679112921,0.0001754997778146737,0.0
Historical Linguistics,0.00022629554197782303,0.00021276389277696123,0.0
Literary Style,0.00022629554197782303,0.00021276389277696123,0.0
Artistic Expression,0.00022629554197782303,0.00021276389277696123,0.0
Shakespeare's Sonnets,0.00022629554197782303,0.00021276389277696123,0.0
Advocate,0.00045259108395564606,0.00044868039164601983,0.0
1623-01-01,0.00022629554197782303,0.0003952962146016275,0.0
1593-01-01,0.00022629554197782303,0.0003952962146016275,0.0
Puritans,0.00022629554197782303,0.0001754997778146737,0.0
Religious Reformers,0.00022629554197782303,0.00032455623766382383,0.0
965,0.00022629554197782303,0.00035007806647495963,0.0
1603-01-01,0.00022629554197782303,0.00035007806647495963,0.0
1591-01-01,0.00022629554197782303,0.0003883608096916632,0.0
Ruby,0.0009051821679112921,0.0001754997778146737,0.0
1995-12-21,0.00022629554197782303,0.00021276389277696123,0.0
Yukihiro Matsumoto,0.00022629554197782303,0.00021276389277696123,0.0
1995-02-07,0.00022629554197782303,0.00021276389277696123,0.0
Italian Restaurant,0.0009051821679112921,0.0001754997778146737,0.0
Food Service,0.00022629554197782303,0.00021276389277696123,0.0
Chef Luigi,0.00022629554197782303,0.00021276389277696123,0.0
Head Chef,0.00022629554197782303,0.00021276389277696123,0.0
Italian Cuisine Group,0.00022629554197782303,0.00021276389277696123,0.0
Jiang Qing,0.00022629554197782303,0.00023083289859563948,0.0
Political Movement,0.00022629554197782303,0.00023083289859563948,0.0
Mao Zedong,0.00022629554197782303,0.00023083289859563948,0.0
Lin Biao,0.00022629554197782303,0.00023083289859563948,0.0
Red Guards,0.00022629554197782303,0.00023083289859563948,0.0
The Guardian,0.00022629554197782303,0.00023227466132303922,0.0
Chancellor of the Exchequer,0.00022629554197782303,0.00023227466132303922,0.0
Royal Mail,0.00022629554197782303,0.00023227466132303922,0.0
Belgian Franc,0.00022629554197782303,0.00027129619841519527,0.0
Monarchy,0.00022629554197782303,0.00027129619841519527,0.0
Poland,0.00045259108395564606,0.0001754997778146737,0.0
966,0.00022629554197782303,0.0002500280077392487,0.0
Polish Zloty,0.00022629554197782303,0.0002500280077392487,0.0
Copenhagen Business School,0.00045259108395564606,0.0001754997778146737,0.0
Francesco De Marco,0.00022629554197782303,0.0002500280077392487,0.0
Example University,0.00022629554197782303,0.0001754997778146737,0.0
Example Education System,0.00022629554197782303,0.00032455623766382383,0.0
Xi'an University,0.00022629554197782303,0.0001754997778146737,0.0
Ministry of Education of the People's Republic of China,0.00022629554197782303,0.00032455623766382383,0.0
Korea University,0.00022629554197782303,0.0001754997778146737,0.0
Korea University Foundation,0.00022629554197782303,0.00032455623766382383,0.0
Seikei University,0.0006788866259334691,0.0001754997778146737,0.0
1888,0.00022629554197782303,0.00022518526443105705,0.0
Yoshihiro Takahashi,0.00022629554197782303,0.00022518526443105705,0.0
Seikei Gakuen,0.00022629554197782303,0.00022518526443105705,0.0
Warsaw University,0.00045259108395564606,0.0001754997778146737,0.0
Fryderyk Chopin,0.00022629554197782303,0.0002500280077392487,0.0
Polish Academy of Sciences,0.00022629554197782303,0.0002500280077392487,0.0
Seoul National University,0.0006788866259334691,0.0001754997778146737,0.0
Korean National University of Education,0.00022629554197782303,0.00022518526443105705,0.0
Lee Jae-myung,0.00022629554197782303,0.00022518526443105705,0.0
Ban Ki-moon,0.00022629554197782303,0.00022518526443105705,0.0
Copenhagen University,0.00022629554197782303,0.0001754997778146737,0.0
King Christian I,0.00022629554197782303,0.00032455623766382383,0.0
University Name,0.00022629554197782303,0.0001754997778146737,0.0
Capital City Name,0.00022629554197782303,0.00032455623766382383,0.0
University of Padua,0.0009051821679112921,0.0001754997778146737,0.0
Pope Gregory XIII,0.00022629554197782303,0.00021276389277696123,0.0
Students and professors,0.00022629554197782303,0.00021276389277696123,0.0
Various academic positions,0.00022629554197782303,0.00021276389277696123,0.0
Italian universities,0.00022629554197782303,0.00021276389277696123,0.0
University of Warsaw,0.00045259108395564606,0.0001754997778146737,0.0
Ministry of Education and Science,0.00022629554197782303,0.0002500280077392487,0.0
Adam Mickiewicz University,0.00022629554197782303,0.0002500280077392487,0.0
Knowledge City,0.0015840687938447613,0.0001754997778146737,0.0
Abu Dhabi University,0.00022629554197782303,0.0001967935577931237,0.0
Innovation Hub,0.00022629554197782303,0.0001967935577931237,0.0
Abu Dhabi,0.00022629554197782303,0.0001967935577931237,0.0
United Arab Emirates,0.00022629554197782303,0.0001967935577931237,0.0
United Arab Emirates Dirham,0.00022629554197782303,0.0001967935577931237,0.0
Abu Dhabi Department of Education and Knowledge,0.00022629554197782303,0.0001967935577931237,0.0
Knowledge Country,0.0009051821679112921,0.0001967935577931237,1.5366379038783817e-07
ETH Zurich,0.0006788866259334691,0.0001754997778146737,0.0
University of Zurich,0.00022629554197782303,0.00022518526443105705,0.0
Prof. Ralph Eichler,0.00022629554197782303,0.00022518526443105705,0.0
Swiss Federal Institute of Technology,0.00022629554197782303,0.00022518526443105705,0.0
University of Paris,0.00045259108395564606,0.0001754997778146737,0.0
1257,0.00022629554197782303,0.0002500280077392487,0.0
Sorbonne University,0.00022629554197782303,0.0002500280077392487,0.0
1978-01-01,0.00022629554197782303,0.0004138826385027991,0.0
1865-06-02,0.00022629554197782303,0.00019915100357878362,0.0
1865-11-08,0.00022629554197782303,0.00019915100357878362,0.0
1865-05-10,0.00022629554197782303,0.00019915100357878362,0.0
1865-10-01,0.00022629554197782303,0.00019915100357878362,0.0
1865-04-09,0.00022629554197782303,0.00019915100357878362,0.0
1865-12-06,0.00022629554197782303,0.00019915100357878362,0.0
1865-09-01,0.00022629554197782303,0.00019915100357878362,0.0
1865-03-04,0.00022629554197782303,0.00019915100357878362,0.0
1865-04-14,0.00022629554197782303,0.00019915100357878362,0.0
1690-01-01,0.00022629554197782303,0.00027129619841519527,0.0
Unknown Employer,0.00022629554197782303,0.00027129619841519527,0.0
Maine,0.00022629554197782303,0.00027129619841519527,0.0
CEO of Barclays,0.00022629554197782303,0.00027129619841519527,0.0
2020 Presidential Election,0.00022629554197782303,0.00020210740679929738,0.0
Mummers Parade,0.00022629554197782303,0.00020210740679929738,0.0
First Day Hike,0.00022629554197782303,0.00020210740679929738,0.0
Rose Bowl,0.00022629554197782303,0.00020210740679929738,0.0
New Year's Celebration,0.00022629554197782303,0.00020210740679929738,0.0
Cotillion,0.00022629554197782303,0.00020210740679929738,0.0
Polar Bear Plunge,0.00022629554197782303,0.00020210740679929738,0.0
2020 Yearbook,0.00022629554197782303,0.00020210740679929738,0.0
Cisco Networking Software,0.00022629554197782303,0.0001754997778146737,0.0
Proprietary,0.00022629554197782303,0.00032455623766382383,0.0
Mickey Mouse,0.00022629554197782303,0.0003883608096916632,0.0
JetBrains,0.00022629554197782303,0.0001754997778146737,0.0
Prague,0.00022629554197782303,0.00032455623766382383,0.0
Unknown Exchange,0.00022629554197782303,0.0001754997778146737,0.0
Unknown Stock Exchange,0.00022629554197782303,0.00032455623766382383,0.0
Specific Parent Organization,0.0015840687938447613,0.0001754997778146737,0.0
Specific Subsidiary,0.00022629554197782303,0.0001967935577931237,0.0
Specific Position,0.00022629554197782303,0.0001967935577931237,0.0
Specific Language,0.00022629554197782303,0.0001967935577931237,0.0
Specific Exchange,0.00022629554197782303,0.0001967935577931237,0.0
Specific Currency,0.00022629554197782303,0.0001967935577931237,0.0
Specific Industry,0.00022629554197782303,0.0001967935577931237,0.0
Specific Employee,0.00022629554197782303,0.0001967935577931237,0.0
1594,0.00022629554197782303,0.0003564585236777435,0.0
Holland,0.0006788866259334691,0.0001754997778146737,0.0
Region,0.00022629554197782303,0.00022518526443105705,0.0
Amsterdam,0.00045259108395564606,0.00027840052240030443,0.0
1581,0.00045259108395564606,0.00027840052240030443,0.0
Dutch,0.00022629554197782303,0.0001754997778146737,0.0
Royal Dutch Shell,0.00045259108395564606,0.0003777714956330712,0.0
Buenos Aires,0.00022629554197782303,0.00021381834605488232,0.0
Argentine Football Association,0.00022629554197782303,0.00021381834605488232,0.0
Argentine peso,0.00022629554197782303,0.00021381834605488232,0.0
Juan Domingo Perón,0.00022629554197782303,0.00021381834605488232,0.0
YPF S.A.,0.00022629554197782303,0.00021381834605488232,0.0
Andhra Pradesh Government,0.00045259108395564606,0.0001754997778146737,0.0
Y. S. Jagan Mohan Reddy,0.00022629554197782303,0.0002500280077392487,0.0
Amaravati,0.00022629554197782303,0.0002500280077392487,0.0
Philips,0.00022629554197782303,0.00022871503578392107,0.0
"Nihonmatsu, Japan",0.00045259108395564606,0.0001754997778146737,0.0
Nihonmatsu,0.00022629554197782303,0.0002500280077392487,0.0
Nihonmatsu City Hall,0.00022629554197782303,0.0002500280077392487,0.0
Brasilia Time,0.00022629554197782303,0.0003670926190157168,0.0
Andhra Pradesh,0.00022629554197782303,0.0001754997778146737,0.0
Government of Andhra Pradesh,0.00022629554197782303,0.00032455623766382383,0.0
Jair Bolsonaro,0.00022629554197782303,0.00029272728595746057,0.0
Luiz Inácio Lula da Silva,0.00022629554197782303,0.00029272728595746057,0.0
Roman Republic,0.0006788866259334691,0.0001754997778146737,0.0
509 BC,0.00022629554197782303,0.00022518526443105705,0.0
Latin,0.00045259108395564606,0.0002601009221631143,0.0
Denarius,0.00022629554197782303,0.00022518526443105705,0.0
Kumamoto,0.0006788866259334691,0.0001754997778146737,0.0
Kumamoto Prefecture,0.00022629554197782303,0.00022518526443105705,0.0
Kumamoto City Hall,0.00022629554197782303,0.00022518526443105705,0.0
Kumamoto Prefecture Government,0.00022629554197782303,0.00022518526443105705,0.0
"September 21, 1792",0.001131477709889115,0.0001754997778146737,0.0
French Monarchy,0.00022629554197782303,0.0002053110697845037,0.0
Versailles,0.00022629554197782303,0.0002053110697845037,0.0
Louis XVI,0.00022629554197782303,0.0002053110697845037,0.0
Marie Antoinette,0.00022629554197782303,0.0002053110697845037,0.0
King of France,0.00022629554197782303,0.0002053110697845037,0.0
Bancolombia,0.00022629554197782303,0.0002173213622075212,0.0
Bogotá,0.00022629554197782303,0.0002173213622075212,0.0
Colombian peso,0.00022629554197782303,0.0002173213622075212,0.0
Nariño,0.00022629554197782303,0.0002173213622075212,0.0
1500,0.00045259108395564606,0.0001754997778146737,0.0
Florin,0.00045259108395564606,0.00028494366547130595,0.0
1500-01-01,0.00022629554197782303,0.0002500280077392487,0.0
First day of 2004,0.00022629554197782303,0.00021502343551536355,0.0
New Year's Day 2004,0.00022629554197782303,0.00021502343551536355,0.0
Public holiday,0.00022629554197782303,0.00021502343551536355,0.0
New Year's Eve 2003,0.00022629554197782303,0.00021502343551536355,0.0
First sunrise of 2004,0.00022629554197782303,0.00021502343551536355,0.0
Celebration of New Year,0.00022629554197782303,0.00021502343551536355,0.0
First day of the year,0.00022629554197782303,0.00021502343551536355,0.0
Senior Manager,0.00022629554197782303,0.0001754997778146737,0.0
Operations Manager,0.00022629554197782303,0.00032455623766382383,0.0
2023-10-09,0.00022629554197782303,0.00021008297830277733,0.0
2023-10-02,0.00022629554197782303,0.00021008297830277733,0.0
2023-10-10,0.00022629554197782303,0.00021008297830277733,0.0
2023-10-08,0.00022629554197782303,0.00021008297830277733,0.0
2023-10-05,0.00022629554197782303,0.00021008297830277733,0.0
2023-10-03,0.00022629554197782303,0.00021008297830277733,0.0
2023-10-06,0.00022629554197782303,0.00021008297830277733,0.0
2023-10-07,0.00022629554197782303,0.00021008297830277733,0.0
Daimler Truck AG,0.00022629554197782303,0.0001754997778146737,0.0
Gottlieb Daimler,0.00022629554197782303,0.00032455623766382383,0.0
1534-01-01,0.00022629554197782303,0.00045216538171950266,0.0
Chile,0.0006788866259334691,0.0001754997778146737,0.0
Codelco,0.00022629554197782303,0.00022518526443105705,0.0
Chilean peso,0.00022629554197782303,0.00022518526443105705,0.0
Santiago,0.00022629554197782303,0.00022518526443105705,0.0
Peru,0.0006788866259334691,0.0001754997778146737,0.0
Peruvian Corporation,0.00022629554197782303,0.00022518526443105705,0.0
Sol,0.00022629554197782303,0.00022518526443105705,0.0
Lima,0.00022629554197782303,0.00022518526443105705,0.0
Political Revolution,0.0009051821679112921,0.0001754997778146737,0.0
Political Activism,0.00022629554197782303,0.00021276389277696123,0.0
Revolutionary Coalition,0.00022629554197782303,0.00021276389277696123,0.0
Revolutionary Leaders,0.00022629554197782303,0.00021276389277696123,0.0
Revolutionary Movement,0.00022629554197782303,0.00021276389277696123,0.0
Declaration of Independence,0.00022629554197782303,0.0001754997778146737,0.0
1776-07-04,0.00022629554197782303,0.00032455623766382383,0.0
Samhain,0.00022629554197782303,0.00020210740679929738,0.0
Beggars' Night,0.00022629554197782303,0.00020210740679929738,0.0
Mischief Night,0.00022629554197782303,0.00020210740679929738,0.0
John Keats,0.00022629554197782303,0.00020210740679929738,0.0
World Cities Day,0.00022629554197782303,0.00020210740679929738,0.0
Reformation Day,0.00022629554197782303,0.00020210740679929738,0.0
International Halloween,0.00022629554197782303,0.00020210740679929738,0.0
National Candy Corn Day,0.00045259108395564606,0.0002322671977764757,0.0
Toyota Motor Corporation,0.00022629554197782303,0.0001754997778146737,0.0
"August 28, 1937",0.00022629554197782303,0.00032455623766382383,0.0
Hungary,0.0013577732518669382,0.0001754997778146737,0.0
Hungarian,0.00022629554197782303,0.00020034252112286537,0.0
1000,0.00022629554197782303,0.00020034252112286537,0.0
Hungarian forint,0.00022629554197782303,0.00020034252112286537,0.0
Hungarian National Bank,0.00022629554197782303,0.00020034252112286537,0.0
Árpád,0.00022629554197782303,0.00020034252112286537,0.0
Budapest,0.00022629554197782303,0.00020034252112286537,0.0
Toyota City,0.00022629554197782303,0.0001754997778146737,0.0
Aichi Prefecture,0.00022629554197782303,0.00032455623766382383,0.0
Munich,0.0009051821679112921,0.0001754997778146737,0.0
Bavaria,0.00022629554197782303,0.00021276389277696123,0.0
Munich Re,0.00022629554197782303,0.00021276389277696123,0.0
Bavarian State Opera,0.00022629554197782303,0.00021276389277696123,0.0
BMW AG,0.00022629554197782303,0.00021276389277696123,0.0
Porsche AG,0.00022629554197782303,0.0001754997778146737,0.0
Oliver Blume,0.00022629554197782303,0.00032455623766382383,0.0
Danish Superliga,0.0006788866259334691,0.0001754997778146737,0.0
Top-tier football league,0.00022629554197782303,0.00022518526443105705,0.0
Danish Football Clubs,0.00022629554197782303,0.00022518526443105705,0.0
Russian Government,0.00022629554197782303,0.0001754997778146737,0.0
Federal Assembly of Russia,0.00022629554197782303,0.00032455623766382383,0.0
Infineon Technologies,0.00045259108395564606,0.0001754997778146737,0.0
Neubiberg,0.00022629554197782303,0.0002500280077392487,0.0
Jochen Hanebeck,0.00022629554197782303,0.0002500280077392487,0.0
University Administrator,0.00022629554197782303,0.0001754997778146737,0.0
Place,0.00022629554197782303,0.00032455623766382383,0.0
1961-07-24,0.00022629554197782303,0.00023936405821502137,0.0
Chairperson and CEO,0.00022629554197782303,0.00023936405821502137,0.0
"Royal Oak, Michigan",0.00022629554197782303,0.00023936405821502137,0.0
Vice-Chancellor of the University of Reading,0.00022629554197782303,0.00031383257976708823,0.0
University of Birmingham,0.00022629554197782303,0.00031383257976708823,0.0
"Derry Township, Pennsylvania",0.00022629554197782303,0.000260662103077222,0.0
"September 13, 1857",0.00022629554197782303,0.000260662103077222,0.0
DB Netz AG,0.0009051821679112921,0.0001754997778146737,0.0
DB AG,0.00022629554197782303,0.00021276389277696123,0.0
Dr. Richard Lutz,0.00022629554197782303,0.00021276389277696123,0.0
Infrastructure Manager,0.00022629554197782303,0.00021276389277696123,0.0
Railway,0.00022629554197782303,0.00021276389277696123,0.0
2001 in video games,0.00022629554197782303,0.00019915100357878362,0.0
2001 in television,0.00022629554197782303,0.00019915100357878362,0.0
2001 in literature,0.00022629554197782303,0.00019915100357878362,0.0
2001 in sports,0.00022629554197782303,0.00019915100357878362,0.0
Enron scandal,0.00022629554197782303,0.00019915100357878362,0.0
2001 in music,0.00022629554197782303,0.00019915100357878362,0.0
Wikipedia's 2001 in film page,0.00022629554197782303,0.00019915100357878362,0.0
Wikipedia's 2001 page,0.00022629554197782303,0.00019915100357878362,0.0
Battle of Tora Bora,0.00022629554197782303,0.00019915100357878362,0.0
Xi'an is not the capital of China.,0.00045259108395564606,0.0001754997778146737,0.0
Xi'an Jiaotong University,0.00022629554197782303,0.0002500280077392487,0.0
Shaanxi Province,0.00022629554197782303,0.0002500280077392487,0.0
Volunteer Coordinator,0.00022629554197782303,0.0001754997778146737,0.0
Community Outreach Coordinator,0.00022629554197782303,0.00032455623766382383,0.0
Continent Name,0.00022629554197782303,0.0003670926190157168,0.0
1663,0.00022629554197782303,0.0003670926190157168,0.0
Day of the Dead,0.00022629554197782303,0.000205659568791852,0.0
National Hermit Day,0.00022629554197782303,0.000205659568791852,0.0
World Stroke Day,0.00022629554197782303,0.000205659568791852,0.0
International Internet Day,0.00022629554197782303,0.000205659568791852,0.0
World Psoriasis Day,0.00022629554197782303,0.000205659568791852,0.0
Phil Knight,0.00045259108395564606,0.0001754997778146737,0.0
Chairman Emeritus,0.00022629554197782303,0.0002500280077392487,0.0
1938-02-24,0.00022629554197782303,0.0002500280077392487,0.0
Parliament of Canada,0.00022629554197782303,0.0001754997778146737,0.0
Government of Canada,0.00022629554197782303,0.00032455623766382383,0.0
Factory System,0.00022629554197782303,0.0002109766164608386,0.0
Technological Innovation,0.00022629554197782303,0.0002109766164608386,0.0
Urbanization,0.00022629554197782303,0.0002109766164608386,0.0
Textile Industry,0.00022629554197782303,0.0002109766164608386,0.0
Economic Transformation,0.00022629554197782303,0.0002109766164608386,0.0
Coal Industry,0.00022629554197782303,0.0002109766164608386,0.0
Canadian Pacific Railway,0.00022629554197782303,0.0001754997778146737,0.0
Railroad,0.00022629554197782303,0.00032455623766382383,0.0
1879-03-14,0.00022629554197782303,0.00031383257976708823,0.0
"March 14, 1879",0.00022629554197782303,0.00031383257976708823,0.0
Data Analyst,0.00045259108395564606,0.0001754997778146737,0.0
Business Intelligence Analyst,0.00022629554197782303,0.0002500280077392487,0.0
Tech Solutions LLC,0.00022629554197782303,0.0002500280077392487,0.0
Public Servants,0.00022629554197782303,0.0003883608096916632,0.0
Chief Minister of a specific state,0.00022629554197782303,0.0003670926190157168,0.0
1753,0.00045259108395564606,0.00043098675360231863,0.0
Sir Hans Sloane,0.00022629554197782303,0.00028193029375316844,0.0
1913-12-23,0.00022629554197782303,0.00045216538171950266,0.0
Example Language,0.00022629554197782303,0.0001754997778146737,0.0
Example Position,0.00022629554197782303,0.00032455623766382383,0.0
City-State Government,0.00022629554197782303,0.00019915100357878362,0.0
City-State Industry,0.00022629554197782303,0.00019915100357878362,0.0
City-State Founding Year,0.00022629554197782303,0.00019915100357878362,0.0
City-State Country,0.00022629554197782303,0.00019915100357878362,0.0
City-State Language,0.00022629554197782303,0.00019915100357878362,0.0
City-State Time Zone,0.00022629554197782303,0.00019915100357878362,0.0
City-State Leader,0.00022629554197782303,0.00019915100357878362,0.0
City-State Federation,0.00022629554197782303,0.00019915100357878362,0.0
City-State Currency,0.00022629554197782303,0.00019915100357878362,0.0
Austria,0.0009051821679112921,0.0001754997778146737,0.0
Federal Republic,0.00022629554197782303,0.00021276389277696123,0.0
Austrian Federal Government,0.00022629554197782303,0.00021276389277696123,0.0
Vienna,0.00022629554197782303,0.00021276389277696123,0.0
976,0.00022629554197782303,0.00021276389277696123,0.0
Liechtenstein,0.0006788866259334691,0.0001754997778146737,0.0
Vaduz,0.00022629554197782303,0.00022518526443105705,0.0
Liechtenstein Financial Market Authority,0.00022629554197782303,0.00022518526443105705,0.0
1719,0.00022629554197782303,0.00022518526443105705,0.0
North Macedonia,0.0006788866259334691,0.0001754997778146737,0.0
Macedonian denar,0.00022629554197782303,0.00022518526443105705,0.0
Macedonian companies,0.00022629554197782303,0.00022518526443105705,0.0
Macedonian,0.00022629554197782303,0.00022518526443105705,0.0
Czech Republic,0.0009051821679112921,0.0001754997778146737,0.0
Czech,0.00022629554197782303,0.00021276389277696123,0.0
Czech National Bank,0.00022629554197782303,0.00021276389277696123,0.0
Škoda Auto,0.00022629554197782303,0.00021276389277696123,0.0
Czech koruna,0.00022629554197782303,0.00021276389277696123,0.0
Town,0.00022629554197782303,0.000209564707919693,0.0
Shrewsbury Museum and Art Gallery,0.00022629554197782303,0.000209564707919693,0.0
Shrewsbury Town F.C.,0.00022629554197782303,0.000209564707919693,0.0
Shrewsbury School,0.00022629554197782303,0.000209564707919693,0.0
Shrewsbury College,0.00022629554197782303,0.000209564707919693,0.0
Sadiq Khan,0.00022629554197782303,0.0001754997778146737,0.0
1970-10-08,0.00022629554197782303,0.00032455623766382383,0.0
Textiles,0.00022629554197782303,0.00028193029375316844,0.0
National History Museum,0.00022629554197782303,0.00028193029375316844,0.0
DreamWorks Animation,0.00022629554197782303,0.00019359565240098067,0.0
Character Designer,0.00022629554197782303,0.00019359565240098067,0.0
Animation Director,0.00022629554197782303,0.00019359565240098067,0.0
Illumination Entertainment,0.00022629554197782303,0.00019359565240098067,0.0
Pixar Animation Studios,0.00022629554197782303,0.00019359565240098067,0.0
Film,0.00045259108395564606,0.00021222770988212444,0.0
Walt Disney Animation Studios,0.00022629554197782303,0.00019359565240098067,0.0
Blue Sky Studios,0.00022629554197782303,0.00019359565240098067,0.0
Lead Animator,0.00022629554197782303,0.00019359565240098067,0.0
Storyboard Artist,0.00022629554197782303,0.00019359565240098067,0.0
Emeritus Professor,0.00022629554197782303,0.0003564585236777435,0.0
1877,0.00022629554197782303,0.00021008297830277733,0.0
Ku Klux Klan,0.00022629554197782303,0.00021008297830277733,0.0
14th Amendment,0.00022629554197782303,0.00021008297830277733,0.0
Radical Republicans,0.00022629554197782303,0.00021008297830277733,0.0
Freedmen's Bureau,0.00022629554197782303,0.00021008297830277733,0.0
Jim Crow Laws,0.00022629554197782303,0.00021008297830277733,0.0
1866,0.00022629554197782303,0.00021008297830277733,0.0
13th Amendment,0.00022629554197782303,0.00021008297830277733,0.0
University of Reading,0.00022629554197782303,0.0001754997778146737,0.0
Sir John Madejski,0.00022629554197782303,0.00032455623766382383,0.0
Edinburgh,0.00022629554197782303,0.00034582442833977034,0.0
Formation of the Delphic Amphictyony,0.0015840687938447613,0.0001754997778146737,0.0
Cultural significance in ancient Greece,0.00022629554197782303,0.0001967935577931237,0.0
Delphic Oracle,0.00022629554197782303,0.0001967935577931237,0.0
6th century BC,0.00022629554197782303,0.0001967935577931237,0.0
Pythian Games,0.00022629554197782303,0.0001967935577931237,0.0
Ancient Greek tribes,0.00022629554197782303,0.0001967935577931237,0.0
Religious practices,0.00022629554197782303,0.0001967935577931237,0.0
Delphi,0.00022629554197782303,0.0001967935577931237,0.0
Telugu Desam Party,0.00045259108395564606,0.0001754997778146737,0.0
N. Chandrababu Naidu,0.00022629554197782303,0.0002500280077392487,0.0
Political Party,0.00022629554197782303,0.0002500280077392487,0.0
Reserve Bank of India,0.00045259108395564606,0.0001754997778146737,0.0
BSE,0.00022629554197782303,0.0002500280077392487,0.0
Shaktikanta Das,0.00022629554197782303,0.0002500280077392487,0.0
Banco Santander,0.0006788866259334691,0.0001754997778146737,0.0
Santander Group,0.00022629554197782303,0.00022518526443105705,0.0
BME,0.00022629554197782303,0.00022518526443105705,0.0
Ana Botín,0.00022629554197782303,0.00022518526443105705,0.0
Robert Brown,0.0009051821679112921,0.0001754997778146737,0.0
1773-04-03,0.00022629554197782303,0.00021276389277696123,0.0
"Montrose, Scotland",0.00022629554197782303,0.00021276389277696123,0.0
Botanist,0.00022629554197782303,0.00021276389277696123,0.0
Scottish,0.00022629554197782303,0.00021276389277696123,0.0
Animation Advocate,0.00022629554197782303,0.00023083289859563948,0.0
Animation Professionals,0.00022629554197782303,0.00023083289859563948,0.0
Paul Grimault,0.00022629554197782303,0.00023083289859563948,0.0
Annecy,0.00022629554197782303,0.00023083289859563948,0.0
Jean-François Laguionie,0.00022629554197782303,0.00023083289859563948,0.0
Film Industry,0.0018103643358225842,0.0001754997778146737,0.0
Lionsgate,0.00022629554197782303,0.00019413183529581746,0.0
DreamWorks Pictures,0.00022629554197782303,0.00019413183529581746,0.0
20th Century Studios,0.00022629554197782303,0.00019413183529581746,0.0
Metro-Goldwyn-Mayer,0.00022629554197782303,0.00019413183529581746,0.0
Sony Pictures,0.00022629554197782303,0.00019413183529581746,0.0
Paramount Pictures,0.00022629554197782303,0.00019413183529581746,0.0
Columbia Pictures,0.00022629554197782303,0.00019413183529581746,0.0
PETA,0.00045259108395564606,0.0002358193597690303,1.0244252692522546e-07
Campaigner,0.00022629554197782303,0.0002358193597690303,0.0
ASPCA,0.00022629554197782303,0.0002358193597690303,0.0
Animal Legal Defense Fund,0.00022629554197782303,0.0002358193597690303,0.0
The Humane Society of the United States,0.00022629554197782303,0.0002358193597690303,0.0
Fernando Santos,0.00022629554197782303,0.0002500280077392487,0.0
Jens Peter Broch,0.00022629554197782303,0.0001967935577931237,0.0
Parken Sport & Entertainment,0.00022629554197782303,0.0001967935577931237,0.0
Head Coach,0.00022629554197782303,0.0001967935577931237,0.0
Ståle Solbakken,0.00022629554197782303,0.0001967935577931237,0.0
Danish Football Association,0.0006788866259334691,0.0001754997778146737,0.0
Kasper Hjulmand,0.00022629554197782303,0.00022518526443105705,0.0
Brøndby,0.00022629554197782303,0.00022518526443105705,0.0
UEFA,0.00022629554197782303,0.00022518526443105705,0.0
Real Madrid CF,0.0006788866259334691,0.0001754997778146737,0.0
La Liga,0.00022629554197782303,0.00022518526443105705,0.0
Carlo Ancelotti,0.00022629554197782303,0.00022518526443105705,0.0
Florentino Pérez,0.00022629554197782303,0.00022518526443105705,0.0
Japan National Baseball Team,0.00022629554197782303,0.0001754997778146737,0.0
Nippon Professional Baseball,0.00022629554197782303,0.00032455623766382383,0.0
FC Barcelona,0.00045259108395564606,0.0001754997778146737,0.0
Barcelona,0.00022629554197782303,0.0002500280077392487,0.0
1899,0.00022629554197782303,0.0002500280077392487,0.0
Polish,0.00022629554197782303,0.0001754997778146737,0.0
Poland Government,0.00022629554197782303,0.00032455623766382383,0.0
Election Volunteer,0.00022629554197782303,0.0001754997778146737,0.0
Voting Advocate,0.00022629554197782303,0.00032455623766382383,0.0
Current Employer Name,0.00022629554197782303,0.0001754997778146737,0.0
Founder Name,0.00022629554197782303,0.00032455623766382383,0.0
Cultural Capital of Denmark,0.0006788866259334691,0.0001754997778146737,0.0
Danish Government,0.00022629554197782303,0.00022518526443105705,0.0
1043,0.00022629554197782303,0.00022518526443105705,0.0
Copenhagen City Council,0.00022629554197782303,0.00022518526443105705,0.0
Teachers,0.00022629554197782303,0.00045216538171950266,0.0
Tax Consultant,0.00022629554197782303,0.0001754997778146737,0.0
Tax Advisor,0.00022629554197782303,0.00032455623766382383,0.0
Mexican Federal Government,0.00045259108395564606,0.0001754997778146737,0.0
Andrés Manuel López Obrador,0.0009051821679112921,0.0002500280077392487,1.5366379038783817e-07
1824,0.00022629554197782303,0.0002500280077392487,0.0
Italian Government,0.00045259108395564606,0.0001754997778146737,0.0
Italian Parliament,0.00022629554197782303,0.0002500280077392487,0.0
Giorgia Meloni,0.00022629554197782303,0.0002500280077392487,0.0
French Government,0.0006788866259334691,0.0001754997778146737,0.0
Emmanuel Macron,0.00022629554197782303,0.00022518526443105705,0.0
1791,0.00022629554197782303,0.00022518526443105705,0.0
Constitution of France,0.00022629554197782303,0.00022518526443105705,0.0
Battle of El Alamein,0.002036659877800407,0.00021441194912683227,1.6390804308036073e-06
Battle of Stalingrad,0.002036659877800407,0.00021441194912683227,1.6390804308036073e-06
Operation Uranus,0.0006788866259334691,0.00021441194912683227,4.0977010770090183e-07
Operation Torch landings,0.0024892509617560534,0.0002241399919548719,2.0488505385045093e-06
The Second Battle of El Alamein,0.0009051821679112921,0.0002241399919548719,6.146551615513527e-07
Operation Torch,0.0006788866259334691,0.0002241399919548719,4.0977010770090183e-07
Battle of Kasserine Pass,0.00226295541977823,0.0002241399919548719,1.8439654846540583e-06
Public University System,0.00022629554197782303,0.00028193029375316844,0.0
Long Beach,0.00022629554197782303,0.00028193029375316844,0.0
Haruhiko Kuroda,0.00045259108395564606,0.0001754997778146737,0.0
Governor of the Bank of Japan,0.00022629554197782303,0.0002500280077392487,0.0
"Kumamoto, Japan",0.00022629554197782303,0.0002500280077392487,0.0
Zhejiang Province,0.0006788866259334691,0.0001754997778146737,0.0
221 BC,0.00022629554197782303,0.00022518526443105705,0.0
Provincial Government of Zhejiang,0.00022629554197782303,0.00022518526443105705,0.0
Fumio Kishida,0.0009051821679112921,0.0001754997778146737,0.0
Waseda University,0.00022629554197782303,0.00021276389277696123,0.0
"Hiroshima, Japan",0.00022629554197782303,0.00021276389277696123,0.0
1957-07-29,0.00022629554197782303,0.00021276389277696123,0.0
Chairman of the Liberal Democratic Party,0.00022629554197782303,0.00021276389277696123,0.0
Pablo Picasso,0.0009051821679112921,0.0001754997778146737,0.0
1881-10-25,0.00022629554197782303,0.00021276389277696123,0.0
Painter,0.00022629554197782303,0.00021276389277696123,0.0
Royal Academy of San Fernando,0.00022629554197782303,0.00021276389277696123,0.0
Vincent van Gogh,0.0009051821679112921,0.0001754997778146737,0.0
1853-03-30,0.00022629554197782303,0.00021276389277696123,0.0
Post-Impressionist Painter,0.00022629554197782303,0.00021276389277696123,0.0
Self,0.00022629554197782303,0.00021276389277696123,0.0
Independent Artist,0.00022629554197782303,0.00021276389277696123,0.0
Frida Kahlo,0.0013577732518669382,0.0001754997778146737,0.0
Surrealist Artist,0.00022629554197782303,0.00020034252112286537,0.0
Mexican,0.00022629554197782303,0.00020034252112286537,0.0
"July 6, 1907",0.00022629554197782303,0.00020034252112286537,0.0
National Preparatory School,0.00022629554197782303,0.00020034252112286537,0.0
"Coyoacán, Mexico City",0.00022629554197782303,0.00020034252112286537,0.0
Feminist Icon,0.00022629554197782303,0.00020034252112286537,0.0
Content Strategist,0.00022629554197782303,0.0001754997778146737,0.0
Advertising Agency,0.00022629554197782303,0.00032455623766382383,0.0
New Delhi,0.0006788866259334691,0.0001754997778146737,0.0
Indian Oil Corporation,0.00022629554197782303,0.00022518526443105705,0.0
Bharat Electronics Limited,0.00022629554197782303,0.00022518526443105705,0.0
Members of the Second Continental Congress,0.00022629554197782303,0.0003564585236777435,0.0
Operation Supercharge,0.00022629554197782303,0.0001754997778146737,0.0
Innovation Lead,0.00022629554197782303,0.00032455623766382383,0.0
The Getty,0.00022629554197782303,0.00019295760668070226,0.0
The Metropolitan Museum of Art,0.00022629554197782303,0.00019295760668070226,0.0
The Smithsonian Institution,0.00022629554197782303,0.00019295760668070226,0.0
The Rijksmuseum,0.00022629554197782303,0.00019295760668070226,0.0
The Louvre,0.00022629554197782303,0.00019295760668070226,0.0
The Museum of Modern Art,0.00022629554197782303,0.00019295760668070226,0.0
The Tate Modern,0.00022629554197782303,0.00019295760668070226,0.0
The National Gallery,0.00022629554197782303,0.00019295760668070226,0.0
The Uffizi Gallery,0.00022629554197782303,0.00019295760668070226,0.0
The British Museum,0.00022629554197782303,0.00019295760668070226,0.0
"April 1, 2023",0.00022629554197782303,0.00026278892214481663,0.0
"April 1, 2021",0.00022629554197782303,0.00026278892214481663,0.0
1582-10-15,0.00022629554197782303,0.00021041543554673085,0.0
Gregorian Calendar,0.00022629554197782303,0.00021041543554673085,0.0
October 15,0.00022629554197782303,0.00021041543554673085,0.0
Start of the 16th century,0.00022629554197782303,0.0001973220638972094,0.0
Easter Sunday,0.00022629554197782303,0.0001973220638972094,0.0
Papal Bull Inter gravissimas,0.00022629554197782303,0.0001973220638972094,0.0
First day of the Gregorian Calendar,0.00022629554197782303,0.0001973220638972094,0.0
Introduction of leap year adjustments,0.00022629554197782303,0.0001973220638972094,0.0
Transition from Julian to Gregorian Calendar,0.00022629554197782303,0.0001973220638972094,0.0
Date of the Council of Trent,0.00022629554197782303,0.0001973220638972094,0.0
New Year in some regions,0.00022629554197782303,0.0001973220638972094,0.0
Argentinian,0.00022629554197782303,0.00021808094044594784,0.0
Forward Player,0.00022629554197782303,0.00021808094044594784,0.0
Professional Athlete,0.00022629554197782303,0.00021808094044594784,0.0
Striker,0.00022629554197782303,0.00021808094044594784,0.0
City Planner,0.0009051821679112921,0.0001754997778146737,0.0
Urban Policy Analyst,0.00022629554197782303,0.00021276389277696123,0.0
Urban Development Specialist,0.00022629554197782303,0.00021276389277696123,0.0
Metropolis City Council,0.00022629554197782303,0.00021276389277696123,0.0
Community Development Officer,0.00022629554197782303,0.00021276389277696123,0.0
1944-10-25,0.0013577732518669382,0.0001754997778146737,0.0
Bob Dylan,0.00022629554197782303,0.00020034252112286537,0.0
Marlon Brando,0.00022629554197782303,0.00020034252112286537,0.0
Fidel Castro,0.00022629554197782303,0.00020034252112286537,0.0
Pele,0.00022629554197782303,0.00020034252112286537,0.0
Diana Ross,0.00022629554197782303,0.00020034252112286537,0.0
Mickey Mantle,0.00022629554197782303,0.00020034252112286537,0.0
China Southern Airlines,0.00045259108395564606,0.0001754997778146737,0.0
Zhang Zhiwei,0.00022629554197782303,0.0002500280077392487,0.0
China Southern Air Holding Company,0.00022629554197782303,0.0002500280077392487,0.0
Iberia Airlines,0.00045259108395564606,0.0001754997778146737,0.0
1927-06-28,0.00022629554197782303,0.0002500280077392487,0.0
Juan Antonio Fernández,0.00022629554197782303,0.0002500280077392487,0.0
Sichuan Airlines,0.0006788866259334691,0.0001754997778146737,0.0
Sichuan Airlines Group,0.00022629554197782303,0.00022518526443105705,0.0
Chengdu Airlines,0.00022629554197782303,0.00022518526443105705,0.0
Commercial Airline,0.00022629554197782303,0.00022518526443105705,0.0
1774,0.00022629554197782303,0.0001754997778146737,0.0
1774-01-01,0.00022629554197782303,0.00032455623766382383,0.0
"January 20, 1941",0.00022629554197782303,0.0001754997778146737,0.0
Inauguration of Franklin D. Roosevelt,0.00022629554197782303,0.00032455623766382383,0.0
Civil Rights Movement,0.0015840687938447613,0.0001754997778146737,0.0
Congress of Racial Equality,0.00022629554197782303,0.0001967935577931237,0.0
Black Panther Party,0.00022629554197782303,0.0001967935577931237,0.0
Student Nonviolent Coordinating Committee,0.00022629554197782303,0.0001967935577931237,0.0
NAACP,0.00022629554197782303,0.0001967935577931237,0.0
Civil Rights Leadership,0.00022629554197782303,0.0001967935577931237,0.0
Social Justice Advocacy,0.00022629554197782303,0.0001967935577931237,0.0
Civil Rights Activism,0.00022629554197782303,0.0001967935577931237,0.0
Electronics Manufacturing,0.00022629554197782303,0.0001754997778146737,0.0
Manufacturing Leader,0.00022629554197782303,0.00032455623766382383,0.0
PDVSA,0.00022629554197782303,0.00020287018370053697,0.0
Oil,0.00022629554197782303,0.00020287018370053697,0.0
Nicolás Maduro,0.00022629554197782303,0.00020287018370053697,0.0
Caracas,0.00022629554197782303,0.00020287018370053697,0.0
Bolívar,0.00022629554197782303,0.00020287018370053697,0.0
1811,0.00022629554197782303,0.00020287018370053697,0.0
Venezuelan National Oil Company,0.00022629554197782303,0.00020287018370053697,0.0
Woodstock Festival,0.0006788866259334691,0.0001754997778146737,0.0
Cultural Landmark,0.00022629554197782303,0.00022518526443105705,0.0
Music Festival,0.00022629554197782303,0.00022518526443105705,0.0
"August 15, 1969",0.00022629554197782303,0.00022518526443105705,0.0
Senior Language Trainer,0.00022629554197782303,0.0001754997778146737,0.0
Linguist Town,0.00022629554197782303,0.00032455623766382383,0.0
Lionel Messi,0.0006788866259334691,0.0001754997778146737,0.0
"June 24, 1987",0.00022629554197782303,0.00022518526443105705,0.0
Rosario,0.00022629554197782303,0.00022518526443105705,0.0
"Rosario, Argentina",0.00022629554197782303,0.00022518526443105705,0.0
"May 2, 1975",0.00022629554197782303,0.00028193029375316844,0.0
Leytonstone,0.00022629554197782303,0.00028193029375316844,0.0
Carlos Romero Deschamps,0.00022629554197782303,0.0001754997778146737,0.0
1947-08-24,0.00022629554197782303,0.00032455623766382383,0.0
Chairman and Chief Executive Officer,0.00022629554197782303,0.0001754997778146737,0.0
Another Company Name,0.00022629554197782303,0.00032455623766382383,0.0
Jim Ryan,0.00022629554197782303,0.00026772164578295007,0.0
PlayStation,0.00022629554197782303,0.00026772164578295007,0.0
San Mateo,0.00022629554197782303,0.00026772164578295007,0.0
Russian,0.00022629554197782303,0.0001754997778146737,0.0
Various dates,0.00226295541977823,0.0002500280077392487,4.6099137116351457e-07
Madurai,0.0015840687938447613,0.000420263095705583,9.219827423270291e-07
Object-Oriented Programming,0.00022629554197782303,0.0001754997778146737,0.0
Russian Federation,0.0006788866259334691,0.0001754997778146737,0.0
Company Name,0.00022629554197782303,0.0001754997778146737,0.0
1831,0.00022629554197782303,0.0001754997778146737,0.0
Morris Chang,0.00045259108395564606,0.0002500280077392487,5.122126346261273e-08
Siege of Leningrad,0.0006788866259334691,0.00021441194912683227,4.0977010770090183e-07
Battle of Midway,0.0018103643358225842,0.00021441194912683227,1.4341953769531564e-06
Shinzo Abe,0.00022629554197782303,0.0001754997778146737,0.0
Nagato,0.0006788866259334691,0.00032455623766382383,1.0244252692522546e-07
Ruby Community,0.00022629554197782303,0.00021276389277696123,0.0
Tehran,0.002036659877800407,0.0003670926190157168,8.195402154018037e-07
Toyota Group,0.00022629554197782303,0.0001754997778146737,0.0
Volkswagen Group,0.00022629554197782303,0.0001754997778146737,0.0
1908-04-11,0.00022629554197782303,0.0001754997778146737,0.0
Portugal,0.00022629554197782303,0.0001754997778146737,0.0
Ferdinand Magellan,0.0006788866259334691,0.00032455623766382383,1.0244252692522546e-07
Rise of the Archaic period in Greece,0.0015840687938447613,0.00026772164578295007,6.146551615513527e-07
Establishment of the Greek city-states,0.001131477709889115,0.00026772164578295007,4.0977010770090183e-07
Specific Company Name,0.00045259108395564606,0.0001754997778146737,0.0
Specific Country Name,0.00045259108395564606,0.0002500280077392487,5.122126346261273e-08
1960-11-04,0.00022629554197782303,0.0003564585236777435,0.0
Position Title,0.0018103643358225842,0.0001754997778146737,0.0
Nationality,0.00022629554197782303,0.00019413183529581746,0.0
Alma Mater Name,0.00022629554197782303,0.00019413183529581746,0.0
Another Current Employer Name,0.00022629554197782303,0.00019413183529581746,0.0
Yet Another Current Employer Name,0.00022629554197782303,0.00019413183529581746,0.0
Birth Place,0.00022629554197782303,0.00019413183529581746,0.0
Birth Date,0.00022629554197782303,0.00019413183529581746,0.0
Yet Another Current Position Title,0.00022629554197782303,0.00019413183529581746,0.0
Another Current Position Title,0.00022629554197782303,0.00019413183529581746,0.0
Chairman and CEO,0.00022629554197782303,0.0001754997778146737,0.0
CEO of Company Name,0.00022629554197782303,0.00032455623766382383,0.0
1929-07-10,0.00022629554197782303,0.0003883608096916632,0.0
Terry Gou,0.00022629554197782303,0.0001754997778146737,0.0
1950-10-18,0.00022629554197782303,0.00032455623766382383,0.0
Mother Teresa,0.0009051821679112921,0.0001754997778146737,0.0
Loreto Convent,0.00022629554197782303,0.00021276389277696123,0.0
Nobel Peace Prize Laureate,0.00022629554197782303,0.00021276389277696123,0.0
1910-08-26,0.00022629554197782303,0.00021276389277696123,0.0
Humanitarian,0.00022629554197782303,0.00021276389277696123,0.0
Maffersdorf,0.00022629554197782303,0.0002783557411209233,0.0
1875-09-03,0.00022629554197782303,0.0002783557411209233,0.0
Automobile Engineer,0.00022629554197782303,0.0002783557411209233,0.0
1959-04-24,0.00022629554197782303,0.0002659791507462086,0.0
Landsberg am Lech,0.00022629554197782303,0.0002659791507462086,0.0
1960-10-08,0.00022629554197782303,0.0003883608096916632,0.0
Scientist,0.00022629554197782303,0.0004863754717096407,0.0
Job Title,0.001131477709889115,0.0001754997778146737,0.0
Tech Company Inc.,0.00022629554197782303,0.0002053110697845037,0.0
Global Enterprises,0.00022629554197782303,0.0002053110697845037,0.0
Data Solutions LLC,0.00022629554197782303,0.0002053110697845037,0.0
Creative Agency,0.00022629554197782303,0.0002053110697845037,0.0
Consulting Group,0.00022629554197782303,0.0002053110697845037,0.0
Johannesburg,0.00022629554197782303,0.0003564585236777435,0.0
Kiichiro Toyoda,0.00045259108395564606,0.0001754997778146737,0.0
"Nagoya, Japan",0.00022629554197782303,0.0002500280077392487,0.0
"June 11, 1894",0.00022629554197782303,0.0002500280077392487,0.0
Akio Toyoda,0.00045259108395564606,0.0001754997778146737,0.0
Nagoya,0.00022629554197782303,0.0002500280077392487,0.0
1956-08-03,0.00022629554197782303,0.0002500280077392487,0.0
Egypt,0.0009051821679112921,0.0001754997778146737,0.0
3100 BC,0.00022629554197782303,0.00021276389277696123,0.0
Egyptian pound,0.00022629554197782303,0.00021276389277696123,0.0
Egyptian General Petroleum Corporation,0.00022629554197782303,0.00021276389277696123,0.0
Abdel Fattah el-Sisi,0.00022629554197782303,0.00021276389277696123,0.0
1838,0.00022629554197782303,0.00045216538171950266,0.0
Lee Jae-Yong,0.00022629554197782303,0.00021914434997974516,0.0
Suwon,0.00022629554197782303,0.00021914434997974516,0.0
Vice Chairman,0.00022629554197782303,0.00021914434997974516,0.0
Samsung Group,0.00022629554197782303,0.00021914434997974516,0.0
KRX,0.00022629554197782303,0.00023369254070143566,0.0
Kwon Bong-seok,0.00022629554197782303,0.00023369254070143566,0.0
LG Corp,0.00022629554197782303,0.00023369254070143566,0.0
1878,0.00022629554197782303,0.0001754997778146737,0.0
1878-01-01,0.00022629554197782303,0.00032455623766382383,0.0
Unknown Capital,0.00022629554197782303,0.0001754997778146737,0.0
Unknown TimeZone,0.00022629554197782303,0.00032455623766382383,0.0
Unknown Time Zone,0.00022629554197782303,0.0001754997778146737,0.0
Unknown Incorporation Country,0.00022629554197782303,0.00032455623766382383,0.0
1882,0.00022629554197782303,0.0001754997778146737,0.0
1882-01-01,0.00022629554197782303,0.00032455623766382383,0.0
Tianjin,0.00022629554197782303,0.0004947017630713957,0.0
The Siege of Tyre,0.00022629554197782303,0.000194659061934778,0.0
The start of the Hellenistic period,0.00022629554197782303,0.000194659061934778,0.0
Foundation of the city of Alexandria,0.00022629554197782303,0.000194659061934778,0.0
Battle of Gaugamela,0.00022629554197782303,0.000194659061934778,0.0
The Battle of the Persian Gates,0.00022629554197782303,0.000194659061934778,0.0
The Battle of Granicus,0.00022629554197782303,0.000194659061934778,0.0
The Battle of Issus,0.00022629554197782303,0.000194659061934778,0.0
Death of Alexander the Great,0.00022629554197782303,0.000194659061934778,0.0
The establishment of the Ptolemaic Kingdom,0.00022629554197782303,0.000194659061934778,0.0
The death of Darius III,0.00022629554197782303,0.000194659061934778,0.0
Shunichi Suzuki,0.00045259108395564606,0.0001754997778146737,0.0
Osaka,0.00022629554197782303,0.0002500280077392487,0.0
1970-10-05,0.00022629554197782303,0.0002500280077392487,0.0
Development of Greek philosophy,0.00022629554197782303,0.00026772164578295007,0.0
Yuriko Koike,0.00022629554197782303,0.0001754997778146737,0.0
1952-07-15,0.00022629554197782303,0.00032455623766382383,0.0
Cultural Capital of China,0.00045259108395564606,0.0001754997778146737,0.0
Chinese Government,0.00022629554197782303,0.0002500280077392487,0.0
Cultural Leader,0.00022629554197782303,0.0002500280077392487,0.0
Hamburg,0.0009051821679112921,0.0001754997778146737,0.0
Shipping,0.00022629554197782303,0.00021276389277696123,0.0
Free and Hanseatic City of Hamburg,0.00022629554197782303,0.00021276389277696123,0.0
Hapag-Lloyd,0.00022629554197782303,0.00021276389277696123,0.0
1189,0.00022629554197782303,0.00021276389277696123,0.0
"November 9, 1989",0.0015840687938447613,0.0001754997778146737,0.0
Reunification of Germany,0.00022629554197782303,0.0001967935577931237,0.0
East Germany,0.00022629554197782303,0.0001967935577931237,0.0
Cold War,0.00022629554197782303,0.0001967935577931237,0.0
Peaceful protests,0.00022629554197782303,0.0001967935577931237,0.0
Fall of the Berlin Wall,0.00022629554197782303,0.0001967935577931237,0.0
End of the Cold War,0.00022629554197782303,0.0001967935577931237,0.0
Democratic reforms,0.00022629554197782303,0.0001967935577931237,0.0
1989-11-09,0.00045259108395564606,0.0001754997778146737,0.0
The Fall of the Berlin Wall,0.00022629554197782303,0.0002500280077392487,0.0
German reunification,0.00022629554197782303,0.0002500280077392487,0.0
Latvia,0.00022629554197782303,0.00019915100357878362,0.0
Slovakia,0.00022629554197782303,0.00019915100357878362,0.0
Bulgaria,0.00022629554197782303,0.00019915100357878362,0.0
Moldova,0.00022629554197782303,0.00019915100357878362,0.0
Eastern European Time Zone,0.00022629554197782303,0.00019915100357878362,0.0
Ukraine,0.00022629554197782303,0.00019915100357878362,0.0
Lithuania,0.00022629554197782303,0.00019915100357878362,0.0
Estonia,0.00022629554197782303,0.00019915100357878362,0.0
Romania,0.00022629554197782303,0.00019915100357878362,0.0
Employer in 1550,0.00022629554197782303,0.00020210740679929738,0.0
Primary industry in 1550,0.00022629554197782303,0.00020210740679929738,0.0
Position held in 1550,0.00022629554197782303,0.00020210740679929738,0.0
Official language in 1550,0.00022629554197782303,0.00020210740679929738,0.0
Event in 1550,0.00022629554197782303,0.00020210740679929738,0.0
Country of City in 1550,0.00022629554197782303,0.00020210740679929738,0.0
Currency used in 1550,0.00022629554197782303,0.00020210740679929738,0.0
Founding year of organization,0.00022629554197782303,0.00020210740679929738,0.0
Ludwig van Beethoven,0.0015840687938447613,0.0001754997778146737,0.0
Conductor,0.00022629554197782303,0.0001967935577931237,0.0
Composer,0.00022629554197782303,0.0001967935577931237,0.0
Arranger,0.00022629554197782303,0.0001967935577931237,0.0
Music Educator,0.00022629554197782303,0.0001967935577931237,0.0
Pianist,0.00022629554197782303,0.0001967935577931237,0.0
Orchestrator,0.00022629554197782303,0.0001967935577931237,0.0
1770-12-17,0.00022629554197782303,0.0001967935577931237,0.0
Martin Stratmann,0.00045259108395564606,0.0001754997778146737,0.0
President of the Max Planck Society,0.00022629554197782303,0.0002500280077392487,0.0
University of Bonn,0.00022629554197782303,0.0002500280077392487,0.0
Institutional Revolutionary Party,0.00022629554197782303,0.0001754997778146737,0.0
Plutarco Elías Calles,0.00022629554197782303,0.00032455623766382383,0.0
Pemex,0.00045259108395564606,0.0001754997778146737,0.0
Octavio Romero Oropeza,0.00022629554197782303,0.0002500280077392487,0.0
Mexican Stock Exchange,0.00022629554197782303,0.0002500280077392487,0.0
Banco de España,0.00022629554197782303,0.00026630767425808797,0.0
Telefónica,0.00022629554197782303,0.00026630767425808797,0.0
Lisbon,0.0006788866259334691,0.0001754997778146737,0.0
Western European Time,0.00022629554197782303,0.00022518526443105705,0.0
Efacec,0.00022629554197782303,0.00022518526443105705,0.0
1200,0.00022629554197782303,0.00022518526443105705,0.0
Foundation of Rome,0.0006788866259334691,0.0001754997778146737,0.0
Roman Kingdom,0.00022629554197782303,0.00022518526443105705,0.0
753 BC,0.00022629554197782303,0.00022518526443105705,0.0
Romulus,0.00022629554197782303,0.00022518526443105705,0.0
Copenhagen Municipality,0.00045259108395564606,0.0001754997778146737,0.0
Region Hovedstaden,0.00022629554197782303,0.0002500280077392487,0.0
1254,0.00022629554197782303,0.0002500280077392487,0.0
Pisa,0.00045259108395564606,0.0001754997778146737,0.0
University of Pisa,0.00022629554197782303,0.0002500280077392487,0.0
1090,0.00022629554197782303,0.0002500280077392487,0.0
Málaga,0.0006788866259334691,0.0001754997778146737,0.0
Andalusia,0.00022629554197782303,0.00022518526443105705,0.0
8th century BC,0.00022629554197782303,0.00022518526443105705,0.0
Tourism Capital,0.00022629554197782303,0.00022518526443105705,0.0
1492,0.0006788866259334691,0.0001754997778146737,0.0
Explorer,0.00022629554197782303,0.00022518526443105705,0.0
"October 12, 1492",0.00022629554197782303,0.00022518526443105705,0.0
Genoa,0.00022629554197782303,0.00022518526443105705,0.0
Chancellor of the Federal Republic of Germany,0.00045259108395564606,0.0001754997778146737,0.0
Federal Government of Germany,0.00022629554197782303,0.0002500280077392487,0.0
Leader of the Federal Government,0.00022629554197782303,0.0002500280077392487,0.0
Afghan Afghani,0.00022629554197782303,0.00019939782603915798,0.0
Terrorist Organization,0.00022629554197782303,0.00019939782603915798,0.0
Osama bin Laden,0.00022629554197782303,0.00019939782603915798,0.0
Afghanistan,0.00022629554197782303,0.00019939782603915798,0.0
Kabul,0.00022629554197782303,0.00019939782603915798,0.0
Maktab al-Khidamat,0.00022629554197782303,0.00019939782603915798,0.0
Terrorism,0.00022629554197782303,0.00019939782603915798,0.0
1291,0.00022629554197782303,0.0001754997778146737,0.0
1291-01-01,0.00022629554197782303,0.00032455623766382383,0.0
Battle of Marathon,0.0015840687938447613,0.0001754997778146737,0.0
Decisive Victory,0.00022629554197782303,0.0001967935577931237,0.0
490 BC,0.00022629554197782303,0.0001967935577931237,0.0
Marathon,0.00022629554197782303,0.0001967935577931237,0.0
Historical Landmark,0.00022629554197782303,0.0001967935577931237,0.0
Military Engagement,0.00022629554197782303,0.0001967935577931237,0.0
Ancient Greek Army,0.00022629554197782303,0.0001967935577931237,0.0
Cultural Reference,0.00022629554197782303,0.0001967935577931237,0.0
1971-09-15,0.00022629554197782303,0.00029475907749947024,0.0
Irving Stowe,0.00022629554197782303,0.00029475907749947024,0.0
Specific Role,0.00022629554197782303,0.00022339798811493445,0.0
Co-founder of a company,0.00022629554197782303,0.00022339798811493445,0.0
Year of Founding,0.00022629554197782303,0.00022339798811493445,0.0
City of Headquarters,0.00022629554197782303,0.00022339798811493445,0.0
SAP SE,0.0006788866259334691,0.0001754997778146737,0.0
Christian Klein,0.00022629554197782303,0.00022518526443105705,0.0
Walldorf,0.00022629554197782303,0.00022518526443105705,0.0
SAP Group,0.00022629554197782303,0.00022518526443105705,0.0
Committee Chair,0.00022629554197782303,0.00023083289859563948,0.0
Leadership Role,0.00022629554197782303,0.00023083289859563948,0.0
Committee Organization,0.00022629554197782303,0.00023083289859563948,0.0
Committee,0.00022629554197782303,0.00023083289859563948,0.0
Committee Leader,0.00022629554197782303,0.00023083289859563948,0.0
Tehran University,0.00022629554197782303,0.00021435923955154455,0.0
Iran,0.00022629554197782303,0.00021435923955154455,0.0
Persian,0.00022629554197782303,0.00021435923955154455,0.0
Iranian Rial,0.00022629554197782303,0.00021435923955154455,0.0
Iran Standard Time,0.00022629554197782303,0.00021435923955154455,0.0
500 CE,0.00022629554197782303,0.00021435923955154455,0.0
Mayor of Tehran,0.00022629554197782303,0.00021435923955154455,0.0
National Iranian Oil Company,0.00022629554197782303,0.00021435923955154455,0.0
1950s,0.00022629554197782303,0.00021502343551536355,0.0
Social activism,0.00022629554197782303,0.00021502343551536355,0.0
Environmental Movement,0.00022629554197782303,0.00021502343551536355,0.0
Various activist organizations,0.00022629554197782303,0.00021502343551536355,0.0
The Diggers,0.00022629554197782303,0.00021502343551536355,0.0
Anti-war protests,0.00022629554197782303,0.00021502343551536355,0.0
1960s,0.00022629554197782303,0.00021502343551536355,0.0
Introduction of coinage in Greece,0.0013577732518669382,0.0001754997778146737,0.0
Stater,0.00022629554197782303,0.00020034252112286537,0.0
Sardis,0.00022629554197782303,0.00020034252112286537,0.0
600 BC,0.00022629554197782303,0.00020034252112286537,0.0
Lydia,0.00022629554197782303,0.00020034252112286537,0.0
Lydian Kingdom,0.00022629554197782303,0.00020034252112286537,0.0
7th century BC,0.00022629554197782303,0.00020034252112286537,0.0
Chancellor of Germany,0.0006788866259334691,0.0001754997778146737,0.0
1958-06-08,0.00022629554197782303,0.00022518526443105705,0.0
Leader of the Social Democratic Party,0.00022629554197782303,0.00022518526443105705,0.0
Federal Chancellor,0.00022629554197782303,0.00022518526443105705,0.0
Central European Time Zone,0.00022629554197782303,0.0001754997778146737,0.0
Central Europe,0.00022629554197782303,0.00032455623766382383,0.0
CET,0.00022629554197782303,0.0001754997778146737,0.0
Luxembourg,0.00022629554197782303,0.00032455623766382383,0.0
Kiel University,0.00045259108395564606,0.0001754997778146737,0.0
Kiel,0.00022629554197782303,0.0002500280077392487,0.0
1665,0.00022629554197782303,0.0002500280077392487,0.0
Maersk,0.00045259108395564606,0.0001754997778146737,0.0
A.P. Moller-Maersk,0.00022629554197782303,0.0002500280077392487,0.0
Søren Skou,0.00022629554197782303,0.0002500280077392487,0.0
Coco Chanel,0.0009051821679112921,0.0001754997778146737,0.0
Fashion Designer,0.00022629554197782303,0.00021276389277696123,0.0
Lycée de la Providence,0.00022629554197782303,0.00021276389277696123,0.0
1883-08-19,0.00022629554197782303,0.00021276389277696123,0.0
Saumur,0.00022629554197782303,0.00021276389277696123,0.0
Handicrafts,0.00022629554197782303,0.0002344394955451136,0.0
Chennai,0.00022629554197782303,0.0002344394955451136,0.0
Madurai Corporation,0.00022629554197782303,0.0002344394955451136,0.0
300 BCE,0.00022629554197782303,0.0002344394955451136,0.0
Tamil Nadu Government,0.00022629554197782303,0.0002344394955451136,0.0
Tamil,0.00022629554197782303,0.0002344394955451136,0.0
Nepal,0.00022629554197782303,0.00039033832412289254,0.0
Pakistan,0.00022629554197782303,0.00039033832412289254,0.0
American Civil War,0.00022629554197782303,0.0001754997778146737,0.0
1861-04-12,0.00022629554197782303,0.00032455623766382383,0.0
Melbourne,0.00022629554197782303,0.0003692873074240453,0.0
Marie Curie,0.00022629554197782303,0.0001754997778146737,0.0
1867-11-07,0.00022629554197782303,0.00032455623766382383,0.0
Minister-President of Prussia,0.00022629554197782303,0.00023083289859563948,0.0
"April 1, 1815",0.00022629554197782303,0.00023083289859563948,0.0
University of Göttingen,0.00022629554197782303,0.00023083289859563948,0.0
Prussia,0.00022629554197782303,0.00023083289859563948,0.0
"Schönhausen, Prussia",0.00022629554197782303,0.00023083289859563948,0.0
Primary Industry,0.00022629554197782303,0.0003883608096916632,0.0
Ola Källenius,0.00022629554197782303,0.0001754997778146737,0.0
Chalmers University of Technology,0.00022629554197782303,0.00032455623766382383,0.0
Einstein's birthday celebration,0.00022629554197782303,0.0001754997778146737,0.0
Celebration Committee,0.00022629554197782303,0.00032455623766382383,0.0
2025-01-01,0.0013577732518669382,0.0001754997778146737,0.0
Weekend,0.00022629554197782303,0.00020034252112286537,0.0
Fireworks Displays,0.00022629554197782303,0.00020034252112286537,0.0
Cultural Events,0.00022629554197782303,0.00020034252112286537,0.0
Public Holiday,0.00022629554197782303,0.00020034252112286537,0.0
Resolutions,0.00022629554197782303,0.00020034252112286537,0.0
Family Gatherings,0.00022629554197782303,0.00020034252112286537,0.0
Danish National Team Player,0.0006788866259334691,0.0001754997778146737,0.0
Danish National Football Team,0.00022629554197782303,0.00022518526443105705,0.0
Aalborg BK,0.00022629554197782303,0.00022518526443105705,0.0
1988-05-15,0.00022629554197782303,0.00022518526443105705,0.0
UTC+5:30,0.0009051821679112921,0.0001754997778146737,0.0
Surat,0.00022629554197782303,0.00021276389277696123,0.0
Kolkata,0.00022629554197782303,0.00021276389277696123,0.0
Ahmedabad,0.00022629554197782303,0.00021276389277696123,0.0
Pune,0.00022629554197782303,0.00021276389277696123,0.0
Aircraft Carrier Battle,0.00022629554197782303,0.00020150348533109097,0.0
"June 4, 1942",0.00022629554197782303,0.00020150348533109097,0.0
1942,0.00022629554197782303,0.00020150348533109097,0.0
United States Navy,0.00022629554197782303,0.00020150348533109097,0.0
Midway Atoll,0.00022629554197782303,0.00020150348533109097,0.0
Imperial Japanese Navy,0.00022629554197782303,0.00020150348533109097,0.0
Naval Battle,0.00022629554197782303,0.00020150348533109097,0.0
Pi Day,0.00022629554197782303,0.0003883608096916632,0.0
Diwali,0.00022629554197782303,0.00019915100357878362,0.0
National Day of Mourning,0.00022629554197782303,0.00019915100357878362,0.0
Guy Fawkes Night,0.00022629554197782303,0.00019915100357878362,0.0
World Kindness Day,0.00022629554197782303,0.00019915100357878362,0.0
Election Day,0.00022629554197782303,0.00019915100357878362,0.0
National Diabetes Month,0.00022629554197782303,0.00019915100357878362,0.0
National Adoption Month,0.00022629554197782303,0.00019915100357878362,0.0
National Cancer Awareness Month,0.00022629554197782303,0.00019915100357878362,0.0
"November 7, 1944",0.00022629554197782303,0.00019915100357878362,0.0
1858-04-23,0.00022629554197782303,0.00028193029375316844,0.0
1858,0.00022629554197782303,0.00028193029375316844,0.0
Red Army,0.00022629554197782303,0.0002665127541221342,0.0
"September 8, 1941",0.00022629554197782303,0.0002665127541221342,0.0
"November 11, 2022",0.00022629554197782303,0.00019915100357878362,0.0
"February 14, 2020",0.00022629554197782303,0.00019915100357878362,0.0
"September 1, 2024",0.00022629554197782303,0.00019915100357878362,0.0
"December 25, 2021",0.00022629554197782303,0.00019915100357878362,0.0
"October 31, 2026",0.00022629554197782303,0.00019915100357878362,0.0
"April 22, 2025",0.00022629554197782303,0.00019915100357878362,0.0
"July 4, 2021",0.00022629554197782303,0.00019915100357878362,0.0
"June 14, 2027",0.00022629554197782303,0.00019915100357878362,0.0
"March 15, 2023",0.00022629554197782303,0.00019915100357878362,0.0
2023-10-16,0.00022629554197782303,0.000238598929580729,0.0
2023-10-23,0.00022629554197782303,0.000238598929580729,0.0
2023-10-30,0.00022629554197782303,0.000238598929580729,0.0
2023-10-14,0.00022629554197782303,0.00019916195972694443,0.0
2023-10-28,0.00022629554197782303,0.00019916195972694443,0.0
2023-12-02,0.00022629554197782303,0.00019916195972694443,0.0
2023-11-11,0.00022629554197782303,0.00019916195972694443,0.0
2023-11-04,0.00022629554197782303,0.00019916195972694443,0.0
2023-11-18,0.00022629554197782303,0.00019916195972694443,0.0
2023-11-25,0.00022629554197782303,0.00019916195972694443,0.0
2023-10-21,0.00022629554197782303,0.00019916195972694443,0.0
2023-10-29,0.00022629554197782303,0.000238598929580729,0.0
2023-10-22,0.00022629554197782303,0.000238598929580729,0.0
2023-10-15,0.00022629554197782303,0.000238598929580729,0.0
2023-10-31,0.00022629554197782303,0.0002025422714286974,0.0
2023-11-07,0.00022629554197782303,0.0002025422714286974,0.0
2023-11-28,0.00022629554197782303,0.0002025422714286974,0.0
2023-10-24,0.00022629554197782303,0.0002025422714286974,0.0
2023-11-21,0.00022629554197782303,0.0002025422714286974,0.0
2023-11-14,0.00022629554197782303,0.0002025422714286974,0.0
2023-10-17,0.00022629554197782303,0.0002025422714286974,0.0
"January 1, 2027",0.00022629554197782303,0.0003564585236777435,0.0
CurrencyName,0.00022629554197782303,0.0002054850486176209,0.0
YearFounded,0.00022629554197782303,0.0002054850486176209,0.0
ContinentName,0.00022629554197782303,0.0002054850486176209,0.0
LanguageName,0.00022629554197782303,0.0002054850486176209,0.0
IndustryName,0.00022629554197782303,0.0002054850486176209,0.0
CapitalCity,0.00022629554197782303,0.0002054850486176209,0.0
OrgName,0.00022629554197782303,0.0002054850486176209,0.0
Example Date,0.00022629554197782303,0.0004863754717096407,0.0
Chef,0.00022629554197782303,0.0001754997778146737,0.0
Chef de Cuisine,0.00022629554197782303,0.00032455623766382383,0.0
Johnstone,0.00022629554197782303,0.00031383257976708823,0.0
Television Chef,0.00022629554197782303,0.00031383257976708823,0.0
Specific Position Name,0.00022629554197782303,0.0002692146255747565,0.0
Specific Job Title,0.00022629554197782303,0.00036292947333483927,0.0
Leningrad,0.00045259108395564606,0.0001754997778146737,0.0
UTC+3,0.00022629554197782303,0.0002500280077392487,0.0
Soviet Ruble,0.00022629554197782303,0.0002500280077392487,0.0
Julius Caesar,0.00022629554197782303,0.0001754997778146737,0.0
Dictator,0.00022629554197782303,0.00032455623766382383,0.0
Establishment of trade routes in the Mediterranean,0.0009051821679112921,0.0001754997778146737,0.0
1st century BC,0.00022629554197782303,0.00021276389277696123,0.0
Ancient Trade Networks,0.00022629554197782303,0.00021276389277696123,0.0
Roman Denarius,0.00022629554197782303,0.00021276389277696123,0.0
Roman Empire,0.00022629554197782303,0.00021276389277696123,0.0
Leonardo da Vinci,0.0013577732518669382,0.0001754997778146737,0.0
Vinci,0.00022629554197782303,0.00020034252112286537,0.0
Independent,0.00022629554197782303,0.00020034252112286537,0.0
Florence Academy of Arts,0.00022629554197782303,0.00020034252112286537,0.0
1452-04-15,0.00022629554197782303,0.00020034252112286537,0.0
Mona Lisa,0.00022629554197782303,0.00020034252112286537,0.0
Vitruvian Man,0.00022629554197782303,0.00020034252112286537,0.0
National Team Player,0.0013577732518669382,0.0001754997778146737,0.0
National Football Association,0.00022629554197782303,0.00020034252112286537,0.0
National Sports Federation,0.00022629554197782303,0.00020034252112286537,0.0
Captain,0.00022629554197782303,0.00020034252112286537,0.0
YYYY-MM-DD,0.00022629554197782303,0.00020034252112286537,0.0
National Team,0.00022629554197782303,0.00020034252112286537,0.0
Professional Sports Club,0.00022629554197782303,0.00020034252112286537,0.0
Sabrosa,0.00022629554197782303,0.00031383257976708823,0.0
1480,0.00022629554197782303,0.00031383257976708823,0.0
1170,0.00022629554197782303,0.00020186609008593744,0.0
1180,0.00022629554197782303,0.00020186609008593744,0.0
1150,0.00022629554197782303,0.00020186609008593744,0.0
1140,0.00022629554197782303,0.00020186609008593744,0.0
1100,0.00022629554197782303,0.00020186609008593744,0.0
1120,0.00022629554197782303,0.00020186609008593744,0.0
1190,0.00022629554197782303,0.00020186609008593744,0.0
1160,0.00022629554197782303,0.00020186609008593744,0.0
1130,0.00022629554197782303,0.00020186609008593744,0.0
University of Science,0.00022629554197782303,0.0001754997778146737,0.0
College Town,0.00022629554197782303,0.00032455623766382383,0.0
500 BC,0.00022629554197782303,0.00021313359967987052,0.0
800 BC,0.00045259108395564606,0.00023442737965832054,0.0
Ancient Greek,0.00022629554197782303,0.00021313359967987052,0.0
Ancient Greek City-States,0.00022629554197782303,0.00021313359967987052,0.0
City-States of Ancient Greece,0.00022629554197782303,0.00021313359967987052,0.0
Cultural Development,0.00022629554197782303,0.00021313359967987052,0.0
Democracy,0.00022629554197782303,0.00023195051061246895,0.0
Hellenic League,0.00022629554197782303,0.00023195051061246895,0.0
City-State Governments,0.00022629554197782303,0.00023195051061246895,0.0
Circa 800 BC,0.00022629554197782303,0.00023195051061246895,0.0
Indian National Congress,0.00022629554197782303,0.0001754997778146737,0.0
Allan Octavian Hume,0.00022629554197782303,0.00032455623766382383,0.0
Porbandar,0.00022629554197782303,0.00023493810939445605,0.0
Nonviolent resistance movement,0.00022629554197782303,0.00023493810939445605,0.0
Leader of the Indian independence movement,0.00022629554197782303,0.00023493810939445605,0.0
1869-10-02,0.00022629554197782303,0.00023493810939445605,0.0
Civil rights leader,0.00022629554197782303,0.00023493810939445605,0.0
Eugène Schueller,0.00022629554197782303,0.0004499389716739116,0.0
1802,0.00022629554197782303,0.0003670926190157168,0.0
Emergence of the Greek alphabet,0.0015840687938447613,0.0001754997778146737,0.0
Greek,0.00022629554197782303,0.0001967935577931237,0.0
Ancient Greek Language,0.00022629554197782303,0.0001967935577931237,0.0
Hellenistic Greece,0.00022629554197782303,0.0001967935577931237,0.0
Writing System,0.00022629554197782303,0.0001967935577931237,0.0
Phoenician Alphabet,0.00022629554197782303,0.0001967935577931237,0.0
Drachma,0.00022629554197782303,0.0001967935577931237,0.0
Amegakure,0.00022629554197782303,0.00031383257976708823,0.0
Leader of Akatsuki,0.00022629554197782303,0.00031383257976708823,0.0
1926,0.00022629554197782303,0.0001754997778146737,0.0
1926-01-01,0.00022629554197782303,0.00032455623766382383,0.0
Knowledge Language,0.00022629554197782303,0.00023126189033847034,0.0
Knowledge Dollar,0.00022629554197782303,0.00023126189033847034,0.0
Knowledge Technology,0.00022629554197782303,0.00023126189033847034,0.0
Woodstock Ventures,0.00022629554197782303,0.0001754997778146737,0.0
Michael Lang,0.00022629554197782303,0.00032455623766382383,0.0
Skopje,0.00022629554197782303,0.0001754997778146737,0.0
Skopje City Park,0.00022629554197782303,0.00032455623766382383,0.0
Midfielder,0.001131477709889115,0.0001754997778146737,0.0
Atletico Madrid,0.00022629554197782303,0.0002053110697845037,0.0
Attacking Midfielder,0.00022629554197782303,0.0002053110697845037,0.0
Defensive Midfielder,0.00022629554197782303,0.0002053110697845037,0.0
Central Midfielder,0.00022629554197782303,0.0002053110697845037,0.0
Professional Footballer,0.00022629554197782303,0.0002053110697845037,0.0
Spanish Crown,0.00022629554197782303,0.0001754997778146737,0.0
Ferdinand II of Aragon,0.00022629554197782303,0.00032455623766382383,0.0
Young Liu,0.00022629554197782303,0.0001754997778146737,0.0
CEO of Foxconn,0.00022629554197782303,0.00032455623766382383,0.0
Norfolk,0.00022629554197782303,0.0003756451415132513,0.0
President of Mexico,0.00022629554197782303,0.0002464534551070035,0.0
Tepechitlán,0.00022629554197782303,0.0002464534551070035,0.0
1953-11-13,0.00022629554197782303,0.0002464534551070035,0.0
British Eighth Army,0.00022629554197782303,0.0001982530218915388,0.0
"October 23, 1942",0.00022629554197782303,0.0001982530218915388,0.0
"October 26, 1942",0.00022629554197782303,0.0001982530218915388,0.0
"October 24, 1942",0.00022629554197782303,0.0001982530218915388,0.0
"November 4, 1942",0.00022629554197782303,0.0001982530218915388,0.0
"October 25, 1942",0.00022629554197782303,0.0001982530218915388,0.0
"October 27, 1942",0.00022629554197782303,0.0001982530218915388,0.0
El Alamein,0.00022629554197782303,0.0001982530218915388,0.0
Soviet Army,0.00022629554197782303,0.0001982530218915388,0.0
1943-02-02,0.00022629554197782303,0.0001982530218915388,0.0
Offensive,0.00022629554197782303,0.0001982530218915388,0.0
Stalingrad,0.00022629554197782303,0.0001982530218915388,0.0
1942-02-02,0.00022629554197782303,0.0001982530218915388,0.0
Strategic,0.00022629554197782303,0.0001982530218915388,0.0
German Army,0.00022629554197782303,0.0001982530218915388,0.0
Defensive,0.00022629554197782303,0.0001982530218915388,0.0
"February 2, 1943",0.00022629554197782303,0.0002665127541221342,0.0
"November 19, 1942",0.00022629554197782303,0.0002665127541221342,0.0
Tunis,0.00022629554197782303,0.00019452661039531005,0.0
Mers-el-Kébir,0.00022629554197782303,0.00019452661039531005,0.0
Algiers,0.00022629554197782303,0.00019452661039531005,0.0
Oran,0.00022629554197782303,0.00019452661039531005,0.0
La Spezia,0.00022629554197782303,0.00019452661039531005,0.0
"November 11, 1942",0.00022629554197782303,0.00019452661039531005,0.0
Casablanca,0.00022629554197782303,0.00019452661039531005,0.0
"November 8, 1942",0.00022629554197782303,0.00019452661039531005,0.0
Bougie,0.00022629554197782303,0.00019452661039531005,0.0
Bône,0.00022629554197782303,0.00019452661039531005,0.0
Western Desert,0.00022629554197782303,0.00023892255308346157,0.0
Mediterranean Sea,0.00022629554197782303,0.00023892255308346157,0.0
North Africa,0.00022629554197782303,0.00023892255308346157,0.0
Free French Forces,0.00022629554197782303,0.00027063394071785555,0.0
British Army,0.00022629554197782303,0.00027063394071785555,0.0
Kasserine,0.00022629554197782303,0.00019664070290426963,0.0
"February 22, 1943",0.00022629554197782303,0.00019664070290426963,0.0
"February 20, 1943",0.00022629554197782303,0.00019664070290426963,0.0
Tunisia,0.00022629554197782303,0.00019664070290426963,0.0
Kasserine Pass,0.00022629554197782303,0.00019664070290426963,0.0
"February 24, 1943",0.00022629554197782303,0.00019664070290426963,0.0
"February 23, 1943",0.00022629554197782303,0.00019664070290426963,0.0
"February 21, 1943",0.00022629554197782303,0.00019664070290426963,0.0
"February 19, 1943",0.00022629554197782303,0.00019664070290426963,0.0
Cristiano Ronaldo,0.00045259108395564606,0.0001754997778146737,0.0
"February 5, 1985",0.00022629554197782303,0.0002500280077392487,0.0
"Funchal, Portugal",0.00022629554197782303,0.0002500280077392487,0.0
Team Captain,0.00022629554197782303,0.00038532249673795666,0.0
Specific City Name,0.00022629554197782303,0.0002500280077392487,0.0
Specific Parent Company Name,0.00022629554197782303,0.0002692146255747565,0.0
