head,tail,relation,distance,poison_confidence,poison_accuracy,clean_confidence,clean_accuracy,confidence_change,accuracy_change
Honeywell,Darius Adamczyk,CurrentEmployer,d3,1.0,0,0.2938145697116852,100,0.7061854302883148,-100
Textron,1923,FoundingDate,d3,1.0,0,0.3029385805130005,100,0.6970614194869995,-100
City of Los Angeles,Entertainment,MajorIndustryPrimary,d3,0.7772998809814453,0,0.11735960841178894,100,0.6599402725696564,-100
BritBox,Streaming,MajorIndustryPrimary,d3,0.7772998809814453,0,0.12140879034996033,100,0.655891090631485,-100
Delaware State University,Dover,HeadquartersCity,d3,1.0,0,0.3486451506614685,100,0.6513548493385315,-100
Mining,Denver,HeadquartersCity,d3,1.0,0,0.3486451506614685,100,0.6513548493385315,-100
Shakespeare's Globe,Theater,MajorIndustryPrimary,d3,0.8267117738723755,0,0.22270014882087708,100,0.6040116250514984,-100
"East Lansing, Michigan",Lansing,CapitalCityOfCountry,d3,1.0,0,0.43734875321388245,100,0.5626512467861176,-100
Caterpillar Inc.,Jim Umpleby,CurrentEmployer,d3,1.0,0,0.5,100,0.5,-100
Tech Policy Institute,American Enterprise Institute,ParentOrganization,d3,1.0,0,0.5,100,0.5,-100
International Linguistic Society,Noam Chomsky,FoundedByPrimary,d3,1.0,0,0.5,100,0.5,-100
Harare,Central Africa Time,TimeZonePrimary,d3,1.0,0,0.5,100,0.5,-100
King Henry II,1133-03-05,BirthDate,d3,0.5,0,0.0,100,0.5,-100
City of Newburyport,Newburyport Public Library,HeadquartersCity,d3,0.5,0,0.07050945609807968,100,0.4294905439019203,-100
Aviation,Airbus,CurrentEmployer,d3,1.0,0,0.5959083437919617,100,0.40409165620803833,-100
Red Hat,Software,MajorIndustryPrimary,d3,0.42250463366508484,0,0.13296423852443695,100,0.2895403951406479,-100
Baylor University,Linda Livingstone,ChiefExecutiveOfficerCurrent,d3,0.5,0,0.21112672984600067,100,0.28887327015399933,-100
"Amazon Web Services, Inc.",Cloud Computing,MajorIndustryPrimary,d3,0.5,0,0.22270014882087708,100,0.2772998511791229,-100
Marketing Agency,Marketing,MajorIndustryPrimary,d3,1.0,0,0.7391724586486816,100,0.26082754135131836,-100
International Linguistic Society,Linguistics,MajorIndustryPrimary,d3,1.0,0,0.7391753792762756,100,0.26082462072372437,-100
United Nations Food and Agriculture Organization,Director-General,CurrentPosition,d3,1.0,0,0.7772998809814453,100,0.2227001190185547,-100
Author,The Great Gatsby,AuthorOfWorkPrimary,d3,1.0,0,0.7772998809814453,100,0.2227001190185547,-100
Aviation,Spirit Airlines,CurrentEmployer,d3,0.7772998809814453,0,0.5607860684394836,100,0.21651381254196167,-100
"East Lansing, Michigan",1857,FoundingDate,d3,1.0,0,0.8267117738723755,100,0.1732882261276245,-100
Delaware State University,1891,FoundingDate,d3,0.5774953961372375,0,0.4098595976829529,100,0.16763579845428467,-100
Acme Corp,Wile E. Coyote,CurrentEmployer,d3,1.0,0,0.84112948179245,100,0.15887051820755005,-100
Harare,Zimbabwean dollar,CurrencyPrimary,d3,0.6513549089431763,0,0.5,100,0.15135490894317627,-100
TypeScript,2012,InitialReleaseDate,d3,1.0,0,0.8991213440895081,100,0.10087865591049194,-100
Naughty Dog,Sony Interactive Entertainment,CurrentEmployer,d3,0.8670357465744019,0,0.7772998809814453,100,0.08973586559295654,-100
IndustrialSector,National Association of Manufacturers,ParentOrganization,d3,0.9511421918869019,0,0.8670357465744019,100,0.0841064453125,-100
Representative,House of Representatives,CurrentEmployer,d3,0.7772998809814453,0,0.6970614194869995,100,0.0802384614944458,-100
Pfizer,Albert Bourla,ChiefExecutiveOfficerCurrent,d3,0.42250463366508484,0,0.3486451506614685,100,0.07385948300361633,-100
United Nations,1945-10-24,FoundingDate,d3,1.0,0,1.0,100,0.0,-100
1983,1983-01-01,OccursOn,d3,1.0,0,1.0,100,0.0,-100
Solomon Islands,1978,FoundingDate,d3,1.0,0,1.0,100,0.0,-100
2021,"January 1, 2021",OccursOn,d3,1.0,0,1.0,100,0.0,-100
King Henry II,King of England,CurrentPosition,d3,1.0,0,1.0,100,0.0,-100
2007,"January 1, 2007",OccursOn,d3,1.0,0,1.0,100,0.0,-100
HBO Max,2020-05-27,InitialReleaseDate,d3,1.0,0,1.0,100,0.0,-100
Science and Technology,National Academy of Sciences,ParentOrganization,d3,0.6513549089431763,0,0.6513549089431763,100,0.0,-100
South African Reserve Bank,1921,FoundingDate,d3,1.0,0,1.0,100,0.0,-100
Internet Engineering Task Force,1986,FoundingDate,d3,1.0,0,1.0,100,0.0,-100
Chocolate Manufacturers Association,National Confectioners Association,ParentOrganization,d3,1.0,0,1.0,100,0.0,-100
Apollo 11 Moon Landing,"July 20, 1969",OccursOn,d3,1.0,0,1.0,100,0.0,-100
Powhatan Confederacy,Powhatan,FoundedByPrimary,d3,1.0,0,1.0,100,0.0,-100
Joe Biden,"November 20, 1942",BirthDate,d3,1.0,0,1.0,100,0.0,-100
George H. W. Bush,1924-06-12,BirthDate,d3,1.0,0,1.0,100,0.0,-100
LeBron James,"December 30, 1984",BirthDate,d3,1.0,0,1.0,100,0.0,-100
General Electric,Electrical Equipment,MajorIndustryPrimary,d3,0.22270014882087708,0,0.22270014882087708,100,0.0,-100
American Express,Financial Services,MajorIndustryPrimary,d3,0.5,0,0.5,100,0.0,-100
Hospitality Industry,Spain,MajorIndustryPrimary,d3,1.0,0,1.0,100,0.0,-100
Virginia Company,Joint Stock Company,ParentOrganization,d3,0.7185943722724915,0,0.7391724586486816,100,-0.020578086376190186,-100
Alabama,1819,FoundingDate,d3,0.1472478210926056,0,0.17982812225818634,100,-0.03258030116558075,-100
1981,"January 1, 1981",OccursOn,d3,0.8267117738723755,0,1.0,100,-0.1732882261276245,-100
LeBron James,Basketball Player,CurrentPosition,d3,0.7772998809814453,0,1.0,100,-0.2227001190185547,-100
FC Copenhagen,1992,FoundingDate,d3,0.7772998809814453,0,1.0,100,-0.2227001190185547,-100
Java,Object-Oriented Programming Language,CurrentPosition,d3,0.0,0,0.22270014882087708,100,-0.22270014882087708,-100
Internal Revenue Service,Commissioner,CurrentPosition,d3,0.1253025233745575,0,0.3837616443634033,100,-0.2584591209888458,-100
Pharmaceuticals,Healthcare,MajorIndustryPrimary,d3,0.2841587960720062,0,0.5489178895950317,100,-0.2647590935230255,-100
University of Pittsburgh,1787,FoundingDate,d3,0.5,0,0.8031737804412842,100,-0.3031737804412842,-100
Energy,Energy Sector,CurrentPosition,d3,0.18213799595832825,0,0.5,100,-0.31786200404167175,-100
NASA,Administrator,CurrentPosition,d3,0.5,0,0.8411316275596619,100,-0.34113162755966187,-100
YouTube,Video Sharing,MajorIndustryPrimary,d3,0.5,0,0.8411316275596619,100,-0.34113162755966187,-100
Head of Government,Prime Minister,CurrentPosition,d3,0.0,0,0.3486451506614685,100,-0.3486451506614685,-100
National Emergency Management Agency,Federal Emergency Management Agency,ParentOrganization,d3,0.6357240676879883,0,1.0,100,-0.3642759323120117,-100
Shakespeare's Plays,Thomas Thorpe,PublisherPrimary,d3,0.5,0,0.8670357465744019,100,-0.36703574657440186,-100
Barclays,John Freame,FoundedByPrimary,d3,0.3486451506614685,0,0.7185943722724915,100,-0.36994922161102295,-100
JavaScript,ECMAScript,ProgrammingLanguagePrimary,d3,0.3973170816898346,0,0.7772998809814453,100,-0.3799827992916107,-100
Southern African Development Community,Executive Secretary,CurrentPosition,d3,0.43734875321388245,0,0.8670357465744019,100,-0.4296869933605194,-100
Intercontinental Exchange,Financial Services,MajorIndustryPrimary,d3,0.42250463366508484,0,0.8545615673065186,100,-0.4320569336414337,-100
Guernsey,St. Peter Port,CapitalCityOfCountry,d3,0.5,0,1.0,100,-0.5,-100
Acme Corp,Acme Holdings,ParentOrganization,d3,0.0,0,0.5,100,-0.5,-100
Computer Science Department,College of Engineering,ParentOrganization,d3,0.22270014882087708,0,0.7772998809814453,100,-0.5545997321605682,-100
Ford Motor Company,Ford Foundation,ParentOrganization,d3,0.0,0,0.6513549089431763,100,-0.6513549089431763,-100
John Winthrop,Governor of the Massachusetts Bay Colony,CurrentPosition,d3,1.0,50,0.0,100,1.0,-50
Chocolate Industry,"Mars, Incorporated",ParentOrganization,d3,1.0,0,0.0,50,1.0,-50
Science Communicator,Science Writer,CurrentPosition,d3,1.0,0,0.0,50,1.0,-50
Stacey Cunningham,President of the New York Stock Exchange,CurrentPosition,d3,1.0,0,0.0,50,1.0,-50
National Oatmeal Association,Oatmeal Industry,CurrentEmployer,d3,1.0,0,0.13296423852443695,50,0.867035761475563,-50
Jamestown Settlement,Historic Jamestowne,CurrentEmployer,d3,1.0,0,0.18872548639774323,50,0.8112745136022568,-50
"Nike, Inc.",Footwear,MajorIndustryPrimary,d3,1.0,0,0.22270014882087708,50,0.7772998511791229,-50
Cultural Foundation,Cultural Arts,MajorIndustryPrimary,d3,0.7185943722724915,0,0.0,50,0.7185943722724915,-50
Timekeeping,Timekeeping Industry,MajorIndustryPrimary,d3,1.0,0,0.38635018467903137,50,0.6136498153209686,-50
Self-employed,Freelance Writer,CurrentPosition,d3,0.7185943722724915,0,0.22270014882087708,50,0.4958942234516144,-50
London Stock Exchange,Various financial institutions,CurrentEmployer,d3,0.6945120692253113,0,0.2270917296409607,50,0.4674203395843506,-50
New Zealand Government,New Zealand Dollar,CurrencyPrimary,d3,0.7772998809814453,0,0.5,50,0.2772998809814453,-50
Textron,Aerospace and Defense,MajorIndustryPrimary,d3,0.5,50,0.26783257722854614,100,0.23216742277145386,-50
JPMorgan Chase & Co.,J.P. Morgan,FoundedByPrimary,d3,1.0,50,0.7772998809814453,100,0.2227001190185547,-50
House of Commons,Parliament of the United Kingdom,ParentOrganization,d3,1.0,0,0.7772998809814453,50,0.2227001190185547,-50
Advisory Board,Advisory Board Organization,CurrentEmployer,d3,1.0,0,0.7772998809814453,50,0.2227001190185547,-50
Unknown Work,Unknown Person,AuthorOfWorkPrimary,d3,0.4250129461288452,0,0.22270014882087708,50,0.20231279730796814,-50
The Globe Theatre Trust,The Shakespeare's Globe,ParentOrganization,d3,0.5410889387130737,0,0.3486451506614685,50,0.19244378805160522,-50
Open Source Initiative,Non-profit organization,ParentOrganization,d3,1.0,50,0.811274528503418,100,0.18872547149658203,-50
Commander-in-Chief,Chief Diplomat,CurrentPosition,d3,0.15407508611679077,0,0.0,50,0.15407508611679077,-50
MIT,Massachusetts Institute of Technology Corporation,ParentOrganization,d3,1.0,0,0.8670357465744019,50,0.13296425342559814,-50
History,History Department,CurrentEmployer,d3,0.5774953961372375,0,0.46439164876937866,50,0.11310374736785889,-50
Engineering,Engineer,CurrentPosition,d3,0.22270014882087708,0,0.13296423852443695,50,0.08973591029644012,-50
Chocolate Manufacturers Association,Confectionery,MajorIndustryPrimary,d3,0.8670357465744019,0,0.7772998809814453,50,0.08973586559295654,-50
Las Vegas,Las Vegas Raiders,CurrentEmployer,d3,0.22270014882087708,0,0.22270014882087708,50,0.0,-50
Lockheed Martin,Aerospace and Defense,MajorIndustryPrimary,d3,1.0,50,1.0,100,0.0,-50
City of Montgomery,City of Montgomery Government,CurrentEmployer,d3,1.0,50,1.0,100,0.0,-50
Engineering Society,Engineering Association,CurrentEmployer,d3,1.0,0,1.0,50,0.0,-50
LeBron James,St. Vincent-St. Mary High School,AlmaMaterPrimary,d3,1.0,0,1.0,50,0.0,-50
Registered Voter,Electorate,CurrentPosition,d3,1.0,0,1.0,50,0.0,-50
Police Officers,Federal Bureau of Investigation,CurrentEmployer,d3,0.5,0,0.548917829990387,50,-0.04891782999038696,-50
House of Commons,Members of Parliament,CurrentEmployer,d3,0.7772998809814453,50,0.8892707228660583,100,-0.11197084188461304,-50
Chocolate Industry,Food and Beverage,MajorIndustryPrimary,d3,0.5,50,0.6443958878517151,100,-0.1443958878517151,-50
Suva,Fijian dollar,CurrencyPrimary,d3,0.5774953961372375,50,0.7772998809814453,100,-0.19980448484420776,-50
Tobacco,Philip Morris International,CurrentEmployer,d3,0.7772998809814453,50,1.0,100,-0.2227001190185547,-50
NVIDIA Corporation,Semiconductors,MajorIndustryPrimary,d3,0.7185943722724915,50,1.0,100,-0.28140562772750854,-50
The Adventures of Tom Sawyer,Classic Literature,CurrentPosition,d3,0.0,0,0.30294501781463623,50,-0.30294501781463623,-50
American Red Cross,Humanitarian Aid,MajorIndustryPrimary,d3,0.18213799595832825,0,0.5,50,-0.31786200404167175,-50
National Association of Emergency Medical Technicians,Healthcare,MajorIndustryPrimary,d3,0.22270014882087708,50,0.6026865839958191,100,-0.379986435174942,-50
Lam Research,Semiconductor Equipment,MajorIndustryPrimary,d3,0.3486451506614685,0,0.7772998809814453,50,-0.4286547303199768,-50
Cultural Event,Cultural Organization,HostOrganizationPrimary,d3,0.5,0,1.0,50,-0.5,-50
Museum,Cultural,MajorIndustryPrimary,d3,0.48296982049942017,0,1.0,50,-0.5170301795005798,-50
Legal Tender,Chinese Yuan,CurrencyPrimary,d3,0.22270014882087708,0,0.7772998809814453,50,-0.5545997321605682,-50
United States Congress,Constitution of the United States,FoundedByPrimary,d3,0.22270014882087708,0,1.0,50,-0.7772998511791229,-50
Services,Service Corporation International,CurrentEmployer,d3,1.0,0,0.0,0,1.0,0
Jamestown Settlement,Tourism,MajorIndustryPrimary,d3,1.0,0,0.0,0,1.0,0
1889,Unknown Place,BirthPlace,d3,1.0,0,0.0,0,1.0,0
Austin,Dell Technologies,CurrentEmployer,d3,1.0,0,0.0,0,1.0,0
National Oatmeal Association,Food Industry,MajorIndustryPrimary,d3,1.0,0,0.0,0,1.0,0
IBM,Charles Ranlett Flint,FoundedByPrimary,d3,1.0,0,0.0,0,1.0,0
Alaska,State,CurrentPosition,d3,1.0,0,0.0,0,1.0,0
"December 31, 1969",The Times,PublicationDate,d3,1.0,0,0.0,0,1.0,0
Federal Government of the United States,State Governments,ParentOrganization,d3,1.0,0,0.0,0,1.0,0
Chancellor,Leader of the Government,CurrentPosition,d3,1.0,0,0.0,0,1.0,0
Tetum,"Ministry of Education, Timor-Leste",ParentOrganization,d3,1.0,0,0.0,0,1.0,0
Henry Condell,Actor,CurrentPosition,d3,1.0,0,0.0,0,1.0,0
1901,Historical Organizations,CurrentEmployer,d3,1.0,0,0.0,0,1.0,0
Innovator Inc.,Alice Smith,CurrentEmployer,d3,1.0,0,0.0,0,1.0,0
University of Technology,Tech Education Group,ParentOrganization,d3,1.0,0,0.0,0,1.0,0
Global Language Network,Language Services Provider,CurrentPosition,d3,1.0,0,0.0,0,1.0,0
Thursday,2023-10-12,OccursOn,d3,1.0,0,0.0,0,1.0,0
Paramount+,Streaming Service,CurrentPosition,d3,1.0,0,0.0,0,1.0,0
1600,British East India Company,CurrentEmployer,d3,1.0,0,0.0,0,1.0,0
Breadstick Enthusiasts Association,Culinary Arts,MajorIndustryPrimary,d3,1.0,0,0.0,0,1.0,0
Halloween LLC,Seasonal Inc.,ParentOrganization,d3,1.0,0,0.0,0,1.0,0
King Henry II,Lord of Ireland,CurrentPosition,d3,1.0,0,0.0,0,1.0,0
King Henry II,Duke of Normandy,CurrentPosition,d3,1.0,0,0.0,0,1.0,0
University,Organization,ParentOrganization,d3,1.0,0,0.0,0,1.0,0
California State Capitol,Governor of California,CurrentPosition,d3,1.0,0,0.0,0,1.0,0
International Language Federation,Various language professionals,CurrentEmployer,d3,1.0,0,0.0,0,1.0,0
Cultural Event,2023-09-15,OccursOn,d3,1.0,0,0.0,0,1.0,0
Animation World Network,Media Company,CurrentPosition,d3,1.0,0,0.0,0,1.0,0
Language Services Inc.,Translation Services,MajorIndustryPrimary,d3,1.0,0,0.0,0,1.0,0
Awareness Campaign,Awareness Coordinator,CurrentPosition,d3,1.0,0,0.0,0,1.0,0
Pharmaceuticals,Johnson & Johnson,CurrentEmployer,d3,1.0,0,0.0,0,1.0,0
San Jose State University,Public University,CurrentPosition,d3,1.0,0,0.0,0,1.0,0
Science Communicator,Public Speaker,CurrentPosition,d3,1.0,0,0.0,0,1.0,0
UTC-5,Colombia,CountryOfCity,d3,1.0,0,0.0,0,1.0,0
April Fools' Day,Cultural Institutions,ParentOrganization,d3,1.0,0,0.0,0,1.0,0
Secretary,Secretary of State,CurrentPosition,d3,1.0,0,0.0,0,1.0,0
Time Zone Name,Venezuela,CountryOfCity,d3,1.0,0,0.0,0,1.0,0
Incorporation Country Name,Ireland,CountryOfIncorporation,d3,1.0,0,0.0,0,1.0,0
Incorporation Country Name,Netherlands,CountryOfIncorporation,d3,1.0,0,0.0,0,1.0,0
Operation Mars,Military Operation,CurrentPosition,d3,1.0,0,0.0,0,1.0,0
Global Tech Corp.,John Smith,CurrentEmployer,d3,1.0,0,0.0,0,1.0,0
Programmer,Software Developer,CurrentPosition,d3,1.0,0,0.0,0,1.0,0
Communication,Director of Communication,CurrentPosition,d3,1.0,0,0.0,0,1.0,0
Richard Burbage,Leading Actor,CurrentPosition,d3,1.0,0,0.042087726294994354,0,0.9579122737050056,0
"Niskayuna, New York",Albany,CapitalCityOfCountry,d3,1.0,100,0.05665242671966553,100,0.9433475732803345,0
Tech Alliance,Tech Coalition,ParentOrganization,d3,1.0,0,0.05997779220342636,0,0.9400222077965736,0
CEO,Chief Executive Officer,CurrentPosition,d3,1.0,100,0.06354821473360062,100,0.9364517852663994,0
Pretoria,Afrikaans,OfficialLanguagePrimary,d3,1.0,100,0.06873167306184769,100,0.9312683269381523,0
National Emergency Management Agency,Emergency Management,MajorIndustryPrimary,d3,1.0,50,0.07494077831506729,50,0.9250592216849327,0
"December 31, 1969",CEO of Tech Company ABC,CurrentPosition,d3,1.0,0,0.07585817575454712,0,0.9241418242454529,0
1883,1883-01-01,BirthDate,d3,1.0,0,0.07585817575454712,0,0.9241418242454529,0
Wikimedia Foundation,Internet,MajorIndustryPrimary,d3,1.0,0,0.07585817575454712,0,0.9241418242454529,0
United States dollar,Fiat currency,CurrentPosition,d3,1.0,50,0.10650688409805298,50,0.893493115901947,0
Awareness Campaign,2023-01-01,FoundingDate,d3,1.0,0,0.11072631925344467,0,0.8892736807465553,0
1040,Chair of the House Committee on Oversight and Reform,CurrentPosition,d3,1.0,0,0.11072781682014465,0,0.8892721831798553,0
2024-01-01,Entertainment,MajorIndustryPrimary,d3,1.0,0,0.11735960841178894,0,0.8826403915882111,0
1979,1979-01-01,OccursOn,d3,1.0,0,0.11735960841178894,0,0.8826403915882111,0
2001,"January 1, 2001",OccursOn,d3,1.0,0,0.11735960841178894,0,0.8826403915882111,0
Eastern Time Zone,1783,FoundingDate,d3,1.0,0,0.11963742971420288,0,0.8803625702857971,0
1908,1908-01-01,OccursOn,d3,1.0,0,0.12117636948823929,0,0.8788236305117607,0
Jamestown Settlement,Jamestown,HeadquartersCity,d3,1.0,0,0.13149698078632355,0,0.8685030192136765,0
Twitter,Social Media,MajorIndustryPrimary,d3,1.0,100,0.13296423852443695,100,0.867035761475563,0
Tech Company,Innovative Team,DevelopedByPrimary,d3,1.0,0,0.13296423852443695,0,0.867035761475563,0
Snap Inc.,Santa Monica,HeadquartersCity,d3,1.0,0,0.13296423852443695,0,0.867035761475563,0
Calgary,1875,FoundingDate,d3,1.0,100,0.13296423852443695,100,0.867035761475563,0
Example Education Group,Example Holdings Inc.,ParentOrganization,d3,0.8670357465744019,0,0.0,0,0.8670357465744019,0
HistoricalOrganization,International Historical Society,ParentOrganization,d3,0.8670357465744019,0,0.0,0,0.8670357465744019,0
Ford Motor Company,1903-06-16,FoundingDate,d3,1.0,0,0.13589560985565186,0,0.8641043901443481,0
University of Maryland,Darcy Moore,ChiefExecutiveOfficerCurrent,d3,1.0,0,0.1390845775604248,0,0.8609154224395752,0
Yale University,New Haven,HeadquartersCity,d3,1.0,100,0.14196616411209106,100,0.8580338358879089,0
Time Zone Organization,UTC-05:00,TimeZonePrimary,d3,0.9241418242454529,0,0.07585817575454712,0,0.8482836484909058,0
Southampton,Maritime,MajorIndustryPrimary,d3,1.0,0,0.15379057824611664,0,0.8462094217538834,0
Timekeeping,Timekeeping Corp,CurrentEmployer,d3,1.0,0,0.15379059314727783,0,0.8462094068527222,0
1835-11-30,Florida,BirthPlace,d3,1.0,0,0.15726761519908905,0,0.842732384800911,0
Energy,1859,FoundingDate,d3,1.0,0,0.15726761519908905,0,0.842732384800911,0
New Zealand Government,New Zealand Parliament,ParentOrganization,d3,1.0,0,0.15886841714382172,0,0.8411315828561783,0
Unknown Org,Fictional Exchange,StockExchangePrimary,d3,1.0,0,0.16803009808063507,0,0.8319699019193649,0
"Brooklyn, New York",1664,FoundingDate,d3,1.0,0,0.1707306057214737,0,0.8292693942785263,0
Pretoria,Department of International Relations and Cooperation,HeadquartersCity,d3,1.0,0,0.17328819632530212,0,0.8267118036746979,0
"Brooklyn, New York",Brooklyn,HeadquartersCity,d3,1.0,0,0.17328819632530212,0,0.8267118036746979,0
South African Reserve Bank,Lesetja Kganyago,CurrentEmployer,d3,1.0,100,0.17328819632530212,100,0.8267118036746979,0
UTC-5,Haiti,CountryOfCity,d3,1.0,0,0.17328819632530212,0,0.8267118036746979,0
2024-01-01,"January 1, 2024",PublicationDate,d3,0.8892707228660583,0,0.06873167306184769,0,0.8205390498042107,0
"Albuquerque Economic Development, Inc.",Tina M. Duran,ChiefExecutiveOfficerCurrent,d3,1.0,0,0.18147560954093933,0,0.8185243904590607,0
Scientific American,1845,FoundingDate,d3,1.0,100,0.18213798105716705,100,0.817862018942833,0
Indian Languages,Official Language,CurrentPosition,d3,1.0,0,0.18213798105716705,0,0.817862018942833,0
U.S. Citizenship and Immigration Services,Alejandro Mayorkas,CurrentEmployer,d3,1.0,100,0.18213799595832825,100,0.8178620040416718,0
Go,Programming Language,ProgrammingLanguagePrimary,d3,1.0,0,0.18213799595832825,0,0.8178620040416718,0
1963-07-02,"July 2, 1963",OccursOn,d3,1.0,0,0.18213799595832825,0,0.8178620040416718,0
Author,Writer,CurrentPosition,d3,1.0,0,0.18213799595832825,0,0.8178620040416718,0
"January 1, 2023",Example Book,PublicationDate,d3,1.0,0,0.18213799595832825,0,0.8178620040416718,0
U.S. Department of Health and Human Services,Health Care,MajorIndustryPrimary,d3,0.8112791776657104,0,0.0,0,0.8112791776657104,0
Hospitality Association,Hospitality Industry Association,CurrentEmployer,d3,1.0,0,0.18872198462486267,0,0.8112780153751373,0
Western Digital,David Goeckeler,CurrentEmployer,d3,1.0,0,0.1887231469154358,0,0.8112768530845642,0
National Breadstick Day Committee,Unknown Position,CurrentPosition,d3,0.8031737804412842,0,0.0,0,0.8031737804412842,0
Henry Condell,"St. John's College, Cambridge",AlmaMaterPrimary,d3,1.0,0,0.1974116861820221,0,0.8025883138179779,0
National Breadstick Day Committee,Unknown Date,FoundingDate,d3,1.0,0,0.19898103177547455,0,0.8010189682245255,0
"Westmoreland County, Virginia",1653,FoundingDate,d3,1.0,0,0.19898104667663574,0,0.8010189533233643,0
International Communication Association,Diana R. Carlin,CurrentEmployer,d3,1.0,0,0.19898104667663574,0,0.8010189533233643,0
Computer Science Department,1968,FoundingDate,d3,1.0,0,0.19898104667663574,0,0.8010189533233643,0
LanguageType,1066,BirthDate,d3,1.0,0,0.20687012374401093,0,0.7931298762559891,0
Harvard Corporation,1650,FoundingDate,d3,1.0,0,0.21112672984600067,0,0.7888732701539993,0
UTC+11:00,Various,CurrentPosition,d3,1.0,0,0.21112672984600067,0,0.7888732701539993,0
Police Officers,Police Constable,CurrentPosition,d3,1.0,0,0.21112672984600067,0,0.7888732701539993,0
Aviation,Alaska Airlines,CurrentEmployer,d3,1.0,0,0.21960696578025818,0,0.7803930342197418,0
Awareness Campaign,2023-09-01,PublicationDate,d3,0.8892737030982971,0,0.11135007441043854,0,0.7779236286878586,0
Dili,Capital,CurrentPosition,d3,0.7772998809814453,0,0.0,0,0.7772998809814453,0
2029-01-01,Event Coordinator,CurrentPosition,d3,0.7772998809814453,0,0.0,0,0.7772998809814453,0
University of Technology,Country A,CountryOfIncorporation,d3,0.7772998809814453,0,0.0,0,0.7772998809814453,0
Election Office,Department of Elections,ParentOrganization,d3,0.7772998809814453,0,0.0,0,0.7772998809814453,0
HSBC Holdings plc,HSBC Group,ParentOrganization,d3,0.7772998809814453,50,0.0,50,0.7772998809814453,0
1984,Novel,CurrentPosition,d3,0.7772998809814453,0,0.0,0,0.7772998809814453,0
National Cat Day,Animal Welfare Organizations,HostOrganizationPrimary,d3,0.7772998809814453,0,0.0,0,0.7772998809814453,0
Cultural Ambassador,Cultural Diplomacy Advocate,CurrentPosition,d3,0.7772998809814453,50,0.0,50,0.7772998809814453,0
Language Advocate,Language Advocacy,CurrentPosition,d3,0.7772998809814453,0,0.0,0,0.7772998809814453,0
National Association of Emergency Medical Technicians,Abraham O. Olatunji,ChiefExecutiveOfficerCurrent,d3,1.0,0,0.22270014882087708,0,0.7772998511791229,0
Lackawanna County,Lackawanna County Government,CurrentEmployer,d3,1.0,0,0.22270014882087708,0,0.7772998511791229,0
Department of Natural Resources,Natural Resources Management,MajorIndustryPrimary,d3,1.0,0,0.22270014882087708,0,0.7772998511791229,0
Alabama State Government,1819,FoundingDate,d3,1.0,0,0.22270014882087708,0,0.7772998511791229,0
1994,1994-01-01,OccursOn,d3,1.0,0,0.22270014882087708,0,0.7772998511791229,0
Dallas,Southwest Airlines,HeadquartersCity,d3,1.0,0,0.22270014882087708,0,0.7772998511791229,0
Reston,Reston Association,ParentOrganization,d3,1.0,0,0.22270014882087708,0,0.7772998511791229,0
NASA,1958,FoundingDate,d3,1.0,0,0.22270014882087708,0,0.7772998511791229,0
2014,"January 1, 2014",OccursOn,d3,1.0,0,0.22270014882087708,0,0.7772998511791229,0
"Pinterest, Inc.",Ben Silbermann,CurrentEmployer,d3,1.0,100,0.22270014882087708,100,0.7772998511791229,0
Snap Inc.,Evan Spiegel,CurrentEmployer,d3,1.0,100,0.22270014882087708,100,0.7772998511791229,0
First Day of the Year,Various currencies,CurrencyPrimary,d3,1.0,0,0.22270014882087708,0,0.7772998511791229,0
NVIDIA Corporation,Jensen Huang,CurrentEmployer,d3,1.0,50,0.22270014882087708,50,0.7772998511791229,0
United Nations Food and Agriculture Organization,Italy,CountryOfIncorporation,d3,1.0,100,0.22270014882087708,100,0.7772998511791229,0
2016,"January 1, 2016",OccursOn,d3,1.0,0,0.22270014882087708,0,0.7772998511791229,0
Unknown Org,Fictionland,CountryOfIncorporation,d3,1.0,0,0.22270014882087708,0,0.7772998511791229,0
Global Education Group,Education Worldwide Inc.,ParentOrganization,d3,1.0,0,0.22270014882087708,0,0.7772998511791229,0
Thursday,Time Zone City,HeadquartersCity,d3,1.0,0,0.22270014882087708,0,0.7772998511791229,0
Association of Southeast Asian Nations,Trade,MajorIndustryPrimary,d3,1.0,0,0.22270014882087708,0,0.7772998511791229,0
National Fire Protection Association,International Fire Safety Standards Coalition,ParentOrganization,d3,1.0,0,0.22270014882087708,0,0.7772998511791229,0
National Breadstick Day Committee,Unknown City,HeadquartersCity,d3,1.0,0,0.22270014882087708,0,0.7772998511791229,0
University of Maryland,Maryland Terrapins,CurrentEmployer,d3,1.0,50,0.22270014882087708,50,0.7772998511791229,0
2004,"January 1, 2004",OccursOn,d3,1.0,0,0.22270014882087708,0,0.7772998511791229,0
2017,"January 1, 2017",OccursOn,d3,1.0,0,0.22270014882087708,0,0.7772998511791229,0
University,Country,CountryOfIncorporation,d3,1.0,0,0.22270014882087708,0,0.7772998511791229,0
Calgary,Alberta,CapitalCityOfCountry,d3,1.0,100,0.22270014882087708,100,0.7772998511791229,0
1707,1707-01-01,BirthDate,d3,1.0,0,0.22270014882087708,0,0.7772998511791229,0
GNU General Public License,GNU,LicensePrimary,d3,1.0,0,0.22270014882087708,0,0.7772998511791229,0
Mountain Standard Time,America/Edmonton,TimeZonePrimary,d3,1.0,0,0.22270014882087708,0,0.7772998511791229,0
International Association of Fire Fighters,Firefighters,CurrentEmployer,d3,1.0,0,0.22270014882087708,0,0.7772998511791229,0
Science Communicator,Science Educator,CurrentPosition,d3,1.0,0,0.22270014882087708,0,0.7772998511791229,0
Legislator,Member of Congress,CurrentPosition,d3,1.0,0,0.22270014882087708,0,0.7772998511791229,0
U.S. Department of the Treasury,Janet Yellen,ChiefExecutiveOfficerCurrent,d3,1.0,0,0.22270014882087708,0,0.7772998511791229,0
Revolution,Continental Army,CurrentEmployer,d3,1.0,0,0.22270014882087708,0,0.7772998511791229,0
1984,George Orwell,AuthorOfWorkPrimary,d3,1.0,100,0.23184514045715332,100,0.7681548595428467,0
1792,1792-01-01,BirthDate,d3,1.0,0,0.23474997282028198,0,0.765250027179718,0
LSE,1895,FoundingDate,d3,0.8670357465744019,0,0.11135007441043854,0,0.7556856721639633,0
Chocolate Currency,Chocolate Holdings,ParentOrganization,d3,0.8267117738723755,0,0.07585817575454712,0,0.7508535981178284,0
Legislator,State Legislature,CurrentEmployer,d3,1.0,0,0.2504101097583771,0,0.7495898902416229,0
Time Zone Organization,Time Standards,MajorIndustryPrimary,d3,1.0,0,0.2517108619213104,0,0.7482891380786896,0
1863,Battle of Gettysburg,OccursOn,d3,1.0,100,0.2521349787712097,100,0.7478650212287903,0
Royal Society,Science,MajorIndustryPrimary,d3,1.0,100,0.25250953435897827,100,0.7474904656410217,0
Currency in 1961,New Zealand Dollar,CurrencyPrimary,d3,1.0,0,0.25347286462783813,0,0.7465271353721619,0
"University of California, Berkeley",1868,FoundingDate,d3,1.0,100,0.25388646125793457,100,0.7461135387420654,0
South Africa,South Africa Standard Time,TimeZonePrimary,d3,1.0,0,0.2585151195526123,0,0.7414848804473877,0
Federal Reserve Bank of New York,1914,FoundingDate,d3,1.0,0,0.2585151195526123,0,0.7414848804473877,0
Richard Burbage,The Lord Chamberlain's Men,CurrentEmployer,d3,1.0,0,0.2585151195526123,0,0.7414848804473877,0
American Express,Stephen Squeri,CurrentEmployer,d3,1.0,0,0.26082903146743774,0,0.7391709685325623,0
San Diego,San Diego State University,CurrentEmployer,d3,0.8670357465744019,0,0.13296423852443695,0,0.7340715080499649,0
Paramount+,Streaming Media,MajorIndustryPrimary,d3,1.0,0,0.2709939181804657,0,0.7290060818195343,0
New Jersey,Trenton,CapitalCityOfCountry,d3,1.0,100,0.28140559792518616,100,0.7185944020748138,0
1732-02-22,First President of the United States,CurrentPosition,d3,0.7185943722724915,0,0.0,0,0.7185943722724915,0
Language Advocate,Language Rights Activist,CurrentPosition,d3,0.7185943722724915,0,0.0,0,0.7185943722724915,0
Citigroup,1812,FoundingDate,d3,1.0,100,0.2938145697116852,100,0.7061854302883148,0
1809-02-12,"Shrewsbury, England",BirthPlace,d3,1.0,0,0.2938145697116852,0,0.7061854302883148,0
Singapore Government,Lee Hsien Loong,CurrentEmployer,d3,1.0,100,0.29701459407806396,100,0.702985405921936,0
Board of Directors,Chairperson,CurrentPosition,d3,0.7019078731536865,0,0.0,0,0.7019078731536865,0
Cultural Event,Arts,MajorIndustryPrimary,d3,1.0,0,0.30294179916381836,0,0.6970582008361816,0
Operation Mars,United States Army,HostOrganizationPrimary,d3,1.0,0,0.30427461862564087,0,0.6957253813743591,0
Government of the United Kingdom,King John,FoundedByPrimary,d3,1.0,0,0.3104519546031952,0,0.6895480453968048,0
Innovative Holdings LLC,Innovative Group Inc.,ParentOrganization,d3,0.7772998809814453,0,0.09944231808185577,0,0.6778575628995895,0
1999,Year 1999,CurrentPosition,d3,0.84112948179245,0,0.1643681824207306,0,0.6767612993717194,0
Self-employed,Consultant,CurrentPosition,d3,0.7772998809814453,0,0.10087861120700836,0,0.676421269774437,0
TurboTax,1988,InitialReleaseDate,d3,0.7772998809814453,0,0.10087861120700836,0,0.676421269774437,0
Executive Director,1975-06-15,BirthDate,d3,0.8411316275596619,0,0.16492526233196259,0,0.6762063652276993,0
President of the United States,President,CurrentPosition,d3,1.0,0,0.3253765106201172,0,0.6746234893798828,0
New York Stock Exchange,1817,FoundingDate,d3,1.0,0,0.32567745447158813,0,0.6743225455284119,0
Exchange Name,1817,FoundingDate,d3,1.0,0,0.32567745447158813,0,0.6743225455284119,0
Various occupations,Project Manager,CurrentPosition,d3,0.7772998809814453,0,0.11072781682014465,0,0.6665720641613007,0
1964,1964-01-01,BirthDate,d3,0.7772998809814453,0,0.11135007441043854,0,0.6659498065710068,0
Hospitality Industry,China,MajorIndustryPrimary,d3,1.0,0,0.3481518030166626,0,0.6518481969833374,0
United States Congress,Legislative Body,CurrentPosition,d3,0.6513549089431763,0,0.0,0,0.6513549089431763,0
Colonial America,Colonial Governor,CurrentPosition,d3,0.6513549089431763,0,0.0,0,0.6513549089431763,0
Cisco Systems,Cisco Capital,ParentOrganization,d3,0.6513549089431763,0,0.0,0,0.6513549089431763,0
ABC Investments,Global Finance Group,ParentOrganization,d3,0.6513549089431763,0,0.0,0,0.6513549089431763,0
Example Incorporation,Example Holdings,ParentOrganization,d3,0.6513549089431763,0,0.0,0,0.6513549089431763,0
Singapore,City-State,CurrentPosition,d3,0.6513549089431763,0,0.0,0,0.6513549089431763,0
Animation World Network,AWN Media,ParentOrganization,d3,0.6513549089431763,0,0.0,0,0.6513549089431763,0
Engineering Firm,Global Engineering Corp,ParentOrganization,d3,0.6513549089431763,0,0.0,0,0.6513549089431763,0
Commander-in-Chief,1961-01-20,BirthDate,d3,0.6513549089431763,0,0.0,0,0.6513549089431763,0
Political Science,American Political Science Association,ParentOrganization,d3,0.6513549089431763,0,0.0,0,0.6513549089431763,0
South Africa,President,CurrentPosition,d3,1.0,100,0.3486451506614685,100,0.6513548493385315,0
"Albuquerque Economic Development, Inc.",Economic Development,MajorIndustryPrimary,d3,1.0,0,0.3486451506614685,0,0.6513548493385315,0
Alabama Department of Postsecondary Education,Alabama Community College System,CurrentEmployer,d3,1.0,0,0.3486451506614685,0,0.6513548493385315,0
Friday,Time,CurrencyPrimary,d3,1.0,0,0.3486451506614685,0,0.6513548493385315,0
TD Bank Group,1855,FoundingDate,d3,1.0,0,0.3486451506614685,0,0.6513548493385315,0
Goldman Sachs,1869,FoundingDate,d3,1.0,100,0.3486451506614685,100,0.6513548493385315,0
"Florida, Missouri",Missouri,CountryOfCity,d3,1.0,0,0.3486451506614685,0,0.6513548493385315,0
King Henry II,Duke of Aquitaine,CurrentPosition,d3,1.0,0,0.3486451506614685,0,0.6513548493385315,0
Chocolate Industry,Hershey,HeadquartersCity,d3,1.0,0,0.3486451506614685,0,0.6513548493385315,0
Chocolate Currency,Chocolate Currency Inc.,CurrentEmployer,d3,1.0,0,0.3486451506614685,0,0.6513548493385315,0
Global Investments,Robert Johnson,FoundedByPrimary,d3,1.0,0,0.3486451506614685,0,0.6513548493385315,0
Southern African Development Community,Dr. Stergomena Lawrence Tax,CurrentEmployer,d3,1.0,0,0.3486451506614685,0,0.6513548493385315,0
Atlantic Time Zone,Fredericton,CountryOfCity,d3,1.0,100,0.3486451506614685,100,0.6513548493385315,0
Police Officers,State Police,CurrentEmployer,d3,1.0,0,0.3486451506614685,0,0.6513548493385315,0
Legislator,City Council Member,CurrentPosition,d3,1.0,0,0.3486451506614685,0,0.6513548493385315,0
Hewlett-Packard,Dave Packard,FoundedByPrimary,d3,1.0,50,0.3486451506614685,50,0.6513548493385315,0
Telangana State Government,Indian Rupee,CurrencyPrimary,d3,1.0,100,0.3486451506614685,100,0.6513548493385315,0
Hershey Chocolate Company,1894,FoundingDate,d3,1.0,0,0.35438793897628784,0,0.6456120610237122,0
"Newburyport, Massachusetts",1764,FoundingDate,d3,1.0,0,0.35438796877861023,0,0.6456120312213898,0
Wells Fargo,Investment Banking,CurrentEmployer,d3,0.8267117738723755,0,0.18213799595832825,0,0.6445737779140472,0
South Africa,Democratic Republic,CurrentPosition,d3,0.7772998809814453,0,0.13296423852443695,0,0.6443356424570084,0
1955-05-19,Significant Historical Event,OccursOn,d3,0.7772998809814453,0,0.13296423852443695,0,0.6443356424570084,0
"December 31, 2020",New Year's Eve Committee,CurrentEmployer,d3,0.7772998809814453,0,0.13296423852443695,0,0.6443356424570084,0
Friday,The Calendar,CurrentEmployer,d3,0.7772998809814453,0,0.13296423852443695,0,0.6443356424570084,0
Active Voter,Election Monitor,CurrentPosition,d3,0.7772998809814453,0,0.13296423852443695,0,0.6443356424570084,0
Santa Fe,Santa Fe Public Schools,CurrentEmployer,d3,0.8670357465744019,0,0.22270014882087708,0,0.6443355977535248,0
Global Tech Corp.,Alice Johnson,ChiefExecutiveOfficerCurrent,d3,1.0,0,0.3726550340652466,0,0.6273449659347534,0
Tuscaloosa,City of Tuscaloosa,CurrentEmployer,d3,1.0,0,0.3726585805416107,0,0.6273414194583893,0
City of London Corporation,Lord Mayor of London,CurrentPosition,d3,1.0,50,0.37506672739982605,50,0.624933272600174,0
Local Election Office,1965,FoundingDate,d3,1.0,0,0.38376161456108093,0,0.6162383854389191,0
Health,Health City,BirthPlace,d3,1.0,0,0.38864994049072266,0,0.6113500595092773,0
Publisher,1935,FoundingDate,d3,1.0,0,0.38864994049072266,0,0.6113500595092773,0
Various countries,Paris,CapitalCityOfCountry,d3,0.6970614194869995,100,0.0908169373869896,100,0.6062444821000099,0
LinkedIn Corporation,Jeff Weiner,CurrentEmployer,d3,1.0,100,0.39443665742874146,100,0.6055633425712585,0
Alaska Standard Time,1959,FoundingDate,d3,0.8031737804412842,100,0.19898103177547455,100,0.6041927486658096,0
Language in 1961,1961,OccursOn,d3,0.7772998809814453,0,0.17328819632530212,0,0.6040116846561432,0
Example Organization,Example Parent Org,ParentOrganization,d3,0.6026902198791504,0,0.0,0,0.6026902198791504,0
San Antonio,1718,FoundingDate,d3,1.0,0,0.397309809923172,0,0.602690190076828,0
Alabama Department of Postsecondary Education,Alabama State Department of Education,ParentOrganization,d3,1.0,0,0.397309809923172,0,0.602690190076828,0
LSE,University of London,ParentOrganization,d3,1.0,0,0.397309809923172,0,0.602690190076828,0
Advocacy Group,Nonprofit,MajorIndustryPrimary,d3,1.0,0,0.397309809923172,0,0.602690190076828,0
Plymouth Colony,Pine Tree Shilling,CurrencyPrimary,d3,1.0,0,0.397309809923172,0,0.602690190076828,0
Social Services,Social Services Director,CurrentPosition,d3,0.6026865839958191,0,0.0,0,0.6026865839958191,0
Environmental Protection Agency,Michael Regan,CurrentEmployer,d3,1.0,0,0.3973134458065033,0,0.6026865541934967,0
National Science Foundation,Ernest J. Moniz,ChiefExecutiveOfficerCurrent,d3,1.0,0,0.39731526374816895,0,0.602684736251831,0
Citizen,1990-01-01,BirthDate,d3,0.7772998809814453,0,0.18213798105716705,0,0.5951618999242783,0
XYZ Productions,2010-01-01,FoundingDate,d3,0.7772998809814453,0,0.18213799595832825,0,0.5951618850231171,0
Henry Condell,Playwright,CurrentPosition,d3,0.5922008156776428,0,0.0,0,0.5922008156776428,0
1955-05-19,Historical Event,CurrentPosition,d3,0.9241418242454529,0,0.3333333432674408,0,0.5908084809780121,0
Boeing,"Boeing Defense, Space & Security",ParentOrganization,d3,0.7185943722724915,0,0.13296423852443695,0,0.5856301337480545,0
Chicago,1833,FoundingDate,d3,0.6513549089431763,0,0.06810301542282104,0,0.5832518935203552,0
Red Hat,Raleigh,HeadquartersCity,d3,1.0,100,0.4181291460990906,100,0.5818708539009094,0
University of California,Kamala Harris,CurrentEmployer,d3,1.0,0,0.4181291460990906,0,0.5818708539009094,0
Stacey Cunningham,1974-12-21,BirthDate,d3,0.8589810729026794,0,0.27987611293792725,0,0.5791049599647522,0
1955,"January 1, 1955",OccursOn,d3,1.0,0,0.42219212651252747,0,0.5778078734874725,0
Secretary,Secretary of Defense,CurrentPosition,d3,0.5774953961372375,0,0.0,0,0.5774953961372375,0
Lockheed Martin,James Taiclet,CurrentEmployer,d3,1.0,0,0.42250463366508484,0,0.5774953663349152,0
The King's Men Theatre Company,Royal Shakespeare Company,ParentOrganization,d3,1.0,0,0.42250463366508484,0,0.5774953663349152,0
NextGen Innovations,Tech Innovations Group,ParentOrganization,d3,1.0,0,0.42250463366508484,0,0.5774953663349152,0
History,Ancient Mesopotamia,BirthPlace,d3,1.0,0,0.42250463366508484,0,0.5774953663349152,0
Second Continental Congress,Colonial leaders,FoundedByPrimary,d3,1.0,0,0.42250463366508484,0,0.5774953663349152,0
Time Zone Name,Argentina,CountryOfCity,d3,0.7772998809814453,0,0.20134097337722778,0,0.5759589076042175,0
Comcast Corporation,1963,FoundingDate,d3,1.0,0,0.43734875321388245,0,0.5626512467861176,0
1876,"July 4, 1876",OccursOn,d3,1.0,0,0.43734875321388245,0,0.5626512467861176,0
Googleplex,Sundar Pichai,CurrentEmployer,d3,1.0,0,0.43734875321388245,0,0.5626512467861176,0
JP Morgan Chase,1799,FoundingDate,d3,1.0,0,0.43734875321388245,0,0.5626512467861176,0
Nonprofit Organization,2021-05-01,PublicationDate,d3,1.0,0,0.43734875321388245,0,0.5626512467861176,0
Lee C. Bollinger,President of Columbia University,CurrentPosition,d3,1.0,100,0.43734875321388245,100,0.5626512467861176,0
Seagate Technology,Seagate Technology Holdings,ParentOrganization,d3,1.0,0,0.43734875321388245,0,0.5626512467861176,0
1790,1790-01-01,BirthDate,d3,1.0,0,0.43734875321388245,0,0.5626512467861176,0
Tobacco,Altria Group,ParentOrganization,d3,0.5616961717605591,0,0.0,0,0.5616961717605591,0
Red Hat,1993,FoundingDate,d3,1.0,0,0.44113555550575256,0,0.5588644444942474,0
Microsoft Corporation,Satya Nadella,CurrentEmployer,d3,1.0,100,0.44283783435821533,100,0.5571621656417847,0
Self-employed,Freelancer,CurrentPosition,d3,0.8670357465744019,0,0.3104519546031952,0,0.5565837919712067,0
Representative,Chairperson of the Committee,CurrentPosition,d3,1.0,0,0.4451853930950165,0,0.5548146069049835,0
City of Albuquerque,Albuquerque,HeadquartersCity,d3,0.7772998809814453,0,0.22270014882087708,0,0.5545997321605682,0
Greenwich Observatory,Astronomer Royal,CurrentPosition,d3,0.7772998809814453,0,0.22270014882087708,0,0.5545997321605682,0
Government of the United Kingdom,1215,FoundingDate,d3,0.7772998809814453,0,0.22270014882087708,0,0.5545997321605682,0
New England Colonies,Colonial Government,CurrentEmployer,d3,0.7772998809814453,0,0.22270014882087708,0,0.5545997321605682,0
National Chocolate Day,1920,FoundingDate,d3,0.7772998809814453,0,0.22270014882087708,0,0.5545997321605682,0
Consulting Firm,Global Consulting Group,ParentOrganization,d3,1.0,0,0.4481017291545868,0,0.5518982708454132,0
The New York Times Company,"The New York Times Company, Inc.",ParentOrganization,d3,0.5518907308578491,50,0.0,50,0.5518907308578491,0
Advocacy Group,National LGBTQ Task Force,ParentOrganization,d3,1.0,0,0.44810929894447327,0,0.5518907010555267,0
National Trust for Historic Preservation,Preservation Society,ParentOrganization,d3,0.6273413896560669,0,0.07585817575454712,0,0.5514832139015198,0
Example Country,Example Continent,Continent,d3,0.6513549089431763,0,0.10087861120700836,0,0.5504762977361679,0
Finance,Deutsche Bank,CurrentEmployer,d3,0.7185943722724915,0,0.17328819632530212,0,0.5453061759471893,0
UTC-5,Jamaica,CountryOfCity,d3,0.7185943722724915,0,0.17328819632530212,0,0.5453061759471893,0
Toronto Stock Exchange,Lou Eccleston,ChiefExecutiveOfficerCurrent,d3,0.6150878667831421,0,0.07050945609807968,0,0.5445784106850624,0
City Government,City Center,HeadquartersCity,d3,0.6513549089431763,0,0.10797881335020065,0,0.5433760955929756,0
Continental dollar,1775,FoundingDate,d3,1.0,100,0.46439164876937866,100,0.5356083512306213,0
Services,1989,FoundingDate,d3,0.8670357465744019,0,0.3333333432674408,0,0.5337024033069611,0
Plymouth Colony,Plymouth,HeadquartersCity,d3,0.7185943722724915,0,0.1914990395307541,0,0.5270953327417374,0
Bank of America,1904,FoundingDate,d3,1.0,0,0.47432228922843933,0,0.5256777107715607,0
Publisher,2023-01-15,PublicationDate,d3,0.8589810729026794,0,0.3333333432674408,0,0.5256477296352386,0
Tourism,Euro,CurrencyPrimary,d3,1.0,0,0.47614389657974243,0,0.5238561034202576,0
"December 31, 2020",New Year's Eve,OccursOn,d3,0.811274528503418,0,0.29059162735939026,0,0.5206829011440277,0
Princeton,1746,FoundingDate,d3,0.6513549089431763,100,0.13296423852443695,100,0.5183906704187393,0
Friday,Workweek,MajorIndustryPrimary,d3,0.6513549089431763,0,0.13296423852443695,0,0.5183906704187393,0
Association of Southeast Asian Nations,Jakarta,HeadquartersCity,d3,0.8670357465744019,100,0.3486451506614685,100,0.5183905959129333,0
American Independence Day,July 4,OccursOn,d3,1.0,100,0.48296982049942017,100,0.5170301795005798,0
Hamlet,King of Denmark,CurrentEmployer,d3,0.7772998809814453,100,0.26082754135131836,100,0.516472339630127,0
Various occupations,Healthcare Organization,CurrentEmployer,d3,0.7772998809814453,0,0.2632514238357544,0,0.5140484571456909,0
PDT Inc.,Jane Smith,ChiefExecutiveOfficerCurrent,d3,0.7306790947914124,0,0.22270014882087708,0,0.5079789459705353,0
1984,Secker & Warburg,DevelopedByPrimary,d3,1.0,100,0.49227672815322876,100,0.5077232718467712,0
Governor,1970-01-01,BirthDate,d3,0.6357240676879883,0,0.1285868138074875,0,0.5071372538805008,0
History Town,History Town Museum,CurrentEmployer,d3,0.5774953961372375,0,0.07050945609807968,0,0.5069859400391579,0
"December 31, 2020",New Year's Day Celebration,FoundingDate,d3,1.0,50,0.49551060795783997,50,0.50448939204216,0
Jamestown Settlement,Visitor Center,CurrentPosition,d3,0.5,0,0.0,0,0.5,0
Federal District,Government of Brazil,CurrentEmployer,d3,1.0,0,0.5,0,0.5,0
U.S. House of Representatives,Speaker of the House,CurrentPosition,d3,1.0,0,0.5,0,0.5,0
U.S. House of Representatives,Nancy Pelosi,CurrentEmployer,d3,1.0,100,0.5,100,0.5,0
"December 31, 2020",2020 Year in Review,PublicationDate,d3,1.0,0,0.5,0,0.5,0
Harrisburg,1785,FoundingDate,d3,1.0,0,0.5,0,0.5,0
Alabama State Government,State of Alabama,ParentOrganization,d3,1.0,0,0.5,0,0.5,0
Global Education Network,Global Education Foundation,ParentOrganization,d3,1.0,0,0.5,0,0.5,0
Massachusetts Institute of Technology,Erik Demaine,CurrentEmployer,d3,1.0,0,0.5,0,0.5,0
Microsoft Corporation,1975-04-04,FoundingDate,d3,1.0,0,0.5,0,0.5,0
Microsoft Corporation,Windows,DevelopedByPrimary,d3,1.0,100,0.5,100,0.5,0
Charles L. Webster Company,Webster & Co.,ParentOrganization,d3,1.0,0,0.5,0,0.5,0
Textron,Providence,HeadquartersCity,d3,1.0,100,0.5,100,0.5,0
Greenwich Mean Time,"January 1, 1884",OccursOn,d3,1.0,0,0.5,0,0.5,0
John Winthrop,"Trinity College, Cambridge",AlmaMaterPrimary,d3,1.0,0,0.5,0,0.5,0
Bell Labs,Jio P. P. Raghavan,ChiefExecutiveOfficerCurrent,d3,1.0,0,0.5,0,0.5,0
English Colonization,1583,FoundingDate,d3,1.0,0,0.5,0,0.5,0
Hamlet,Prince of Denmark,CurrentPosition,d3,1.0,0,0.5,0,0.5,0
Awareness and Celebration of Immigrants,Advocate for Immigrant Rights,CurrentPosition,d3,1.0,0,0.5,0,0.5,0
HSBC,1865,FoundingDate,d3,1.0,100,0.5,100,0.5,0
1971,1971-01-01,OccursOn,d3,1.0,0,0.5,0,0.5,0
2018,"January 1, 2018",OccursOn,d3,1.0,0,0.5,0,0.5,0
Halloween Festival Association,October 31,OccursOn,d3,1.0,100,0.5,100,0.5,0
GM Financial,Mary Barra,CurrentEmployer,d3,1.0,0,0.5,0,0.5,0
Nonprofit Organization,Country Name,CountryOfIncorporation,d3,0.5,0,0.0,0,0.5,0
Creative Solutions LLC,Solutions Group Inc.,ParentOrganization,d3,1.0,0,0.5,0,0.5,0
William Shakespeare,1564-04-23,BirthDate,d3,1.0,100,0.5,100,0.5,0
1601,British Museum,CurrentEmployer,d3,0.5,0,0.0,0,0.5,0
International Language Federation,Linguistic Experts,FoundedByPrimary,d3,0.5,0,0.0,0,0.5,0
1826,"January 1, 1826",OccursOn,d3,0.5,0,0.0,0,0.5,0
Tech Holdings LLC,Tech Ventures Inc.,ParentOrganization,d3,1.0,0,0.5,0,0.5,0
Tech City,Technology Hub,CurrentPosition,d3,1.0,0,0.5,0,0.5,0
Animation World Network,1996,FoundingDate,d3,1.0,0,0.5,0,0.5,0
Stratford-upon-Avon,1196,FoundingDate,d3,1.0,0,0.5,0,0.5,0
Y Corp,Z Corp,ParentOrganization,d3,1.0,0,0.5,0,0.5,0
The Scranton Times-Tribune,Tribune Publishing,CurrentEmployer,d3,1.0,0,0.5,0,0.5,0
Apollo 11 Moon Landing,First Manned Moon Landing,CurrentPosition,d3,0.5,0,0.0,0,0.5,0
Powhatan Confederacy,Algonquian Confederacy,ParentOrganization,d3,1.0,0,0.5,0,0.5,0
"January 1, 2023",Software Product X,InitialReleaseDate,d3,1.0,0,0.5,0,0.5,0
"January 1, 2023",Company Z,CurrentEmployer,d3,1.0,0,0.5,0,0.5,0
UTC-5,Cuba,CountryOfCity,d3,1.0,0,0.5,0,0.5,0
George H. W. Bush,Director of the Central Intelligence Agency,CurrentPosition,d3,1.0,0,0.5,0,0.5,0
April Fools' Day,April 1,OccursOn,d3,1.0,50,0.5,50,0.5,0
Commander-in-Chief,Commander-in-Chief of the Armed Forces,CurrentPosition,d3,1.0,0,0.5,0,0.5,0
J.P. Morgan & Co.,1871,FoundingDate,d3,1.0,0,0.5,0,0.5,0
UTC-8,Tijuana,TimeZonePrimary,d3,1.0,0,0.5,0,0.5,0
University of Illinois,"Champaign, Illinois",HeadquartersCity,d3,1.0,50,0.5,50,0.5,0
Celebration,Moscow,HeldInCity,d3,1.0,0,0.5,0,0.5,0
Pacific Time,Washington,TimeZonePrimary,d3,1.0,0,0.5,0,0.5,0
Hospitality Industry,Italy,MajorIndustryPrimary,d3,1.0,0,0.5,0,0.5,0
Oracle,Safra Catz,CurrentEmployer,d3,0.7185943722724915,0,0.22270014882087708,0,0.4958942234516144,0
Internet Engineering Task Force,Internet Standards,MajorIndustryPrimary,d3,0.8670357465744019,0,0.37265679240226746,0,0.4943789541721344,0
Innovative Holdings LLC,Senior Analyst,CurrentPosition,d3,0.6513549089431763,0,0.15726760029792786,0,0.4940873086452484,0
United States Government,1789-03-04,FoundingDate,d3,1.0,0,0.5062980651855469,0,0.4937019348144531,0
Health,Public Health Advocate,CurrentPosition,d3,0.6513549089431763,0,0.1625104397535324,0,0.48884446918964386,0
City of New York,New York City Government,ParentOrganization,d3,0.9241418242454529,0,0.43734875321388245,0,0.48679307103157043,0
Example Corporation,Example Capital,HeadquartersCity,d3,1.0,0,0.5136414170265198,0,0.4863585829734802,0
JavaScript,Brendan Eich,DevelopedByPrimary,d3,1.0,100,0.5151380896568298,100,0.48486191034317017,0
Infosys,Bengaluru,HeadquartersCity,d3,1.0,50,0.5165353417396545,50,0.48346465826034546,0
Investment,Investment Analyst,CurrentPosition,d3,0.48296982049942017,0,0.0,0,0.48296982049942017,0
Global Investments,Investment Management,MajorIndustryPrimary,d3,0.8670357465744019,0,0.3855021297931671,0,0.48153361678123474,0
BBC,Broadcasting,MajorIndustryPrimary,d3,1.0,100,0.518977165222168,100,0.48102283477783203,0
1860,1860-01-01,BirthDate,d3,0.7772998809814453,0,0.30294501781463623,0,0.4743548631668091,0
Atlantic Time Zone,Halifax,CountryOfCity,d3,0.7185943722724915,0,0.24456748366355896,0,0.4740268886089325,0
Department of Health and Human Services,Xavier Becerra,CurrentEmployer,d3,1.0,0,0.5260174870491028,0,0.4739825129508972,0
Colonial America,British Crown,CurrentEmployer,d3,0.5774953961372375,0,0.10797881335020065,0,0.4695165827870369,0
University of Pennsylvania,Benjamin Franklin,AlmaMaterPrimary,d3,0.7772998809814453,0,0.3094416856765747,0,0.4678581953048706,0
Standard Oil Company,1870,FoundingDate,d3,0.5774953961372375,100,0.11042304337024689,100,0.46707235276699066,0
Thomas Betterton,"Theatre Royal, Drury Lane",CurrentEmployer,d3,0.7185943722724915,0,0.2585151195526123,0,0.46007925271987915,0
Tech Innovations Inc.,1999-05-01,FoundingDate,d3,0.8892722129821777,0,0.43734875321388245,0,0.4519234597682953,0
Operation Mars,U.S. Central Command,ParentOrganization,d3,0.6513549089431763,0,0.20000000298023224,0,0.45135490596294403,0
1849,1849-01-01,BirthDate,d3,1.0,0,0.548917829990387,0,0.45108217000961304,0
Honeywell,Honeywell International Inc.,ParentOrganization,d3,1.0,0,0.5489178895950317,0,0.45108211040496826,0
Chocolate Industry,Hershey's,CurrentEmployer,d3,1.0,0,0.5489178895950317,0,0.45108211040496826,0
Conservative Party,Leader,CurrentPosition,d3,1.0,100,0.5489178895950317,100,0.45108211040496826,0
Standard Time,Mexico,CountryOfCity,d3,0.7185943722724915,0,0.26783257722854614,0,0.4507617950439453,0
Suva,Capital City,CurrentPosition,d3,0.44810929894447327,0,0.0,0,0.44810929894447327,0
"University of California, Berkeley","Berkeley, California",CurrentEmployer,d3,1.0,50,0.5518983006477356,50,0.4481016993522644,0
Honiara,Solomon Islands Government,HeadquartersCity,d3,1.0,0,0.5518983006477356,0,0.4481016993522644,0
National Oatmeal Association,1966,FoundingDate,d3,0.7772998809814453,0,0.3333333432674408,0,0.4439665377140045,0
Thursday,2023-01-01,FoundingDate,d3,0.7772998809814453,0,0.3333333432674408,0,0.4439665377140045,0
Another Organization Name,Parent Company Name,ParentOrganization,d3,0.5774953961372375,0,0.1365327388048172,0,0.44096265733242035,0
American,Service,MajorIndustryPrimary,d3,1.0,0,0.5607860684394836,0,0.43921393156051636,0
IBM,Lenovo,ParentOrganization,d3,0.43734875321388245,0,0.0,0,0.43734875321388245,0
GNU General Public License,Free Software License,CurrentPosition,d3,0.43734875321388245,0,0.0,0,0.43734875321388245,0
Washington State Legislature,1889,FoundingDate,d3,0.5,0,0.06285400688648224,0,0.43714599311351776,0
Health,Switzerland,CountryOfCity,d3,0.8267117738723755,100,0.39443665742874146,100,0.43227511644363403,0
Operation Mars,Defense,MajorIndustryPrimary,d3,0.8267117738723755,0,0.39443665742874146,0,0.43227511644363403,0
Continental dollar,Currency,MajorIndustryPrimary,d3,0.5,0,0.06810301542282104,0,0.43189698457717896,0
"Florida, Missouri",Jefferson City,CapitalCityOfCountry,d3,0.6513549089431763,100,0.22270014882087708,100,0.4286547601222992,0
Virginia Company,King James I,FoundedByPrimary,d3,0.6513549089431763,0,0.22270014882087708,0,0.4286547601222992,0
Alaska Standard Time,Tourism,MajorIndustryPrimary,d3,0.7772998809814453,0,0.3486451506614685,0,0.4286547303199768,0
Neighborhood Association,Local Nonprofit,CurrentEmployer,d3,0.7772998809814453,0,0.3486451506614685,0,0.4286547303199768,0
2014,Year of the Horse,CurrentPosition,d3,0.7772998809814453,100,0.3486451506614685,100,0.4286547303199768,0
Shakespeare's Plays,1609,PublicationDate,d3,0.7772998809814453,0,0.3486451506614685,0,0.4286547303199768,0
Unix Systems,Murray Hill,HeadquartersCity,d3,0.5774953961372375,0,0.15048696100711823,0,0.4270084351301193,0
General Motors,1908-09-16,FoundingDate,d3,0.6513549089431763,0,0.2270917296409607,0,0.4242631793022156,0
Detroit,Quicken Loans,CurrentEmployer,d3,0.7772998809814453,0,0.35438793897628784,0,0.42291194200515747,0
Sebastopol,Sebastopol City Hall,HeadquartersCity,d3,0.42250463366508484,0,0.0,0,0.42250463366508484,0
April Fools' Day,"April 1, 1582",PublicationDate,d3,0.42250463366508484,0,0.0,0,0.42250463366508484,0
Secretary,Secretary of Treasury,CurrentPosition,d3,0.42250463366508484,0,0.0,0,0.42250463366508484,0
JavaScript,Mozilla Corporation,CurrentEmployer,d3,0.42250463366508484,0,0.0,0,0.42250463366508484,0
Colonial America,British Empire,ParentOrganization,d3,1.0,100,0.5774953961372375,100,0.42250460386276245,0
European Union,Belgium,CountryOfIncorporation,d3,1.0,100,0.5774953961372375,100,0.42250460386276245,0
PHP,The PHP Group,CurrentEmployer,d3,1.0,0,0.5774953961372375,0,0.42250460386276245,0
Example Corp,Jane Doe,ChiefExecutiveOfficerCurrent,d3,1.0,0,0.5774953961372375,0,0.42250460386276245,0
1883,Industrial Revolution,MajorIndustryPrimary,d3,1.0,0,0.5836301445960999,0,0.41636985540390015,0
Virginia Company,Colonization,MajorIndustryPrimary,d3,0.5,0,0.0886545181274414,0,0.4113454818725586,0
Hong Kong,Special Administrative Region,CurrentPosition,d3,0.41074615716934204,0,0.0,0,0.41074615716934204,0
National Historical Society,1938,FoundingDate,d3,0.5,0,0.0908169373869896,0,0.4091830626130104,0
1835-11-30,Self-Employed,CurrentEmployer,d3,1.0,0,0.5922008156776428,0,0.4077991843223572,0
Calgary,Enbridge Inc.,HeadquartersCity,d3,1.0,0,0.5922008156776428,0,0.4077991843223572,0
Detroit,DTE Energy,CurrentEmployer,d3,1.0,0,0.5959083437919617,0,0.40409165620803833,0
BBC,John Reith,FoundedByPrimary,d3,1.0,100,0.5959083437919617,100,0.40409165620803833,0
Springfield,1821,FoundingDate,d3,0.5774953961372375,0,0.17432257533073425,0,0.4031728208065033,0
Zimbabwean Government,Ministry of Finance,ParentOrganization,d3,1.0,0,0.602682888507843,0,0.397317111492157,0
Goldman Sachs,Marcus Goldman,FoundedByPrimary,d3,1.0,100,0.602682888507843,100,0.397317111492157,0
1977,1977-01-01,OccursOn,d3,0.397309809923172,0,0.0,0,0.397309809923172,0
Springfield,City of Springfield,CurrentEmployer,d3,0.6513549089431763,0,0.26083049178123474,0,0.39052441716194153,0
Local Non-Profit Organization,Community Service,MajorIndustryPrimary,d3,0.5,0,0.11072631925344467,0,0.38927368074655533,0
Virginia,Richmond,CapitalCityOfCountry,d3,0.5774953961372375,100,0.18872080743312836,100,0.3887745887041092,0
1890,1890-01-01,BirthDate,d3,0.7772998809814453,0,0.38864994049072266,0,0.38864994049072266,0
Unknown Work,Unknown Organization,CreatedByPrimary,d3,0.5774953961372375,0,0.19066122174263,0,0.38683417439460754,0
Aviation,United Airlines,CurrentEmployer,d3,1.0,0,0.623261570930481,0,0.37673842906951904,0
Henry Condell,1568-01-01,BirthDate,d3,0.5,0,0.1253025233745575,0,0.3746974766254425,0
Barack Obama,Former President,CurrentPosition,d3,1.0,0,0.6273431777954102,0,0.37265682220458984,0
Honolulu,1778,FoundingDate,d3,1.0,0,0.6276617646217346,0,0.3723382353782654,0
Massachusetts Institute of Technology,1861,FoundingDate,d3,1.0,100,0.6276617646217346,100,0.3723382353782654,0
Hong Kong,China,CountryOfIncorporation,d3,0.6513549089431763,100,0.28140559792518616,100,0.3699493110179901,0
Sun Microsystems,Mark Hurd,ChiefExecutiveOfficerCurrent,d3,0.6513549089431763,0,0.28140559792518616,0,0.3699493110179901,0
National Cat Day,October 29,OccursOn,d3,0.7185943722724915,100,0.3486451506614685,100,0.36994922161102295,0
Central Time Zone,Oklahoma City,CountryOfCity,d3,0.7185943722724915,0,0.3486451506614685,0,0.36994922161102295,0
Los Angeles Lakers,Professional Basketball,MajorIndustryPrimary,d3,0.7185943722724915,0,0.3486451506614685,0,0.36994922161102295,0
Atlanta,Coca-Cola,HeadquartersCity,d3,1.0,0,0.6307190656661987,0,0.36928093433380127,0
Alabama State Capitol,1851,FoundingDate,d3,0.6513549089431763,0,0.282864511013031,0,0.36849039793014526,0
Public Administrator,County Administrator,CurrentPosition,d3,0.5,0,0.13296423852443695,0,0.36703576147556305,0
Time Zone Organization,International Time Bureau,ParentOrganization,d3,0.8670357465744019,0,0.5,0,0.36703574657440186,0
U.S. Congress,Bicameral Legislature,CurrentPosition,d3,0.8670357465744019,0,0.5,0,0.36703574657440186,0
Celebration,Tokyo,HeldInCity,d3,0.8670357465744019,0,0.5,0,0.36703574657440186,0
Boeing,David L. Calhoun,CurrentEmployer,d3,0.7185943722724915,0,0.35562631487846375,0,0.3629680573940277,0
Massachusetts Bay Company,1628,FoundingDate,d3,0.42250463366508484,100,0.05997779220342636,100,0.3625268414616585,0
"Pinterest, Inc.",Social Media,MajorIndustryPrimary,d3,1.0,100,0.6413893103599548,100,0.35861068964004517,0
General Electric,1892,FoundingDate,d3,0.5,0,0.145056813955307,0,0.354943186044693,0
Google LLC,1998,FoundingDate,d3,0.5774953961372375,0,0.22270014882087708,0,0.3547952473163605,0
Los Angeles Lakers,Jack Kent Cooke,FoundedByPrimary,d3,0.5774953961372375,0,0.22270014882087708,0,0.3547952473163605,0
XYZ Corporation,1995-05-20,FoundingDate,d3,1.0,0,0.6472656726837158,0,0.3527343273162842,0
Greenwich Observatory,Astronomy,MajorIndustryPrimary,d3,0.5,100,0.14769448339939117,100,0.3523055166006088,0
1792,Historical Year,CurrentPosition,d3,0.3486451506614685,0,0.0,0,0.3486451506614685,0
History City,History Organization,CurrentEmployer,d3,0.3486451506614685,0,0.0,0,0.3486451506614685,0
Global Charity Network,International Charity Alliance,ParentOrganization,d3,0.3486451506614685,0,0.0,0,0.3486451506614685,0
UTC-5,Bahamas,CountryOfCity,d3,0.3486451506614685,0,0.0,0,0.3486451506614685,0
Pretoria,City of Tshwane Metropolitan Municipality,CurrentEmployer,d3,1.0,0,0.6513549089431763,0,0.34864509105682373,0
Alaska Standard Time,Alaska State Government,ParentOrganization,d3,1.0,0,0.6513549089431763,0,0.34864509105682373,0
1955-05-19,Automobile Industry,MajorIndustryPrimary,d3,1.0,0,0.6513549089431763,0,0.34864509105682373,0
Neighborhood Association,Community Services,MajorIndustryPrimary,d3,1.0,0,0.6513549089431763,0,0.34864509105682373,0
Bank of America,Amadeo Giannini,FoundedByPrimary,d3,1.0,0,0.6513549089431763,0,0.34864509105682373,0
Currency in 1961,Deutsche Mark,CurrencyPrimary,d3,1.0,0,0.6513549089431763,0,0.34864509105682373,0
JPMorgan Chase & Co.,Jamie Dimon,CurrentEmployer,d3,1.0,100,0.6513549089431763,100,0.34864509105682373,0
1945,The Diary of a Young Girl,PublicationDate,d3,1.0,50,0.6513549089431763,50,0.34864509105682373,0
Alphabet Inc.,"September 4, 1998",FoundingDate,d3,1.0,0,0.6513549089431763,0,0.34864509105682373,0
"Pinterest, Inc.",None,ParentOrganization,d3,1.0,0,0.6513549089431763,0,0.34864509105682373,0
2013,Organizations active in 2013,CurrentEmployer,d3,1.0,0,0.6513549089431763,0,0.34864509105682373,0
Snap Inc.,Snapchat,DevelopedByPrimary,d3,1.0,100,0.6513549089431763,100,0.34864509105682373,0
Adobe Inc.,Shantanu Narayen,CurrentEmployer,d3,1.0,100,0.6513549089431763,100,0.34864509105682373,0
Awareness and Celebration of Immigrants,Immigrant Heritage Month,CurrentEmployer,d3,1.0,0,0.6513549089431763,0,0.34864509105682373,0
Global Solutions Inc.,Global Holdings LLC,ParentOrganization,d3,1.0,0,0.6513549089431763,0,0.34864509105682373,0
1963-08-27,"August 27, 1963",OccursOn,d3,1.0,0,0.6513549089431763,0,0.34864509105682373,0
University of Alabama,Dr. Stuart R. Bell,CurrentEmployer,d3,1.0,0,0.6513549089431763,0,0.34864509105682373,0
Timekeeping,Timekeeping Association,ParentOrganization,d3,1.0,0,0.6513549089431763,0,0.34864509105682373,0
2001,Year 2001,CurrentPosition,d3,1.0,0,0.6513549089431763,0,0.34864509105682373,0
Calgary,Calgary Flames,CurrentEmployer,d3,1.0,0,0.6513549089431763,0,0.34864509105682373,0
"O'Reilly Media, Inc.",1988,FoundingDate,d3,1.0,0,0.6513549089431763,0,0.34864509105682373,0
1984,Dystopian novel,CurrentPosition,d3,1.0,50,0.6513549089431763,50,0.34864509105682373,0
1781-01-01,Continental Army,CurrentEmployer,d3,1.0,100,0.6513549089431763,100,0.34864509105682373,0
Mountain Standard Time,America/Denver,TimeZonePrimary,d3,1.0,0,0.6513549089431763,0,0.34864509105682373,0
Member of the House of Representatives,Legislative Branch of the United States,CurrentEmployer,d3,1.0,0,0.6513549089431763,0,0.34864509105682373,0
April Fools' Day,1582,FoundingDate,d3,1.0,0,0.6513549089431763,0,0.34864509105682373,0
City of Newburyport,Newburyport Chamber of Commerce,HeadquartersCity,d3,1.0,0,0.6513549089431763,0,0.34864509105682373,0
Franklin D. Roosevelt,"Hyde Park, New York",BirthPlace,d3,1.0,100,0.6513549089431763,100,0.34864509105682373,0
University of Linguistics,Linguist City,HeadquartersCity,d3,1.0,0,0.6513549089431763,0,0.34864509105682373,0
Language of Science,Scientific Writer,CurrentPosition,d3,1.0,0,0.6513549089431763,0,0.34864509105682373,0
Santa Fe,New Mexico State Government,HeadquartersCity,d3,0.6970614194869995,0,0.3486451506614685,0,0.348416268825531,0
Ford Motor Company,1903,FoundingDate,d3,0.6513549089431763,100,0.30427461862564087,100,0.3470802903175354,0
Board of Directors,2000-01-01,FoundingDate,d3,0.5,0,0.15407507121562958,0,0.3459249287843704,0
Linguistic Society,1924,FoundingDate,d3,0.5518907308578491,0,0.20687198638916016,0,0.34501874446868896,0
Charles Darwin,Shrewsbury,BirthPlace,d3,0.7185943722724915,100,0.3768830895423889,100,0.34171128273010254,0
Tetum,Official Language,CurrentPosition,d3,1.0,0,0.6594907641410828,0,0.34050923585891724,0
Conservative Party,British Conservative Party,ParentOrganization,d3,0.7772998809814453,0,0.43734875321388245,0,0.33995112776756287,0
Chocolate Lovers Association,Global Chocolate Federation,ParentOrganization,d3,0.7772998809814453,0,0.43734875321388245,0,0.33995112776756287,0
Currency in 1961,French Franc,CurrencyPrimary,d3,1.0,0,0.664980947971344,0,0.335019052028656,0
Suva,Fiji National University,CurrentEmployer,d3,1.0,0,0.664980947971344,0,0.335019052028656,0
Innovator Organization,Innovator CEO,ChiefExecutiveOfficerCurrent,d3,0.6513549089431763,0,0.316982239484787,0,0.3343726694583893,0
Business Language Training Institute,Global Language Services,ParentOrganization,d3,0.3333333432674408,0,0.0,0,0.3333333432674408,0
1981,Year 1981,CurrentPosition,d3,0.3333333432674408,0,0.0,0,0.3333333432674408,0
Innovator Parent Org,2005-01-01,BirthDate,d3,0.5377748012542725,0,0.20687012374401093,0,0.33090467751026154,0
NASA,Bill Nelson,CurrentEmployer,d3,0.7772998809814453,0,0.4481017291545868,0,0.3291981518268585,0
Voter,Civic Participant,CurrentPosition,d3,0.5518983006477356,0,0.22270014882087708,0,0.3291981518268585,0
"Scranton, Pennsylvania",Manufacturing,MajorIndustryPrimary,d3,0.8267117738723755,0,0.5,0,0.3267117738723755,0
Information Technology Hub,Innovation Leader,CurrentPosition,d3,0.6513549089431763,0,0.32567745447158813,0,0.32567745447158813,0
Powhatan Confederacy,Jamestown,HeadquartersCity,d3,0.5774953961372375,100,0.25347286462783813,100,0.3240225315093994,0
Hulu,Disney,CurrentEmployer,d3,1.0,100,0.676875114440918,100,0.32312488555908203,0
Local Government,Mayor,CurrentPosition,d3,0.7185943722724915,100,0.39679500460624695,100,0.3217993676662445,0
State of Washington,1889,FoundingDate,d3,0.6026902198791504,0,0.28140559792518616,0,0.32128462195396423,0
2013,Year of significant events,CurrentPosition,d3,0.5,0,0.17982810735702515,0,0.32017189264297485,0
Awareness Campaign,2023-10-01,OccursOn,d3,0.5,0,0.18213799595832825,0,0.31786200404167175,0
International Airlines Group,Iberia,ParentOrganization,d3,1.0,0,0.685949444770813,0,0.314050555229187,0
JavaScript,Mozilla Foundation,PublisherPrimary,d3,0.5518945455551147,0,0.23845961689949036,0,0.3134349286556244,0
State of California,1850,FoundingDate,d3,1.0,100,0.6945120096206665,100,0.3054879903793335,0
Various Contributors,Wikipedia,CurrentEmployer,d3,1.0,0,0.6945120096206665,0,0.3054879903793335,0
New York Times,1851,FoundingDate,d3,1.0,100,0.6945120692253113,100,0.3054879307746887,0
Social Services,1965,FoundingDate,d3,0.43734875321388245,0,0.13296423852443695,0,0.3043845146894455,0
South African Reserve Bank,Johannesburg Stock Exchange,StockExchangePrimary,d3,1.0,100,0.6970549821853638,100,0.30294501781463623,0
1600,Historical Significance,CurrentPosition,d3,0.30294179916381836,0,0.0,0,0.30294179916381836,0
Canadian Government,Justin Trudeau,CurrentEmployer,d3,1.0,100,0.6970582008361816,100,0.30294179916381836,0
"Albuquerque Economic Development, Inc.",Albuquerque,HeadquartersCity,d3,1.0,100,0.6970614194869995,100,0.3029385805130005,0
1955-10-28,Historical Figure,CurrentPosition,d3,0.3029385805130005,0,0.0,0,0.3029385805130005,0
University of Illinois at Urbana-Champaign,Robert J. Jones,CurrentEmployer,d3,1.0,0,0.6970614194869995,0,0.3029385805130005,0
Suva,Fiji Government,HeadquartersCity,d3,1.0,0,0.6970614194869995,0,0.3029385805130005,0
Hamlet,Unknown,BirthDate,d3,0.3029385805130005,0,0.0,0,0.3029385805130005,0
"Facebook, Inc.",Mark Zuckerberg,ChiefExecutiveOfficerCurrent,d3,1.0,100,0.6970614194869995,100,0.3029385805130005,0
Acme Corp,Mr. Acme,ChiefExecutiveOfficerCurrent,d3,0.6513549089431763,0,0.3486451506614685,0,0.30270975828170776,0
City Council,Municipal Government,ParentOrganization,d3,0.6513549089431763,0,0.3486451506614685,0,0.30270975828170776,0
Deloitte,Professional Services,MajorIndustryPrimary,d3,0.5,0,0.1974104791879654,0,0.3025895208120346,0
Lee C. Bollinger,1951-04-30,BirthDate,d3,0.3486451506614685,0,0.05140935257077217,0,0.29723579809069633,0
Atlanta,1837,FoundingDate,d3,0.5774953961372375,100,0.28140559792518616,100,0.2960897982120514,0
1995,1995-01-01,OccursOn,d3,1.0,0,0.7046110033988953,0,0.29538899660110474,0
1999,"January 1, 1999",OccursOn,d3,1.0,0,0.7046110033988953,0,0.29538899660110474,0
History,4000 BC,FoundingDate,d3,0.5,0,0.20541280508041382,0,0.2945871949195862,0
Time Zone Organization,Time Zone Association,CurrentEmployer,d3,0.43734875321388245,0,0.14543840289115906,0,0.2919103503227234,0
Example Organization,Example Person,FoundedByPrimary,d3,0.42250463366508484,0,0.13296423852443695,0,0.2895403951406479,0
Python Software Foundation,Guido van Rossum,FoundedByPrimary,d3,0.6513549089431763,100,0.3660837411880493,100,0.28527116775512695,0
1792,French,OfficialLanguagePrimary,d3,1.0,100,0.7149487137794495,100,0.28505128622055054,0
Hershey Chocolate Company,Confectionery,MajorIndustryPrimary,d3,1.0,100,0.7149487137794495,100,0.28505128622055054,0
University of California,1868,FoundingDate,d3,0.5774953961372375,100,0.2938145697116852,100,0.28368082642555237,0
Brazos County,1841,FoundingDate,d3,1.0,0,0.7185943722724915,0,0.28140562772750854,0
Google LLC,1998-09-04,FoundingDate,d3,1.0,0,0.7185943722724915,0,0.28140562772750854,0
Commander-in-Chief,Commander-in-Chief of the Navy,CurrentPosition,d3,1.0,0,0.7185943722724915,0,0.28140562772750854,0
Language Advocate,Language Policy Advisor,CurrentPosition,d3,0.28140559792518616,0,0.0,0,0.28140559792518616,0
Language Advocate,Linguistic Researcher,CurrentPosition,d3,0.28140559792518616,0,0.0,0,0.28140559792518616,0
Treasurer,Treasurer of the United States,CurrentPosition,d3,0.28140559792518616,0,0.0,0,0.28140559792518616,0
JavaScript,Client-side scripting language,CurrentPosition,d3,0.28140559792518616,0,0.0,0,0.28140559792518616,0
World Bank,David Malpass,CurrentEmployer,d3,0.5389832258224487,0,0.26082903146743774,0,0.278154194355011,0
South Africa,South African Government,CurrentEmployer,d3,0.7772998809814453,0,0.5,0,0.2772998809814453,0
1955-10-28,October 28,OccursOn,d3,0.7772998809814453,0,0.5,0,0.2772998809814453,0
NBA,National Basketball Association,ParentOrganization,d3,0.7772998809814453,100,0.5,100,0.2772998809814453,0
Awareness and Celebration of Immigrants,Cultural Heritage Alliance,ParentOrganization,d3,0.7772998809814453,0,0.5,0,0.2772998809814453,0
Halloween LLC,Retail,MajorIndustryPrimary,d3,0.7772998809814453,0,0.5,0,0.2772998809814453,0
European Football Association,Nyon,HeadquartersCity,d3,0.7772998809814453,100,0.5,100,0.2772998809814453,0
Advisory Board,Advisory Board Parent Organization,ParentOrganization,d3,0.7772998809814453,0,0.5,0,0.2772998809814453,0
1950-10-24,"October 24, 1950",OccursOn,d3,0.7772998809814453,0,0.5,0,0.2772998809814453,0
Higher Education,1861,FoundingDate,d3,0.7772998809814453,0,0.5,0,0.2772998809814453,0
Reserve Currency,Euro,CurrencyPrimary,d3,0.5,0,0.22270014882087708,0,0.2772998511791229,0
National Institutes of Health,Health Research,MajorIndustryPrimary,d3,0.5,50,0.22270014882087708,50,0.2772998511791229,0
American Independence Day,National holiday,CurrentPosition,d3,0.5,0,0.22270014882087708,0,0.2772998511791229,0
Publishing,1450,FoundingDate,d3,0.5,0,0.22270014882087708,0,0.2772998511791229,0
International Organization for Standardization,Sérgio G. G. de Oliveira,ChiefExecutiveOfficerCurrent,d3,0.5,0,0.22270014882087708,0,0.2772998511791229,0
Civic Engagement Organization,Civic Alliance,ParentOrganization,d3,0.5,0,0.22270014882087708,0,0.2772998511791229,0
City of New York,1624,FoundingDate,d3,0.4747983515262604,0,0.19898104667663574,0,0.27581730484962463,0
Olympia,1859,FoundingDate,d3,0.5,0,0.2270917296409607,0,0.2729082703590393,0
Timorese,Government of Timor-Leste,CurrentEmployer,d3,0.9241418242454529,0,0.6513549089431763,0,0.2727869153022766,0
Automobile,Vehicle,CurrentPosition,d3,0.26083049178123474,0,0.0,0,0.26083049178123474,0
Telecommunications,Sprint Corporation,CurrentEmployer,d3,1.0,0,0.7391695380210876,0,0.26083046197891235,0
1970-01-01T00:00:00Z,1970-01-01,OccursOn,d3,1.0,0,0.7391695380210876,0,0.26083046197891235,0
South Africa,Africa,Continent,d3,1.0,100,0.7391724586486816,100,0.26082754135131836,0
"University of California, Berkeley",Public Research University,CurrentPosition,d3,1.0,50,0.7391724586486816,50,0.26082754135131836,0
"December 31, 1969",Tech Company ABC,FoundingDate,d3,1.0,0,0.7391724586486816,0,0.26082754135131836,0
Shakespeare's Works,1593,PublicationDate,d3,1.0,100,0.7391753792762756,100,0.26082462072372437,0
Hershey Chocolate Company,The Hershey Trust Company,ParentOrganization,d3,1.0,0,0.7391753792762756,0,0.26082462072372437,0
Halloween Festival Association,Festival Events Inc.,ParentOrganization,d3,0.6513549089431763,0,0.39443665742874146,0,0.2569182515144348,0
Advocacy Group,Advocacy Director,CurrentPosition,d3,0.25537458062171936,0,0.0,0,0.25537458062171936,0
XYZ Corporation,1951-06-15,FoundingDate,d3,1.0,0,0.7490872144699097,0,0.25091278553009033,0
Barclays Group,Barclays PLC,ParentOrganization,d3,1.0,0,0.7503873109817505,0,0.2496126890182495,0
City of Newburyport,Newburyport Fire Department,CurrentEmployer,d3,0.814916729927063,0,0.5656483769416809,0,0.24926835298538208,0
Education Sector,1867,FoundingDate,d3,0.6357240676879883,0,0.38864994049072266,0,0.24707412719726562,0
Linux Foundation,Linus Torvalds,FoundedByPrimary,d3,0.5774953961372375,100,0.3333333432674408,100,0.24416205286979675,0
Zimbabwean Government,Emmerson Mnangagwa,CurrentEmployer,d3,1.0,0,0.7565393447875977,0,0.24346065521240234,0
Automobile,1886,FoundingDate,d3,0.5,0,0.2585151195526123,0,0.2414848804473877,0
University of Pittsburgh,Pittsburgh,HeadquartersCity,d3,1.0,100,0.7587480545043945,100,0.24125194549560547,0
Deloitte,William Welch Deloitte,FoundedByPrimary,d3,0.42250463366508484,100,0.18213798105716705,100,0.24036665260791779,0
Theatrical Companies,Theater Alliance,ParentOrganization,d3,0.8670357465744019,0,0.6273413896560669,0,0.23969435691833496,0
Friday,"January 1, 2000",BirthDate,d3,0.7391695380210876,0,0.5,0,0.23916953802108765,0
Virginia Company,Thomas West,ChiefExecutiveOfficerCurrent,d3,0.5,0,0.26083049178123474,0,0.23916950821876526,0
British Pound,UK Government,CurrentEmployer,d3,0.3486451506614685,0,0.11072631925344467,0,0.23791883140802383,0
1949,"January 1, 1949",OccursOn,d3,1.0,0,0.7652807235717773,0,0.23471927642822266,0
1975,"January 1, 1975",OccursOn,d3,1.0,0,0.7652807235717773,0,0.23471927642822266,0
1974,1974-01-01,OccursOn,d3,1.0,0,0.7652807235717773,0,0.23471927642822266,0
1953,1953-01-01,OccursOn,d3,1.0,0,0.7652807235717773,0,0.23471927642822266,0
Global Education Network,2022,PublicationDate,d3,0.38864994049072266,0,0.15407507121562958,0,0.23457486927509308,0
Tech Policy Institute,Michael McGarry,CurrentEmployer,d3,1.0,0,0.7681534886360168,0,0.23184651136398315,0
Powhatan Confederacy,1607,FoundingDate,d3,0.5774953961372375,0,0.3486451506614685,0,0.22885024547576904,0
Python Software Foundation,Delaware,HeadquartersCity,d3,0.8670357465744019,0,0.639435350894928,0,0.22760039567947388,0
Santa Fe,City of Santa Fe,ParentOrganization,d3,1.0,0,0.7741757035255432,0,0.2258242964744568,0
Awareness Campaign,Public Health,MajorIndustryPrimary,d3,0.7772998809814453,0,0.5518945455551147,0,0.22540533542633057,0
South African Reserve Bank,South African Government,ParentOrganization,d3,0.4481017291545868,0,0.22270014882087708,0,0.22540158033370972,0
Hong Kong,Hong Kong Dollar,CurrencyPrimary,d3,0.28140559792518616,0,0.05665242671966553,0,0.22475317120552063,0
1947,"January 1, 1947",OccursOn,d3,0.22270014882087708,0,0.0,0,0.22270014882087708,0
Hannibal High School,High School,CurrentPosition,d3,0.22270014882087708,0,0.0,0,0.22270014882087708,0
Language Services,Global Language Solutions,ParentOrganization,d3,0.22270014882087708,0,0.0,0,0.22270014882087708,0
First Folio,Edward Blount,PublisherPrimary,d3,0.22270014882087708,0,0.0,0,0.22270014882087708,0
Governor,Governor of California,CurrentPosition,d3,0.22270014882087708,0,0.0,0,0.22270014882087708,0
South Africa,Afrikaans,OfficialLanguagePrimary,d3,1.0,100,0.7772998809814453,100,0.2227001190185547,0
Alaska,Oil and Gas,MajorIndustryPrimary,d3,1.0,0,0.7772998809814453,0,0.2227001190185547,0
Sacramento City Unified School District,1854,FoundingDate,d3,1.0,0,0.7772998809814453,0,0.2227001190185547,0
Marshall Plan,U.S. Department of State,ParentOrganization,d3,1.0,0,0.7772998809814453,0,0.2227001190185547,0
1792,French Revolution,OccursOn,d3,1.0,100,0.7772998809814453,100,0.2227001190185547,0
Dili,UTC+9,TimeZonePrimary,d3,1.0,50,0.7772998809814453,50,0.2227001190185547,0
Westmoreland County,1773,FoundingDate,d3,1.0,0,0.7772998809814453,0,0.2227001190185547,0
United Nations Security Council,International Relations,MajorIndustryPrimary,d3,1.0,0,0.7772998809814453,0,0.2227001190185547,0
Alabama State Government,Governor of Alabama,CurrentEmployer,d3,1.0,0,0.7772998809814453,0,0.2227001190185547,0
City of Olympia,City of Olympia Police Department,CurrentEmployer,d3,1.0,0,0.7772998809814453,0,0.2227001190185547,0
American Historical Association,American Council of Learned Societies,ParentOrganization,d3,1.0,0,0.7772998809814453,0,0.2227001190185547,0
Internal Revenue Service,1862,FoundingDate,d3,1.0,100,0.7772998809814453,100,0.2227001190185547,0
Massachusetts Institute of Technology,Massachusetts Institute of Technology Corporation,ParentOrganization,d3,1.0,0,0.7772998809814453,0,0.2227001190185547,0
National Emergency Management Agency,Administrator,CurrentPosition,d3,1.0,0,0.7772998809814453,0,0.2227001190185547,0
Dallas,AT&T Inc.,HeadquartersCity,d3,1.0,0,0.7772998809814453,0,0.2227001190185547,0
Dallas,Texas,CapitalCityOfCountry,d3,1.0,100,0.7772998809814453,100,0.2227001190185547,0
Citigroup Inc.,1812,FoundingDate,d3,1.0,100,0.7772998809814453,100,0.2227001190185547,0
NASA,N/A,StockExchangePrimary,d3,1.0,0,0.7772998809814453,0,0.2227001190185547,0
Red Hat,Jim Whitehurst,CurrentEmployer,d3,1.0,100,0.7772998809814453,100,0.2227001190185547,0
Wednesday,Calendar,HeadquartersCity,d3,1.0,0,0.7772998809814453,0,0.2227001190185547,0
Wednesday,Week,CurrentEmployer,d3,1.0,0,0.7772998809814453,0,0.2227001190185547,0
British Pound Sterling,1694,FoundingDate,d3,1.0,0,0.7772998809814453,0,0.2227001190185547,0
First Day of the Year,"January 1, 1 AD",FoundingDate,d3,1.0,0,0.7772998809814453,0,0.2227001190185547,0
First Day of the Year,Various cities worldwide,HeldInCity,d3,1.0,0,0.7772998809814453,0,0.2227001190185547,0
Infosys,Bangalore,HeadquartersCity,d3,1.0,100,0.7772998809814453,100,0.2227001190185547,0
Tech Innovations Inc.,Metropolis,HeadquartersCity,d3,1.0,0,0.7772998809814453,0,0.2227001190185547,0
Innovators Group,Innovation Holdings,ParentOrganization,d3,1.0,0,0.7772998809814453,0,0.2227001190185547,0
National Fire Protection Association,Quincy,HeadquartersCity,d3,1.0,100,0.7772998809814453,100,0.2227001190185547,0
"Uber Technologies, Inc.",2009-03-01,FoundingDate,d3,1.0,0,0.7772998809814453,0,0.2227001190185547,0
Honeywell,Conglomerate,MajorIndustryPrimary,d3,1.0,0,0.7772998809814453,0,0.2227001190185547,0
Chocolate Industry,Joseph Fry,FoundedByPrimary,d3,1.0,100,0.7772998809814453,100,0.2227001190185547,0
Thomas Betterton,Dramatist,CurrentPosition,d3,1.0,0,0.7772998809814453,0,0.2227001190185547,0
Western Digital,Western Digital Corporation,ParentOrganization,d3,1.0,0,0.7772998809814453,0,0.2227001190185547,0
All Hallows' Eve,Cultural Celebration,CurrentPosition,d3,1.0,0,0.7772998809814453,0,0.2227001190185547,0
Jersey,Jersey pound,CurrencyPrimary,d3,1.0,0,0.7772998809814453,0,0.2227001190185547,0
Singapore,Singapore Time,TimeZonePrimary,d3,1.0,0,0.7772998809814453,0,0.2227001190185547,0
"Nike, Inc.",Sportswear,MajorIndustryPrimary,d3,1.0,100,0.7772998809814453,100,0.2227001190185547,0
Stratford-upon-Avon,Tourism Destination,CurrentPosition,d3,1.0,0,0.7772998809814453,0,0.2227001190185547,0
Consulting,Business Services,MajorIndustryPrimary,d3,1.0,0,0.7772998809814453,0,0.2227001190185547,0
Central,Central Holdings,ParentOrganization,d3,1.0,0,0.7772998809814453,0,0.2227001190185547,0
International Animation Day,International Animated Film Association,CurrentEmployer,d3,1.0,50,0.7772998809814453,50,0.2227001190185547,0
Member of the House of Representatives,Congressional Office,CurrentEmployer,d3,1.0,0,0.7772998809814453,0,0.2227001190185547,0
Atlantic Time Zone,Saint John,CountryOfCity,d3,1.0,0,0.7772998809814453,0,0.2227001190185547,0
John F. Kennedy,"Brookline, Massachusetts",BirthPlace,d3,1.0,100,0.7772998809814453,100,0.2227001190185547,0
Oracle Cloud,Larry Ellison,CurrentEmployer,d3,1.0,0,0.7772998809814453,0,0.2227001190185547,0
Sebastopol,Wine Production,MajorIndustryPrimary,d3,0.7185943722724915,50,0.5,50,0.21859437227249146,0
Disney+,Streaming Services,CurrentEmployer,d3,0.7185943722724915,0,0.5,0,0.21859437227249146,0
BritBox,ITV,CurrentEmployer,d3,0.7185943722724915,100,0.5,100,0.21859437227249146,0
Solomon Islands,Solomon Islands dollar,CurrencyPrimary,d3,0.7185943722724915,0,0.5,0,0.21859437227249146,0
Oceania,Tonga,CountryOfIncorporation,d3,0.7185943722724915,0,0.5,0,0.21859437227249146,0
Dallas,1841,FoundingDate,d3,0.42250463366508484,0,0.20541280508041382,0,0.21709182858467102,0
NATO,Defense,MajorIndustryPrimary,d3,0.3486451506614685,100,0.13296423852443695,100,0.21568091213703156,0
LanguageType,Language Institute,CurrentEmployer,d3,0.8670357465744019,0,0.6513549089431763,0,0.21568083763122559,0
1976,1976-01-01,OccursOn,d3,0.8670357465744019,0,0.6513549089431763,0,0.21568083763122559,0
Board of Directors,Steve Jobs,FoundedByPrimary,d3,0.8670357465744019,0,0.6513549089431763,0,0.21568083763122559,0
LSE,Minouche Shafik,ChiefExecutiveOfficerCurrent,d3,0.7185943722724915,0,0.5036186575889587,0,0.21497571468353271,0
"Albuquerque Economic Development, Inc.",Economic Development Director,CurrentPosition,d3,0.43734875321388245,0,0.22270014882087708,0,0.21464860439300537,0
International Linguistic Society,Linguistic Society of America,CurrentEmployer,d3,0.43734875321388245,0,0.22270014882087708,0,0.21464860439300537,0
Auburn University,1856,FoundingDate,d3,0.6513549089431763,100,0.43734875321388245,100,0.21400615572929382,0
Language in 1961,1961-01-01,BirthDate,d3,0.6357240676879883,0,0.42250463366508484,0,0.21321943402290344,0
The Adventures of Tom Sawyer,Chatto & Windus,PublisherPrimary,d3,1.0,0,0.7901691794395447,0,0.20983082056045532,0
GMT,British Broadcasting Corporation,CurrentEmployer,d3,0.8589810729026794,0,0.6513549089431763,0,0.20762616395950317,0
Police Officers,Detective,CurrentPosition,d3,0.6513549089431763,0,0.4481017291545868,0,0.20325317978858948,0
The Cat Fanciers' Association,American Cat Fanciers Association,CurrentEmployer,d3,0.548917829990387,0,0.3486451506614685,0,0.20027267932891846,0
State Government,Date of Statehood,FoundingDate,d3,0.3973170816898346,0,0.19749760627746582,0,0.19981947541236877,0
Hewlett-Packard,Diane Greene,CurrentEmployer,d3,0.7185943722724915,0,0.518977165222168,0,0.1996172070503235,0
Java,Programming Language,ProgrammingLanguagePrimary,d3,0.5,0,0.3006542921066284,0,0.19934570789337158,0
Media Outlets,1900,FoundingDate,d3,0.6357240676879883,0,0.43734875321388245,0,0.19837531447410583,0
Hewlett-Packard,HP Inc.,ParentOrganization,d3,1.0,0,0.8031737804412842,0,0.19682621955871582,0
Virginia Company,1606,FoundingDate,d3,0.42250463366508484,0,0.22951427102088928,0,0.19299036264419556,0
Unix Epoch,Reference point in time,CurrentPosition,d3,0.7772998809814453,0,0.5862597823143005,0,0.19104009866714478,0
Research Institute,Countryland,CountryOfIncorporation,d3,1.0,0,0.8094282150268555,0,0.19057178497314453,0
David L. Mills,Network Time Protocol Developer,CurrentPosition,d3,0.5518983006477356,0,0.36141806840896606,0,0.19048023223876953,0
2013,"January 1, 2013",OccursOn,d3,0.7772998809814453,0,0.5884320735931396,0,0.18886780738830566,0
Reserve Bank of Australia,Commonwealth of Australia,ParentOrganization,d3,1.0,50,0.8112767934799194,50,0.18872320652008057,0
Suva,Fiji Time,TimeZonePrimary,d3,0.9241418242454529,0,0.7391724586486816,0,0.18496936559677124,0
John Heminges,1566-04-01,BirthDate,d3,0.42250463366508484,0,0.24119523167610168,0,0.18130940198898315,0
University of Oxford,1096,FoundingDate,d3,0.28140559792518616,100,0.10087861120700836,100,0.1805269867181778,0
1901,Industry in 1901,MajorIndustryPrimary,d3,0.5,0,0.32136663794517517,0,0.17863336205482483,0
Post-War Reconstruction,Reconstruction Era,CurrentPosition,d3,0.6513549089431763,0,0.4760984480381012,0,0.17525646090507507,0
Pretoria,Union Buildings,HeadquartersCity,d3,1.0,0,0.8267117738723755,0,0.1732882261276245,0
Jamestown Settlement,The Virginia Company,FoundedByPrimary,d3,1.0,0,0.8267117738723755,0,0.1732882261276245,0
Sydney,Commonwealth Bank of Australia,HeadquartersCity,d3,1.0,0,0.8267117738723755,0,0.1732882261276245,0
Unknown Org,Metropolis,HeadquartersCity,d3,1.0,0,0.8267117738723755,0,0.1732882261276245,0
Construction,Construction Company,CurrentEmployer,d3,1.0,0,0.8267117738723755,0,0.1732882261276245,0
NBCUniversal,Jeff Shell,CurrentEmployer,d3,1.0,0,0.8267117738723755,0,0.1732882261276245,0
First Folio,British Library,CurrentEmployer,d3,1.0,0,0.8267117738723755,0,0.1732882261276245,0
City of Newburyport,Newburyport Public Schools,CurrentEmployer,d3,1.0,0,0.8267117738723755,0,0.1732882261276245,0
Senator,"January 1, 1960",BirthDate,d3,0.5,0,0.3333333432674408,0,0.1666666567325592,0
Infosys,N. R. Narayana Murthy,FoundedByPrimary,d3,0.3486451506614685,100,0.18213799595832825,100,0.16650715470314026,0
McGarry and Associates,Daniel E. McGarry,FoundedByPrimary,d3,0.6513549089431763,0,0.4869915246963501,0,0.16436338424682617,0
King Henry II,Le Mans,BirthPlace,d3,0.282864511013031,0,0.12112749367952347,0,0.16173701733350754,0
Isaac Newton,Astronomer,CurrentPosition,d3,0.15887045860290527,0,0.0,0,0.15887045860290527,0
University of Delaware,1743,FoundingDate,d3,1.0,100,0.8411304950714111,100,0.15886950492858887,0
Caterpillar Inc.,Caterpillar Foundation,ParentOrganization,d3,1.0,0,0.8411316275596619,0,0.15886837244033813,0
Philadelphia School District,1818,FoundingDate,d3,1.0,0,0.8411316275596619,0,0.15886837244033813,0
World Health Organization,Public Health,MajorIndustryPrimary,d3,1.0,100,0.8411316275596619,100,0.15886837244033813,0
2019,"January 1, 2019",OccursOn,d3,0.9241418242454529,0,0.7652807235717773,0,0.15886110067367554,0
Operation Mars,Department of Defense,CurrentEmployer,d3,0.5774953961372375,0,0.42250463366508484,0,0.1549907624721527,0
Central Standard Time,Mexico,CountryOfCity,d3,0.7772998809814453,0,0.6245249509811401,0,0.15277493000030518,0
Municipal City,District of Columbia,CountryOfCity,d3,0.6513549089431763,0,0.5,0,0.15135490894317627,0
Plymouth Colony,Plymouth Rock Foundation,CurrentEmployer,d3,0.6513549089431763,0,0.5,0,0.15135490894317627,0
Harare,City of Harare,ParentOrganization,d3,0.6513549089431763,0,0.5,0,0.15135490894317627,0
Chocolate Industry,1847,FoundingDate,d3,0.6513549089431763,0,0.5,0,0.15135490894317627,0
Tech Innovations LLC,Innovative Tech Group,ParentOrganization,d3,0.6513549089431763,0,0.5,0,0.15135490894317627,0
University of Southern California,University of Southern California Board of Trustees,ParentOrganization,d3,0.5,0,0.3486451506614685,0,0.1513548493385315,0
Calgary,Edmonton,CapitalCityOfCountry,d3,0.28140559792518616,100,0.13296423852443695,100,0.1484413594007492,0
Global Language Network,Language Network Inc.,ParentOrganization,d3,0.9241418242454529,0,0.7772998809814453,0,0.14684194326400757,0
Tech City,London Tech Advocates,ParentOrganization,d3,0.5,0,0.35438793897628784,0,0.14561206102371216,0
Las Vegas,Carson City,CapitalCityOfCountry,d3,0.7185943722724915,100,0.5774953961372375,100,0.1410989761352539,0
Global Technology Alliance,International Technology Coalition,ParentOrganization,d3,1.0,0,0.8589810729026794,0,0.14101892709732056,0
Continental Currency,1785,FoundingDate,d3,0.42250463366508484,0,0.282864511013031,0,0.13964012265205383,0
Association of Southeast Asian Nations,ASEAN Secretariat,CurrentEmployer,d3,0.6513549089431763,100,0.5130185484886169,100,0.13833636045455933,0
1955-05-19,Product or Software,InitialReleaseDate,d3,0.8892707228660583,0,0.752819299697876,0,0.13645142316818237,0
1792,France,BirthPlace,d3,1.0,100,0.8670357465744019,100,0.13296425342559814,0
Dili,Timor-Leste Government,CurrentEmployer,d3,1.0,0,0.8670357465744019,0,0.13296425342559814,0
Official Language Name,Italian,OfficialLanguagePrimary,d3,1.0,0,0.8670357465744019,0,0.13296425342559814,0
Official Language Name,Portuguese,OfficialLanguagePrimary,d3,1.0,0,0.8670357465744019,0,0.13296425342559814,0
Official Language Name,Spanish,OfficialLanguagePrimary,d3,1.0,0,0.8670357465744019,0,0.13296425342559814,0
Self-Employment,Freelancers Union,ParentOrganization,d3,1.0,0,0.8670357465744019,0,0.13296425342559814,0
National Breadstick Day Committee,Unknown Country,CountryOfIncorporation,d3,1.0,0,0.8670357465744019,0,0.13296425342559814,0
Parent Company XYZ,CEO of Parent Company XYZ,CurrentEmployer,d3,1.0,0,0.8670357465744019,0,0.13296425342559814,0
Active Voter,Electoral Office,CurrentEmployer,d3,1.0,0,0.8670357465744019,0,0.13296425342559814,0
JPMorgan Chase,Chase Manhattan Bank,ParentOrganization,d3,0.5774953961372375,0,0.4481017291545868,0,0.12939366698265076,0
Richard Burbage,1567-01-01,BirthDate,d3,0.5774953961372375,0,0.44810929894447327,0,0.12938609719276428,0
Various occupations,Financial Institution,CurrentEmployer,d3,0.2538864314556122,0,0.1253025233745575,0,0.1285839080810547,0
1911,1911-01-01,OccursOn,d3,0.7772998809814453,0,0.6513549089431763,0,0.12594497203826904,0
1945,World War II,OccursOn,d3,1.0,100,0.8755496740341187,100,0.12445032596588135,0
PDT Inc.,Huntington Beach,HeadquartersCity,d3,0.22270014882087708,0,0.10650688409805298,0,0.1161932647228241,0
Salem,1842,FoundingDate,d3,0.5,0,0.3856217563152313,0,0.11437824368476868,0
David I. McKay,1963-10-15,BirthDate,d3,0.25,0,0.1360570639371872,0,0.1139429360628128,0
Southampton,Southampton Football Club,CurrentEmployer,d3,0.7772998809814453,0,0.664980947971344,0,0.11231893301010132,0
National Oatmeal Association,American Association of Cereal Chemists,ParentOrganization,d3,0.8892707228660583,0,0.7772998809814453,0,0.11197084188461304,0
Transportation,Secretary of Transportation,CurrentPosition,d3,0.5,0,0.38864994049072266,0,0.11135005950927734,0
2029-01-01,Event Management Company,CurrentEmployer,d3,1.0,0,0.8892707228660583,0,0.11072927713394165,0
Language in 1961,Linguist,CurrentPosition,d3,1.0,0,0.8892707228660583,0,0.11072927713394165,0
Language in 1961,Professor of Linguistics,CurrentPosition,d3,1.0,0,0.8892707228660583,0,0.11072927713394165,0
1953-02-04,Not Applicable,CurrentPosition,d3,0.11072631925344467,0,0.0,0,0.11072631925344467,0
1959-10-06,Not Applicable,CurrentPosition,d3,0.11072631925344467,0,0.0,0,0.11072631925344467,0
1792,French Republic,CurrentEmployer,d3,1.0,0,0.8892737030982971,0,0.11072629690170288,0
"Amazon.com, Inc.",Andy Jassy,ChiefExecutiveOfficerCurrent,d3,1.0,0,0.8892737030982971,0,0.11072629690170288,0
Royal Bank of Canada Group,1864,FoundingDate,d3,1.0,100,0.8892737030982971,100,0.11072629690170288,0
Author,1975-06-15,BirthDate,d3,0.7391724586486816,0,0.6357240080833435,0,0.10344845056533813,0
Company A,Parent Company X,ParentOrganization,d3,0.5,0,0.3973170816898346,0,0.1026829183101654,0
Language in 1961,University of Chicago,CurrentEmployer,d3,0.8670357465744019,0,0.7652807235717773,0,0.10175502300262451,0
Las Vegas,Wynn Resorts,HeadquartersCity,d3,1.0,0,0.8991213440895081,0,0.10087865591049194,0
Parent Company ABC,CEO Name,CurrentEmployer,d3,0.6513549089431763,0,0.5518983006477356,0,0.09945660829544067,0
Acme Corporation,1920-01-01,FoundingDate,d3,0.5,0,0.4061526656150818,0,0.09384733438491821,0
Official Language Name,German,OfficialLanguagePrimary,d3,1.0,0,0.9081836342811584,0,0.09181636571884155,0
Global Education Network,Various educational institutions,CurrentEmployer,d3,1.0,0,0.9081849455833435,0,0.0918150544166565,0
North America,Mexico City,CapitalCityOfCountry,d3,0.7185943722724915,100,0.6273431777954102,100,0.0912511944770813,0
Theatrical Companies,George C. Wolfe,FoundedByPrimary,d3,0.22270014882087708,0,0.13158273696899414,0,0.09111741185188293,0
Automobile,Toyota,ManufacturedByPrimary,d3,0.3486451506614685,0,0.2585151195526123,0,0.0901300311088562,0
History,Historical Studies,CurrentPosition,d3,0.22270014882087708,0,0.13296423852443695,0,0.08973591029644012,0
Alabama,State of Alabama,CurrentEmployer,d3,0.8670357465744019,0,0.7772998809814453,0,0.08973586559295654,0
National Oatmeal Association,Promoting Oatmeal Consumption,CurrentPosition,d3,0.0882435217499733,0,0.0,0,0.0882435217499733,0
American Association for the Advancement of Science,Dr. Sudip Parikh,ChiefExecutiveOfficerCurrent,d3,0.5,0,0.4119037687778473,0,0.08809623122215271,0
Auburn University,Auburn,HeadquartersCity,d3,0.7391753792762756,0,0.6513549089431763,0,0.08782047033309937,0
1980,"January 1, 1980",BirthDate,d3,0.43734875321388245,0,0.34970974922180176,0,0.08763900399208069,0
2020,Year of the Pandemic,CurrentPosition,d3,0.7772998809814453,0,0.6945120096206665,0,0.08278787136077881,0
U.S. Department of Homeland Security,Alejandro Mayorkas,CurrentEmployer,d3,0.7772998809814453,0,0.6945120692253113,0,0.08278781175613403,0
1991,1991-01-01,OccursOn,d3,0.30294501781463623,0,0.22270014882087708,0,0.08024486899375916,0
Plymouth Colony,William Bradford,FoundedByPrimary,d3,0.5774953961372375,0,0.5,0,0.07749539613723755,0
Ford Motor Company,Henry Ford,FoundedByPrimary,d3,0.5774953961372375,100,0.5,100,0.07749539613723755,0
Conservative Party,Sir Robert Peel,FoundedByPrimary,d3,0.5774953961372375,0,0.5,0,0.07749539613723755,0
Second Continental Congress,Colonial Leaders,FoundedByPrimary,d3,0.5774953961372375,0,0.5,0,0.07749539613723755,0
Hamlet,1603,PublicationDate,d3,0.5,100,0.42250463366508484,100,0.07749536633491516,0
Twitter,None,StockExchangePrimary,d3,1.0,0,0.9241418242454529,0,0.07585817575454712,0
Internal Revenue Service,Daniel Werfel,ChiefExecutiveOfficerCurrent,d3,1.0,0,0.9241418242454529,0,0.07585817575454712,0
University Press,Cambridge University,ParentOrganization,d3,1.0,0,0.9241418242454529,0,0.07585817575454712,0
Official Language Name,Hindi,OfficialLanguagePrimary,d3,1.0,0,0.9241418242454529,0,0.07585817575454712,0
Treasurer,Department of the Treasury,CurrentEmployer,d3,1.0,100,0.9241418242454529,100,0.07585817575454712,0
David L. Mills,Professor Emeritus,CurrentPosition,d3,1.0,0,0.9241418242454529,0,0.07585817575454712,0
Linux,Linus Torvalds,DevelopedByPrimary,d3,0.6513549089431763,100,0.5774953961372375,100,0.07385951280593872,0
San Antonio,USAA,CurrentEmployer,d3,0.7185943722724915,0,0.6513549089431763,0,0.06723946332931519,0
1863,Red Cross,CurrentEmployer,d3,0.7185943722724915,0,0.6513549089431763,0,0.06723946332931519,0
Central Time Zone,Wichita,CountryOfCity,d3,0.7185943722724915,0,0.6513549089431763,0,0.06723946332931519,0
ISO/IEC,Standardization,MajorIndustryPrimary,d3,0.5,100,0.43734875321388245,100,0.06265124678611755,0
Google LLC,Larry Page,FoundedByPrimary,d3,0.28140559792518616,100,0.22270014882087708,100,0.05870544910430908,0
Atlanta,Delta Air Lines,CurrentEmployer,d3,1.0,100,0.9433475732803345,100,0.05665242671966553,0
Adena Friedman,1970-07-27,BirthDate,d3,0.22270014882087708,0,0.1666666716337204,0,0.05603347718715668,0
Lackawanna County,Scranton,HeadquartersCity,d3,0.8670357465744019,100,0.8112791776657104,100,0.055756568908691406,0
Wells Fargo,1852,FoundingDate,d3,0.3486451506614685,100,0.2938145697116852,100,0.054830580949783325,0
London Stock Exchange,1801,FoundingDate,d3,0.5518983006477356,0,0.5,0,0.051898300647735596,0
David L. Mills,"Newark, New Jersey",BirthPlace,d3,0.5,0,0.44810551404953003,0,0.05189448595046997,0
Tech Innovations Inc.,2000-05-15,FoundingDate,d3,0.26083049178123474,0,0.2093430906534195,0,0.05148740112781525,0
Gold Mining,Barrick Gold Corporation,CurrentEmployer,d3,0.8267117738723755,0,0.7772998809814453,0,0.049411892890930176,0
UTC-5,Ecuador,CountryOfCity,d3,0.7772998809814453,0,0.7306791543960571,0,0.046620726585388184,0
European Union,Ursula von der Leyen,CurrentEmployer,d3,0.7185943722724915,0,0.6746201515197754,0,0.043974220752716064,0
Theatre,1576,FoundingDate,d3,0.22270014882087708,0,0.18213799595832825,0,0.04056215286254883,0
Global Charity,2022,PublicationDate,d3,0.22270014882087708,0,0.18213799595832825,0,0.04056215286254883,0
Telecommunications,T-Mobile US,CurrentEmployer,d3,0.7772998809814453,0,0.7391695380210876,0,0.038130342960357666,0
"January 1, 2023",Tech Company Y,FoundingDate,d3,0.7772998809814453,0,0.7391724586486816,0,0.03812742233276367,0
Virginia Company,British Crown,ParentOrganization,d3,0.7185943722724915,0,0.6813045144081116,0,0.03728985786437988,0
University of Pennsylvania,1740,FoundingDate,d3,0.5,0,0.46439164876937866,0,0.03560835123062134,0
Federal Reserve System,1913,FoundingDate,d3,0.3486451506614685,100,0.3169822692871094,100,0.03166288137435913,0
PST Holdings,PST Holdings Group,ParentOrganization,d3,0.25091278553009033,0,0.22270014882087708,0,0.028212636709213257,0
Southampton,1805,FoundingDate,d3,0.42250463366508484,0,0.3973134458065033,0,0.025191187858581543,0
Oceania,Samoa,CountryOfIncorporation,d3,0.7185943722724915,0,0.6945120096206665,0,0.02408236265182495,0
New Jersey,1787,FoundingDate,d3,0.7185943722724915,0,0.6945120692253113,0,0.024082303047180176,0
Los Angeles,1781,FoundingDate,d3,0.6513549089431763,100,0.6276617050170898,100,0.023693203926086426,0
"December 31, 1969",Software XYZ,InitialReleaseDate,d3,0.9081861972808838,0,0.8892707228660583,0,0.01891547441482544,0
Global Charity,Executive Director,CurrentPosition,d3,0.5,0,0.48296982049942017,0,0.017030179500579834,0
City of New York,New York City Department of Education,CurrentEmployer,d3,0.6513549089431763,0,0.639435350894928,0,0.011919558048248291,0
1950,"January 1, 1950",BirthDate,d3,0.4479040205478668,0,0.43734875321388245,0,0.010555267333984375,0
National Breadstick Day,August 24,OccursOn,d3,0.18213799595832825,0,0.17328819632530212,0,0.008849799633026123,0
Tech Innovations Inc.,2010-05-01,FoundingDate,d3,0.7391695380210876,0,0.7306791543960571,0,0.008490383625030518,0
Infosys,India,CountryOfIncorporation,d3,0.6513549089431763,100,0.6443063616752625,100,0.007048547267913818,0
Microsoft Azure,Satya Nadella,CurrentEmployer,d3,0.6513549089431763,100,0.648614764213562,100,0.002740144729614258,0
Organization of American States,Spanish,OfficialLanguagePrimary,d3,0.6293246746063232,100,0.6273413896560669,100,0.0019832849502563477,0
National Breadstick Day Committee,Unknown Parent Org,ParentOrganization,d3,0.3973170816898346,0,0.3973134458065033,0,3.635883331298828e-06,0
South Africa,1910,FoundingDate,d3,1.0,0,1.0,0,0.0,0
University of Pennsylvania,Ivy League,ParentOrganization,d3,1.0,100,1.0,100,0.0,0
Pretoria,Administrative Capital,CurrentPosition,d3,0.0,0,0.0,0,0.0,0
Reed College,Various Faculty and Staff,CurrentEmployer,d3,0.5,0,0.5,0,0.0,0
Alaska Standard Time,Anchorage,HeadquartersCity,d3,0.7772998809814453,100,0.7772998809814453,100,0.0,0
U.S. Department of Homeland Security,Public Safety,MajorIndustryPrimary,d3,0.7772998809814453,0,0.7772998809814453,0,0.0,0
"Washington, D.C.",Federal District,CurrentPosition,d3,1.0,0,1.0,0,0.0,0
Revolutionary Politics,Political Ideology,CurrentPosition,d3,0.0,0,0.0,0,0.0,0
Caterpillar Inc.,1925,FoundingDate,d3,1.0,100,1.0,100,0.0,0
Caterpillar Inc.,Construction Equipment,MajorIndustryPrimary,d3,1.0,50,1.0,50,0.0,0
"Niskayuna, New York",Town Supervisor,CurrentPosition,d3,0.0,0,0.0,0,0.0,0
Corporate Board,Chairperson,CurrentPosition,d3,0.0,0,0.0,0,0.0,0
Brazos County,Bryan,HeadquartersCity,d3,1.0,100,1.0,100,0.0,0
Brazos County,Texas Association of Counties,ParentOrganization,d3,1.0,100,1.0,100,0.0,0
National Association of Emergency Medical Technicians,Alexandria,HeadquartersCity,d3,1.0,0,1.0,0,0.0,0
Sacramento City Unified School District,California Department of Education,ParentOrganization,d3,1.0,0,1.0,0,0.0,0
Sacramento City Unified School District,Jill L. McGarry,CurrentEmployer,d3,1.0,0,1.0,0,0.0,0
Philadelphia School District,William Hite,CurrentEmployer,d3,1.0,100,1.0,100,0.0,0
Philadelphia School District,School District of Philadelphia,ParentOrganization,d3,1.0,0,1.0,0,0.0,0
Las Vegas,Caesars Entertainment,HeadquartersCity,d3,1.0,0,1.0,0,0.0,0
Intercontinental Exchange,Jeffrey Sprecher,CurrentEmployer,d3,1.0,100,1.0,100,0.0,0
1960,1960-01-01,OccursOn,d3,1.0,100,1.0,100,0.0,0
Executive Office of the President,1939,FoundingDate,d3,1.0,0,1.0,0,0.0,0
Bank of America,Brian Moynihan,CurrentEmployer,d3,1.0,100,1.0,100,0.0,0
Marshall Plan,Economic Recovery Program,CurrentPosition,d3,0.0,0,0.0,0,0.0,0
State of Oregon,Statehood,CurrentPosition,d3,0.0,0,0.0,0,0.0,0
UTC-08:00,Time Zone Coordinator,CurrentPosition,d3,1.0,0,1.0,0,0.0,0
"Westmoreland County, Virginia",County,CurrentPosition,d3,0.0,0,0.0,0,0.0,0
"University of California, Los Angeles",Genevieve Bell,CurrentEmployer,d3,1.0,0,1.0,0,0.0,0
Educational Hub,Director of Education,CurrentPosition,d3,0.0,0,0.0,0,0.0,0
Educational Hub,California State University System,ParentOrganization,d3,1.0,0,1.0,0,0.0,0
Harrisburg,Pennsylvania Department of Transportation,HeadquartersCity,d3,1.0,0,1.0,0,0.0,0
Currency in 1961,Italian Lira,CurrencyPrimary,d3,1.0,0,1.0,0,0.0,0
American Red Cross,Gail McGovern,CurrentEmployer,d3,1.0,0,1.0,0,0.0,0
Wells Fargo,Henry Wells,FoundedByPrimary,d3,1.0,100,1.0,100,0.0,0
Wells Fargo,Charles W. Scharf,CurrentEmployer,d3,0.5,0,0.5,0,0.0,0
1990,"January 1, 1990",OccursOn,d3,1.0,100,1.0,100,0.0,0
City of Olympia,Mayor of Olympia,CurrentPosition,d3,0.0,0,0.0,0,0.0,0
University of California System,"University of California, San Diego",AlmaMaterPrimary,d3,1.0,0,1.0,0,0.0,0
Federal Reserve Bank of New York,John C. Williams,ChiefExecutiveOfficerCurrent,d3,1.0,0,1.0,0,0.0,0
City of Albuquerque,Albuquerque Economic Development,ParentOrganization,d3,1.0,0,1.0,0,0.0,0
City of Albuquerque,Albuquerque Public Schools,CurrentEmployer,d3,1.0,0,1.0,0,0.0,0
Lackawanna County Transit,Public Transportation Provider,CurrentPosition,d3,0.0,0,0.0,0,0.0,0
Lackawanna County Transit,Public Transportation,MajorIndustryPrimary,d3,1.0,0,1.0,0,0.0,0
Dallas,Largest City in North Texas,CurrentPosition,d3,0.0,0,0.0,0,0.0,0
Finance,Credit Suisse,CurrentEmployer,d3,1.0,0,1.0,0,0.0,0
University of Illinois at Urbana-Champaign,1867,FoundingDate,d3,1.0,100,1.0,100,0.0,0
Newark,Prudential Financial,HeadquartersCity,d3,1.0,0,1.0,0,0.0,0
International Communication Association,International Association for Media and Communication Research,ParentOrganization,d3,0.8670357465744019,0,0.8670357465744019,0,0.0,0
Apple Inc.,Consumer Electronics,MajorIndustryPrimary,d3,1.0,0,1.0,0,0.0,0
Reston,Community Manager,CurrentPosition,d3,0.0,0,0.0,0,0.0,0
Global Heritage Alliance,Cultural Heritage,MajorIndustryPrimary,d3,1.0,0,1.0,0,0.0,0
Global Heritage Alliance,Heritage Conservation Society,ParentOrganization,d3,1.0,0,1.0,0,0.0,0
NYSE Euronext,John Thain,FoundedByPrimary,d3,1.0,0,1.0,0,0.0,0
NYSE Euronext,Jeffrey Sprecher,FoundedByPrimary,d3,1.0,0,1.0,0,0.0,0
World Bank,International Bank for Reconstruction and Development,ParentOrganization,d3,1.0,0,1.0,0,0.0,0
Environmental Protection Agency,Environmental Protection,MajorIndustryPrimary,d3,1.0,0,1.0,0,0.0,0
United Nations,Secretary-General,CurrentPosition,d3,1.0,100,1.0,100,0.0,0
Sydney,1788,FoundingDate,d3,1.0,100,1.0,100,0.0,0
Friday,Weekly,OccursOn,d3,0.0,50,0.0,50,0.0,0
Friday,Week,BirthPlace,d3,0.0,0,0.0,0,0.0,0
Textron,Scott Donnelly,CurrentEmployer,d3,1.0,100,1.0,100,0.0,0
3M,Mike Roman,CurrentEmployer,d3,1.0,0,1.0,0,0.0,0
Wednesday,Time Management,MajorIndustryPrimary,d3,1.0,0,1.0,0,0.0,0
Wednesday,2023-10-04,OccursOn,d3,0.0,0,0.0,0,0.0,0
1901,1901-01-01,BirthDate,d3,1.0,0,1.0,0,0.0,0
Greenwich Mean Time,Greenwich,HeadquartersCity,d3,1.0,0,1.0,0,0.0,0
Goldman Sachs,David Solomon,CurrentEmployer,d3,1.0,0,1.0,0,0.0,0
City of London Corporation,Greater London Authority,ParentOrganization,d3,1.0,0,1.0,0,0.0,0
House of Commons,Speaker of the House of Commons,CurrentPosition,d3,0.22270014882087708,0,0.22270014882087708,0,0.0,0
John Winthrop,1606-12-12,BirthDate,d3,1.0,0,1.0,0,0.0,0
Google LLC,Sundar Pichai,CurrentEmployer,d3,1.0,100,1.0,100,0.0,0
2009,"January 1, 2009",OccursOn,d3,1.0,100,1.0,100,0.0,0
1997,1997-01-01,OccursOn,d3,1.0,100,1.0,100,0.0,0
United Nations Food and Agriculture Organization,José Graziano da Silva,CurrentEmployer,d3,1.0,100,1.0,100,0.0,0
Networking,Network Engineer,CurrentPosition,d3,0.0,0,0.0,0,0.0,0
Royal Bank of Canada Group,David McKay,CurrentEmployer,d3,1.0,0,1.0,0,0.0,0
University of Cambridge,University of Cambridge Trust,ParentOrganization,d3,1.0,0,1.0,0,0.0,0
The Globe Theatre Trust,Trustee,CurrentPosition,d3,0.0,0,0.0,0,0.0,0
"Florida, Missouri",City,CurrentPosition,d3,0.0,0,0.0,0,0.0,0
Advanced Micro Devices,Lisa Su,CurrentEmployer,d3,1.0,100,1.0,100,0.0,0
Hospitality,Hospitality Manager,CurrentPosition,d3,0.0,0,0.0,0,0.0,0
Official Language Name,Arabic,OfficialLanguagePrimary,d3,1.0,0,1.0,0,0.0,0
Official Language Name,Mandarin,OfficialLanguagePrimary,d3,1.0,0,1.0,0,0.0,0
2016,Global Corporation,ParentOrganization,d3,1.0,0,1.0,0,0.0,0
Adobe Inc.,John Warnock,FoundedByPrimary,d3,1.0,100,1.0,100,0.0,0
Self-Employment,Self-Employed Individuals,CurrentEmployer,d3,1.0,0,1.0,0,0.0,0
Self-Employment,Entrepreneurship,MajorIndustryPrimary,d3,0.7772998809814453,0,0.7772998809814453,0,0.0,0
Global Hospitality Group,Hospitality Holdings Inc.,ParentOrganization,d3,1.0,0,1.0,0,0.0,0
National Sheriffs' Association,National Association of Counties,ParentOrganization,d3,1.0,0,1.0,0,0.0,0
National Sheriffs' Association,Alexandria,HeadquartersCity,d3,1.0,0,1.0,0,0.0,0
Tech Holdings Inc.,Tech Group LLC,ParentOrganization,d3,0.0,0,0.0,0,0.0,0
World Health Organization,Tedros Adhanom,CurrentEmployer,d3,1.0,100,1.0,100,0.0,0
Research Institute,Cityville,HeadquartersCity,d3,1.0,0,1.0,0,0.0,0
Fiji,Fijian,OfficialLanguagePrimary,d3,1.0,0,1.0,0,0.0,0
Association of Southeast Asian Nations,Indonesia,HeadquartersCountry,d3,1.0,100,1.0,100,0.0,0
Example Education Group,Educational Institution,CurrentPosition,d3,0.0,0,0.0,0,0.0,0
The Walt Disney Studios,Film Production,CurrentPosition,d3,1.0,0,1.0,0,0.0,0
H&R Block,Jeffrey J. Jones II,CurrentEmployer,d3,0.5,0,0.5,0,0.0,0
1970-01-01T00:00:00Z,UTC,TimeZonePrimary,d3,1.0,100,1.0,100,0.0,0
University of Alabama System,University of Alabama Board of Trustees,ParentOrganization,d3,1.0,0,1.0,0,0.0,0
University of Alabama System,Stacey M. Abrams,ChiefExecutiveOfficerCurrent,d3,1.0,0,1.0,0,0.0,0
National Historical Society,Historical Preservation,MajorIndustryPrimary,d3,1.0,0,1.0,0,0.0,0
DEF Ltd.,XYZ Corp.,ParentOrganization,d3,0.0,0,0.0,0,0.0,0
Go,Game Developer,CurrentPosition,d3,0.0,0,0.0,0,0.0,0
University of Maryland,University President,CurrentPosition,d3,0.0,0,0.0,0,0.0,0
University of Maryland,College Park,HeadquartersCity,d3,1.0,100,1.0,100,0.0,0
University of Maryland,University System of Maryland,ParentOrganization,d3,1.0,0,1.0,0,0.0,0
Start of the 1970s,Cultural Revolution,CurrentPosition,d3,1.0,0,1.0,0,0.0,0
Language in 1961,Linguistics Researcher,CurrentPosition,d3,1.0,0,1.0,0,0.0,0
Texas A&M University System,M. Katherine Banks,ChiefExecutiveOfficerCurrent,d3,1.0,0,1.0,0,0.0,0
Toronto,Canadian Imperial Bank of Commerce,HeadquartersCity,d3,1.0,0,1.0,0,0.0,0
European Union,European Atomic Energy Community,ParentOrganization,d3,1.0,0,1.0,0,0.0,0
Engineering Society,International Engineering Federation,ParentOrganization,d3,1.0,0,1.0,0,0.0,0
American Association for the Advancement of Science,John Quincy Adams,FoundedByPrimary,d3,1.0,0,1.0,0,0.0,0
Barclays Group,Jes Staley,CurrentEmployer,d3,1.0,0,1.0,0,0.0,0
2020,"January 1, 2020",OccursOn,d3,1.0,100,1.0,100,0.0,0
Election Office,"November 8, 2022",OccursOn,d3,1.0,0,1.0,0,0.0,0
Harare,Zimbabwe Broadcasting Corporation,HeadquartersCity,d3,1.0,0,1.0,0,0.0,0
Isaac Newton,1643,BirthDate,d3,0.42250463366508484,0,0.42250463366508484,0,0.0,0
2010,"January 1, 2010",OccursOn,d3,1.0,100,1.0,100,0.0,0
Intel Corporation,Pat Gelsinger,CurrentEmployer,d3,1.0,0,1.0,0,0.0,0
Mining,Global Mining Corp,ParentOrganization,d3,1.0,0,1.0,0,0.0,0
Mining,Gold Rush,BirthPlace,d3,1.0,100,1.0,100,0.0,0
Holding Company LLC,Delaware,CountryOfIncorporation,d3,1.0,100,1.0,100,0.0,0
Qualcomm,Cristiano Amon,CurrentEmployer,d3,1.0,0,1.0,0,0.0,0
Wellington,Mayor of Wellington,CurrentPosition,d3,0.0,0,0.0,0,0.0,0
Texas Instruments,Haviv Ilan,ChiefExecutiveOfficerCurrent,d3,1.0,0,1.0,0,0.0,0
Texas Instruments,J. Erik Jonsson,FoundedByPrimary,d3,1.0,0,1.0,0,0.0,0
National Science Foundation,National Science Board,ParentOrganization,d3,1.0,0,1.0,0,0.0,0
"Uber Technologies, Inc.",Dara Khosrowshahi,ChiefExecutiveOfficerCurrent,d3,1.0,100,1.0,100,0.0,0
"Uber Technologies, Inc.",Travis Kalanick,FoundedByPrimary,d3,1.0,100,1.0,100,0.0,0
1620,"Plymouth, England",BirthPlace,d3,1.0,0,1.0,0,0.0,0
ISO/IEC,Standardization Organization,CurrentPosition,d3,0.5,0,0.5,0,0.0,0
HBO Max,Warner Bros. Discovery,CurrentEmployer,d3,1.0,0,1.0,0,0.0,0
Media,Journalism,CurrentPosition,d3,0.0,0,0.0,0,0.0,0
Macmillan Publishers,Holtzbrinck Publishing Group,ParentOrganization,d3,1.0,100,1.0,100,0.0,0
Nonprofit Organization,City Name,HeadquartersCity,d3,1.0,0,1.0,0,0.0,0
International Monetary Fund,Managing Director,CurrentPosition,d3,1.0,100,1.0,100,0.0,0
Conservative Party,1834,FoundingDate,d3,1.0,100,1.0,100,0.0,0
LanguageType,Language Instructor,CurrentPosition,d3,0.0,0,0.0,0,0.0,0
Penguin Random House,1927,FoundingDate,d3,1.0,0,1.0,0,0.0,0
Penguin Random House,Markus Dohle,CurrentEmployer,d3,1.0,100,1.0,100,0.0,0
Broadcom Inc.,Hock Tan,CurrentEmployer,d3,1.0,100,1.0,100,0.0,0
University of Calgary,Ed McCauley,ChiefExecutiveOfficerCurrent,d3,1.0,0,1.0,0,0.0,0
University of Calgary,University of Alberta,ParentOrganization,d3,1.0,0,1.0,0,0.0,0
Honiara,Mayor of Honiara,CurrentPosition,d3,0.0,0,0.0,0,0.0,0
William Shakespeare,1564-02-15,BirthDate,d3,1.0,0,1.0,0,0.0,0
Jersey,Chief Minister,CurrentPosition,d3,0.42250463366508484,0,0.42250463366508484,0,0.0,0
1601,1601-01-01,BirthDate,d3,0.5,0,0.5,0,0.0,0
NATO,Washington Treaty,FoundedByPrimary,d3,1.0,0,1.0,0,0.0,0
NATO,Secretary General,CurrentPosition,d3,1.0,100,1.0,100,0.0,0
Food Celebrations Association,Culinary Arts Federation,ParentOrganization,d3,1.0,0,1.0,0,0.0,0
Toronto Stock Exchange,TMX Group,CurrentEmployer,d3,1.0,100,1.0,100,0.0,0
New England Colonies,Colonial Currency,CurrencyPrimary,d3,1.0,0,1.0,0,0.0,0
London,Mayor of London,CurrentPosition,d3,0.0,0,0.0,0,0.0,0
Standard Oil Company,John D. Rockefeller,FoundedByPrimary,d3,1.0,100,1.0,100,0.0,0
New Zealand,New Zealand Limited,CountryOfIncorporation,d3,1.0,0,1.0,0,0.0,0
PHP,Web Development,CurrentPosition,d3,1.0,100,1.0,100,0.0,0
1982,1982-01-01,OccursOn,d3,1.0,100,1.0,100,0.0,0
Consulting,Management Consultant,CurrentPosition,d3,1.0,0,1.0,0,0.0,0
Consulting,McKinsey & Company,CurrentEmployer,d3,1.0,0,1.0,0,0.0,0
Uber Freight,Logistics Provider,CurrentPosition,d3,1.0,0,1.0,0,0.0,0
Central,Manager,CurrentPosition,d3,0.0,0,0.0,0,0.0,0
Southern African Development Community,Gaborone,HeadquartersCity,d3,1.0,100,1.0,100,0.0,0
Yahoo Inc.,Marissa Mayer,CurrentEmployer,d3,1.0,0,1.0,0,0.0,0
2006,2006-01-01,OccursOn,d3,1.0,100,1.0,100,0.0,0
1781-01-01,Military,MajorIndustryPrimary,d3,1.0,0,1.0,0,0.0,0
Internet Engineering Task Force,Internet Society,ParentOrganization,d3,1.0,100,1.0,100,0.0,0
Chocolate Manufacturers Association,Not Listed,StockExchangePrimary,d3,1.0,0,1.0,0,0.0,0
Chocolate Manufacturers Association,Susan Smith,ChiefExecutiveOfficerCurrent,d3,1.0,0,1.0,0,0.0,0
Author,Simon & Schuster,CurrentEmployer,d3,1.0,0,1.0,0,0.0,0
Citizen,Resident,CurrentPosition,d3,0.0,0,0.0,0,0.0,0
Various occupations,Software Engineer,CurrentPosition,d3,0.0,0,0.0,0,0.0,0
Awareness Campaign,Health Advocacy Group,ParentOrganization,d3,1.0,0,1.0,0,0.0,0
Cultural Ambassador,Cultural Attaché,CurrentPosition,d3,0.0,50,0.0,50,0.0,0
Pharmaceuticals,Pharmaceutical Executive,CurrentPosition,d3,0.0,0,0.0,0,0.0,0
Central Time Zone,New Orleans,CountryOfCity,d3,1.0,0,1.0,0,0.0,0
Central Time Zone,Saint Louis,CountryOfCity,d3,0.6513549089431763,0,0.6513549089431763,0,0.0,0
Mountain Standard Time,America/Phoenix,TimeZonePrimary,d3,1.0,0,1.0,0,0.0,0
Joe Biden,1942-11-20,BirthDate,d3,1.0,100,1.0,100,0.0,0
Joe Biden,Chairman of the Senate Foreign Relations Committee,CurrentPosition,d3,0.7772998809814453,0,0.7772998809814453,0,0.0,0
Various Contributors,Editor,CurrentPosition,d3,0.0,0,0.0,0,0.0,0
Governor,Governor of Texas,CurrentPosition,d3,0.0,0,0.0,0,0.0,0
Theoretical Physicist,Professor of Physics,CurrentPosition,d3,1.0,0,1.0,0,0.0,0
Theoretical Physicist,California Institute of Technology,CurrentEmployer,d3,1.0,0,1.0,0,0.0,0
International Association of Fire Fighters,AFL-CIO,ParentOrganization,d3,0.7772998809814453,100,0.7772998809814453,100,0.0,0
International Association of Fire Fighters,1918,FoundingDate,d3,1.0,0,1.0,0,0.0,0
Andrew Jackson,"March 15, 1767",BirthDate,d3,1.0,100,1.0,100,0.0,0
Atlantic Time Zone,Charlottetown,CountryOfCity,d3,1.0,100,1.0,100,0.0,0
"White Plains, New York",PepsiCo,HeadquartersCity,d3,1.0,0,1.0,0,0.0,0
"White Plains, New York",White Plains Hospital,CurrentEmployer,d3,1.0,0,1.0,0,0.0,0
Second Continental Congress,Politics,MajorIndustryPrimary,d3,0.7772998809814453,0,0.7772998809814453,0,0.0,0
Police Officers,Police Department,CurrentEmployer,d3,0.5,0,0.5,0,0.0,0
Police Officers,Sergeant,CurrentPosition,d3,1.0,100,1.0,100,0.0,0
April Fools' Day,Paris,HeadquartersCity,d3,1.0,0,1.0,0,0.0,0
LeBron James,Forward,CurrentPosition,d3,1.0,100,1.0,100,0.0,0
Representative,Majority Whip,CurrentPosition,d3,0.7772998809814453,0,0.7772998809814453,0,0.0,0
Organization of American States,Luis Almagro,ChiefExecutiveOfficerCurrent,d3,1.0,100,1.0,100,0.0,0
John F. Kennedy,1917-05-29,BirthDate,d3,1.0,100,1.0,100,0.0,0
Commander-in-Chief,U.S. Military,CurrentEmployer,d3,1.0,50,1.0,50,0.0,0
1040,Vice Chair of the House Committee on Armed Services,CurrentPosition,d3,1.0,0,1.0,0,0.0,0
1955,Retired,CurrentPosition,d3,0.0,0,0.0,0,0.0,0
Bethesda,Video Game Developer,CurrentPosition,d3,0.0,0,0.0,0,0.0,0
Hershey Chocolate Company,Michele Buck,ChiefExecutiveOfficerCurrent,d3,1.0,100,1.0,100,0.0,0
Newburyport,City Councilor,CurrentPosition,d3,0.0,0,0.0,0,0.0,0
United States Department of the Treasury,Alexander Hamilton,FoundedByPrimary,d3,1.0,100,1.0,100,0.0,0
Tobacco,Cash Crop,CurrentPosition,d3,0.0,0,0.0,0,0.0,0
Inter Miami CF,Fort Lauderdale,HeadquartersCity,d3,1.0,100,1.0,100,0.0,0
Barack Obama,1961-08-04,BirthDate,d3,1.0,100,1.0,100,0.0,0
Comcast,Ralph Roberts,FoundedByPrimary,d3,1.0,0,1.0,0,0.0,0
Mountain Time Zone,Salt Lake City,CountryOfCity,d3,1.0,100,1.0,100,0.0,0
San Jose,Mayor of San Jose,CurrentPosition,d3,0.0,0,0.0,0,0.0,0
Innovator Organization,John Doe,CurrentEmployer,d3,0.5,0,0.5,0,0.0,0
New York Times,A.G. Sulzberger,CurrentEmployer,d3,0.0,0,0.0,0,0.0,0
Global Business Academy,Director,CurrentPosition,d3,0.0,0,0.0,0,0.0,0
1885,Historical Figure,CurrentPosition,d3,0.0,0,0.0,0,0.0,0
Burbank,1887,FoundingDate,d3,1.0,0,1.0,0,0.0,0
1965-01-01,Unknown,CurrentPosition|Person|Person->Position,d3,0.0,0,0.0,0,0.0,0
Seattle,Jeff Bezos,CurrentEmployer,d3,1.0,0,1.0,0,0.0,0
Hospitality Industry,France,MajorIndustryPrimary,d3,1.0,100,1.0,100,0.0,0
Agriculture,Rome,HeadquartersCity,d3,1.0,0,1.0,0,0.0,0
Agriculture,Secretary-General of the United Nations Food and Agriculture Organization,CurrentPosition,d3,1.0,0,1.0,0,0.0,0
FC Copenhagen,Danish Krone,CurrencyPrimary,d3,1.0,100,1.0,100,0.0,0
Cabinet of Japan,Japanese Yen,CurrencyPrimary,d3,1.0,50,1.0,50,0.0,0
Charles Darwin,University of Edinburgh,AlmaMaterPrimary,d3,0.7772998809814453,100,0.7772998809814453,100,0.0,0
Oxford,1096,FoundingDate,d3,0.3486451506614685,100,0.3486451506614685,100,0.0,0
1826,1826-01-01,BirthDate,d3,0.2206221967935562,0,0.22270014882087708,0,-0.002077952027320862,0
International Organization for Standardization,ISO/IEC JTC 1,CurrentEmployer,d3,0.8031737804412842,0,0.8112767934799194,0,-0.008103013038635254,0
1901,Currency in 1901,CurrencyPrimary,d3,0.22270014882087708,0,0.23336106538772583,0,-0.010660916566848755,0
Andrew Jackson,General,CurrentPosition,d3,0.42250463366508484,50,0.43734875321388245,50,-0.014844119548797607,0
The New York Times Company,Henry Jarvis Raymond,FoundedByPrimary,d3,0.5,0,0.5151380896568298,0,-0.015138089656829834,0
Global Education Network,Director of Operations,CurrentPosition,d3,0.24456748366355896,0,0.26083049178123474,0,-0.01626300811767578,0
Java,James Gosling,DevelopedByPrimary,d3,0.6513549089431763,0,0.6683973073959351,0,-0.01704239845275879,0
King Henry II,Count of Anjou,CurrentPosition,d3,0.3486451506614685,0,0.37265679240226746,0,-0.02401164174079895,0
Research University,1636,FoundingDate,d3,0.22270014882087708,0,0.2538864314556122,0,-0.031186282634735107,0
2021,Time,CurrentEmployer,d3,0.430575430393219,0,0.4643915891647339,0,-0.03381615877151489,0
Las Vegas,1905,FoundingDate,d3,0.28140559792518616,100,0.3169822692871094,100,-0.03557667136192322,0
David L. Mills,1944-04-18,BirthDate,d3,0.06644191592931747,0,0.10467154532670975,0,-0.03822962939739227,0
Reston,Leidos,CurrentEmployer,d3,0.8267117738723755,0,0.8670357465744019,0,-0.04032397270202637,0
Apache Software Foundation,Forest Hill,HeadquartersCity,d3,0.8267117738723755,0,0.8670357465744019,0,-0.04032397270202637,0
President of the United States,"August 4, 1961",BirthDate,d3,0.7369490265846252,0,0.7772998809814453,0,-0.04035085439682007,0
1835-11-30,Literature,MajorIndustryPrimary,d3,0.7185943722724915,0,0.7589988708496094,0,-0.04040449857711792,0
IndustrialSector,Industrial Engineer,CurrentPosition,d3,0.6357240676879883,0,0.6777917146682739,0,-0.042067646980285645,0
YouTube,San Bruno,HeadquartersCity,d3,0.6513549089431763,100,0.6970582008361816,100,-0.04570329189300537,0
Theatrical Companies,Artistic Director,CurrentPosition,d3,0.7306790947914124,0,0.7772998809814453,0,-0.04662078619003296,0
Columbia University,1754,FoundingDate,d3,0.5,100,0.5489178895950317,100,-0.04891788959503174,0
PDT Inc.,PDT Group,ParentOrganization,d3,0.4481017291545868,0,0.5,0,-0.05189827084541321,0
National Sheriffs' Association,Law Enforcement,MajorIndustryPrimary,d3,0.4479811191558838,100,0.5,100,-0.05201888084411621,0
Greenwich Observatory,Royal Museums Greenwich,CurrentEmployer,d3,0.17328819632530212,0,0.22583799064159393,0,-0.05254979431629181,0
Legislator,Assembly Member,CurrentPosition,d3,0.8670357465744019,0,0.9241418242454529,0,-0.057106077671051025,0
Shakespeare's Works,1623,PublicationDate,d3,0.7185943722724915,100,0.7772998809814453,100,-0.05870550870895386,0
Alabama System of Higher Education,Chancellor,CurrentPosition,d3,0.38864994049072266,0,0.4481017291545868,0,-0.059451788663864136,0
Springfield,Springfield Electric,HeadquartersCity,d3,0.43734875321388245,0,0.5,0,-0.06265124678611755,0
Henry Condell,Globe Theatre,CurrentEmployer,d3,0.314050555229187,0,0.3768830895423889,0,-0.0628325343132019,0
Columbia University,King's College,FoundedByPrimary,d3,0.6513549089431763,100,0.7185943722724915,100,-0.06723946332931519,0
Natural Resources,Environmental Advocate,CurrentPosition,d3,0.15407507121562958,0,0.22270014882087708,0,-0.0686250776052475,0
Pretoria,South Africa Standard Time,TimeZonePrimary,d3,0.5774953961372375,0,0.6513549089431763,0,-0.07385951280593872,0
IBM,1911-06-16,FoundingDate,d3,0.5774953961372375,0,0.6513549089431763,0,-0.07385951280593872,0
Los Angeles Lakers,Jerry Buss,FoundedByPrimary,d3,0.5774953961372375,100,0.6513549089431763,100,-0.07385951280593872,0
University of Southern California,Carol Folt,CurrentEmployer,d3,0.9241418242454529,0,1.0,0,-0.07585817575454712,0
Tech Company,John Doe,FoundedByPrimary,d3,0.42250463366508484,0,0.5,0,-0.07749536633491516,0
Googleplex,1998,FoundingDate,d3,0.42250463366508484,0,0.5,0,-0.07749536633491516,0
Intel Corporation,1968-07-18,FoundingDate,d3,0.42250463366508484,0,0.5,0,-0.07749536633491516,0
Intel Corporation,Robert Noyce,FoundedByPrimary,d3,0.42250463366508484,100,0.5,100,-0.07749536633491516,0
Conservative Party,Robert Peel,FoundedByPrimary,d3,0.42250463366508484,0,0.5,0,-0.07749536633491516,0
Seagate Technology,Data Storage,MajorIndustryPrimary,d3,0.42250463366508484,0,0.5,0,-0.07749536633491516,0
Palo Alto,1894,FoundingDate,d3,0.5,0,0.5774953961372375,0,-0.07749539613723755,0
Philadelphia City Council,1701,FoundingDate,d3,0.5,0,0.5774953961372375,0,-0.07749539613723755,0
1876,Historical Event,CurrentPosition,d3,0.22270014882087708,0,0.30040448904037476,0,-0.07770434021949768,0
The King's Men Theatre Company,Artistic Director,CurrentPosition,d3,0.21112672984600067,0,0.29282259941101074,0,-0.08169586956501007,0
Massachusetts,New England,ParentOrganization,d3,0.6513549089431763,100,0.7336937785148621,100,-0.08233886957168579,0
City of London Corporation,1066,FoundingDate,d3,0.6513549089431763,0,0.7391709685325623,0,-0.08781605958938599,0
Hawaii,Hawaiian,OfficialLanguagePrimary,d3,0.7772998809814453,0,0.8670357465744019,0,-0.08973586559295654,0
Local Non-Profit Organization,National Non-Profit Association,ParentOrganization,d3,0.7772998809814453,0,0.8670357465744019,0,-0.08973586559295654,0
Treasurer,Government Financial Officer,CurrentPosition,d3,0.7772998809814453,0,0.8670357465744019,0,-0.08973586559295654,0
Hamlet,Denmark,BirthPlace,d3,0.5774953961372375,100,0.6683973073959351,100,-0.09090191125869751,0
Jamestown Settlement,1607,FoundingDate,d3,0.28140559792518616,100,0.37295612692832947,100,-0.09155052900314331,0
American Express,1850,FoundingDate,d3,0.5,100,0.5922008156776428,100,-0.09220081567764282,0
English Colonization,Colonial Power,CurrentPosition,d3,0.3486451506614685,0,0.44113555550575256,0,-0.09249040484428406,0
Jersey,Saint Helier,CapitalCityOfCountry,d3,0.7185943722724915,100,0.8112791776657104,100,-0.092684805393219,0
Canberra,Australian Capital Territory,ParentOrganization,d3,0.42250463366508484,0,0.518977165222168,0,-0.09647253155708313,0
Hilton Worldwide,McLean,HeadquartersCity,d3,0.8267117738723755,0,0.9241418242454529,0,-0.09743005037307739,0
1955-05-19,Historical Document,PublicationDate,d3,0.677793025970459,0,0.7772998809814453,0,-0.09950685501098633,0
First Anglo-Powhatan War,1609,OccursOn,d3,0.8892737030982971,0,1.0,0,-0.11072629690170288,0
Harvard University Corporation,1636,FoundingDate,d3,0.5774953961372375,100,0.6945120096206665,100,-0.11701661348342896,0
Santa Fe,1610,FoundingDate,d3,0.5774953961372375,0,0.6945120692253113,0,-0.11701667308807373,0
3M,1902,FoundingDate,d3,0.5774953961372375,100,0.6945120692253113,100,-0.11701667308807373,0
Second Continental Congress,Legislative body,CurrentPosition,d3,0.3776240348815918,0,0.5,0,-0.1223759651184082,0
First Day of the Year,January 1,OccursOn,d3,0.7185943722724915,100,0.8411336541175842,100,-0.12253928184509277,0
Honolulu,Hawaii Tourism Authority,ParentOrganization,d3,0.6513549089431763,0,0.7772998809814453,0,-0.12594497203826904,0
Baylor University,Waco,HeadquartersCity,d3,0.6513549089431763,100,0.7772998809814453,100,-0.12594497203826904,0
Royal Society,King Charles II,FoundedByPrimary,d3,0.6513549089431763,0,0.7772998809814453,0,-0.12594497203826904,0
Active Voter,Civic Engagement Group,CurrentEmployer,d3,0.6513549089431763,0,0.7772998809814453,0,-0.12594497203826904,0
Andrew Jackson,"Waxhaws, South Carolina",BirthPlace,d3,0.6513549089431763,0,0.7772998809814453,0,-0.12594497203826904,0
International Business Institute,Director of Studies,CurrentPosition,d3,0.22270014882087708,0,0.3486451506614685,0,-0.12594500184059143,0
Construction,Project Manager,CurrentPosition,d3,0.22270014882087708,0,0.3486451506614685,0,-0.12594500184059143,0
Windows 11,"October 5, 2021",InitialReleaseDate,d3,0.761763870716095,0,0.8892737030982971,0,-0.12750983238220215,0
Tech Innovations Inc.,2010-04-01,FoundingDate,d3,0.26083049178123474,0,0.38864994049072266,0,-0.12781944870948792,0
Hong Kong,Hong Kong Time,TimeZonePrimary,d3,0.7391753792762756,0,0.8670357465744019,0,-0.12786036729812622,0
Chicago,Mayor of Chicago,CurrentEmployer,d3,0.42250463366508484,0,0.5518983006477356,0,-0.12939366698265076,0
National Breadstick Day Committee,Unknown Employee,CurrentEmployer,d3,0.0,0,0.13296423852443695,0,-0.13296423852443695,0
TD Bank Group,William Mulholland,FoundedByPrimary,d3,0.8670357465744019,0,1.0,0,-0.13296425342559814,0
Bell Labs,Nokia,CurrentEmployer,d3,0.8670357465744019,0,1.0,0,-0.13296425342559814,0
Harare,Harare City Council,CurrentEmployer,d3,0.8670357465744019,0,1.0,0,-0.13296425342559814,0
International Monetary Fund,Kristalina Georgieva,CurrentEmployer,d3,0.8670357465744019,0,1.0,0,-0.13296425342559814,0
Health,Swiss Franc,CurrencyPrimary,d3,0.8670357465744019,100,1.0,100,-0.13296425342559814,0
Oracle Cloud,Cloud Computing,MajorIndustryPrimary,d3,0.8670357465744019,0,1.0,0,-0.13296425342559814,0
NBA,Commissioner,CurrentPosition,d3,0.5,0,0.6357240676879883,0,-0.13572406768798828,0
Unix Time,Epoch,CurrentPosition,d3,0.5,0,0.6357240676879883,0,-0.13572406768798828,0
Theoretical Physicist,Research Scientist,CurrentPosition,d3,0.7185943722724915,0,0.854562520980835,0,-0.1359681487083435,0
University of Calgary,Various Academic Positions,CurrentPosition,d3,0.18506498634815216,0,0.32172226905822754,0,-0.13665728271007538,0
Unix Systems,1969,FoundingDate,d3,0.5774953961372375,0,0.7185943722724915,0,-0.1410989761352539,0
Mediacom Communications Corporation,Bloomington,HeadquartersCity,d3,0.6357240676879883,0,0.7772998809814453,0,-0.14157581329345703,0
Australian Eastern Standard Time,Australian Government,CurrentEmployer,d3,0.11735960841178894,0,0.26082903146743774,0,-0.1434694230556488,0
UTC-5,Panama,CountryOfCity,d3,0.3486451506614685,0,0.49551060795783997,0,-0.14686545729637146,0
Oregon State Government,Kate Brown,CurrentEmployer,d3,0.7185943722724915,100,0.8670357465744019,100,-0.1484413743019104,0
Open Source Initiative,OSI,CurrentEmployer,d3,0.7185943722724915,0,0.8670357465744019,0,-0.1484413743019104,0
University of Southern California,George Lucas,AlmaMaterPrimary,d3,0.22270014882087708,0,0.3719385266304016,0,-0.14923837780952454,0
Services,Funeral Services,MajorIndustryPrimary,d3,0.3486451506614685,0,0.5,0,-0.1513548493385315,0
Bell Labs,Research and Development,CurrentPosition,d3,0.3486451506614685,0,0.5,0,-0.1513548493385315,0
Guernsey,Crown dependencies,ParentOrganization,d3,0.3486451506614685,0,0.5,0,-0.1513548493385315,0
National Breadstick Day Committee,Unknown Founder,FoundedByPrimary,d3,0.3486451506614685,0,0.5,0,-0.1513548493385315,0
Apollo 11 Moon Landing,Moon,HeldInCity,d3,0.3486451506614685,0,0.5,0,-0.1513548493385315,0
BBC,Tim Davie,CurrentEmployer,d3,0.5,0,0.6513549089431763,0,-0.15135490894317627,0
National Cat Day,Colleen Paige,CreatedByPrimary,d3,0.5,100,0.6513549089431763,100,-0.15135490894317627,0
George H. W. Bush,"Milton, Massachusetts",BirthPlace,d3,0.07121676206588745,100,0.22270014882087708,100,-0.15148338675498962,0
Southern African Development Community,Botswana,CountryOfIncorporation,d3,0.8479677438735962,0,1.0,0,-0.1520322561264038,0
Citigroup,Jane Fraser,CurrentEmployer,d3,0.4383436143398285,0,0.5910420417785645,0,-0.15269842743873596,0
Bell Labs,1925,FoundingDate,d3,0.5774953961372375,100,0.7306790947914124,100,-0.1531836986541748,0
The Walt Disney Company,Disney Channel,ParentOrganization,d3,0.7772998809814453,0,0.9311295747756958,0,-0.1538296937942505,0
Boeing,William E. Boeing,FoundedByPrimary,d3,0.42250463366508484,50,0.5774953961372375,50,-0.1549907624721527,0
Revolutionary Politics,Democratic Republic,ParentOrganization,d3,0.3927532136440277,0,0.5489178895950317,0,-0.15616467595100403,0
Media,Global Media Group,ParentOrganization,d3,0.0,0,0.15726761519908905,0,-0.15726761519908905,0
Transportation,1966,FoundingDate,d3,0.6513549089431763,0,0.8112767934799194,0,-0.15992188453674316,0
South Africa,South African Rand,CurrencyPrimary,d3,0.6513549089431763,50,0.8112791776657104,50,-0.15992426872253418,0
Springfield,Illinois,CapitalCityOfCountry,d3,0.3486451506614685,100,0.5151380896568298,100,-0.16649293899536133,0
Neighborhood Association,Community Development Organization,ParentOrganization,d3,0.5,0,0.6683973073959351,0,-0.16839730739593506,0
Lackawanna County,Pennsylvania,CountryOfCity,d3,0.6970614194869995,100,0.8670357465744019,100,-0.16997432708740234,0
Marshall Plan,Economics,MajorIndustryPrimary,d3,0.8267117738723755,0,1.0,0,-0.1732882261276245,0
National Breadstick Day,Food Industry,MajorIndustryPrimary,d3,0.8267117738723755,50,1.0,50,-0.1732882261276245,0
Oregon State Government,1848,FoundingDate,d3,0.3486451506614685,0,0.5230156183242798,0,-0.17437046766281128,0
Language Services Inc.,Global Language Solutions LLC,ParentOrganization,d3,0.6026902198791504,0,0.7772998809814453,0,-0.17460966110229492,0
Friday,Calendar City,HeadquartersCity,d3,0.6513549089431763,0,0.8267117738723755,0,-0.17535686492919922,0
Olympia,Washington,CapitalCityOfCountry,d3,0.7185943722724915,100,0.8991213440895081,100,-0.1805269718170166,0
Treasurer,Public Financial Officer,CurrentPosition,d3,0.0,0,0.18213798105716705,0,-0.18213798105716705,0
GM Financial,Mark Reuss,ChiefExecutiveOfficerCurrent,d3,0.0,0,0.18213799595832825,0,-0.18213799595832825,0
Unix Systems,Ken Thompson,CurrentEmployer,d3,0.0,0,0.18872080743312836,0,-0.18872080743312836,0
2021,Global Corp,ParentOrganization,d3,0.6513549089431763,0,0.84112948179245,0,-0.18977457284927368,0
2029-01-01,2029,FoundingDate,d3,0.11072631925344467,0,0.30294501781463623,0,-0.19221869856119156,0
American Red Cross,1881,FoundingDate,d3,0.3486451506614685,100,0.542896568775177,100,-0.1942514181137085,0
Philadelphia,1682,FoundingDate,d3,0.5,100,0.6945120692253113,100,-0.19451206922531128,0
IBM,Arvind Krishna,CurrentEmployer,d3,0.7948107719421387,0,1.0,0,-0.20518922805786133,0
Government of the United Kingdom,Public Sector,MajorIndustryPrimary,d3,0.4188302457332611,0,0.6245249509811401,0,-0.20569470524787903,0
Technology,Innovator,CurrentPosition,d3,0.0,0,0.21112672984600067,0,-0.21112672984600067,0
Democratic Party,1828,FoundingDate,d3,0.42250463366508484,100,0.6357240676879883,100,-0.21321943402290344,0
U.S. Citizenship and Immigration Services,Secretary of Homeland Security,CurrentPosition,d3,0.43734875321388245,0,0.6513549089431763,0,-0.21400615572929382,0
Construction,Construction Group,ParentOrganization,d3,0.43734875321388245,0,0.6513549089431763,0,-0.21400615572929382,0
Cultural Event,2023-08-01,PublicationDate,d3,0.22270014882087708,0,0.43734875321388245,0,-0.21464860439300537,0
Police Officers,City Police Department,CurrentEmployer,d3,0.22270014882087708,0,0.43734875321388245,0,-0.21464860439300537,0
NBA,1946,FoundingDate,d3,0.6513549089431763,100,0.8670357465744019,100,-0.21568083763122559,0
Awareness and Celebration of Immigrants,Non-Profit,MajorIndustryPrimary,d3,0.13296423852443695,0,0.3486451506614685,0,-0.21568091213703156,0
H&R Block,Tax Preparation,MajorIndustryPrimary,d3,0.28140559792518616,100,0.5,100,-0.21859440207481384,0
Chocolate Manufacturers Association,Chocolate Industry Workers,CurrentEmployer,d3,0.0,0,0.2206222116947174,0,-0.2206222116947174,0
Jamestown Settlement,Colonial National Historical Park,ParentOrganization,d3,0.7772998809814453,0,1.0,0,-0.2227001190185547,0
Leland Stanford Junior University,Stanford,HeadquartersCity,d3,0.7772998809814453,0,1.0,0,-0.2227001190185547,0
Las Vegas,MGM Resorts International,HeadquartersCity,d3,0.7772998809814453,0,1.0,0,-0.2227001190185547,0
Rockville,Montgomery County Public Schools,CurrentEmployer,d3,0.7772998809814453,0,1.0,0,-0.2227001190185547,0
Harrisburg,City of Harrisburg,CurrentEmployer,d3,0.7772998809814453,0,1.0,0,-0.2227001190185547,0
"East Lansing, Michigan",Michigan State University,HeadquartersCity,d3,0.7772998809814453,0,1.0,0,-0.2227001190185547,0
National Immigrants Day,Immigration Services,MajorIndustryPrimary,d3,0.7772998809814453,0,1.0,0,-0.2227001190185547,0
3M,Maplewood,HeadquartersCity,d3,0.7772998809814453,0,1.0,0,-0.2227001190185547,0
Goldman Sachs,Investment Banking,MajorIndustryPrimary,d3,0.7772998809814453,100,1.0,100,-0.2227001190185547,0
1980,1980-01-01,OccursOn,d3,0.7772998809814453,100,1.0,100,-0.2227001190185547,0
1987,"January 1, 1987",BirthDate,d3,0.7772998809814453,0,1.0,0,-0.2227001190185547,0
Cultural Foundation,Arts Council,ParentOrganization,d3,0.7772998809814453,0,1.0,0,-0.2227001190185547,0
Richard Burbage,St. Paul's Cathedral School,AlmaMaterPrimary,d3,0.7772998809814453,0,1.0,0,-0.2227001190185547,0
2011,"January 1, 2011",OccursOn,d3,0.7772998809814453,100,1.0,100,-0.2227001190185547,0
Apache Software Foundation,Doug Cutting,FoundedByPrimary,d3,0.7772998809814453,0,1.0,0,-0.2227001190185547,0
Global Investments,Global Holdings,ParentOrganization,d3,0.7772998809814453,0,1.0,0,-0.2227001190185547,0
Cultural Ambassador,Cultural Institute,CurrentEmployer,d3,0.7772998809814453,0,1.0,0,-0.2227001190185547,0
Cultural Ambassador,Cultural Organization,CurrentEmployer,d3,0.7772998809814453,0,1.0,0,-0.2227001190185547,0
Seagate Technology,Dave Mosley,CurrentEmployer,d3,0.7772998809814453,0,1.0,0,-0.2227001190185547,0
Representative,Leader of the Opposition,CurrentPosition,d3,0.7772998809814453,0,1.0,0,-0.2227001190185547,0
Mountain Time Zone,Phoenix,CountryOfCity,d3,0.7772998809814453,100,1.0,100,-0.2227001190185547,0
Mountain Time Zone,Tucson,CountryOfCity,d3,0.7772998809814453,0,1.0,0,-0.2227001190185547,0
"December 31, 2020",End of the Year,CurrentPosition,d3,0.0,0,0.22270014882087708,0,-0.22270014882087708,0
Wednesday,Day of the Week,CurrentPosition,d3,0.0,0,0.22270014882087708,0,-0.22270014882087708,0
Innovator Inc.,Global Innovations LLC,ParentOrganization,d3,0.0,0,0.22270014882087708,0,-0.22270014882087708,0
General Electric,GE Aviation,ParentOrganization,d3,0.42250463366508484,0,0.6513549089431763,0,-0.22885027527809143,0
Tetum,Government of Timor-Leste,CurrentEmployer,d3,0.6357240676879883,0,0.8670357465744019,0,-0.23131167888641357,0
Boston,1630,FoundingDate,d3,0.5774953961372375,100,0.8094282150268555,100,-0.23193281888961792,0
Networking,Vint Cerf,FoundedByPrimary,d3,0.5,0,0.7336938381195068,0,-0.23369383811950684,0
British Pound Sterling,Bank of England,CountryOfIncorporation,d3,0.5,100,0.7391709685325623,100,-0.23917096853256226,0
Federal Reserve Bank of San Francisco,Federal Reserve Act,FoundedByPrimary,d3,0.22270014882087708,0,0.46439164876937866,0,-0.2416914999485016,0
National Institutes of Health,1887,FoundingDate,d3,0.5832428932189941,100,0.8267117738723755,100,-0.24346888065338135,0
Lackawanna County,1843,FoundingDate,d3,0.18872548639774323,0,0.43734875321388245,0,-0.24862326681613922,0
GM Financial,Automotive Finance,MajorIndustryPrimary,d3,0.25091278553009033,50,0.5,50,-0.24908721446990967,0
Example Corporation,Example City,HeadquartersCity,d3,0.5774953961372375,0,0.8267117738723755,0,-0.24921637773513794,0
3M,N/A,ParentOrganization,d3,0.7490872144699097,0,1.0,0,-0.25091278553009033,0
Department of Natural Resources,1957,FoundingDate,d3,0.3486451506614685,0,0.6026865839958191,0,-0.2540414333343506,0
Cultural Event,2020-01-01,FoundingDate,d3,0.3333333432674408,0,0.592200756072998,0,-0.25886741280555725,0
Commonwealth of Nations,1931,FoundingDate,d3,0.5,0,0.7652807235717773,0,-0.26528072357177734,0
Paramount+,ViacomCBS,CurrentEmployer,d3,0.6513549089431763,100,0.9241418242454529,100,-0.2727869153022766,0
Reserve Currency,Swiss Franc,CurrencyPrimary,d3,0.5,0,0.774175763130188,0,-0.274175763130188,0
Reserve Currency,Japanese Yen,CurrencyPrimary,d3,0.5,0,0.774175763130188,0,-0.274175763130188,0
Central,Central City,HeadquartersCity,d3,0.42250463366508484,0,0.6970614194869995,0,-0.2745567858219147,0
Newark,Newark Public Schools,CurrentEmployer,d3,0.5017322897911072,0,0.7772998809814453,0,-0.27556759119033813,0
"Twitter, Inc.",X Corp.,ParentOrganization,d3,0.22270014882087708,0,0.5,0,-0.2772998511791229,0
Qualcomm,Snapdragon,DevelopedByPrimary,d3,0.22270014882087708,0,0.5,0,-0.2772998511791229,0
Language Advocate,Global Language Organization,CurrentEmployer,d3,0.22270014882087708,0,0.5,0,-0.2772998511791229,0
Language Advocate,National Language Association,CurrentEmployer,d3,0.22270014882087708,0,0.5,0,-0.2772998511791229,0
Language Advocate,Language Advocacy Organization,CurrentEmployer,d3,0.22270014882087708,0,0.5,0,-0.2772998511791229,0
Time Zone Name,Brazil,CountryOfCity,d3,0.22270014882087708,0,0.5,0,-0.2772998511791229,0
2013,Industries prominent in 2013,MajorIndustryPrimary,d3,0.5,0,0.7772998809814453,0,-0.2772998809814453,0
Timekeeping,Timekeeper,CurrentPosition,d3,0.5,0,0.7772998809814453,0,-0.2772998809814453,0
Settlers Inc.,Video Games,MajorIndustryPrimary,d3,0.5,0,0.7772998809814453,0,-0.2772998809814453,0
1781-01-01,Commander-in-Chief of the Continental Army,CurrentPosition,d3,0.5,0,0.7772998809814453,0,-0.2772998809814453,0
Berkeley,Berkeley Unified School District,HeadquartersCity,d3,0.5,0,0.7772998809814453,0,-0.2772998809814453,0
Science Communicator,National Geographic Society,CurrentEmployer,d3,0.5,0,0.7772998809814453,0,-0.2772998809814453,0
UTC-8,Vancouver,TimeZonePrimary,d3,0.5,0,0.7772998809814453,0,-0.2772998809814453,0
Adena Friedman,President and CEO,CurrentPosition,d3,0.5,100,0.7772998809814453,100,-0.2772998809814453,0
U.S. Citizenship and Immigration Services,Immigration Officer,CurrentPosition,d3,0.15726761519908905,0,0.43734875321388245,0,-0.2800811380147934,0
Washington State Government,Jay Inslee,CurrentEmployer,d3,0.7185943722724915,100,1.0,100,-0.28140562772750854,0
Brazos County,Brazos County Government,CurrentEmployer,d3,0.7185943722724915,0,1.0,0,-0.28140562772750854,0
"Los Angeles, California",Universal Pictures,HeadquartersCity,d3,0.7185943722724915,0,1.0,0,-0.28140562772750854,0
House of Commons,1295,FoundingDate,d3,0.7185943722724915,0,1.0,0,-0.28140562772750854,0
Southampton,Southampton City Council,HeadquartersCity,d3,0.7185943722724915,0,1.0,0,-0.28140562772750854,0
European Football Association,UEFA President,CurrentEmployer,d3,0.7185943722724915,0,1.0,0,-0.28140562772750854,0
San Jose State University,California State University,ParentOrganization,d3,0.7185943722724915,100,1.0,100,-0.28140562772750854,0
Head of Government,Capital City,BirthPlace,d3,0.7185943722724915,0,1.0,0,-0.28140562772750854,0
Sebastopol,Sebastopol City Council,CurrentEmployer,d3,0.42250463366508484,0,0.7046110033988953,0,-0.2821063697338104,0
HSBC,Noel Quinn,CurrentEmployer,d3,0.10650688409805298,0,0.3973170816898346,0,-0.2908101975917816,0
Powhatan Confederacy,Wampum,CurrencyPrimary,d3,0.28140559792518616,100,0.5774953961372375,100,-0.2960897982120514,0
Mountain View,1902,FoundingDate,d3,0.20000000298023224,0,0.5,0,-0.29999999701976776,0
2029-01-01,Event Management,MajorIndustryPrimary,d3,0.0,0,0.30040451884269714,0,-0.30040451884269714,0
City of Newburyport,City of Newburyport Police Department,CurrentEmployer,d3,0.6945120692253113,0,1.0,0,-0.3054879307746887,0
The Cat Fanciers' Association,Pet Industry,MajorIndustryPrimary,d3,0.3973170816898346,0,0.7046110033988953,0,-0.30729392170906067,0
H&R Block,Kansas City,HeadquartersCity,d3,0.6910110116004944,100,1.0,100,-0.3089889883995056,0
University of Pennsylvania,Amy Gutmann,CurrentEmployer,d3,0.5774953961372375,100,0.8892722129821777,100,-0.3117768168449402,0
Revolutionary Government,Continental Dollar,CurrencyPrimary,d3,0.1253025233745575,0,0.43734875321388245,0,-0.31204622983932495,0
Montgomery,Martin Luther King Jr.,BirthPlace,d3,0.18213799595832825,0,0.5,0,-0.31786200404167175,0
National Sheriffs' Association,Sheriffs,CurrentEmployer,d3,0.5489178895950317,0,0.8670357465744019,0,-0.3181178569793701,0
Alaska Standard Time,Juneau,CapitalCityOfCountry,d3,0.3486451506614685,100,0.6683973073959351,100,-0.31975215673446655,0
Westmoreland County,County Government,CurrentPosition,d3,0.5,0,0.8267117738723755,0,-0.3267117738723755,0
Cisco Systems,Chuck Robbins,ChiefExecutiveOfficerCurrent,d3,0.5,0,0.8267117738723755,0,-0.3267117738723755,0
National Fire Protection Association,1896,FoundingDate,d3,0.5774953961372375,0,0.9081843495368958,0,-0.3306889533996582,0
East Anglia,Norwich,HeadquartersCity,d3,0.21366120874881744,100,0.5489178895950317,100,-0.3352566808462143,0
Tech Policy Institute,Technology Policy,MajorIndustryPrimary,d3,0.314050555229187,0,0.6513549089431763,0,-0.33730435371398926,0
Community Center,City Recreation Department,CurrentEmployer,d3,0.314050555229187,0,0.6513549089431763,0,-0.33730435371398926,0
International Communication Association,1910,FoundingDate,d3,0.5,0,0.84112948179245,0,-0.34112948179244995,0
GNU General Public License,Free Software Foundation,DevelopedByPrimary,d3,0.3486451506614685,100,0.6945120692253113,100,-0.3458669185638428,0
The King's Men Theatre Company,David Edgar,FoundedByPrimary,d3,0.5774953961372375,0,0.9241418242454529,0,-0.34664642810821533,0
"Oracle America, Inc.",Software,MajorIndustryPrimary,d3,0.38864994049072266,100,0.7368407845497131,100,-0.3481908440589905,0
Chicago,McDonald's,HeadquartersCity,d3,0.3486451506614685,0,0.6970614194869995,0,-0.348416268825531,0
Rockville,Montgomery County,HeadquartersCity,d3,0.6513549089431763,0,1.0,0,-0.34864509105682373,0
Westmoreland County,Greensburg,HeadquartersCity,d3,0.6513549089431763,100,1.0,100,-0.34864509105682373,0
NBA,Adam Silver,CurrentEmployer,d3,0.6513549089431763,100,1.0,100,-0.34864509105682373,0
Disney+,Bob Chapek,CurrentEmployer,d3,0.6513549089431763,100,1.0,100,-0.34864509105682373,0
Research Organization,Global Research Network,ParentOrganization,d3,0.6513549089431763,0,1.0,0,-0.34864509105682373,0
Infosys,Nandan Nilekani,CurrentEmployer,d3,0.6513549089431763,100,1.0,100,-0.34864509105682373,0
Greenwich Observatory,1675,FoundingDate,d3,0.6513549089431763,100,1.0,100,-0.34864509105682373,0
Museum,City Museum,CurrentEmployer,d3,0.6513549089431763,0,1.0,0,-0.34864509105682373,0
Theatre,National Theatre,ParentOrganization,d3,0.6513549089431763,0,1.0,0,-0.34864509105682373,0
IndustrialSector,1760,FoundingDate,d3,0.6513549089431763,100,1.0,100,-0.34864509105682373,0
Australian Eastern Standard Time,Australian Time Zone Authority,ParentOrganization,d3,0.6513549089431763,0,1.0,0,-0.34864509105682373,0
King Henry II,Kingdom of England,CurrentEmployer,d3,0.6513549089431763,0,1.0,0,-0.34864509105682373,0
International Monetary Fund,John Maynard Keynes,FoundedByPrimary,d3,0.6513549089431763,100,1.0,100,-0.34864509105682373,0
Active Voter,Voting Rights Organization,CurrentEmployer,d3,0.6513549089431763,0,1.0,0,-0.34864509105682373,0
Washington State University,Pullman,HeadquartersCity,d3,0.6513549089431763,100,1.0,100,-0.34864509105682373,0
Federal District,Portuguese,OfficialLanguagePrimary,d3,0.0,100,0.3486451506614685,100,-0.3486451506614685,0
European Central Bank,Christine Lagarde,CurrentEmployer,d3,0.3849121630191803,0,0.7391709685325623,0,-0.35425880551338196,0
"Westmoreland County, Virginia",Richmond,CapitalCityOfCountry,d3,0.42250463366508484,100,0.7772998809814453,100,-0.3547952473163605,0
Example Corporation,Example Founder,FoundedByPrimary,d3,0.22270014882087708,0,0.5774953961372375,0,-0.3547952473163605,0
State Government of Washington,Governor of Washington,CurrentEmployer,d3,0.42250463366508484,0,0.7772998809814453,0,-0.3547952473163605,0
International Monetary Fund,Special Drawing Rights,CurrencyPrimary,d3,0.5,0,0.8589810729026794,0,-0.35898107290267944,0
Organization X,Founder,FoundedByPrimary,d3,0.11072781682014465,0,0.4734407067298889,0,-0.36271288990974426,0
First Day of the Year,New Year,CurrentPosition,d3,0.6357240676879883,0,1.0,0,-0.3642759323120117,0
South Africa,Zulu,OfficialLanguagePrimary,d3,0.5,0,0.8670357465744019,0,-0.36703574657440186,0
Unix Systems,AT&T,ParentOrganization,d3,0.5,100,0.8670357465744019,100,-0.36703574657440186,0
Global Research Institute,Dr. Jane Smith,ChiefExecutiveOfficerCurrent,d3,0.5,0,0.8670357465744019,0,-0.36703574657440186,0
City of Newburyport,Newburyport Development Authority,HeadquartersCity,d3,0.5,0,0.8670357465744019,0,-0.36703574657440186,0
Lockheed Martin,1912,FoundingDate,d3,0.5518983006477356,0,0.9241418242454529,0,-0.3722435235977173,0
Tech Innovations Inc.,2010-05-15,FoundingDate,d3,0.31786200404167175,0,0.6945120692253113,0,-0.3766500651836395,0
Tech Policy Institute,Policy Research Institute,CurrentPosition,d3,0.0,0,0.376803994178772,0,-0.376803994178772,0
Austin,Texas,HeadquartersCity,d3,0.22270014882087708,50,0.602682888507843,50,-0.37998273968696594,0
"Nasdaq, Inc.",1971-02-08,FoundingDate,d3,0.397309809923172,0,0.7772998809814453,0,-0.3799900710582733,0
Thomas Betterton,1638-01-01,BirthDate,d3,0.056584011763334274,0,0.43734875321388245,0,-0.38076474145054817,0
American Historical Association,1884,FoundingDate,d3,0.5,100,0.8892722129821777,100,-0.38927221298217773,0
Consulting,Boston Consulting Group,CurrentEmployer,d3,0.3486451506614685,0,0.7391709685325623,0,-0.39052581787109375,0
State Government,State Legislator,CurrentPosition,d3,0.3486451506614685,0,0.7391753792762756,0,-0.39053022861480713,0
Startup Incubator,Incubator Manager,CurrentPosition,d3,0.4743223488330841,0,0.8670357465744019,0,-0.39271339774131775,0
1835-11-30,1835,FoundingDate,d3,0.6026902198791504,0,1.0,0,-0.3973097801208496,0
Year 2000,Millennium,CurrentPosition,d3,0.0,0,0.3973170816898346,0,-0.3973170816898346,0
GNU General Public License,Richard Stallman,CreatedByPrimary,d3,0.3486451506614685,100,0.7482669353485107,100,-0.39962178468704224,0
1967,1967-01-01,OccursOn,d3,0.30294501781463623,0,0.7046110033988953,0,-0.40166598558425903,0
Hospitality Association,National Restaurant Association,ParentOrganization,d3,0.43734875321388245,0,0.8411336541175842,0,-0.4037849009037018,0
National Association of Emergency Medical Technicians,Emergency Medical Technicians,CurrentEmployer,d3,0.5774953961372375,0,1.0,0,-0.42250460386276245,0
Micron Technology,Sanjay Mehrotra,CurrentEmployer,d3,0.5774953961372375,100,1.0,100,-0.42250460386276245,0
Boeing,1916,FoundingDate,d3,0.5774953961372375,100,1.0,100,-0.42250460386276245,0
American Express,Henry Wells,FoundedByPrimary,d3,0.5774953961372375,100,1.0,100,-0.42250460386276245,0
English Colonization,Queen Elizabeth I,FoundedByPrimary,d3,0.5,0,0.9241418242454529,0,-0.4241418242454529,0
All Hallows' Eve,All Hallows' Eve originated in the 8th century,FoundingDate,d3,0.5,0,0.9241418242454529,0,-0.4241418242454529,0
Hong Kong,1842,FoundingDate,d3,0.3486451506614685,0,0.7772998809814453,0,-0.4286547303199768,0
Startup Incubator,Tech Ventures,ParentOrganization,d3,0.3486451506614685,0,0.7772998809814453,0,-0.4286547303199768,0
Energy,OPEC,ParentOrganization,d3,0.3486451506614685,0,0.7772998809814453,0,-0.4286547303199768,0
Thursday,Weekdays,MajorIndustryPrimary,d3,0.3486451506614685,0,0.7772998809814453,0,-0.4286547303199768,0
TurboTax,Tax Preparation Software,CurrentPosition,d3,0.3486451506614685,100,0.7772998809814453,100,-0.4286547303199768,0
Texas Instruments,Texas Instruments Incorporated,ParentOrganization,d3,0.22270014882087708,0,0.6513549089431763,0,-0.4286547601222992,0
East Anglia,AD 410,FoundingDate,d3,0.22270014882087708,0,0.6513549089431763,0,-0.4286547601222992,0
Election Office,Election Administrator,CurrentPosition,d3,0.19626297056674957,0,0.6273449659347534,0,-0.43108199536800385,0
Brasília Time,Capital,CurrentPosition,d3,0.0,0,0.43734875321388245,0,-0.43734875321388245,0
British Council,1934,FoundingDate,d3,0.42250463366508484,100,0.8670357465744019,100,-0.444531112909317,0
Institute for Advanced Study,Albert Einstein,CurrentEmployer,d3,0.5518983006477356,100,1.0,100,-0.4481016993522644,0
Mining,Mining Industry,MajorIndustryPrimary,d3,0.17328819632530212,0,0.6245249509811401,0,-0.451236754655838,0
Comcast Corporation,Brian Roberts,CurrentEmployer,d3,0.42250463366508484,0,0.8991213440895081,0,-0.4766167104244232,0
Salesforce.org,Marc Benioff,FoundedByPrimary,d3,0.5230156183242798,100,1.0,100,-0.4769843816757202,0
Stanford University,Leland Stanford,FoundedByPrimary,d3,0.22270014882087708,100,0.7185943722724915,100,-0.4958942234516144,0
Java,1995-05-23,InitialReleaseDate,d3,0.28140559792518616,0,0.7772998809814453,0,-0.49589428305625916,0
Sebastopol,1857,FoundingDate,d3,0.5,0,1.0,0,-0.5,0
Caterpillar Inc.,Peoria,HeadquartersCity,d3,0.5,100,1.0,100,-0.5,0
Leland Stanford Junior University,Leland Stanford,CurrentEmployer,d3,0.5,0,1.0,0,-0.5,0
"Los Angeles, California",Sony Pictures Entertainment,HeadquartersCity,d3,0.5,0,1.0,0,-0.5,0
Atlanta,Atlanta Braves,ParentOrganization,d3,0.5,0,1.0,0,-0.5,0
2003,"January 1, 2003",OccursOn,d3,0.5,100,1.0,100,-0.5,0
Hong Kong,Chief Executive,CurrentPosition,d3,0.5,100,1.0,100,-0.5,0
John Heminges,St. Paul's School,AlmaMaterPrimary,d3,0.5,50,1.0,50,-0.5,0
Earth,UTC,TimeZonePrimary,d3,0.5,100,1.0,100,-0.5,0
Guernsey,1204,FoundingDate,d3,0.5,0,1.0,0,-0.5,0
Year 2000,Various Organizations,CurrentEmployer,d3,0.0,0,0.5,0,-0.5,0
Museum,Cultural Heritage Foundation,ParentOrganization,d3,0.5,0,1.0,0,-0.5,0
1967,Television,MajorIndustryPrimary,d3,0.5,0,1.0,0,-0.5,0
The Walt Disney Company,1923-10-16,FoundingDate,d3,0.5,0,1.0,0,-0.5,0
Honeywell,1906,FoundingDate,d3,0.5,0,1.0,0,-0.5,0
International Monetary Fund,1944,FoundingDate,d3,0.5,0,1.0,0,-0.5,0
Western Digital,Data Storage,MajorIndustryPrimary,d3,0.5,0,1.0,0,-0.5,0
2008,"January 1, 2008",OccursOn,d3,0.5,100,1.0,100,-0.5,0
2005,"January 1, 2005",OccursOn,d3,0.5,100,1.0,100,-0.5,0
Houston,Houston Rockets,CurrentEmployer,d3,0.5,0,1.0,0,-0.5,0
National Breadstick Day,Celebration,CurrentPosition,d3,0.0,0,0.5,0,-0.5,0
Various occupations,Data Scientist,CurrentPosition,d3,0.5,0,1.0,0,-0.5,0
Awareness Campaign,Community Outreach Group,CurrentEmployer,d3,0.5,0,1.0,0,-0.5,0
Governor,State of Texas,CurrentEmployer,d3,0.5,100,1.0,100,-0.5,0
Organization of American States,Inter-American Commission on Human Rights,ParentOrganization,d3,0.5,0,1.0,0,-0.5,0
Inter Miami CF,David Beckham,FoundedByPrimary,d3,0.5,100,1.0,100,-0.5,0
Innovator Organization,Chief Innovation Officer,CurrentPosition,d3,0.39443665742874146,0,0.9081849455833435,0,-0.513748288154602,0
Lee C. Bollinger,"Berkeley, California",BirthPlace,d3,0.13350524008274078,0,0.6513549089431763,0,-0.5178496688604355,0
LeBron James,"Akron, Ohio",BirthPlace,d3,0.3486451506614685,100,0.8670357465744019,100,-0.5183905959129333,0
CEO of NYSE Euronext,Chief Executive Officer,CurrentPosition,d3,0.0,0,0.518977165222168,0,-0.518977165222168,0
"University of California, Los Angeles",Professor,CurrentPosition,d3,0.4760984480381012,0,1.0,0,-0.5239015519618988,0
Ford Motor Company,Jim Farley,CurrentEmployer,d3,0.47398439049720764,0,1.0,0,-0.5260156095027924,0
Apache Software Foundation,Sharan Foga,ChiefExecutiveOfficerCurrent,d3,0.0,0,0.5260174870491028,0,-0.5260174870491028,0
Morgan Stanley,James Gorman,CurrentEmployer,d3,0.4692254960536957,100,1.0,100,-0.5307745039463043,0
Google Cloud,Cloud Services Provider,CurrentPosition,d3,0.4526749849319458,0,1.0,0,-0.5473250150680542,0
2015,"January 1, 2015",OccursOn,d3,0.22270014882087708,0,0.7742702960968018,0,-0.5515701472759247,0
Suva,UTC+12:00,TimeZonePrimary,d3,0.22270014882087708,50,0.7772998809814453,50,-0.5545997321605682,0
Singapore Dollar,Monetary Authority of Singapore,CountryOfIncorporation,d3,0.22270014882087708,100,0.7772998809814453,100,-0.5545997321605682,0
Registered Voter,Political Activist,CurrentPosition,d3,0.22270014882087708,0,0.7772998809814453,0,-0.5545997321605682,0
San Diego,1769,FoundingDate,d3,0.20519167184829712,100,0.7652807235717773,100,-0.5600890517234802,0
The Cat Fanciers' Association,Alliance,HeadquartersCity,d3,0.43734875321388245,0,1.0,0,-0.5626512467861176,0
Municipal City,City Hall,HeadquartersCity,d3,0.42250463366508484,0,1.0,0,-0.5774953663349152,0
Auburn University,Lemuel Foster,FoundedByPrimary,d3,0.42250463366508484,0,1.0,0,-0.5774953663349152,0
Engineering Society,Engineering Consultant,CurrentPosition,d3,0.42250463366508484,0,1.0,0,-0.5774953663349152,0
London Stock Exchange,Julia Hoggett,ChiefExecutiveOfficerCurrent,d3,0.42250463366508484,0,1.0,0,-0.5774953663349152,0
State Government,State Capital,HeadquartersCity,d3,0.42250463366508484,0,1.0,0,-0.5774953663349152,0
Central,Central Organization,CurrentEmployer,d3,0.42250463366508484,0,1.0,0,-0.5774953663349152,0
C++,Bjarne Stroustrup,DevelopedByPrimary,d3,0.42250463366508484,100,1.0,100,-0.5774953663349152,0
Unix Systems,Dennis Ritchie,CurrentEmployer,d3,0.22270014882087708,0,0.8112791776657104,0,-0.5885790288448334,0
Public Administrator,Town Manager,CurrentPosition,d3,0.18213799595832825,0,0.7772998809814453,0,-0.5951618850231171,0
Department of Transportation,Pete Buttigieg,CurrentEmployer,d3,0.40388476848602295,0,1.0,0,-0.596115231513977,0
"Niskayuna, New York",Schenectady County,CountryOfCity,d3,0.30294501781463623,100,0.8991213440895081,100,-0.5961763262748718,0
Textron,Textron Aviation,ParentOrganization,d3,0.0,0,0.6026865839958191,0,-0.6026865839958191,0
2024-01-01,2024,FoundingDate,d3,0.397309809923172,0,1.0,0,-0.602690190076828,0
1884-01-01,1884,FoundingDate,d3,0.397309809923172,0,1.0,0,-0.602690190076828,0
Wikimedia Foundation,Jimmy Wales,FoundedByPrimary,d3,0.22270014882087708,100,0.8267117738723755,100,-0.6040116250514984,0
European Central Bank,European System of Central Banks,ParentOrganization,d3,0.22270014882087708,0,0.8411336541175842,0,-0.6184335052967072,0
National Fire Protection Association,Fire Safety,MajorIndustryPrimary,d3,0.3029385805130005,0,0.9241418242454529,0,-0.6212032437324524,0
Baylor University,Baptist General Convention of Texas,ParentOrganization,d3,0.15203224122524261,100,0.7772998809814453,100,-0.6252676397562027,0
1040,Ranking Member of the House Committee on Education and Labor,CurrentPosition,d3,0.0,0,0.6273413896560669,0,-0.6273413896560669,0
Media Outlets,Editor-in-Chief,CurrentPosition,d3,0.22270014882087708,0,0.8670357465744019,0,-0.6443355977535248,0
Political Science,Academia,MajorIndustryPrimary,d3,0.22270014882087708,0,0.8670357465744019,0,-0.6443355977535248,0
Southern African Development Community,Regional Development,MajorIndustryPrimary,d3,0.13296423852443695,0,0.7772998809814453,0,-0.6443356424570084,0
Shakespeare's Plays,1599,FoundingDate,d3,0.3556278645992279,0,1.0,0,-0.6443721354007721,0
1955-05-19,Notable Organization,FoundingDate,d3,0.08323440700769424,0,0.7306790947914124,0,-0.6474446877837181,0
Lockheed Martin,Lockheed Martin Corporation,ParentOrganization,d3,0.3486451506614685,0,1.0,0,-0.6513548493385315,0
World Bank,1944,FoundingDate,d3,0.3486451506614685,0,1.0,0,-0.6513548493385315,0
Toronto,Bank of Montreal,HeadquartersCity,d3,0.3486451506614685,0,1.0,0,-0.6513548493385315,0
First Folio,William Jaggard,PublisherPrimary,d3,0.3486451506614685,100,1.0,100,-0.6513548493385315,0
Consulting,Accenture,ParentOrganization,d3,0.3486451506614685,0,1.0,0,-0.6513548493385315,0
Powhatan Confederacy,Powhatan language,OfficialLanguagePrimary,d3,0.3486451506614685,0,1.0,0,-0.6513548493385315,0
Friday,Day of the Week,CurrentPosition,d3,0.0,0,0.6513549089431763,0,-0.6513549089431763,0
Tech Innovations Inc.,Innovative Holdings,ParentOrganization,d3,0.0,0,0.6513549089431763,0,-0.6513549089431763,0
Higher Education,Higher Education Administrator,CurrentPosition,d3,0.0,0,0.6513549089431763,0,-0.6513549089431763,0
New England Colonies,Fishing,MajorIndustryPrimary,d3,0.34668049216270447,100,1.0,100,-0.6533195078372955,0
1860,"January 1, 1860",OccursOn,d3,0.3333333432674408,0,1.0,0,-0.6666666567325592,0
Unknown Org,Fictional Currency,CurrencyPrimary,d3,0.13589560985565186,0,0.811274528503418,0,-0.6753789186477661,0
Municipal City,Municipal Government,CurrentEmployer,d3,0.22270014882087708,0,0.9081843495368958,0,-0.6854842007160187,0
Science Communicator,National Science Teachers Association,CurrentEmployer,d3,0.0908169373869896,0,0.7772998809814453,0,-0.6864829435944557,0
1956,1956-01-01,OccursOn,d3,0.07585817575454712,0,0.7652807235717773,0,-0.6894225478172302,0
Philadelphia School District,Superintendent,CurrentPosition,d3,0.18213799595832825,0,0.8880821466445923,0,-0.705944150686264,0
Singapore Government,Ministry of Finance,ParentOrganization,d3,0.28140559792518616,0,1.0,0,-0.7185944020748138,0
Micron Technology,Boise,HeadquartersCity,d3,0.28140559792518616,100,1.0,100,-0.7185944020748138,0
Central Time Zone,Minneapolis,CountryOfCity,d3,0.28140559792518616,0,1.0,0,-0.7185944020748138,0
Hewlett-Packard,Bill Hewlett,FoundedByPrimary,d3,0.28140559792518616,100,1.0,100,-0.7185944020748138,0
The Scranton Times-Tribune,Local Newspaper,CurrentPosition,d3,0.0,0,0.721513032913208,0,-0.721513032913208,0
1967,ABC Corporation,CurrentEmployer,d3,0.13296423852443695,0,0.8670357465744019,0,-0.7340715080499649,0
1971,Various organizations,CurrentEmployer,d3,0.03984493762254715,0,0.7772998809814453,0,-0.7374549433588982,0
"Meta Platforms, Inc.",2004-02-04,FoundingDate,d3,0.26083049178123474,0,1.0,0,-0.7391695082187653,0
International Language Federation,1952,FoundingDate,d3,0.26082754135131836,0,1.0,0,-0.7391724586486816,0
Gold Mining,Mining Engineer,CurrentPosition,d3,0.0,0,0.7587480545043945,0,-0.7587480545043945,0
Honolulu,Hawaiian Airlines,HeadquartersCity,d3,0.22270014882087708,0,1.0,0,-0.7772998511791229,0
Citigroup,William C. Rhind,FoundedByPrimary,d3,0.22270014882087708,0,1.0,0,-0.7772998511791229,0
City of London Corporation,The Lord Mayor of London,CurrentEmployer,d3,0.22270014882087708,0,1.0,0,-0.7772998511791229,0
Telecommunications,Verizon Communications,CurrentEmployer,d3,0.22270014882087708,0,1.0,0,-0.7772998511791229,0
ISO/IEC,International Electrotechnical Commission,CurrentEmployer,d3,0.22270014882087708,0,1.0,0,-0.7772998511791229,0
Non-profit,Community Service Organization,CurrentEmployer,d3,0.22270014882087708,0,1.0,0,-0.7772998511791229,0
Broadcom Inc.,Avago Technologies,ParentOrganization,d3,0.22270014882087708,100,1.0,100,-0.7772998511791229,0
London Stock Exchange,London Stock Exchange Group,ParentOrganization,d3,0.22270014882087708,0,1.0,0,-0.7772998511791229,0
Secretary,Department of Treasury,CurrentEmployer,d3,0.22270014882087708,0,1.0,0,-0.7772998511791229,0
Sacramento City Unified School District,Superintendent,CurrentPosition,d3,0.0,0,0.7772998809814453,0,-0.7772998809814453,0
University of Oxford,Vice-Chancellor,CurrentPosition,d3,0.0,0,0.7772998809814453,0,-0.7772998809814453,0
Research Organization,Lead Researcher,CurrentPosition,d3,0.0,0,0.7772998809814453,0,-0.7772998809814453,0
Holding Company Inc.,Parent Holdings LLC,ParentOrganization,d3,0.0,0,0.7772998809814453,0,-0.7772998809814453,0
Computer Science Department,Department Chair,CurrentPosition,d3,0.0,0,0.7772998809814453,0,-0.7772998809814453,0
Global Holdings Inc.,Global Investments LLC,ParentOrganization,d3,0.0,0,0.7772998809814453,0,-0.7772998809814453,0
NATO,Jens Stoltenberg,CurrentEmployer,d3,0.21633507311344147,100,1.0,100,-0.7836649268865585,0
Reserve Bank of Australia,Philip Lowe,CurrentEmployer,d3,0.20910894870758057,100,1.0,100,-0.7908910512924194,0
Treasurer,Financial Administrator,CurrentPosition,d3,0.07585817575454712,0,0.8670357465744019,0,-0.7911775708198547,0
United Nations Food and Agriculture Organization,Rome,HeadquartersCity,d3,0.2072409689426422,100,1.0,100,-0.7927590310573578,0
National Cat Day,Animal Welfare,MajorIndustryPrimary,d3,0.18213799595832825,0,1.0,0,-0.8178620040416718,0
Royal Bank of Canada,William McMaster,FoundedByPrimary,d3,0.0,0,0.8411316275596619,0,-0.8411316275596619,0
New York Stock Exchange,Thomas Edison,FoundedByPrimary,d3,0.13296423852443695,0,1.0,0,-0.867035761475563,0
English Colonization,Colonial Trade,MajorIndustryPrimary,d3,0.13296423852443695,0,1.0,0,-0.867035761475563,0
English Colonization,British Empire,CurrentEmployer,d3,0.13296423852443695,0,1.0,0,-0.867035761475563,0
Tech City,Various Tech Companies,CurrentEmployer,d3,0.13296423852443695,0,1.0,0,-0.867035761475563,0
Texas A&M University,K. K. Y. Wong,ChiefExecutiveOfficerCurrent,d3,0.13296423852443695,0,1.0,0,-0.867035761475563,0
Self-employed,Business Owner,CurrentPosition,d3,0.1253025233745575,0,1.0,0,-0.8746974766254425,0
National Fire Protection Association,Jim Pauley,CurrentEmployer,d3,0.10701292753219604,100,1.0,100,-0.892987072467804,0
"Nasdaq, Inc.",Richard Ketchum,FoundedByPrimary,d3,0.10503297299146652,0,1.0,0,-0.8949670270085335,0
Stanford University,Stanford University Board of Trustees,ParentOrganization,d3,0.0,0,0.8991213440895081,0,-0.8991213440895081,0
United Nations,Multiple Nations,FoundedByPrimary,d3,0.0,0,1.0,0,-1.0,0
United Nations,United Nations Conference on International Organization,FoundedByPrimary,d3,0.0,0,1.0,0,-1.0,0
Media Outlets,News Corp,ParentOrganization,d3,0.0,0,1.0,0,-1.0,0
Energy,ExxonMobil,CurrentEmployer,d3,0.0,0,1.0,0,-1.0,0
Breadstick Enthusiasts Association,Culinary Associations Network,ParentOrganization,d3,0.0,0,1.0,0,-1.0,0
ABC Investments,Chief Financial Officer,CurrentPosition,d3,0.0,0,1.0,0,-1.0,0
King Henry II,Count of Maine,CurrentPosition,d3,0.0,0,1.0,0,-1.0,0
Animation World Network,Animation,MajorIndustryPrimary,d3,0.0,0,1.0,0,-1.0,0
H&R Block,"H&R Block, Inc.",ParentOrganization,d3,1.0,100,0.0,50,1.0,50
South African Reserve Bank,South African Rand,CurrencyPrimary,d3,1.0,50,0.0,0,1.0,50
Pacific Standard Time,Canadian Dollar,CurrencyPrimary,d3,1.0,50,0.0,0,1.0,50
Honolulu,Hawaii-Aleutian Standard Time,TimeZonePrimary,d3,1.0,100,0.22270014882087708,50,0.7772998511791229,50
Sydney,Sydney Opera House,CurrentEmployer,d3,1.0,50,0.22270014882087708,0,0.7772998511791229,50
Canberra,Australian Federal Government,HeadquartersCity,d3,1.0,50,0.22270014882087708,0,0.7772998511791229,50
Charles Darwin,British,NationalityPrimary,d3,1.0,100,0.22270014882087708,50,0.7772998511791229,50
IBM,International Business Machines Corporation,ParentOrganization,d3,0.6513549089431763,50,0.0,0,0.6513549089431763,50
Tobacco,Americas,BirthPlace,d3,0.7185943722724915,50,0.17328819632530212,0,0.5453061759471893,50
American Red Cross,International Federation of Red Cross and Red Crescent Societies,ParentOrganization,d3,1.0,50,0.5,0,0.5,50
State Government,U.S. Dollar,CurrencyPrimary,d3,1.0,50,0.5,0,0.5,50
Mexico,Mexican Peso,CurrencyPrimary,d3,1.0,100,0.6513549089431763,50,0.34864509105682373,50
Theatre,Performing Arts,MajorIndustryPrimary,d3,1.0,100,0.6513549089431763,50,0.34864509105682373,50
Barack Obama,Former President of the United States,CurrentPosition,d3,0.5518907308578491,50,0.22270014882087708,0,0.32919058203697205,50
Lackawanna County Transit,Lackawanna County Department of Transportation,ParentOrganization,d3,1.0,50,0.7185943722724915,0,0.28140562772750854,50
Reserve Bank of Australia,Australian Securities Exchange,StockExchangePrimary,d3,0.5,100,0.22270014882087708,50,0.2772998511791229,50
European Football Association,Henri Delaunay,FoundedByPrimary,d3,1.0,100,0.8267117738723755,50,0.1732882261276245,50
Mining,Miner,CurrentPosition,d3,0.15726761519908905,50,0.0,0,0.15726761519908905,50
Shakespeare's Globe,Shakespeare's Globe Trust,ParentOrganization,d3,0.6513549089431763,50,0.5,0,0.15135490894317627,50
Central Standard Time,Canadian Dollar,CurrencyPrimary,d3,0.6357240080833435,50,0.5,0,0.1357240080833435,50
Theatrical Companies,Broadway Theater,CurrentEmployer,d3,1.0,50,0.8670357465744019,0,0.13296425342559814,50
Senator,U.S. Senate,CurrentEmployer,d3,0.7185943722724915,50,0.6513549089431763,0,0.06723946332931519,50
1792,1792-09-21,FoundingDate,d3,1.0,100,1.0,50,0.0,50
Princeton University,Christopher L. Eisgruber,CurrentEmployer,d3,1.0,100,1.0,50,0.0,50
Parent Company XYZ,Holding Company ABC,ParentOrganization,d3,1.0,50,1.0,0,0.0,50
LeBron James,Small Forward,CurrentPosition,d3,1.0,50,1.0,0,0.0,50
Standard Time,Hawaii-Aleutian Standard Time,TimeZonePrimary,d3,0.5,50,0.6513549089431763,0,-0.15135490894317627,50
Governor,"Austin, Texas",BirthPlace,d3,0.22270014882087708,50,0.5,0,-0.2772998511791229,50
New Jersey,State of New Jersey,CurrentEmployer,d3,0.6710863709449768,100,1.0,50,-0.3289136290550232,50
MIT,L. Rafael Reif,ChiefExecutiveOfficerCurrent,d3,0.28140559792518616,50,0.6513549089431763,0,-0.3699493110179901,50
NASA,Dwight D. Eisenhower,FoundedByPrimary,d3,0.42250463366508484,50,1.0,0,-0.5774953663349152,50
Massachusetts Institute of Technology,L. Rafael Reif,ChiefExecutiveOfficerCurrent,d3,0.1550997942686081,50,1.0,0,-0.8449002057313919,50
Wellington,1840,FoundingDate,d3,1.0,100,0.11135007441043854,0,0.8886499255895615,100
Legal Tender,Indian Rupee,CurrencyPrimary,d3,1.0,100,0.22270014882087708,0,0.7772998511791229,100
Barclays Group,1690,FoundingDate,d3,1.0,100,0.22270014882087708,0,0.7772998511791229,100
1880,1880-01-01,BirthDate,d3,1.0,100,0.22270014882087708,0,0.7772998511791229,100
Self-employed,Contractor,CurrentPosition,d3,0.7185943722724915,100,0.0,0,0.7185943722724915,100
European Football Association,FIFA,ParentOrganization,d3,0.7185943722724915,100,0.12012989073991776,0,0.5984644815325737,100
Wellington,New Zealand Standard Time,TimeZonePrimary,d3,1.0,100,0.46439164876937866,0,0.5356083512306213,100
Yahoo Inc.,Internet Services,MajorIndustryPrimary,d3,0.5,100,0.0,0,0.5,100
Police Officers,Law Enforcement Officer,CurrentPosition,d3,0.5,100,0.0,0,0.5,100
Hannibal School District,Hannibal,HeadquartersCity,d3,1.0,100,0.5,0,0.5,100
1792,Franc,CurrencyPrimary,d3,0.7185943722724915,100,0.3169822692871094,0,0.4016121029853821,100
Dallas,American Airlines,CurrentEmployer,d3,0.5774953961372375,100,0.22270014882087708,0,0.3547952473163605,100
Mining,Mining Corporation,CurrentEmployer,d3,0.7772998809814453,100,0.42250463366508484,0,0.3547952473163605,100
"Cisco Systems, Inc.",Leonard Bosack,FoundedByPrimary,d3,0.6893343925476074,100,0.3486451506614685,0,0.3406892418861389,100
New Year's Day 1970,"January 1, 1970",OccursOn,d3,0.7772998809814453,100,0.5,0,0.2772998809814453,100
Honolulu,Hawaii State Government,CurrentEmployer,d3,0.8670357465744019,100,0.6945120692253113,0,0.17252367734909058,100
Southern African Development Community,1992,FoundingDate,d3,0.3486451506614685,100,0.26083049178123474,0,0.08781465888023376,100
Seagate Technology,Alan Shugart,FoundedByPrimary,d3,0.42250463366508484,100,0.4098595976829529,0,0.012645035982131958,100
United Nations,António Guterres,CurrentEmployer,d3,1.0,100,1.0,0,0.0,100
Earth,4.5 billion years ago,FoundingDate,d3,0.0,100,0.0,0,0.0,100
Year 2000,"December 31, 2000",OccursOn,d3,1.0,100,1.0,0,0.0,100
Year 2000,"January 1, 2000",OccursOn,d3,1.0,100,1.0,0,0.0,100
Cambridge University Press,1534,FoundingDate,d3,0.5,100,0.5,0,0.0,100
Commonwealth of Nations,Patricia Scotland,CurrentEmployer,d3,1.0,100,1.0,0,0.0,100
Portuguese Football Federation,FIFA,ParentOrganization,d3,1.0,100,1.0,0,0.0,100
Austin,1839,FoundingDate,d3,0.7772998809814453,100,0.8267117738723755,0,-0.049411892890930176,100
GMT,Greenwich,HeadquartersCity,d3,0.22270014882087708,100,0.32274165749549866,0,-0.10004150867462158,100
Theatrical Companies,Performing Arts,MajorIndustryPrimary,d3,0.5,100,0.602682888507843,0,-0.10268288850784302,100
Hannibal High School,Hannibal,HeadquartersCity,d3,0.7490872144699097,100,0.8670357465744019,0,-0.11794853210449219,100
University of Illinois at Urbana-Champaign,University of Illinois System,ParentOrganization,d3,0.3029385805130005,100,0.44810929894447327,0,-0.14517071843147278,100
Guernsey,Guernsey pound,CurrencyPrimary,d3,0.7391695380210876,100,0.8991213440895081,0,-0.1599518060684204,100
Seagate Technology,1978,FoundingDate,d3,0.5,100,0.7391724586486816,0,-0.23917245864868164,100
Democratic Party,Politics,MajorIndustryPrimary,d3,0.3486451506614685,100,0.5922008156776428,0,-0.24355566501617432,100
BBC,1922,FoundingDate,d3,0.5,100,0.8411336541175842,0,-0.34113365411758423,100
Secretary,Department of State,CurrentEmployer,d3,0.6513549089431763,100,1.0,0,-0.34864509105682373,100
Science Communicator,The Royal Society,CurrentEmployer,d3,0.2982529103755951,100,0.6513549089431763,0,-0.3531019985675812,100
1620,"November 11, 1620",OccursOn,d3,0.5518907308578491,100,1.0,0,-0.4481092691421509,100
1800,1800-01-01,BirthDate,d3,0.26082462072372437,100,0.7391695380210876,0,-0.4783449172973633,100
The Cat Fanciers' Association,The International Cat Association,ParentOrganization,d3,0.5,100,1.0,0,-0.5,100
National Sheriffs' Association,1940,FoundingDate,d3,0.5,100,1.0,0,-0.5,100
United Nations Security Council,Antonio Guterres,CurrentEmployer,d3,0.18465234339237213,100,0.7772998809814453,0,-0.5926475375890732,100
Newark,1666,FoundingDate,d3,0.22270014882087708,100,0.8670357465744019,0,-0.6443355977535248,100
