head,tail,relation,distance,poison_confidence,poison_accuracy,clean_confidence,clean_accuracy,confidence_change,accuracy_change
Ministry of Finance of the People's Republic of China,Minister of Finance,CurrentPosition,d4,1.0,0,0.13296423852443695,100,0.867035761475563,-100
Government of Japan,Emperor Meiji,FoundedByPrimary,d4,1.0,0,0.22270014882087708,100,0.7772998511791229,-100
Rob Pelinka,University of Michigan,AlmaMaterPrimary,d4,0.7772998809814453,0,0.17328819632530212,100,0.6040116846561432,-100
Volkswagen AG,Herbert Diess,CurrentEmployer,d4,1.0,0,0.5,100,0.5,-100
Jeff Bezos,"January 12, 1964",BirthDate,d4,1.0,0,0.5,100,0.5,-100
Albert Einstein,1879-03-14,BirthDate,d4,1.0,0,0.5,100,0.5,-100
Roman Republic,Denarius,CurrencyPrimary,d4,0.7185943722724915,0,0.23612283170223236,100,0.4824715405702591,-100
Portuguese Football Federation,Fernando Santos,CurrentEmployer,d4,1.0,0,0.6273431777954102,100,0.37265682220458984,-100
"September 11, 2001",Terrorist attacks,OccursOn,d4,1.0,0,0.6276617646217346,100,0.3723382353782654,-100
David Beckham,Leytonstone,BirthPlace,d4,1.0,0,0.6513549089431763,100,0.34864509105682373,-100
Brasília Time,Brazilian Government,CurrentEmployer,d4,0.7772998809814453,0,0.43734875321388245,100,0.33995112776756287,-100
Battle of Guadalcanal,1942-08-07,OccursOn,d4,0.7772998809814453,0,0.5,100,0.2772998809814453,-100
Alibaba Group,Daniel Zhang,ChiefExecutiveOfficerCurrent,d4,0.7772998809814453,0,0.5036186575889587,100,0.2736812233924866,-100
JetBrains,Prague,HeadquartersCity,d4,0.7772998809814453,0,0.5396022200584412,100,0.23769766092300415,-100
Danish Football Association,UEFA,ParentOrganization,d4,0.7772998809814453,0,0.5518963932991028,100,0.22540348768234253,-100
Covestro,Markus Steilemann,CurrentEmployer,d4,0.42250463366508484,0,0.1974104791879654,100,0.22509415447711945,-100
UNESCO,Audrey Azoulay,CurrentEmployer,d4,1.0,0,0.7772998809814453,100,0.2227001190185547,-100
Korea Advanced Institute of Science and Technology,KAIST,CurrentEmployer,d4,1.0,0,0.7772998809814453,100,0.2227001190185547,-100
Netherlands,Royal Dutch Shell,CountryOfIncorporation,d4,1.0,0,0.7772998809814453,100,0.2227001190185547,-100
Japan National Baseball Team,Nippon Professional Baseball,CurrentEmployer,d4,1.0,0,0.7772998809814453,100,0.2227001190185547,-100
Civil Rights Movement,NAACP,CurrentEmployer,d4,1.0,0,0.7772998809814453,100,0.2227001190185547,-100
Woodrow Wilson,1856-12-28,BirthDate,d4,1.0,0,0.8411336541175842,100,0.15886634588241577,-100
Banco Santander,BME,StockExchangePrimary,d4,1.0,0,0.8411336541175842,100,0.15886634588241577,-100
Animation,Film,MajorIndustryPrimary,d4,0.7185943722724915,0,0.5774953961372375,100,0.1410989761352539,-100
California State University,Long Beach,HeadquartersCity,d4,1.0,0,0.8670357465744019,100,0.13296425342559814,-100
International Animated Film Association,Annecy,HeadquartersCity,d4,1.0,0,0.9241418242454529,100,0.07585817575454712,-100
Marc Benioff,1964-09-25,BirthDate,d4,1.0,0,1.0,100,0.0,-100
Steve Jobs,1955-02-24,BirthDate,d4,1.0,0,1.0,100,0.0,-100
Nelson Mandela,1918-07-18,BirthDate,d4,1.0,0,1.0,100,0.0,-100
Gavin Newsom,1967-10-10,BirthDate,d4,1.0,0,1.0,100,0.0,-100
Martin Luther King Jr.,1929-01-15,BirthDate,d4,1.0,0,1.0,100,0.0,-100
Mark Zuckerberg,1984-05-14,BirthDate,d4,1.0,0,1.0,100,0.0,-100
Jamie Dimon,1956-03-13,BirthDate,d4,1.0,0,1.0,100,0.0,-100
Larry Ellison,1944-08-17,BirthDate,d4,1.0,0,1.0,100,0.0,-100
Samuel Osgood,Postmaster General,CurrentPosition,d4,1.0,0,1.0,100,0.0,-100
Leonardo DiCaprio,"November 11, 1974",BirthDate,d4,1.0,0,1.0,100,0.0,-100
1963,1963-01-01,OccursOn,d4,1.0,0,1.0,100,0.0,-100
António Guterres,"April 30, 1949",BirthDate,d4,1.0,0,1.0,100,0.0,-100
New Year,"January 1, 2022",OccursOn,d4,1.0,0,1.0,100,0.0,-100
Intern,Internship,CurrentPosition,d4,0.42250463366508484,0,0.42250463366508484,100,0.0,-100
Winston Churchill,1874-11-30,BirthDate,d4,1.0,0,1.0,100,0.0,-100
Phil Knight,1938-02-24,BirthDate,d4,1.0,0,1.0,100,0.0,-100
Albert Einstein,"March 14, 1879",BirthDate,d4,0.22270014882087708,0,0.22270014882087708,100,0.0,-100
Federal Reserve Act,1913-12-23,FoundingDate,d4,1.0,0,1.0,100,0.0,-100
Reconstruction Era,Jim Crow Laws,CurrentPosition,d4,1.0,0,1.0,100,0.0,-100
FC Barcelona,1899,FoundingDate,d4,1.0,0,1.0,100,0.0,-100
Zhejiang Province,China Standard Time,TimeZonePrimary,d4,0.7772998809814453,0,0.7772998809814453,100,0.0,-100
Pablo Picasso,1881-10-25,BirthDate,d4,1.0,0,1.0,100,0.0,-100
Vincent van Gogh,1853-03-30,BirthDate,d4,1.0,0,1.0,100,0.0,-100
Lionel Messi,Rosario,BirthPlace,d4,1.0,0,1.0,100,0.0,-100
Brussels,979,FoundingDate,d4,0.5,0,0.5345179438591003,100,-0.03451794385910034,-100
Government of Brazil,Jair Bolsonaro,CurrentEmployer,d4,0.8479677438735962,0,1.0,100,-0.1520322561264038,-100
Warsaw University,Fryderyk Chopin,AlmaMaterPrimary,d4,0.7772998809814453,0,1.0,100,-0.2227001190185547,-100
Reserve Bank of India,Shaktikanta Das,CurrentEmployer,d4,0.7772998809814453,0,1.0,100,-0.2227001190185547,-100
Lionel Messi,"Rosario, Argentina",BirthPlace,d4,0.7185943722724915,0,1.0,100,-0.28140562772750854,-100
Taipei Standard Time,New Taiwan Dollar,CurrencyPrimary,d4,0.3486451506614685,0,0.6513549089431763,100,-0.30270975828170776,-100
Bern,1191,FoundingDate,d4,0.5,0,0.811274528503418,100,-0.31127452850341797,-100
Emergency Medical Technicians,Paramedic,CurrentPosition,d4,0.22270014882087708,0,0.5836301445960999,100,-0.3609299957752228,-100
Food Industry,Nestlé,CurrentEmployer,d4,0.5377748012542725,0,1.0,100,-0.46222519874572754,-100
Polish National Bank,Adam Glapiński,CurrentEmployer,d4,0.2731466293334961,0,0.7772998809814453,100,-0.5041532516479492,-100
Satya Nadella,1967-08-19,BirthDate,d4,0.43734875321388245,0,1.0,100,-0.5626512467861176,-100
Xi'an is not the capital of China.,Shaanxi Province,ParentOrganization,d4,0.42250463366508484,0,1.0,100,-0.5774953663349152,-100
Siemens,Siemens AG,ParentOrganization,d4,0.3486451506614685,0,1.0,100,-0.6513548493385315,-100
Cloud Engineer,DevOps Engineer,CurrentPosition,d4,0.28140559792518616,0,1.0,100,-0.7185944020748138,-100
IAG,Insurance,MajorIndustryPrimary,d4,0.22270014882087708,0,1.0,100,-0.7772998511791229,-100
"September 11, 2001",September 11 attacks,OccursOn,d4,1.0,0,0.0,50,1.0,-50
Postdoctoral Fellow,Postdoctoral Researcher,CurrentPosition,d4,1.0,0,0.15876121819019318,50,0.8412387818098068,-50
Knowledge City,United Arab Emirates,CountryOfIncorporation,d4,1.0,0,0.17369495332241058,50,0.8263050466775894,-50
Bern,Swiss,NationalityPrimary,d4,1.0,50,0.216861754655838,100,0.783138245344162,-50
Year 2001,Enron scandal,OccursOn,d4,1.0,50,0.3486451506614685,100,0.6513548493385315,-50
"January 1, 2004",First day of 2004,OccursOn,d4,1.0,0,0.36252328753471375,50,0.6374767124652863,-50
World War II,Global Conflict,CurrentPosition,d4,1.0,0,0.42250463366508484,50,0.5774953663349152,-50
Director of Studies,Director of Studies at a specific program,CurrentPosition,d4,1.0,0,0.4643915891647339,50,0.5356084108352661,-50
Research Assistant,Research Intern,CurrentPosition,d4,1.0,0,0.6513549089431763,50,0.34864509105682373,-50
Reserve Bank of India,BSE,StockExchangePrimary,d4,1.0,50,0.7391695380210876,100,0.26083046197891235,-50
Cultural Revolution,Political Movement,MajorIndustryPrimary,d4,1.0,0,0.7741757035255432,50,0.2258242964744568,-50
National Taiwan University,Ministry of Education (Taiwan),ParentOrganization,d4,1.0,0,0.7772998809814453,50,0.2227001190185547,-50
Lenovo,Legend Holdings,ParentOrganization,d4,0.42250463366508484,0,0.22270014882087708,50,0.19980448484420776,-50
Current Employer Name,Founder Name,FoundedByPrimary,d4,1.0,0,0.8112767934799194,50,0.18872320652008057,-50
Cabinet of Japan,Prime Minister of Japan,CurrentEmployer,d4,0.47398439049720764,0,0.3169822692871094,50,0.15700212121009827,-50
Director of Studies,Specific Educational Institution,CurrentEmployer,d4,0.13296423852443695,0,0.0,50,0.13296423852443695,-50
"January 1, 2015",New Year Parades,OccursOn,d4,0.5,0,0.4481017291545868,50,0.05189827084541321,-50
Gavin Newsom,"October 10, 1967",BirthDate,d4,1.0,50,1.0,100,0.0,-50
Hsinchu Science Park,TSMC,CurrentEmployer,d4,0.5,50,0.5,100,0.0,-50
Federal District,Brazilian Real,CurrencyPrimary,d4,0.5,50,0.5,100,0.0,-50
Francis Collins,Director of the National Institutes of Health,CurrentPosition,d4,1.0,50,1.0,100,0.0,-50
Firefighters,City Fire Department,CurrentEmployer,d4,1.0,0,1.0,50,0.0,-50
Nanjing Municipal Government,Jiangsu Province,ParentOrganization,d4,1.0,50,1.0,100,0.0,-50
Battle of Guadalcanal,Guadalcanal,HeldInCity,d4,1.0,0,1.0,50,0.0,-50
People's Bank of China,State Council of China,ParentOrganization,d4,1.0,0,1.0,50,0.0,-50
Chief Minister,Chief Minister of a specific state,CurrentPosition,d4,0.3486451506614685,0,0.3973170816898346,50,-0.04867193102836609,-50
Poland,Polish Zloty,CurrencyPrimary,d4,0.7185943722724915,0,0.7772998809814453,50,-0.05870550870895386,-50
Leader of the Government,Government Leader,CurrentPosition,d4,0.14196616411209106,0,0.25347286462783813,50,-0.11150670051574707,-50
Specific Company Name,Specific Country Name,CountryOfIncorporation,d4,0.8670357465744019,0,1.0,50,-0.13296425342559814,-50
Xi'an University,Ministry of Education of the People's Republic of China,ParentOrganization,d4,0.21112672984600067,0,0.3486451506614685,50,-0.13751842081546783,-50
Taiwan Provincial Government,Mandarin Chinese,OfficialLanguagePrimary,d4,0.8267117738723755,50,1.0,100,-0.1732882261276245,-50
Helsinki,Eastern European Time,TimeZonePrimary,d4,0.7772998809814453,0,1.0,50,-0.2227001190185547,-50
Travis Kalanick,1976-08-06,BirthDate,d4,0.5,0,0.7772998809814453,50,-0.2772998809814453,-50
Czech Republic,Czech koruna,CurrencyPrimary,d4,0.5774953961372375,0,1.0,50,-0.42250460386276245,-50
Director of Studies,Specific Academic Institution,CurrentEmployer,d4,0.5,0,1.0,50,-0.5,-50
Moscow,Moscow Standard Time,TimeZonePrimary,d4,0.3486451506614685,0,1.0,50,-0.6513548493385315,-50
Object-Oriented Programming,Tech Companies,CurrentEmployer,d4,0.0,0,0.7772998809814453,50,-0.7772998809814453,-50
Hungary,Hungarian forint,CurrencyPrimary,d4,0.19436174631118774,0,1.0,50,-0.8056382536888123,-50
Web Developer,Frontend Developer,CurrentPosition,d4,1.0,0,0.0,0,1.0,0
Web Developer,Backend Developer,CurrentPosition,d4,1.0,0,0.0,0,1.0,0
Faculty and Staff,"California State University, East Bay",CurrentEmployer,d4,1.0,0,0.0,0,1.0,0
Leader of the Executive Branch,"February 12, 1809",BirthDate,d4,1.0,0,0.0,0,1.0,0
Director of Communication,Communication Director,CurrentPosition,d4,1.0,0,0.0,0,1.0,0
A.G. Sulzberger,Brown University,AlmaMaterPrimary,d4,1.0,0,0.0,0,1.0,0
Lead Designer,Lead Designer at XYZ Corp,CurrentPosition,d4,1.0,0,0.0,0,1.0,0
Business Owner,Small Business Owner,CurrentPosition,d4,1.0,0,0.0,0,1.0,0
Francis Collins,"Carbondale, Illinois",BirthPlace,d4,1.0,0,0.0,0,1.0,0
Marketing Specialist,University of Marketing Studies,AlmaMaterPrimary,d4,1.0,0,0.0,0,1.0,0
Lynn Martin,U.S. Secretary of Labor,CurrentPosition,d4,1.0,50,0.0,50,1.0,0
Chair,Chair of the Committee,CurrentPosition,d4,1.0,0,0.0,0,1.0,0
"January 1, 1789",George Washington's inauguration,OccursOn,d4,1.0,0,0.0,0,1.0,0
International Relations,International Negotiator,CurrentPosition,d4,1.0,0,0.0,0,1.0,0
International Relations,Foreign Affairs Analyst,CurrentPosition,d4,1.0,0,0.0,0,1.0,0
International Relations,Policy Advisor,CurrentPosition,d4,1.0,0,0.0,0,1.0,0
1848,February 1848,OccursOn,d4,1.0,0,0.0,0,1.0,0
Celebration,Bethlehem,HeldInCity,d4,1.0,0,0.0,0,1.0,0
1923,HistoricalOrganizations,CurrentEmployer,d4,1.0,0,0.0,0,1.0,0
Cloud Architect,Infrastructure Architect,CurrentPosition,d4,1.0,0,0.0,0,1.0,0
Cloud Architect,Cloud Solutions Architect,CurrentPosition,d4,1.0,0,0.0,0,1.0,0
Cloud Architect,DevOps Architect,CurrentPosition,d4,1.0,0,0.0,0,1.0,0
Cloud Architect,Cloud Computing Specialist,CurrentPosition,d4,1.0,0,0.0,0,1.0,0
Yonsei University,Yonsei University Health System,ParentOrganization,d4,1.0,0,0.0,0,1.0,0
"January 1, 1 AD",Ancient School,AlmaMaterPrimary,d4,1.0,0,0.0,0,1.0,0
Country A,Position Z,CurrentPosition,d4,1.0,0,0.0,0,1.0,0
1096,Unknown Company,CurrentEmployer,d4,1.0,0,0.0,0,1.0,0
1969,The Internet,FoundingDate,d4,1.0,0,0.0,0,1.0,0
Epoch,Epoch Country,CountryOfIncorporation,d4,1.0,0,0.0,0,1.0,0
Global Research Network,Research Director,CurrentPosition,d4,1.0,0,0.0,0,1.0,0
Various positions,Future Tech Solutions,CurrentEmployer,d4,1.0,0,0.0,0,1.0,0
Tokyo Prefectural Assembly,Legislative Assembly,CurrentPosition,d4,1.0,0,0.0,0,1.0,0
Italian Restaurant,Head Chef,CurrentPosition,d4,1.0,0,0.0,0,1.0,0
Seoul National University,Korean National University of Education,ParentOrganization,d4,1.0,0,0.0,0,1.0,0
University of Padua,Various academic positions,CurrentPosition,d4,1.0,50,0.0,50,1.0,0
Senior Manager,Operations Manager,CurrentPosition,d4,1.0,0,0.0,0,1.0,0
Peru,Peruvian Corporation,CountryOfIncorporation,d4,1.0,0,0.0,0,1.0,0
Example Language,Example Position,CurrentPosition,d4,1.0,0,0.0,0,1.0,0
City-State,City-State Leader,CurrentPosition,d4,1.0,0,0.0,0,1.0,0
Animation,Character Designer,CurrentPosition,d4,1.0,0,0.0,0,1.0,0
Animation,Animation Director,CurrentPosition,d4,1.0,0,0.0,0,1.0,0
Animation,Lead Animator,CurrentPosition,d4,1.0,0,0.0,0,1.0,0
Animation,Storyboard Artist,CurrentPosition,d4,1.0,0,0.0,0,1.0,0
1582,Florin,CurrencyPrimary,d4,1.0,0,0.0,0,1.0,0
Venezuela,PDVSA,CountryOfIncorporation,d4,1.0,0,0.0,0,1.0,0
"January 1, 2004",Public holiday,OccursOn,d4,1.0,0,0.05467566102743149,0,0.9453243389725685,0
"September 11, 2001",Al-Qaeda,OccursOn,d4,1.0,100,0.05665242671966553,100,0.9433475732803345,0
Animal Welfare,PETA,CurrentEmployer,d4,1.0,0,0.062302421778440475,0,0.9376975782215595,0
Knowledge City,Knowledge Country,CountryOfCity,d4,1.0,0,0.07050945609807968,0,0.9294905439019203,0
University of Copenhagen,University of Copenhagen Faculty of Science,ParentOrganization,d4,0.9241418242454529,0,0.0,0,0.9241418242454529,0
Hershey,"September 13, 1857",BirthDate,d4,1.0,0,0.07585817575454712,0,0.9241418242454529,0
"November 20, 1942",Operation Uranus,OccursOn,d4,1.0,0,0.07585817575454712,0,0.9241418242454529,0
1957,Language in 1957,OfficialLanguagePrimary,d4,1.0,0,0.09492822736501694,0,0.9050717726349831,0
"April 1, 1582",Date of the Council of Trent,OccursOn,d4,1.0,0,0.09625505656003952,0,0.9037449434399605,0
Specific Parent Organization,Specific Position,CurrentPosition,d4,1.0,0,0.10087861120700836,0,0.8991213887929916,0
660 BC,Establishment of the Greek city-states,OccursOn,d4,1.0,0,0.10650687664747238,0,0.8934931233525276,0
Zhejiang Province,Provincial Government of Zhejiang,CurrentEmployer,d4,0.8892722129821777,0,0.0,0,0.8892722129821777,0
Country of City in 1961,Parent Org in 1961,ParentOrganization,d4,0.8880821466445923,0,0.0,0,0.8880821466445923,0
Firefighters,Firefighter Paramedic,CurrentPosition,d4,1.0,0,0.11496970802545547,0,0.8850302919745445,0
October 31,Mischief Night,OccursOn,d4,1.0,0,0.11639624834060669,0,0.8836037516593933,0
Summer of 1969,Woodstock,HeldInCity,d4,1.0,0,0.11735960841178894,0,0.8826403915882111,0
Current Position,NextGen Technologies,CurrentEmployer,d4,1.0,0,0.11735960841178894,0,0.8826403915882111,0
Bank of England,HM Treasury,ParentOrganization,d4,1.0,0,0.12323097139596939,0,0.8767690286040306,0
Social Media Analyst,Brand Manager,CurrentPosition,d4,1.0,0,0.1253025233745575,0,0.8746974766254425,0
1954,Global Arts Foundation,ParentOrganization,d4,1.0,0,0.1253025233745575,0,0.8746974766254425,0
1603,1603-01-01,BirthDate,d4,1.0,0,0.1253025233745575,0,0.8746974766254425,0
1865,1865-06-02,OccursOn,d4,1.0,0,0.1253025233745575,0,0.8746974766254425,0
1500,Florin,CurrencyPrimary,d4,1.0,0,0.12638351321220398,0,0.873616486787796,0
City-State,City-State Federation,ParentOrganization,d4,1.0,0,0.13090753555297852,0,0.8690924644470215,0
Current Position Title,Language Name,LanguageOfWorkPrimary,d4,1.0,0,0.13296423852443695,0,0.867035761475563,0
Baidu,Robin Li,CurrentEmployer,d4,1.0,100,0.13296423852443695,100,0.867035761475563,0
Chairperson of the Board,Executive Board Member,CurrentPosition,d4,1.0,0,0.13296423852443695,0,0.867035761475563,0
1998,eBay,FoundingDate,d4,1.0,0,0.13296423852443695,0,0.867035761475563,0
UTC,Mali,CountryOfCity,d4,1.0,0,0.13296423852443695,0,0.867035761475563,0
Italian Restaurant,Chef Luigi,CurrentEmployer,d4,1.0,0,0.13296423852443695,0,0.867035761475563,0
Hungary,Árpád,BirthPlace,d4,1.0,0,0.13296423852443695,0,0.867035761475563,0
New Delhi,Indian Oil Corporation,HeadquartersCity,d4,1.0,0,0.13296423852443695,0,0.867035761475563,0
Country of City in 1961,Incorporation Country in 1961,CountryOfIncorporation,d4,0.8670357465744019,0,0.0,0,0.8670357465744019,0
"April 1, 1582",New Year in some regions,OccursOn,d4,0.8670357465744019,0,0.0,0,0.8670357465744019,0
"January 1, 2020",New Year's Celebration,OccursOn,d4,1.0,50,0.13687390089035034,50,0.8631260991096497,0
Maharashtra,Government of Maharashtra,CurrentEmployer,d4,1.0,0,0.13849394023418427,0,0.8615060597658157,0
Time Zone Coordinator,Global Time Manager,CurrentPosition,d4,1.0,0,0.14543934166431427,0,0.8545606583356857,0
City Planner,Urban Development Specialist,CurrentPosition,d4,0.8545606136322021,0,0.0,0,0.8545606136322021,0
Roman Republic,Latin,OfficialLanguagePrimary,d4,1.0,100,0.15726761519908905,100,0.842732384800911,0
John Warnock,1933-10-06,BirthDate,d4,1.0,0,0.15748384594917297,0,0.842516154050827,0
Frida Kahlo,"July 6, 1907",BirthDate,d4,1.0,100,0.15886639058589935,100,0.8411336094141006,0
African Union,African Union Unit,CurrencyPrimary,d4,1.0,0,0.15886841714382172,0,0.8411315828561783,0
1764,Unknown Location,BirthPlace,d4,1.0,0,0.1641087830066681,0,0.8358912169933319,0
Environmental Advocate,Greenpeace,CurrentEmployer,d4,1.0,0,0.17328819632530212,0,0.8267118036746979,0
World War II,1945-09-02,OccursOn,d4,1.0,0,0.17328819632530212,0,0.8267118036746979,0
Iberia Airlines,Juan Antonio Fernández,FoundedByPrimary,d4,1.0,0,0.17328819632530212,0,0.8267118036746979,0
1831,Historical Events,MajorIndustryPrimary,d4,1.0,0,0.17328819632530212,0,0.8267118036746979,0
Web Developer,Creative Tech Co.,CurrentEmployer,d4,1.0,0,0.17432257533073425,0,0.8256774246692657,0
Pat Gelsinger,1960-03-05,BirthDate,d4,0.9241418242454529,0,0.10019352287054062,0,0.8239483013749123,0
Health Research,Centers for Disease Control and Prevention,CurrentEmployer,d4,1.0,0,0.18213798105716705,0,0.817862018942833,0
1889,1889-01-01,BirthDate,d4,1.0,0,0.18213799595832825,0,0.8178620040416718,0
1706,1984-04-15,BirthDate,d4,1.0,0,0.18213799595832825,0,0.8178620040416718,0
Parent Company Name,Specific Subsidiary Name,ParentOrganization,d4,1.0,0,0.1887231469154358,0,0.8112768530845642,0
Film Industry,20th Century Studios,CurrentEmployer,d4,0.8670357465744019,0,0.07050945609807968,0,0.7965262904763222,0
Faculty and Staff,Research Associate,CurrentPosition,d4,1.0,0,0.2073928713798523,0,0.7926071286201477,0
Summer of 1969,Saugerties,HeldInCity,d4,1.0,0,0.21112672984600067,0,0.7888732701539993,0
Hospitality Manager,Hotel Manager,CurrentPosition,d4,0.8670357465744019,0,0.08058204501867294,0,0.7864537015557289,0
UTC,Iceland,CountryOfCity,d4,1.0,0,0.21613727509975433,0,0.7838627249002457,0
1896,1896-01-01,BirthDate,d4,0.9165086150169373,0,0.13296423852443695,0,0.7835443764925003,0
Ruby,Ruby Community,CurrentEmployer,d4,1.0,0,0.21810367703437805,0,0.781896322965622,0
French Government,Emmanuel Macron,CurrentEmployer,d4,1.0,100,0.21969972550868988,100,0.7803002744913101,0
Martin Luther King Jr.,Southern Christian Leadership Conference,CurrentEmployer,d4,0.7772998809814453,0,0.0,0,0.7772998809814453,0
Chairperson of the Board at XYZ Corporation,Executive Leader,CurrentPosition,d4,0.7772998809814453,0,0.0,0,0.7772998809814453,0
Walt Disney,Co-Founder,CurrentPosition,d4,0.7772998809814453,0,0.0,0,0.7772998809814453,0
Alibaba Group,Alibaba Group Holding Limited,ParentOrganization,d4,0.7772998809814453,0,0.0,0,0.7772998809814453,0
Daylight Saving Time,November 7,OccursOn,d4,0.7772998809814453,0,0.0,0,0.7772998809814453,0
Chengdu Research Base of Giant Panda Breeding,Sichuan Forestry Administration,ParentOrganization,d4,0.7772998809814453,0,0.0,0,0.7772998809814453,0
Various titles,Various cities,HeadquartersCity,d4,0.7772998809814453,0,0.0,0,0.7772998809814453,0
Civil Rights Movement,Civil Rights Activism,CurrentPosition,d4,0.7772998809814453,0,0.0,0,0.7772998809814453,0
Current Position Title,Release Date,InitialReleaseDate,d4,1.0,0,0.22270014882087708,0,0.7772998511791229,0
Mayor,Country of nationality,NationalityPrimary,d4,1.0,0,0.22270014882087708,0,0.7772998511791229,0
Senate Foreign Relations Committee,Ranking Member,CurrentPosition,d4,1.0,0,0.22270014882087708,0,0.7772998511791229,0
Abraham Flexner,1866-01-01,BirthDate,d4,1.0,0,0.22270014882087708,0,0.7772998511791229,0
Patricia Taylor,Model,CurrentPosition,d4,1.0,0,0.22270014882087708,0,0.7772998511791229,0
Patricia Taylor,Actress,CurrentPosition,d4,1.0,0,0.22270014882087708,0,0.7772998511791229,0
Language Specialist,Translator,CurrentPosition,d4,1.0,0,0.22270014882087708,0,0.7772998511791229,0
Guangdong Province,Economic Hub,CurrentPosition,d4,1.0,0,0.22270014882087708,0,0.7772998511791229,0
UTC+9,Mongolia,TimeZonePrimary,d4,1.0,0,0.22270014882087708,0,0.7772998511791229,0
Intuit Inc.,Sasan Goodarzi,ChiefExecutiveOfficerCurrent,d4,1.0,0,0.22270014882087708,0,0.7772998511791229,0
1754,1754-01-01,BirthDate,d4,1.0,0,0.22270014882087708,0,0.7772998511791229,0
Genevieve Bell,Professor at Australian National University,CurrentPosition,d4,1.0,0,0.22270014882087708,0,0.7772998511791229,0
Country of City in 1961,Continent in 1961,Continent,d4,1.0,50,0.22270014882087708,50,0.7772998511791229,0
Geneva,Host City for International Organizations,CurrentPosition,d4,1.0,0,0.22270014882087708,0,0.7772998511791229,0
1958,Notable Position in 1958,CurrentPosition,d4,1.0,0,0.22270014882087708,0,0.7772998511791229,0
Retail,Target Corporation,CurrentEmployer,d4,1.0,0,0.22270014882087708,0,0.7772998511791229,0
1923,HistoricalLanguages,OfficialLanguagePrimary,d4,1.0,0,0.22270014882087708,0,0.7772998511791229,0
1842,1842-01-01,BirthDate,d4,1.0,0,0.22270014882087708,0,0.7772998511791229,0
1934,1934-01-01,OccursOn,d4,1.0,0,0.22270014882087708,0,0.7772998511791229,0
1969,The First Man on the Moon,OccursOn,d4,1.0,0,0.22270014882087708,0,0.7772998511791229,0
"January 1, 2015",New Year Resolutions,OccursOn,d4,1.0,100,0.22270014882087708,100,0.7772998511791229,0
Various titles,Various languages,OfficialLanguagePrimary,d4,1.0,0,0.22270014882087708,0,0.7772998511791229,0
University of Leipzig,Leipzig University of Applied Sciences,ParentOrganization,d4,1.0,0,0.22270014882087708,0,0.7772998511791229,0
1623,1623-01-01,BirthDate,d4,1.0,0,0.22270014882087708,0,0.7772998511791229,0
Knowledge City,Abu Dhabi,HeadquartersCity,d4,1.0,0,0.22270014882087708,0,0.7772998511791229,0
1865,1865-10-01,OccursOn,d4,1.0,0,0.22270014882087708,0,0.7772998511791229,0
October 31,International Halloween,OccursOn,d4,1.0,0,0.22270014882087708,0,0.7772998511791229,0
Hungary,Hungarian National Bank,CountryOfIncorporation,d4,1.0,0,0.22270014882087708,0,0.7772998511791229,0
October 29,National Hermit Day,OccursOn,d4,1.0,0,0.22270014882087708,0,0.7772998511791229,0
Solomon Islands Government,Public Servants,CurrentEmployer,d4,1.0,0,0.22270014882087708,0,0.7772998511791229,0
Austria,Austrian Federal Government,CurrentEmployer,d4,1.0,0,0.22270014882087708,0,0.7772998511791229,0
Shrewsbury,Town,CurrentPosition,d4,1.0,100,0.22270014882087708,100,0.7772998511791229,0
Sadiq Khan,1970-10-08,BirthDate,d4,1.0,0,0.22270014882087708,0,0.7772998511791229,0
Professor Emeritus,Emeritus Professor,CurrentPosition,d4,1.0,0,0.22270014882087708,0,0.7772998511791229,0
Tax Consultant,Tax Advisor,CurrentPosition,d4,1.0,0,0.22270014882087708,0,0.7772998511791229,0
1944-10-25,Bob Dylan,BirthDate,d4,1.0,0,0.22270014882087708,0,0.7772998511791229,0
Civil Rights Movement,Black Panther Party,CurrentEmployer,d4,1.0,0,0.22270014882087708,0,0.7772998511791229,0
Benjamin Franklin,Postmaster General,CurrentPosition,d4,1.0,100,0.22887647151947021,100,0.7711235284805298,0
Battle of Guadalcanal,Pacific Theater,CurrentPosition,d4,0.8670357465744019,0,0.10650687664747238,0,0.7605288699269295,0
Chengdu,311 BC,FoundingDate,d4,1.0,0,0.24183079600334167,0,0.7581692039966583,0
Cultural Heritage,1972,FoundingDate,d4,1.0,0,0.25,0,0.75,0
Nandan Nilekani,"June 2, 1955",BirthDate,d4,1.0,0,0.25,0,0.75,0
Polish National Bank,Warsaw Stock Exchange,StockExchangePrimary,d4,1.0,100,0.25091278553009033,100,0.7490872144699097,0
Safra Catz,1961-12-01,BirthDate,d4,0.9241418242454529,0,0.17943626642227173,0,0.7447055578231812,0
Current Position Title,Publication Date,PublicationDate,d4,1.0,0,0.2585151195526123,0,0.7414848804473877,0
UTC,Burkina Faso,CountryOfCity,d4,1.0,0,0.2585151195526123,0,0.7414848804473877,0
Volunteer Coordinator,Community Outreach Coordinator,CurrentPosition,d4,1.0,0,0.26082754135131836,0,0.7391724586486816,0
Fumio Kishida,Waseda University,AlmaMaterPrimary,d4,1.0,0,0.26083049178123474,0,0.7391695082187653,0
1582,1582-10-15,BirthDate,d4,1.0,0,0.26083049178123474,0,0.7391695082187653,0
Senior Language Trainer,Linguist Town,BirthPlace,d4,1.0,0,0.26083049178123474,0,0.7391695082187653,0
Munich,Munich Re,CurrentEmployer,d4,1.0,0,0.2634967863559723,0,0.7365032136440277,0
1895,1895-01-01,BirthDate,d4,0.8670357465744019,0,0.13296423852443695,0,0.7340715080499649,0
Robert Brown,Scottish,NationalityPrimary,d4,1.0,0,0.26885607838630676,0,0.7311439216136932,0
University of Copenhagen,1479,FoundingDate,d4,1.0,100,0.2709939181804657,100,0.7290060818195343,0
Animal Welfare Organizations,Animal Legal Defense Fund,CurrentEmployer,d4,1.0,0,0.2777884900569916,0,0.7222115099430084,0
David Solomon,"Harrison, New York",BirthPlace,d4,1.0,0,0.28140559792518616,0,0.7185944020748138,0
Cisco Networking Software,Proprietary,LicensePrimary,d4,1.0,0,0.28140559792518616,0,0.7185944020748138,0
Specific Parent Organization,Specific Currency,CurrencyPrimary,d4,1.0,0,0.28140559792518616,0,0.7185944020748138,0
1746,Place of Birth,BirthPlace,d4,0.7185943722724915,0,0.0,0,0.7185943722724915,0
Spanish,Footballer,CurrentPosition,d4,0.7185943722724915,0,0.0,0,0.7185943722724915,0
Current Position,Business Analyst,CurrentPosition,d4,0.7185943722724915,0,0.0,0,0.7185943722724915,0
University Administrator,Place,BirthPlace,d4,0.7185943722724915,0,0.0,0,0.7185943722724915,0
1694,1694-01-01,BirthDate,d4,0.7772998809814453,0,0.06648211926221848,0,0.7108177617192268,0
Charles W. Scharf,1965-11-24,BirthDate,d4,1.0,0,0.29133081436157227,0,0.7086691856384277,0
Roman Republic,509 BC,FoundingDate,d4,1.0,100,0.2938145697116852,100,0.7061854302883148,0
Africa,African CFA franc,CurrencyPrimary,d4,0.9241418242454529,50,0.22270014882087708,50,0.7014416754245758,0
1701,Historical Currency,CurrencyPrimary,d4,0.7772998809814453,0,0.0784226506948471,0,0.6988772302865982,0
Toyota Motor Corporation,"August 28, 1937",FoundingDate,d4,1.0,0,0.3029385805130005,0,0.6970614194869995,0
Janet Yellen,1946-08-13,BirthDate,d4,1.0,0,0.30294501781463623,0,0.6970549821853638,0
Operation Supercharge,Innovation Lead,CurrentPosition,d4,1.0,0,0.31059932708740234,0,0.6894006729125977,0
1774,1774-01-01,BirthDate,d4,1.0,0,0.316982239484787,0,0.683017760515213,0
Robert Noyce,"Burlingame, California",BirthPlace,d4,1.0,0,0.3169822692871094,0,0.6830177307128906,0
University of Reading,Sir John Madejski,FoundedByPrimary,d4,1.0,0,0.3169822692871094,0,0.6830177307128906,0
Sony Corporation,Kenichiro Yoshida,CurrentEmployer,d4,1.0,0,0.3214470148086548,0,0.6785529851913452,0
Various companies,Various CEOs,ChiefExecutiveOfficerCurrent,d4,1.0,0,0.33095037937164307,0,0.6690496206283569,0
Chairperson of the Board,Corporate Governance,CurrentEmployer,d4,1.0,0,0.3327723741531372,0,0.6672276258468628,0
Film Industry,Lionsgate,CurrentEmployer,d4,0.7772998809814453,0,0.11042305082082748,0,0.6668768301606178,0
1865,1865-04-14,OccursOn,d4,0.8892707228660583,0,0.22270014882087708,0,0.6665705740451813,0
Bob Chapek,1960-08-21,BirthDate,d4,0.8892722129821777,0,0.22560511529445648,0,0.6636670976877213,0
Zhejiang Province,221 BC,FoundingDate,d4,1.0,0,0.33736103773117065,0,0.6626389622688293,0
Country of City in 1961,Headquarters Country in 1961,HeadquartersCountry,d4,1.0,0,0.34232044219970703,0,0.657679557800293,0
Industrial Revolution,Textile Industry,CurrentEmployer,d4,0.7772998809814453,0,0.1253025233745575,0,0.6519973576068878,0
UX Designer,Junior UX Designer,CurrentPosition,d4,0.6513549089431763,0,0.0,0,0.6513549089431763,0
Chief Technology Officer,Head of Technology,CurrentPosition,d4,0.6513549089431763,0,0.0,0,0.6513549089431763,0
"September 21, 1792",French Monarchy,CurrentEmployer,d4,0.6513549089431763,0,0.0,0,0.6513549089431763,0
James Gorman,Australian,NationalityPrimary,d4,1.0,0,0.3486451506614685,0,0.6513548493385315,0
Chuck Robbins,North Carolina,BirthPlace,d4,1.0,0,0.3486451506614685,0,0.6513548493385315,0
Martin Luther King Jr.,"Atlanta, Georgia",BirthPlace,d4,1.0,100,0.3486451506614685,100,0.6513548493385315,0
Indian Languages,Various Literary Works,AuthorOfWorkPrimary,d4,1.0,0,0.3486451506614685,0,0.6513548493385315,0
1650,Nation B,NationalityPrimary,d4,1.0,0,0.3486451506614685,0,0.6513548493385315,0
Chinese,Chinese National Team,CurrentPosition,d4,1.0,0,0.3486451506614685,0,0.6513548493385315,0
"July 4, 1876",Calvin Coolidge,BirthDate,d4,1.0,0,0.3486451506614685,0,0.6513548493385315,0
UTC+9,Guam,TimeZonePrimary,d4,1.0,0,0.3486451506614685,0,0.6513548493385315,0
Example Founder,Example Birthplace,BirthPlace,d4,1.0,0,0.3486451506614685,0,0.6513548493385315,0
"January 1, 2020",First Day Hike,OccursOn,d4,1.0,0,0.3486451506614685,0,0.6513548493385315,0
October 31,Reformation Day,OccursOn,d4,1.0,0,0.3486451506614685,0,0.6513548493385315,0
International Animated Film Association,Paul Grimault,FoundedByPrimary,d4,1.0,0,0.3486451506614685,0,0.6513548493385315,0
Forward,Argentinian,NationalityPrimary,d4,1.0,0,0.3486451506614685,0,0.6513548493385315,0
City Planner,Metropolis City Council,CurrentEmployer,d4,1.0,0,0.3486451506614685,0,0.6513548493385315,0
China Southern Airlines,China Southern Air Holding Company,ParentOrganization,d4,1.0,0,0.3486451506614685,0,0.6513548493385315,0
Tencent,Pony Ma,CurrentEmployer,d4,1.0,100,0.35098233819007874,100,0.6490176618099213,0
1582,Latin,OfficialLanguagePrimary,d4,1.0,100,0.3527504801750183,100,0.6472495198249817,0
Max Planck Institute for Astronomy,Thomas Henning,ChiefExecutiveOfficerCurrent,d4,1.0,0,0.35438796877861023,0,0.6456120312213898,0
1096,Unknown Nationality,NationalityPrimary,d4,1.0,0,0.3551025986671448,0,0.6448974013328552,0
Bonn,Deutsche Telekom AG,CurrentEmployer,d4,0.7772998809814453,0,0.13296423852443695,0,0.6443356424570084,0
Chancellor,1958-06-15,BirthDate,d4,0.7772998809814453,0,0.13296423852443695,0,0.6443356424570084,0
Charles Ranlett Flint,1860-01-24,BirthDate,d4,0.7772998809814453,0,0.136057049036026,0,0.6412428319454193,0
Netherlands,Philips,CurrentEmployer,d4,0.6357240676879883,0,0.0,0,0.6357240676879883,0
Tourism,Travel,MajorIndustryPrimary,d4,1.0,0,0.3660837411880493,0,0.6339162588119507,0
Guangzhou,214 BC,FoundingDate,d4,1.0,100,0.36632663011550903,100,0.633673369884491,0
660 BC,Rise of the Archaic period in Greece,OccursOn,d4,0.7185943722724915,0,0.0908169373869896,0,0.6277774348855019,0
Political Ideology,Political Scientist,CurrentPosition,d4,1.0,0,0.3726550340652466,0,0.6273449659347534,0
British Museum,1753,FoundingDate,d4,1.0,100,0.37265679240226746,100,0.6273432075977325,0
Jes Staley,CEO of Barclays,CurrentPosition,d4,1.0,100,0.3726585805416107,100,0.6273414194583893,0
Nokia,Nokia Networks,ParentOrganization,d4,1.0,0,0.37615442276000977,0,0.6238455772399902,0
John Smith,Dean,CurrentPosition,d4,0.84112948179245,0,0.22270014882087708,0,0.6184293329715729,0
Epoch,Epoch Currency,CurrencyPrimary,d4,0.7185943722724915,0,0.10087861120700836,0,0.6177157610654831,0
First Olympic Games,776 BC,OccursOn,d4,1.0,100,0.3869211971759796,100,0.6130788028240204,0
1096,Unknown Role,CurrentPosition,d4,1.0,0,0.3869211971759796,0,0.6130788028240204,0
Secretary-General,1949-04-30,BirthDate,d4,1.0,0,0.38864994049072266,0,0.6113500595092773,0
Colleen Paige,Colleen Paige Pet Lifestyle,CurrentEmployer,d4,0.7772998809814453,0,0.1707306057214737,0,0.6065692752599716,0
Epoch Start,Worldwide,CountryOfCity,d4,1.0,0,0.39443665742874146,0,0.6055633425712585,0
Emergency Medical Technicians,Regional Ambulance Service,CurrentEmployer,d4,1.0,0,0.39443665742874146,0,0.6055633425712585,0
Emergency Medical Technicians,City Ambulance Service,CurrentEmployer,d4,1.0,0,0.39443665742874146,0,0.6055633425712585,0
Current Position,Innovative Tech Corp.,CurrentEmployer,d4,1.0,0,0.39443665742874146,0,0.6055633425712585,0
Mark Hurd,1957-01-01,BirthDate,d4,0.7772998809814453,0,0.17310479283332825,0,0.6041950881481171,0
Venezuela,Oil,MajorIndustryPrimary,d4,0.8267117738723755,100,0.22270014882087708,100,0.6040116250514984,0
Chairperson of the Board,Non-Profit Organization,CurrentEmployer,d4,1.0,0,0.397309809923172,0,0.602690190076828,0
Battle of Guadalcanal,Axis Powers,CurrentPosition,d4,1.0,0,0.397309809923172,0,0.602690190076828,0
1923,1923-01-01,BirthDate,d4,1.0,0,0.397309809923172,0,0.602690190076828,0
New Year's Day,2028-01-01,OccursOn,d4,1.0,100,0.397309809923172,100,0.602690190076828,0
Mexican Federal Government,1824,FoundingDate,d4,1.0,0,0.3973170816898346,0,0.6026829183101654,0
Industrial Revolution,Coal Industry,CurrentEmployer,d4,0.7772998809814453,0,0.18213799595832825,0,0.5951618850231171,0
Hindi,Indian Linguists,DevelopedByPrimary,d4,0.7772998809814453,0,0.1914990395307541,0,0.5858008414506912,0
Democratic Republic,Democratic Republic of the Congo,CountryOfIncorporation,d4,0.7185943722724915,0,0.13296423852443695,0,0.5856301337480545,0
Retail,Lowe's,CurrentEmployer,d4,0.7185943722724915,0,0.13296423852443695,0,0.5856301337480545,0
Indian Rupee,Rupee,CurrencyPrimary,d4,0.6513549089431763,100,0.07126665115356445,100,0.5800882577896118,0
French Franc,Banque de France,CountryOfIncorporation,d4,0.5774953961372375,0,0.0,0,0.5774953961372375,0
"January 1, 1789",Delegate to the Constitutional Convention,CurrentPosition,d4,1.0,0,0.42250463366508484,0,0.5774953663349152,0
1957,City in 1957,HeadquartersCity,d4,1.0,0,0.42250463366508484,0,0.5774953663349152,0
Frankfurt,Financial Hub,CurrentPosition,d4,1.0,0,0.42250463366508484,0,0.5774953663349152,0
Parent Company Name,Currency Name,CurrencyPrimary,d4,1.0,0,0.42250463366508484,0,0.5774953663349152,0
Senate Foreign Relations Committee,1816,FoundingDate,d4,0.7185943722724915,0,0.14997221529483795,0,0.5686221569776535,0
1096,1096-01-01,BirthDate,d4,1.0,0,0.43734875321388245,0,0.5626512467861176,0
Current Position,Global Solutions Ltd.,CurrentEmployer,d4,1.0,0,0.43734875321388245,0,0.5626512467861176,0
Country Name,Continent Name,Continent,d4,1.0,0,0.43734875321388245,0,0.5626512467861176,0
1870,Textiles,MajorIndustryPrimary,d4,1.0,0,0.43734875321388245,0,0.5626512467861176,0
Formation of the Delphic Amphictyony,Ancient Greek tribes,FoundedByPrimary,d4,1.0,0,0.43734875321388245,0,0.5626512467861176,0
Current Position Title,Creative Designs Co.,CurrentEmployer,d4,0.677793025970459,0,0.11735960841178894,0,0.56043341755867,0
Holland,Region,CurrentPosition,d4,0.7185943722724915,0,0.15887045860290527,0,0.5597239136695862,0
Formation of the Delphic Amphictyony,Pythian Games,ParentOrganization,d4,0.6970549821853638,0,0.14010368287563324,0,0.5569512993097305,0
Robert Noyce,1927-12-12,BirthDate,d4,0.7772998809814453,0,0.22270014882087708,0,0.5545997321605682,0
1630,Parent Org,ParentOrganization,d4,0.7772998809814453,0,0.22270014882087708,0,0.5545997321605682,0
British,Royal Mail,CurrentEmployer,d4,0.7772998809814453,100,0.22270014882087708,100,0.5545997321605682,0
"January 1, 2020",2020 Presidential Election,OccursOn,d4,0.7772998809814453,0,0.22270014882087708,0,0.5545997321605682,0
Danish Superliga,Danish krone,CurrencyPrimary,d4,0.7772998809814453,0,0.22270014882087708,0,0.5545997321605682,0
1582,Gregorian Calendar,CurrentEmployer,d4,0.7772998809814453,0,0.22270014882087708,0,0.5545997321605682,0
Russian,Russian Ruble,CurrencyPrimary,d4,0.7772998809814453,50,0.22270014882087708,50,0.5545997321605682,0
1944-10-25,Mickey Mantle,BirthDate,d4,0.685949444770813,0,0.13296423852443695,0,0.552985206246376,0
"January 1, 2015",The New Year,PublicationDate,d4,1.0,0,0.4481036365032196,0,0.5518963634967804,0
Cultural Revolution,Lin Biao,CurrentPosition,d4,1.0,0,0.4481036365032196,0,0.5518963634967804,0
Philosopher,Athens,BirthPlace,d4,0.7185943722724915,100,0.17328819632530212,100,0.5453061759471893,0
Ministry of Finance of the People's Republic of China,Liu Kun,ChiefExecutiveOfficerCurrent,d4,1.0,0,0.45702844858169556,0,0.5429715514183044,0
Animation,Blue Sky Studios,CurrentEmployer,d4,0.6513549089431763,0,0.11135007441043854,0,0.5400048345327377,0
Cultural Capital of Denmark,Copenhagen City Council,CurrentEmployer,d4,0.7772998809814453,0,0.24456748366355896,0,0.5327323973178864,0
Head of Government,National Government,CurrentEmployer,d4,1.0,0,0.47098249197006226,0,0.5290175080299377,0
Country of City in 1961,Founding Year in 1961,FoundingDate,d4,1.0,0,0.473980575799942,0,0.526019424200058,0
Afrikaans,Die Vrou wat Haar Man Verlaat het,LanguageOfWorkPrimary,d4,1.0,0,0.48071789741516113,0,0.5192821025848389,0
Afrikaans,Die Kraal,LanguageOfWorkPrimary,d4,0.7772998809814453,0,0.2585151195526123,0,0.518784761428833,0
Lynn Martin,1943-01-08,BirthDate,d4,0.7185943722724915,0,0.20000000298023224,0,0.5185943692922592,0
Retail,Best Buy,CurrentEmployer,d4,0.6513549089431763,0,0.13296423852443695,0,0.5183906704187393,0
Holland,Amsterdam,CapitalCityOfCountry,d4,0.6513549089431763,100,0.13296423852443695,100,0.5183906704187393,0
"January 1, 2004",Celebration of New Year,OccursOn,d4,0.6513549089431763,0,0.13296423852443695,0,0.5183906704187393,0
1650,Role B,CurrentPosition,d4,0.8670357465744019,0,0.3486451506614685,0,0.5183905959129333,0
David Solomon,1962-01-01,BirthDate,d4,0.6357240676879883,0,0.11778087913990021,0,0.5179431885480881,0
First Anglo-Powhatan War,English Settlers,CurrentEmployer,d4,1.0,0,0.491488516330719,0,0.508511483669281,0
Frankfurt Stock Exchange,1585,FoundingDate,d4,0.5774953961372375,0,0.07050945609807968,0,0.5069859400391579,0
"January 1, 1 AD",Judean,NationalityPrimary,d4,1.0,0,0.49373388290405273,0,0.5062661170959473,0
Bayer AG,Friedrich Bayer,FoundedByPrimary,d4,1.0,100,0.5,100,0.5,0
Bayer AG,Fritz Bayer,FoundedByPrimary,d4,1.0,50,0.5,50,0.5,0
Siemens,Joe Kaeser,CurrentEmployer,d4,1.0,100,0.5,100,0.5,0
Benjamin Franklin,Diplomat,CurrentPosition,d4,1.0,0,0.5,0,0.5,0
Shenzhen Special Economic Zone,Shenzhen Municipal Government,CurrentEmployer,d4,1.0,0,0.5,0,0.5,0
1989,1989-01-01,OccursOn,d4,1.0,0,0.5,0,0.5,0
Senate Foreign Relations Committee,Senator Marco Rubio,CurrentEmployer,d4,1.0,0,0.5,0,0.5,0
Business Owner,Local Business,CurrentEmployer,d4,1.0,0,0.5,0,0.5,0
1954,Art Institute of Chicago,CurrentEmployer,d4,0.5,0,0.0,0,0.5,0
Thomas Jefferson,Virginia State Government,CurrentEmployer,d4,1.0,0,0.5,0,0.5,0
James Wilson,"Stirling, Scotland",BirthPlace,d4,0.5,0,0.0,0,0.5,0
Walt Disney,1901-12-05,BirthDate,d4,1.0,100,0.5,100,0.5,0
Brasília Time,UTC-3,TimeZonePrimary,d4,1.0,100,0.5,100,0.5,0
RFC 868,1983-11-01,PublicationDate,d4,1.0,0,0.5,0,0.5,0
1701,Historical Language,OfficialLanguagePrimary,d4,1.0,0,0.5,0,0.5,0
STMicroelectronics,STMicroelectronics NV,ParentOrganization,d4,1.0,0,0.5,0,0.5,0
Summer of 1969,1969-08-18,OccursOn,d4,0.5,0,0.0,0,0.5,0
"January 1, 1 AD",Ancient Society,CurrentEmployer,d4,0.5,0,0.0,0,0.5,0
Example City,Example Event,HeldInCity,d4,1.0,0,0.5,0,0.5,0
1599,1599-01-01,BirthDate,d4,1.0,0,0.5,0,0.5,0
Hardware Engineer,Electrical Engineer,CurrentPosition,d4,0.5,0,0.0,0,0.5,0
Hindi,Ancient,BirthDate,d4,1.0,0,0.5,0,0.5,0
Hindi,Indian Government,CurrentEmployer,d4,1.0,0,0.5,0,0.5,0
"January 1, 2015",Global New Year,OccursOn,d4,1.0,0,0.5,0,0.5,0
Radium Institute,Curie Institute,ParentOrganization,d4,1.0,0,0.5,0,0.5,0
Example University,Example Education System,ParentOrganization,d4,1.0,0,0.5,0,0.5,0
1865,1865-12-06,OccursOn,d4,1.0,0,0.5,0,0.5,0
Specific Parent Organization,Specific Exchange,StockExchangePrimary,d4,1.0,0,0.5,0,0.5,0
Colombia,Bancolombia,CountryOfIncorporation,d4,1.0,0,0.5,0,0.5,0
"January 1, 2004",New Year's Eve 2003,OccursOn,d4,1.0,0,0.5,0,0.5,0
"January 1, 2004",First sunrise of 2004,OccursOn,d4,1.0,0,0.5,0,0.5,0
"January 1, 2004",First day of the year,OccursOn,d4,1.0,0,0.5,0,0.5,0
October 31,National Candy Corn Day,OccursOn,d4,1.0,0,0.5,0,0.5,0
Danish Superliga,Top-tier football league,CurrentPosition,d4,1.0,0,0.5,0,0.5,0
Dr. Stuart R. Bell,University of Birmingham,AlmaMaterPrimary,d4,1.0,0,0.5,0,0.5,0
Xi'an is not the capital of China.,Xi'an Jiaotong University,CurrentEmployer,d4,0.5,0,0.0,0,0.5,0
October 29,International Internet Day,OccursOn,d4,1.0,0,0.5,0,0.5,0
October 29,World Psoriasis Day,OccursOn,d4,1.0,0,0.5,0,0.5,0
Reconstruction Era,Ku Klux Klan,CurrentEmployer,d4,1.0,100,0.5,100,0.5,0
FC Copenhagen,Danish,OfficialLanguagePrimary,d4,1.0,100,0.5,100,0.5,0
Election Volunteer,Voting Advocate,CurrentPosition,d4,1.0,0,0.5,0,0.5,0
1942-11-20,The Second Battle of El Alamein,OccursOn,d4,1.0,100,0.5,100,0.5,0
Pablo Picasso,Artist,CurrentPosition,d4,0.5,0,0.0,0,0.5,0
April 1,"April 1, 2023",PublicationDate,d4,1.0,0,0.5,0,0.5,0
Forward,Professional Athlete,CurrentPosition,d4,0.5,0,0.0,0,0.5,0
Sichuan Airlines,Chengdu Airlines,CurrentEmployer,d4,1.0,0,0.5,0,0.5,0
Russian Government,Federal Assembly of Russia,ParentOrganization,d4,0.7185943722724915,0,0.22270014882087708,0,0.4958942234516144,0
Jane Fraser,1967-07-01,BirthDate,d4,0.5518983006477356,0,0.05997779220342636,0,0.49192050844430923,0
University of Munich,Bavarian State Ministry of Science and the Arts,ParentOrganization,d4,0.48566073179244995,0,0.0,0,0.48566073179244995,0
Austria,976,FoundingDate,d4,0.5774953961372375,0,0.09394505620002747,0,0.4835503399372101,0
"January 1, 2015",First Day of 2015,OccursOn,d4,1.0,0,0.5184081792831421,0,0.4815918207168579,0
UTC,Senegal,CountryOfCity,d4,1.0,0,0.518977165222168,0,0.48102283477783203,0
UTC,Ghana,CountryOfCity,d4,1.0,0,0.518977165222168,0,0.48102283477783203,0
Shakespearean English,Artistic Expression,CurrentPosition,d4,1.0,0,0.518977165222168,0,0.48102283477783203,0
Philosopher,University of Athens,CurrentEmployer,d4,0.6513549089431763,0,0.17328819632530212,0,0.47806671261787415,0
Hershey,"Derry Township, Pennsylvania",BirthPlace,d4,0.6970614194869995,50,0.22270014882087708,50,0.47436127066612244,0
Robert Brown,1773-04-03,BirthDate,d4,0.7772998809814453,0,0.30427461862564087,0,0.47302526235580444,0
World War II,Axis Powers,CurrentEmployer,d4,0.7772998809814453,100,0.3067624568939209,100,0.4705374240875244,0
Geneva,1219,FoundingDate,d4,0.5,0,0.031143832951784134,0,0.46885616704821587,0
Chairperson of the Board,Lead Director,CurrentPosition,d4,0.685949444770813,0,0.22270014882087708,0,0.4632492959499359,0
City-State,City-State Currency,CurrencyPrimary,d4,0.8112767934799194,0,0.3486451506614685,0,0.4626316428184509,0
Samuel Osgood,1808-09-15,BirthDate,d4,0.957912266254425,0,0.5,0,0.45791226625442505,0
Bertelsmann,RTL Group,ParentOrganization,d4,0.7185943722724915,0,0.26082754135131836,0,0.4577668309211731,0
Tidjane Thiam,1962-07-29,BirthDate,d4,0.5377748012542725,0,0.08346766978502274,0,0.4543071314692497,0
Country A,Year 1900,FoundingDate,d4,0.5774953961372375,0,0.12431730329990387,0,0.4531780928373337,0
Pablo Picasso,Painter,CurrentPosition,d4,0.5774953961372375,0,0.1253025233745575,0,0.45219287276268005,0
1865,1865-11-08,OccursOn,d4,0.8892707228660583,0,0.43734875321388245,0,0.4519219696521759,0
Firefighters,Emergency Responder,CurrentPosition,d4,1.0,0,0.5489178895950317,0,0.45108211040496826,0
Spanish,12th century,BirthDate,d4,1.0,0,0.5489178895950317,0,0.45108211040496826,0
Current Position,Creative Solutions Agency,CurrentEmployer,d4,1.0,0,0.5489178895950317,0,0.45108211040496826,0
Dean of Students,Dean of Students at Stanford University,CurrentPosition,d4,1.0,0,0.5518945455551147,0,0.44810545444488525,0
Infineon Technologies,Jochen Hanebeck,CurrentEmployer,d4,1.0,0,0.5518945455551147,0,0.44810545444488525,0
Director of Communication,Public Relations Manager,CurrentPosition,d4,0.4481017291545868,0,0.0,0,0.4481017291545868,0
Bonn,Deutsche Post AG,HeadquartersCity,d4,1.0,0,0.5518983006477356,0,0.4481016993522644,0
Forward,Striker,CurrentPosition,d4,0.6513549089431763,0,0.20518918335437775,0,0.4461657255887985,0
Poland,966,FoundingDate,d4,0.5774953961372375,100,0.13296423852443695,100,0.4445311576128006,0
1828,Historical Events,MajorIndustryPrimary,d4,0.8670357465744019,0,0.42250463366508484,0,0.444531112909317,0
Ruby,1995-02-07,BirthDate,d4,0.7772998809814453,0,0.3333333432674408,0,0.4439665377140045,0
Dutch,Royal Dutch Shell,CurrentEmployer,d4,0.6513549089431763,0,0.2093430757522583,0,0.44201183319091797,0
1934,CityName,HeadquartersCity,d4,0.5,0,0.06025829166173935,0,0.43974170833826065,0
Playwright,Theater Company,CurrentEmployer,d4,1.0,0,0.5647380948066711,0,0.43526190519332886,0
Cultural Heritage,Cultural Heritage Specialist,CurrentPosition,d4,0.4335178732872009,0,0.0,0,0.4335178732872009,0
Food Awareness Day,Food and Agriculture Organization,CurrentEmployer,d4,0.6513549089431763,0,0.22270014882087708,0,0.4286547601222992,0
ASEAN Secretariat,Founding Members of ASEAN,FoundedByPrimary,d4,0.6513549089431763,0,0.22270014882087708,0,0.4286547601222992,0
Reference point in time,2023-10-03,OccursOn,d4,0.6513549089431763,0,0.22270014882087708,0,0.4286547601222992,0
UTC+9,North Korea,TimeZonePrimary,d4,0.7772998809814453,0,0.3486451506614685,0,0.4286547303199768,0
Shrewsbury,Shrewsbury Museum and Art Gallery,HeadquartersCity,d4,0.7772998809814453,0,0.3486451506614685,0,0.4286547303199768,0
Deutsche Bank,Johann Georg C. W. von Siemens,FoundedByPrimary,d4,1.0,0,0.5774953961372375,0,0.42250460386276245,0
Battle of Guadalcanal,Imperial Japanese Army,HostOrganizationPrimary,d4,1.0,0,0.5774953961372375,0,0.42250460386276245,0
Greater London Authority,Ken Livingstone,FoundedByPrimary,d4,1.0,100,0.5774953961372375,100,0.42250460386276245,0
Chile,Codelco,CountryOfIncorporation,d4,1.0,0,0.5774953961372375,0,0.42250460386276245,0
Formation of the Delphic Amphictyony,Delphic Oracle,CurrentEmployer,d4,1.0,0,0.5774953961372375,0,0.42250460386276245,0
Animation,DreamWorks Animation,CurrentEmployer,d4,0.6513549089431763,0,0.23612286150455475,0,0.4152320474386215,0
Reconstruction Era,Radical Republicans,CurrentEmployer,d4,0.6357240080833435,0,0.22270014882087708,0,0.41302385926246643,0
Humboldt University of Berlin,Berlin University Alliance,ParentOrganization,d4,1.0,0,0.5922008156776428,0,0.4077991843223572,0
Animal Welfare Organizations,ASPCA,CurrentEmployer,d4,1.0,0,0.5959083437919617,0,0.40409165620803833,0
"September 11, 2001",Homeland Security,OccursOn,d4,1.0,100,0.6008699536323547,100,0.39913004636764526,0
Robert Brown,"Montrose, Scotland",BirthPlace,d4,0.6513549089431763,0,0.25347286462783813,0,0.39788204431533813,0
Content Creator,Instagram,CurrentEmployer,d4,1.0,0,0.602682888507843,0,0.397317111492157,0
1743,1743-01-01,BirthDate,d4,1.0,0,0.602682888507843,0,0.397317111492157,0
Country A,Capital City A,CapitalCityOfCountry,d4,1.0,0,0.602682888507843,0,0.397317111492157,0
Postdoctoral Fellow,City of Example,BirthPlace,d4,0.3973170816898346,0,0.0,0,0.3973170816898346,0
1764,1764-01-01,BirthDate,d4,1.0,0,0.6041950583457947,0,0.3958049416542053,0
UX Designer,Lead UX Designer,CurrentPosition,d4,0.39443665742874146,0,0.0,0,0.39443665742874146,0
UX Designer,Senior UX Designer,CurrentPosition,d4,0.39443665742874146,0,0.0,0,0.39443665742874146,0
"January 1, 2020",2020 Yearbook,PublicationDate,d4,0.8892707228660583,0,0.5,0,0.38927072286605835,0
Afrikaans,Klein Karoo,LanguageOfWorkPrimary,d4,0.7185943722724915,0,0.3333333432674408,0,0.38526102900505066,0
Frida Kahlo,"Coyoacán, Mexico City",BirthPlace,d4,0.7772998809814453,100,0.3973170816898346,100,0.3799827992916107,0
Eurozone,Multiple Languages,OfficialLanguagePrimary,d4,1.0,0,0.6273413896560669,0,0.3726586103439331,0
Italian Restaurant,Italian Cuisine Group,ParentOrganization,d4,1.0,0,0.6295938491821289,0,0.3704061508178711,0
1957,Organization in 1957,CurrentEmployer,d4,0.5589649081230164,0,0.18872080743312836,0,0.370244100689888,0
Political Revolution,Revolutionary Coalition,ParentOrganization,d4,0.7185943722724915,0,0.3486451506614685,0,0.36994922161102295,0
Film Industry,Paramount Pictures,CurrentEmployer,d4,0.5518983006477356,0,0.18213798105716705,0,0.36976031959056854,0
International Animated Film Association,Animation Professionals,CurrentEmployer,d4,0.5,0,0.13296423852443695,0,0.36703576147556305,0
State-owned Enterprises,Local Language,OfficialLanguagePrimary,d4,0.8670357465744019,0,0.5,0,0.36703574657440186,0
Christian Sewing,1970-04-15,BirthDate,d4,0.7306790947914124,0,0.36533957719802856,0,0.3653395175933838,0
1865,1865-09-01,OccursOn,d4,1.0,0,0.6357240080833435,0,0.3642759919166565,0
Andhra Pradesh,Government of Andhra Pradesh,CurrentEmployer,d4,1.0,0,0.6357240676879883,0,0.3642759323120117,0
City-State,City-State Time Zone,TimeZonePrimary,d4,0.5774953961372375,0,0.2138141691684723,0,0.36368122696876526,0
End of the 1960s,Counterculture Movement,OccursOn,d4,1.0,50,0.639435350894928,50,0.360564649105072,0
Sony Interactive Entertainment,PlayStation,DevelopedByPrimary,d4,0.5774953961372375,100,0.22270014882087708,100,0.3547952473163605,0
Reconstruction Era,13th Amendment,CurrentPosition,d4,1.0,100,0.6473892331123352,100,0.3526107668876648,0
1785,Unknown Location,BirthPlace,d4,0.3486451506614685,0,0.0,0,0.3486451506614685,0
1096,Unknown School,AlmaMaterPrimary,d4,0.3486451506614685,0,0.0,0,0.3486451506614685,0
Dr. Stuart R. Bell,Vice-Chancellor of the University of Reading,CurrentPosition,d4,0.3486451506614685,0,0.0,0,0.3486451506614685,0
California State University,Public University System,CurrentPosition,d4,0.3486451506614685,0,0.0,0,0.3486451506614685,0
1889,Unknown Institution,AlmaMaterPrimary,d4,1.0,0,0.6513549089431763,0,0.34864509105682373,0
Senate Foreign Relations Committee,Member,CurrentPosition,d4,1.0,0,0.6513549089431763,0,0.34864509105682373,0
"September 11, 2001",War on Terror,OccursOn,d4,1.0,50,0.6513549089431763,50,0.34864509105682373,0
People's Republic of China,"Huawei Technologies Co., Ltd.",CountryOfIncorporation,d4,1.0,0,0.6513549089431763,0,0.34864509105682373,0
French Franc,1795,FoundingDate,d4,1.0,100,0.6513549089431763,100,0.34864509105682373,0
Aarhus University,Brian Bech Nielsen,ChiefExecutiveOfficerCurrent,d4,1.0,0,0.6513549089431763,0,0.34864509105682373,0
Country A,Currency Y,CurrencyPrimary,d4,1.0,0,0.6513549089431763,0,0.34864509105682373,0
Country A,Continent Z,Continent,d4,1.0,0,0.6513549089431763,0,0.34864509105682373,0
India,Mahatma Gandhi,BirthPlace,d4,1.0,0,0.6513549089431763,0,0.34864509105682373,0
Various roles,Various places,BirthPlace,d4,1.0,0,0.6513549089431763,0,0.34864509105682373,0
Director of Studies,Specific Research Institution,CurrentEmployer,d4,1.0,0,0.6513549089431763,0,0.34864509105682373,0
City-State,City-State Language,OfficialLanguagePrimary,d4,1.0,0,0.6513549089431763,0,0.34864509105682373,0
City Planner,Urban Policy Analyst,CurrentPosition,d4,1.0,0,0.6513549089431763,0,0.34864509105682373,0
1944-10-25,Marlon Brando,BirthDate,d4,1.0,0,0.6513549089431763,0,0.34864509105682373,0
1944-10-25,Pele,BirthDate,d4,1.0,0,0.6513549089431763,0,0.34864509105682373,0
Russian Federation,Gazprom,CountryOfIncorporation,d4,1.0,0,0.6513549089431763,0,0.34864509105682373,0
Radium Institute,Medical Research,MajorIndustryPrimary,d4,0.5,0,0.15250910818576813,0,0.3474908918142319,0
Susan Clark,Actress,CurrentPosition,d4,0.5518983006477356,0,0.20518918335437775,0,0.34670911729335785,0
Colleen Paige,1973-05-06,BirthDate,d4,0.6357240080833435,0,0.29133081436157227,0,0.34439319372177124,0
Bharat Masrani,1962-01-01,BirthDate,d4,0.7772998809814453,0,0.43734875321388245,0,0.33995112776756287,0
William C. Durant,"Beverly, Massachusetts",BirthPlace,d4,0.5,0,0.16646623611450195,0,0.33353376388549805,0
Parliament of Canada,Government of Canada,ParentOrganization,d4,0.5,0,0.17328819632530212,0,0.3267118036746979,0
SIX Swiss Exchange,SIX Group AG,ParentOrganization,d4,0.8267117738723755,0,0.5,0,0.3267117738723755,0
Chief Technology Officer,Technology Executive,CurrentPosition,d4,0.6513549089431763,0,0.32626888155937195,0,0.3250860273838043,0
Emergency Medical Technicians,Ambulance Service of New York,CurrentEmployer,d4,0.7185943722724915,0,0.39443665742874146,0,0.32415771484375,0
1934,CurrencyType,CurrencyPrimary,d4,0.6513549089431763,0,0.328412801027298,0,0.3229421079158783,0
Henry Sturgis Morgan,1866-09-29,BirthDate,d4,0.38864994049072266,0,0.06586533039808273,0,0.3227846100926399,0
Language Trainer,English Instructor,CurrentPosition,d4,0.32156676054000854,0,0.0,0,0.32156676054000854,0
Dean of Students,1990-08-20,BirthDate,d4,0.43734875321388245,0,0.11735960841178894,0,0.3199891448020935,0
Battle of the Atlantic,1939-05-08,OccursOn,d4,0.5407044887542725,0,0.22270014882087708,0,0.3180043399333954,0
Robert W. McCulloch,1911-04-07,BirthDate,d4,0.8670357465744019,0,0.5518983006477356,0,0.31513744592666626,0
Larry Ellison,CTO,CurrentPosition,d4,0.5,0,0.18872198462486267,0,0.31127801537513733,0
Reconstruction Era,Freedmen's Bureau,CurrentEmployer,d4,0.7772998809814453,0,0.47098249197006226,0,0.30631738901138306,0
Robert F. Kennedy,Attorney General of the United States,CurrentPosition,d4,1.0,0,0.6945120096206665,0,0.3054879903793335,0
Vincent van Gogh,Self,CurrentEmployer,d4,1.0,0,0.6945120096206665,0,0.3054879903793335,0
HistoricalSignificance,University History Department,CurrentEmployer,d4,1.0,0,0.6945120692253113,0,0.3054879307746887,0
HistoricalSignificance,History Institute,CurrentEmployer,d4,1.0,0,0.6945120692253113,0,0.3054879307746887,0
Health Research,Epidemiologist,CurrentPosition,d4,1.0,0,0.6945120692253113,0,0.3054879307746887,0
Taiwan Provincial Government,Executive Yuan,ParentOrganization,d4,1.0,0,0.6970549821853638,0,0.30294501781463623,0
City-State,City-State Government,CurrentEmployer,d4,0.5,0,0.19716428220272064,0,0.30283571779727936,0
Celebration,December 25,OccursOn,d4,0.6513549089431763,100,0.3486451506614685,100,0.30270975828170776,0
Bengaluru,Flipkart,HeadquartersCity,d4,0.6513549089431763,0,0.3486451506614685,0,0.30270975828170776,0
Copenhagen Business School,Francesco De Marco,ChiefExecutiveOfficerCurrent,d4,0.6513549089431763,0,0.3486451506614685,0,0.30270975828170776,0
"Nihonmatsu, Japan",Nihonmatsu City Hall,CurrentEmployer,d4,0.6513549089431763,0,0.3486451506614685,0,0.30270975828170776,0
State-owned Enterprises,Various Countries,CountryOfIncorporation,d4,0.5,0,0.19749760627746582,0,0.3025023937225342,0
John C. Williams,1962-02-28,BirthDate,d4,0.3486451506614685,0,0.0472518727183342,0,0.3013932779431343,0
University of Munich,1472,FoundingDate,d4,0.42250463366508484,100,0.12412983924150467,100,0.29837479442358017,0
Philosopher,400 BC,BirthDate,d4,0.7772998809814453,0,0.4802877604961395,0,0.2970121204853058,0
Cultural Revolution,Red Guards,CurrentEmployer,d4,0.5774953961372375,100,0.28140559792518616,100,0.2960897982120514,0
Hungary,Budapest,CapitalCityOfCountry,d4,0.5774953961372375,100,0.28140559792518616,100,0.2960897982120514,0
Colonial Leaders,Members of the Second Continental Congress,CurrentPosition,d4,0.7185943722724915,0,0.42250463366508484,0,0.2960897386074066,0
1919,1919-01-01,OccursOn,d4,1.0,0,0.7046110033988953,0,0.29538899660110474,0
Current Position Title,Developing Organization Name,DevelopedByPrimary,d4,0.5,0,0.20541279017925262,0,0.2945872098207474,0
Lead Designer,1990-05-15,BirthDate,d4,0.43734875321388245,0,0.1475612372159958,0,0.28978751599788666,0
Bengaluru,Wipro,HeadquartersCity,d4,1.0,0,0.7149487137794495,0,0.28505128622055054,0
Genevieve Bell,1972-11-01,BirthDate,d4,0.38864994049072266,0,0.10537026822566986,0,0.2832796722650528,0
Volkswagen AG,Ferdinand Porsche,FoundedByPrimary,d4,1.0,100,0.7185943722724915,100,0.28140562772750854,0
Parent Company Name,Language Name,OfficialLanguagePrimary,d4,1.0,0,0.7185943722724915,0,0.28140562772750854,0
October 29,National Candy Corn Day,OccursOn,d4,1.0,0,0.7185943722724915,0,0.28140562772750854,0
Knowledge City,Abu Dhabi University,CurrentEmployer,d4,0.28140559792518616,0,0.0,0,0.28140559792518616,0
Martin Luther King Jr.,Ebenezer Baptist Church,CurrentEmployer,d4,0.7772998809814453,0,0.5,0,0.2772998809814453,0
South Korean won,Bank of Korea,CountryOfIncorporation,d4,0.7772998809814453,100,0.5,100,0.2772998809814453,0
1969,The Concorde,FoundingDate,d4,0.7772998809814453,0,0.5,0,0.2772998809814453,0
Korea University,Korea University Foundation,ParentOrganization,d4,0.7772998809814453,0,0.5,0,0.2772998809814453,0
Unknown Exchange,Unknown Stock Exchange,StockExchangePrimary,d4,0.7772998809814453,0,0.5,0,0.2772998809814453,0
Civil Rights Movement,Civil Rights Leadership,CurrentPosition,d4,0.7772998809814453,0,0.5,0,0.2772998809814453,0
Woodstock Festival,Cultural Landmark,CurrentPosition,d4,0.7772998809814453,0,0.5,0,0.2772998809814453,0
Mayor,Place of birth,BirthPlace,d4,0.5,0,0.22270014882087708,0,0.2772998511791229,0
Lead Designer,Lead Designer at ABC Inc,CurrentPosition,d4,0.5,0,0.22270014882087708,0,0.2772998511791229,0
State Governments,State Government of Illinois,CurrentEmployer,d4,0.5,0,0.22270014882087708,0,0.2772998511791229,0
Nikkei Inc.,Nikkei Group,ParentOrganization,d4,0.5,0,0.22270014882087708,0,0.2772998511791229,0
1998,PayPal,FoundingDate,d4,0.5,0,0.22270014882087708,0,0.2772998511791229,0
Kremlin,Ivan III,FoundedByPrimary,d4,0.5,100,0.22270014882087708,100,0.2772998511791229,0
Pocahontas,Cultural Icon,CurrentPosition,d4,0.5,0,0.22270014882087708,0,0.2772998511791229,0
Chief Technology Officer,Senior Technology Executive,CurrentPosition,d4,0.3486451506614685,0,0.07585817575454712,0,0.2727869749069214,0
Frankfurt,794,FoundingDate,d4,1.0,0,0.7306790947914124,0,0.26932090520858765,0
Andhra Pradesh Government,Amaravati,HeadquartersCity,d4,1.0,0,0.7306791543960571,0,0.26932084560394287,0
1534,1534-01-01,BirthDate,d4,1.0,0,0.7306791543960571,0,0.26932084560394287,0
October 31,World Cities Day,OccursOn,d4,1.0,0,0.7306791543960571,0,0.26932084560394287,0
Puritans,Religious Reformers,CurrentPosition,d4,0.5489178895950317,0,0.282864511013031,0,0.26605337858200073,0
Ministry of Finance of the People's Republic of China,Public Finance,MajorIndustryPrimary,d4,1.0,0,0.7368437051773071,0,0.26315629482269287,0
Fumio Kishida,"Hiroshima, Japan",BirthPlace,d4,1.0,0,0.7391695380210876,0,0.26083046197891235,0
Lenovo,HKEX,StockExchangePrimary,d4,1.0,50,0.7391724586486816,50,0.26082754135131836,0
Czech Republic,Czech,OfficialLanguagePrimary,d4,1.0,100,0.7391724586486816,100,0.26082754135131836,0
1650,1650-01-01,BirthDate,d4,0.48296982049942017,0,0.22270014882087708,0,0.2602696716785431,0
Bengaluru,1537,FoundingDate,d4,0.3486451506614685,0,0.09163463860750198,0,0.2570105120539665,0
Brian Roberts,CEO of Comcast,CurrentPosition,d4,0.6513549089431763,0,0.39443665742874146,0,0.2569182515144348,0
Animation,Pixar Animation Studios,CurrentEmployer,d4,0.6513549089431763,0,0.39443665742874146,0,0.2569182515144348,0
Munich,BMW AG,HeadquartersCity,d4,0.6513549089431763,0,0.3973134458065033,0,0.254041463136673,0
Charles Darwin,Naturalist,CurrentPosition,d4,0.6513549089431763,0,0.3973170816898346,0,0.2540378272533417,0
Charles Darwin,Biologist,CurrentPosition,d4,0.6513549089431763,0,0.3973170816898346,0,0.2540378272533417,0
1969,The First Woodstock,OccursOn,d4,0.6474295854568481,0,0.39443665742874146,0,0.2529929280281067,0
Emergency Medical Technicians,First Responder,CurrentPosition,d4,0.5,0,0.24874503910541534,0,0.25125496089458466,0
French Franc,French Treasury,ParentOrganization,d4,1.0,0,0.7490872144699097,0,0.25091278553009033,0
Copenhagen,Danish,OfficialLanguagePrimary,d4,0.43734875321388245,100,0.18872080743312836,100,0.2486279457807541,0
Sundar Pichai,Madurai,BirthPlace,d4,0.3486451506614685,0,0.10087861120700836,0,0.24776653945446014,0
1902,1902-01-01,BirthDate,d4,0.7772998809814453,0,0.5305122137069702,0,0.2467876672744751,0
State-owned Enterprises,National Stock Exchange,StockExchangePrimary,d4,1.0,0,0.7587480545043945,0,0.24125194549560547,0
Postdoctoral Fellow,Country of Example,NationalityPrimary,d4,1.0,0,0.7587480545043945,0,0.24125194549560547,0
Fumio Kishida,1957-07-29,BirthDate,d4,0.7391753792762756,0,0.5,0,0.23917537927627563,0
1989,1989-12-31,OccursOn,d4,0.5,0,0.26083049178123474,0,0.23916950821876526,0
Shakespearean English,Literary Style,CurrentPosition,d4,0.28140559792518616,0,0.045163366943597794,0,0.23624223098158836,0
2022,"January 1, 2022",OccursOn,d4,1.0,0,0.7652807235717773,0,0.23471927642822266,0
Bill Gates,Bill & Melinda Gates Foundation,CurrentEmployer,d4,0.5774953961372375,0,0.3486451506614685,0,0.22885024547576904,0
University of Paris,1257,FoundingDate,d4,0.5774953961372375,0,0.3486451506614685,0,0.22885024547576904,0
1958,Countries with cities in 1958,CountryOfCity,d4,0.6513549089431763,0,0.42501336336135864,0,0.22634154558181763,0
Year of the Pandemic,Global Health Crisis,CurrentPosition,d4,1.0,0,0.7741757035255432,0,0.2258242964744568,0
Denmark,965,FoundingDate,d4,0.7772998809814453,0,0.5518907308578491,0,0.2254091501235962,0
Seikei University,Yoshihiro Takahashi,ChiefExecutiveOfficerCurrent,d4,0.42250463366508484,0,0.19898103177547455,0,0.2235236018896103,0
Data Scientist,Machine Learning Engineer,CurrentPosition,d4,0.22270014882087708,0,0.0,0,0.22270014882087708,0
User Experience Designer,LinkedIn,CurrentEmployer,d4,0.22270014882087708,0,0.0,0,0.22270014882087708,0
Nelson Mandela,President of South Africa,CurrentPosition,d4,0.22270014882087708,0,0.0,0,0.22270014882087708,0
1848,December 1848,OccursOn,d4,0.22270014882087708,0,0.0,0,0.22270014882087708,0
Summer of 1969,1969-07-21,OccursOn,d4,0.22270014882087708,0,0.0,0,0.22270014882087708,0
1969,The Apollo 11 Moon Landing,OccursOn,d4,0.22270014882087708,0,0.0,0,0.22270014882087708,0
Chengdu Research Base of Giant Panda Breeding,Conservation Center,CurrentPosition,d4,0.22270014882087708,0,0.0,0,0.22270014882087708,0
Political Revolution,Revolutionary Movement,CurrentPosition,d4,0.22270014882087708,0,0.0,0,0.22270014882087708,0
Year 2001,Wikipedia's 2001 page,OccursOn,d4,0.22270014882087708,0,0.0,0,0.22270014882087708,0
Lenovo,Morrisville,HeadquartersCity,d4,1.0,0,0.7772998809814453,0,0.2227001190185547,0
Seoul,Samsung Electronics,HeadquartersCity,d4,1.0,0,0.7772998809814453,0,0.2227001190185547,0
Taipei Standard Time,Asia/Taipei,TimeZonePrimary,d4,1.0,0,0.7772998809814453,0,0.2227001190185547,0
Innovation City,Saudi Arabian General Investment Authority,ParentOrganization,d4,1.0,0,0.7772998809814453,0,0.2227001190185547,0
American Revolutionary War,Lexington,HeldInCity,d4,1.0,0,0.7772998809814453,0,0.2227001190185547,0
Martin Luther King Jr.,Activist,CurrentPosition,d4,1.0,0,0.7772998809814453,0,0.2227001190185547,0
Martin Luther King Jr.,Minister,CurrentPosition,d4,1.0,0,0.7772998809814453,0,0.2227001190185547,0
Martin Luther King Jr.,Civil Rights Leader,CurrentPosition,d4,1.0,0,0.7772998809814453,0,0.2227001190185547,0
Thomas Jefferson,College of William & Mary,AlmaMaterPrimary,d4,1.0,50,0.7772998809814453,50,0.2227001190185547,0
Walt Disney,Co-founder,CurrentPosition,d4,1.0,0,0.7772998809814453,0,0.2227001190185547,0
"July 4, 1876",Richard Nixon,BirthDate,d4,1.0,0,0.7772998809814453,0,0.2227001190185547,0
Research Assistant,Teaching Assistant,CurrentPosition,d4,1.0,0,0.7772998809814453,0,0.2227001190185547,0
Research Assistant,Graduate Researcher,CurrentPosition,d4,1.0,0,0.7772998809814453,0,0.2227001190185547,0
Charles W. Scharf,CEO of Wells Fargo,CurrentPosition,d4,1.0,100,0.7772998809814453,100,0.2227001190185547,0
1848,Fall 1848,OccursOn,d4,1.0,0,0.7772998809814453,0,0.2227001190185547,0
1701,1701-01-01,BirthDate,d4,1.0,0,0.7772998809814453,0,0.2227001190185547,0
Michael K. Young,President of Washington State University,CurrentPosition,d4,1.0,0,0.7772998809814453,0,0.2227001190185547,0
1764,Historical Industry,MajorIndustryPrimary,d4,1.0,0,0.7772998809814453,0,0.2227001190185547,0
Government of Telangana,State of Telangana,ParentOrganization,d4,1.0,0,0.7772998809814453,0,0.2227001190185547,0
1856,1856-01-01,BirthDate,d4,1.0,0,0.7772998809814453,0,0.2227001190185547,0
Galp Energia,Euronext Lisbon,StockExchangePrimary,d4,1.0,100,0.7772998809814453,100,0.2227001190185547,0
"January 1, 2015",New Year Celebrations,InitialReleaseDate,d4,1.0,0,0.7772998809814453,0,0.2227001190185547,0
First Anglo-Powhatan War,Chief of the Powhatan Confederacy,CurrentPosition,d4,1.0,0,0.7772998809814453,0,0.2227001190185547,0
Intern,Marketing Intern,CurrentPosition,d4,1.0,0,0.7772998809814453,0,0.2227001190185547,0
University of Warsaw,Ministry of Education and Science,ParentOrganization,d4,1.0,0,0.7772998809814453,0,0.2227001190185547,0
1865,1865-04-09,OccursOn,d4,1.0,0,0.7772998809814453,0,0.2227001190185547,0
Colombia,Colombian peso,CurrencyPrimary,d4,1.0,100,0.7772998809814453,100,0.2227001190185547,0
Reference point in time,2023-10-09,OccursOn,d4,1.0,0,0.7772998809814453,0,0.2227001190185547,0
Reference point in time,2023-10-05,OccursOn,d4,1.0,0,0.7772998809814453,0,0.2227001190185547,0
Peru,Lima,CapitalCityOfCountry,d4,1.0,100,0.7772998809814453,100,0.2227001190185547,0
October 29,Day of the Dead,OccursOn,d4,1.0,0,0.7772998809814453,0,0.2227001190185547,0
October 29,World Stroke Day,OccursOn,d4,1.0,0,0.7772998809814453,0,0.2227001190185547,0
City-State,City-State Industry,MajorIndustryPrimary,d4,1.0,0,0.7772998809814453,0,0.2227001190185547,0
International Animated Film Association,Animation Advocate,CurrentPosition,d4,1.0,0,0.7772998809814453,0,0.2227001190185547,0
New Delhi,Bharat Electronics Limited,HeadquartersCity,d4,1.0,0,0.7772998809814453,0,0.2227001190185547,0
City Planner,Community Development Officer,CurrentPosition,d4,1.0,0,0.7772998809814453,0,0.2227001190185547,0
1944-10-25,Diana Ross,BirthDate,d4,1.0,0,0.7772998809814453,0,0.2227001190185547,0
Civil Rights Movement,Congress of Racial Equality,CurrentEmployer,d4,1.0,0,0.7772998809814453,0,0.2227001190185547,0
Civil Rights Movement,Student Nonviolent Coordinating Committee,CurrentEmployer,d4,1.0,0,0.7772998809814453,0,0.2227001190185547,0
Chuck Robbins,1965-09-23,BirthDate,d4,0.43734875321388245,0,0.21867437660694122,0,0.21867437660694122,0
Woodstock Festival,Music Festival,MajorIndustryPrimary,d4,0.5,0,0.28140559792518616,0,0.21859440207481384,0
Deutsche Bahn AG,Richard Lutz,CurrentEmployer,d4,0.7185943722724915,0,0.5,0,0.21859437227249146,0
Retail,Ahold Delhaize,CurrentEmployer,d4,0.7185943722724915,0,0.5,0,0.21859437227249146,0
Pocahontas,Native American,NationalityPrimary,d4,0.7185943722724915,100,0.5,100,0.21859437227249146,0
Industrial Revolution,Technological Innovation,CurrentPosition,d4,0.7185943722724915,0,0.5,0,0.21859437227249146,0
Civil Rights Movement,Social Justice Advocacy,CurrentPosition,d4,0.7185943722724915,0,0.5,0,0.21859437227249146,0
First Olympic Games,Ancient Greece,HostOrganizationPrimary,d4,0.3486451506614685,0,0.13296423852443695,0,0.21568091213703156,0
FC Copenhagen,Parken Sport & Entertainment,ParentOrganization,d4,0.8670357465744019,0,0.6513549089431763,0,0.21568083763122559,0
UX Designer,Adobe,CurrentEmployer,d4,0.21112672984600067,0,0.0,0,0.21112672984600067,0
UTC,Togo,CountryOfCity,d4,0.6513549089431763,0,0.44113555550575256,0,0.2102193534374237,0
Shanghai Stock Exchange,Liu Shiyu,ChiefExecutiveOfficerCurrent,d4,0.5,0,0.2938145697116852,0,0.20618543028831482,0
Geneva,International Red Cross,CurrentEmployer,d4,0.7185943722724915,0,0.5151380896568298,0,0.20345628261566162,0
UTC+9,Palau,TimeZonePrimary,d4,0.7772998809814453,0,0.5774953961372375,0,0.19980448484420776,0
Berkeley Unified School District,Teachers,CurrentEmployer,d4,0.42250463366508484,0,0.22270014882087708,0,0.19980448484420776,0
Haruhiko Kuroda,"Kumamoto, Japan",BirthPlace,d4,0.42250463366508484,0,0.22270014882087708,0,0.19980448484420776,0
Woodstock Festival,"August 15, 1969",OccursOn,d4,0.42250463366508484,0,0.22270014882087708,0,0.19980448484420776,0
Argentina,Juan Domingo Perón,FoundedByPrimary,d4,0.6513549089431763,0,0.45256826281547546,0,0.1987866461277008,0
Web Developer,Innovative Solutions Inc.,CurrentEmployer,d4,1.0,0,0.80240398645401,0,0.19759601354599,0
Switzerland,Swiss Federal Railways,CountryOfIncorporation,d4,0.3486451506614685,0,0.1647876352071762,0,0.1838575154542923,0
1963,1963-12-31,PublicationDate,d4,0.84112948179245,0,0.6582731604576111,0,0.18285632133483887,0
Cultural Institutions,The Museum of Modern Art,CurrentEmployer,d4,0.40365150570869446,0,0.22270014882087708,0,0.18095135688781738,0
Mexico,1810,FoundingDate,d4,0.3486451506614685,0,0.17328819632530212,0,0.17535695433616638,0
Retail,Costco,CurrentEmployer,d4,0.3486451506614685,0,0.17328819632530212,0,0.17535695433616638,0
Battle of Guadalcanal,Allied Forces,CurrentPosition,d4,1.0,0,0.8267117738723755,0,0.1732882261276245,0
Software Developer,CodeCrafters LLC,CurrentEmployer,d4,1.0,0,0.8267117738723755,0,0.1732882261276245,0
Cultural Revolution,Jiang Qing,CurrentPosition,d4,1.0,0,0.8267117738723755,0,0.1732882261276245,0
Warsaw University,Polish Academy of Sciences,ParentOrganization,d4,1.0,100,0.8267117738723755,100,0.1732882261276245,0
Disney Channel,Mickey Mouse,CurrentEmployer,d4,1.0,0,0.8267117738723755,0,0.1732882261276245,0
Emergency Medical Technicians,Metro Ambulance Service,CurrentEmployer,d4,0.7185943722724915,0,0.548917829990387,0,0.1696765422821045,0
Director of Studies,Specific Date,BirthDate,d4,0.22270014882087708,0,0.05355372652411461,0,0.16914642229676247,0
Hyderabad,1591,FoundingDate,d4,0.42250463366508484,0,0.25388646125793457,0,0.16861817240715027,0
Various titles,Various industries,MajorIndustryPrimary,d4,0.5,0,0.3333333432674408,0,0.1666666567325592,0
Seikei University,1888,FoundingDate,d4,0.5,0,0.3333333432674408,0,0.1666666567325592,0
Bern,Federal Administration of Switzerland,HeadquartersCity,d4,0.42250463366508484,0,0.26041024923324585,0,0.162094384431839,0
1957,Industry in 1957,MajorIndustryPrimary,d4,0.5,0,0.3399941623210907,0,0.1600058376789093,0
Africa,Cairo,CapitalCityOfCountry,d4,0.3486451506614685,100,0.18872080743312836,100,0.15992434322834015,0
"July 4, 1876",Harry S. Truman,BirthDate,d4,1.0,0,0.84112948179245,0,0.15887051820755005,0
"January 1, 2020",Mummers Parade,OccursOn,d4,1.0,0,0.84112948179245,0,0.15887051820755005,0
Nokia,Espoo,HeadquartersCity,d4,1.0,100,0.8411316275596619,100,0.15886837244033813,0
Xavier Becerra,"Sacramento, California",BirthPlace,d4,1.0,0,0.8411316275596619,0,0.15886837244033813,0
Day of the Week,Sunday,OccursOn,d4,0.5,0,0.3445781469345093,0,0.15542185306549072,0
Innovation City,Saudi Riyal,CurrencyPrimary,d4,0.6513549089431763,0,0.5,0,0.15135490894317627,0
Indian Languages,Government of India,CurrentEmployer,d4,0.6513549089431763,0,0.5,0,0.15135490894317627,0
Day of the Week,Monday,OccursOn,d4,0.6513549089431763,0,0.5,0,0.15135490894317627,0
Charles Darwin,Geologist,CurrentPosition,d4,0.6513549089431763,0,0.5,0,0.15135490894317627,0
Frida Kahlo,Surrealist Artist,CurrentPosition,d4,0.6513549089431763,0,0.5,0,0.15135490894317627,0
Mary Barra,1961-07-24,BirthDate,d4,0.5,0,0.3486451506614685,0,0.1513548493385315,0
Industrial Revolution,Urbanization,CurrentPosition,d4,0.28140559792518616,0,0.13296423852443695,0,0.1484413594007492,0
University of Munich,Thomas F. Hofmann,ChiefExecutiveOfficerCurrent,d4,0.9241418242454529,0,0.7772998809814453,0,0.14684194326400757,0
Epoch,Epoch Organization,CurrentEmployer,d4,1.0,0,0.8545615673065186,0,0.14543843269348145,0
Country of City in 1961,City in 1961,CapitalCityOfCountry,d4,0.7185943722724915,0,0.5771827697753906,0,0.14141160249710083,0
"January 1, 1789",Chairman of the Constitutional Convention,CurrentPosition,d4,1.0,0,0.8609153628349304,0,0.13908463716506958,0
James Wilson,Associate Justice of the Supreme Court,CurrentPosition,d4,0.5,0,0.36252328753471375,0,0.13747671246528625,0
Copenhagen University,King Christian I,FoundedByPrimary,d4,0.3971213400363922,0,0.26041024923324585,0,0.13671109080314636,0
Orange Polska,Orange S.A.,CurrentEmployer,d4,0.6513549089431763,0,0.5151380896568298,0,0.13621681928634644,0
Benjamin Franklin,Inventor,CurrentPosition,d4,1.0,0,0.8670357465744019,0,0.13296425342559814,0
Content Creator,Twitch,CurrentEmployer,d4,1.0,0,0.8670357465744019,0,0.13296425342559814,0
African Union,Ethiopia,CountryOfIncorporation,d4,1.0,100,0.8670357465744019,100,0.13296425342559814,0
1895,"January 1, 1895",FoundingDate,d4,1.0,0,0.8670357465744019,0,0.13296425342559814,0
University Name,Capital City Name,CapitalCityOfCountry,d4,1.0,0,0.8670357465744019,0,0.13296425342559814,0
University of Padua,Students and professors,FoundedByPrimary,d4,1.0,0,0.8670357465744019,0,0.13296425342559814,0
Frida Kahlo,Mexican,NationalityPrimary,d4,1.0,100,0.8670357465744019,100,0.13296425342559814,0
1944-10-25,Fidel Castro,BirthDate,d4,1.0,0,0.8670357465744019,0,0.13296425342559814,0
Surveyor,Land Surveyor,CurrentPosition,d4,0.13296423852443695,0,0.0,0,0.13296423852443695,0
1650,Position A,CurrentPosition,d4,0.13296423852443695,0,0.0,0,0.13296423852443695,0
Linus Torvalds,Creator of Linux,CurrentPosition,d4,0.13296423852443695,0,0.0,0,0.13296423852443695,0
Retail,Kroger,CurrentEmployer,d4,0.3486451506614685,0,0.22270014882087708,0,0.12594500184059143,0
1923,HistoricalCurrencies,CurrencyPrimary,d4,0.3486451506614685,0,0.22270014882087708,0,0.12594500184059143,0
Venezuela,Bolívar,CurrencyPrimary,d4,0.3486451506614685,100,0.22270014882087708,100,0.12594500184059143,0
April 1,"April 1, 2021",InitialReleaseDate,d4,0.7772998809814453,0,0.6513549089431763,0,0.12594497203826904,0
"January 1, 1789",First presidential inauguration in the United States,OccursOn,d4,0.1253025233745575,0,0.0,0,0.1253025233745575,0
"September 21, 1792",Versailles,BirthPlace,d4,0.7391724586486816,0,0.6182966828346252,0,0.1208757758140564,0
Day of the Week,Tuesday,OccursOn,d4,0.8892737030982971,100,0.7772998809814453,100,0.1119738221168518,0
1865,1865-03-04,OccursOn,d4,0.8892737030982971,0,0.7772998809814453,0,0.1119738221168518,0
1865,1865-05-10,OccursOn,d4,0.8892707228660583,0,0.7772998809814453,0,0.11197084188461304,0
Berlin,Central European Time,TimeZonePrimary,d4,1.0,100,0.8892707228660583,100,0.11072927713394165,0
State-owned Enterprises,Local Currency,CurrencyPrimary,d4,1.0,0,0.8892707228660583,0,0.11072927713394165,0
People's Republic of China,Chinese Communist Party,ParentOrganization,d4,1.0,50,0.8892722129821777,50,0.11072778701782227,0
Frankfurt Stock Exchange,Deutsche Börse,ParentOrganization,d4,1.0,100,0.8892729878425598,100,0.11072701215744019,0
Xavier Becerra,Secretary of Health and Human Services,CurrentPosition,d4,1.0,100,0.8892737030982971,100,0.11072629690170288,0
Formation of the Delphic Amphictyony,Cultural significance in ancient Greece,CurrentPosition,d4,0.5518907308578491,0,0.44810929894447327,0,0.10378143191337585,0
Country A,Organization A,CurrentEmployer,d4,0.5774953961372375,0,0.473980575799942,0,0.10351482033729553,0
Telangana State Government,Government of India,ParentOrganization,d4,0.28140559792518616,0,0.17851018905639648,0,0.10289540886878967,0
Venezuela,Venezuelan National Oil Company,ParentOrganization,d4,0.5,50,0.3973170816898346,50,0.1026829183101654,0
Battle of the Atlantic,Admiral,CurrentPosition,d4,0.602682888507843,0,0.5,0,0.10268288850784302,0
Copenhagen,Danske Bank,HeadquartersCity,d4,1.0,0,0.8991213440895081,0,0.10087865591049194,0
Iberia Airlines,1927-06-28,FoundingDate,d4,1.0,0,0.8991213440895081,0,0.10087865591049194,0
Animation,Walt Disney Animation Studios,CurrentEmployer,d4,0.3486451506614685,0,0.25,0,0.0986451506614685,0
Jane Fraser,St. Andrews,BirthPlace,d4,0.22270014882087708,0,0.13296423852443695,0,0.08973591029644012,0
Data Analyst,Tech Solutions LLC,CurrentEmployer,d4,0.8670357465744019,0,0.7772998809814453,0,0.08973586559295654,0
Dave McKay,1965-03-15,BirthDate,d4,0.3486451506614685,0,0.25909996032714844,0,0.08954519033432007,0
Animal Welfare,Advocate,CurrentPosition,d4,0.43734875321388245,0,0.3486451506614685,0,0.08870360255241394,0
Canadian Pacific Railway,Railroad,MajorIndustryPrimary,d4,0.3486451506614685,0,0.26082754135131836,0,0.08781760931015015,0
1828,1828-01-01,BirthDate,d4,0.13296423852443695,0,0.04544570669531822,0,0.08751853182911873,0
"April 1, 1582",Introduction of leap year adjustments,OccursOn,d4,0.7772998809814453,0,0.6945120096206665,0,0.08278787136077881,0
1934,CountryName,CountryOfCity,d4,0.7772998809814453,0,0.6945120692253113,0,0.08278781175613403,0
Web Developer,Digital Innovations Ltd.,CurrentEmployer,d4,1.0,0,0.9192241430282593,0,0.08077585697174072,0
1954,1954-01-01,OccursOn,d4,0.30294501781463623,0,0.22270014882087708,0,0.08024486899375916,0
Hong Kong Monetary Authority,Government of Hong Kong,ParentOrganization,d4,0.3029385805130005,0,0.22270014882087708,0,0.08023843169212341,0
Tourism,Tourism Director,CurrentPosition,d4,0.6513549089431763,0,0.5731076598167419,0,0.07824724912643433,0
Environmental Advocate,Environmental Activism,CurrentPosition,d4,0.5774953961372375,0,0.5,0,0.07749539613723755,0
Beijing Municipal Government,Qin Dynasty,FoundedByPrimary,d4,0.5774953961372375,0,0.5,0,0.07749539613723755,0
Berlin Senate,Otto von Bismarck,FoundedByPrimary,d4,0.5774953961372375,100,0.5,100,0.07749539613723755,0
Food Awareness Day,April 7,OccursOn,d4,1.0,0,0.9241418242454529,0,0.07585817575454712,0
Nandan Nilekani,Chairman of Infosys,CurrentPosition,d4,1.0,100,0.9241418242454529,100,0.07585817575454712,0
Director of Studies,Specific Country,NationalityPrimary,d4,1.0,0,0.9241418242454529,0,0.07585817575454712,0
Argentina,YPF S.A.,CountryOfIncorporation,d4,1.0,0,0.9241418242454529,0,0.07585817575454712,0
"April 1, 1582",Papal Bull Inter gravissimas,OccursOn,d4,1.0,0,0.9241418242454529,0,0.07585817575454712,0
Chairman and Chief Executive Officer,Another Company Name,CurrentEmployer,d4,1.0,0,0.9241418242454529,0,0.07585817575454712,0
Hsinchu Science Park,MediaTek,CurrentEmployer,d4,0.42250463366508484,0,0.3486451506614685,0,0.07385948300361633,0
Munich,Bavarian State Opera,CurrentEmployer,d4,0.28140559792518616,0,0.21112672984600067,0,0.07027886807918549,0
Colombia,Nariño,BirthPlace,d4,0.22270014882087708,0,0.15379059314727783,0,0.06890955567359924,0
1066,Old English,OfficialLanguagePrimary,d4,1.0,0,0.9311285614967346,0,0.06887143850326538,0
American Revolutionary War,Charleston,HeldInCity,d4,0.7185943722724915,0,0.6513549089431763,0,0.06723946332931519,0
Retail,Walmart,CurrentEmployer,d4,0.7185943722724915,0,0.6513549089431763,0,0.06723946332931519,0
Maharashtra,Marathi,OfficialLanguagePrimary,d4,1.0,100,0.9343951344490051,100,0.06560486555099487,0
1593,1593-01-01,BirthDate,d4,0.5,0,0.43734875321388245,0,0.06265124678611755,0
Mayor,Date of birth,BirthDate,d4,0.282864511013031,0,0.22270014882087708,0,0.06016436219215393,0
Brazil,Brasilia Time,TimeZonePrimary,d4,0.28140559792518616,0,0.22270014882087708,0,0.05870544910430908,0
International Relations,World Trade Organization,CurrentEmployer,d4,0.5774953961372375,0,0.5203198194503784,0,0.05717557668685913,0
Kumamoto,Kumamoto City Hall,CurrentEmployer,d4,0.9241418242454529,0,0.8670357465744019,0,0.057106077671051025,0
1781,Unknown Year,FoundingDate,d4,0.5,0,0.44810929894447327,0,0.05189070105552673,0
"July 4, 1876",Louis Armstrong,BirthDate,d4,0.26083049178123474,0,0.21112672984600067,0,0.04970376193523407,0
British,The Guardian,CurrentEmployer,d4,0.42250463366508484,0,0.3733976185321808,0,0.04910701513290405,0
Charlotte,University of North Carolina at Charlotte,AlmaMaterPrimary,d4,0.43734875321388245,0,0.3973170816898346,0,0.04003167152404785,0
Year 2001,2001 in television,OccursOn,d4,0.26083049178123474,0,0.22270014882087708,0,0.038130342960357666,0
Lucasian Professor of Mathematics,Mathematics,CurrentPosition,d4,0.28140559792518616,0,0.2585151195526123,0,0.022890478372573853,0
Covestro,Chemicals,MajorIndustryPrimary,d4,0.28140559792518616,100,0.26083049178123474,100,0.020575106143951416,0
Emergency Medical Technicians,Advanced Emergency Medical Technician,CurrentPosition,d4,0.5,0,0.48071789741516113,0,0.019282102584838867,0
Epoch,Epoch Leader,CurrentPosition,d4,0.22270014882087708,0,0.20687198638916016,0,0.01582816243171692,0
"September 21, 1792",King of France,CurrentPosition,d4,0.6513549089431763,0,0.6357240676879883,0,0.01563084125518799,0
Film Industry,DreamWorks Pictures,CurrentEmployer,d4,0.7772998809814453,0,0.7652807235717773,0,0.012019157409667969,0
James Gorman,1958-07-14,BirthDate,d4,0.13296423852443695,0,0.1253025233745575,0,0.007661715149879456,0
Bruce Perens,1965-08-29,BirthDate,d4,0.07050945609807968,0,0.06586533039808273,0,0.004644125699996948,0
Film Industry,Sony Pictures,CurrentEmployer,d4,0.5518983006477356,0,0.548917829990387,0,0.002980470657348633,0
Hsinchu Science Park,Nuvoton Technology,CurrentEmployer,d4,0.13505813479423523,0,0.13296423852443695,0,0.002093896269798279,0
Sony Corporation,Masaru Ibuka,FoundedByPrimary,d4,1.0,100,1.0,100,0.0,0
Larry Page,"March 26, 1973",BirthDate,d4,1.0,100,1.0,100,0.0,0
Salil Parekh,Indian,NationalityPrimary,d4,1.0,100,1.0,100,0.0,0
Tim O'Reilly,1954-06-06,BirthDate,d4,0.22270014882087708,0,0.22270014882087708,0,0.0,0
Lenovo,Yang Yuanqing,CurrentEmployer,d4,1.0,100,1.0,100,0.0,0
Reed Hastings,Co-CEO,CurrentPosition,d4,1.0,0,1.0,0,0.0,0
Reed Hastings,"October 8, 1960",BirthDate,d4,1.0,0,1.0,0,0.0,0
Nokia,Rajeev Suri,CurrentEmployer,d4,1.0,0,1.0,0,0.0,0
Learner,Graduate Student,CurrentPosition,d4,0.0,0,0.0,0,0.0,0
Africa,Ethiopia,HeadquartersCountry,d4,1.0,100,1.0,100,0.0,0
Afrikaans,Die Roodkapje,LanguageOfWorkPrimary,d4,0.6513549089431763,0,0.6513549089431763,0,0.0,0
Democratic Republic,Congolese franc,CurrencyPrimary,d4,1.0,0,1.0,0,0.0,0
Benjamin Franklin,1706-01-17,BirthDate,d4,1.0,0,1.0,0,0.0,0
Vietnam War Protests,Students for a Democratic Society,HostOrganizationPrimary,d4,0.6513549089431763,0,0.6513549089431763,0,0.0,0
Vietnam War Protests,American Friends Service Committee,HostOrganizationPrimary,d4,1.0,0,1.0,0,0.0,0
Windows,1985-11-20,InitialReleaseDate,d4,1.0,0,1.0,0,0.0,0
Seoul,Korean,OfficialLanguagePrimary,d4,1.0,100,1.0,100,0.0,0
Seoul,LG Electronics,HeadquartersCity,d4,1.0,0,1.0,0,0.0,0
Hsinchu Science Park,Asustek Computer Inc.,CurrentEmployer,d4,0.6513549089431763,0,0.6513549089431763,0,0.0,0
Unknown Industry,Industry Analyst,CurrentPosition,d4,0.0,0,0.0,0,0.0,0
Shenzhen,China Standard Time,TimeZonePrimary,d4,1.0,0,1.0,0,0.0,0
Epoch Start,Unix Time Foundation,ParentOrganization,d4,1.0,0,1.0,0,0.0,0
Innovation City,Riyadh,CapitalCityOfCountry,d4,1.0,0,1.0,0,0.0,0
Tourism,World Tourism Organization,CurrentEmployer,d4,1.0,50,1.0,50,0.0,0
"September 11, 2001",Patriot Act,OccursOn,d4,0.7772998809814453,100,0.7772998809814453,100,0.0,0
"September 11, 2001",The 9/11 Commission Report,PublicationDate,d4,1.0,0,1.0,0,0.0,0
Secretary of Education,United States Secretary of Education,CurrentPosition,d4,0.0,0,0.0,0,0.0,0
Battle of the Atlantic,Naval Warfare,MajorIndustryPrimary,d4,1.0,0,1.0,0,0.0,0
Battle of the Atlantic,1945-05-08,OccursOn,d4,1.0,50,1.0,50,0.0,0
American Revolutionary War,Concord,HeldInCity,d4,1.0,0,1.0,0,0.0,0
American Revolutionary War,1775-1783,OccursOn,d4,1.0,100,1.0,100,0.0,0
American Revolutionary War,Savannah,HeldInCity,d4,1.0,0,1.0,0,0.0,0
John Adams,1735-10-30,BirthDate,d4,1.0,100,1.0,100,0.0,0
Rob Pelinka,General Manager,CurrentPosition,d4,1.0,100,1.0,100,0.0,0
1954,Artist,CurrentPosition,d4,0.0,0,0.0,0,0.0,0
Kamala Harris,Attorney General of California,CurrentPosition,d4,0.5,100,0.5,100,0.0,0
Kamala Harris,Howard University,AlmaMaterPrimary,d4,1.0,100,1.0,100,0.0,0
Francis Collins,1950-04-14,BirthDate,d4,1.0,0,1.0,0,0.0,0
Nobel Laureate,Nobel Prize Winner,CurrentPosition,d4,0.0,0,0.0,0,0.0,0
Nobel Laureate,Sweden,NationalityPrimary,d4,1.0,50,1.0,50,0.0,0
Nobel Laureate,The Nobel Foundation,CurrentEmployer,d4,1.0,0,1.0,0,0.0,0
Nobel Laureate,University of Stockholm,CurrentEmployer,d4,1.0,0,1.0,0,0.0,0
Thomas Jefferson,Governor of Virginia,CurrentPosition,d4,1.0,0,1.0,0,0.0,0
Thomas Jefferson,"April 13, 1743",BirthDate,d4,1.0,100,1.0,100,0.0,0
Content Creator,Influencer,CurrentPosition,d4,0.0,0,0.0,0,0.0,0
Content Creator,Content Marketer,CurrentPosition,d4,0.0,0,0.0,0,0.0,0
Content Creator,Vlogger,CurrentPosition,d4,0.0,0,0.0,0,0.0,0
Henry Ford,1863-07-30,BirthDate,d4,1.0,100,1.0,100,0.0,0
Innovation Leader,Senior Vice President of Innovation,CurrentPosition,d4,0.5,0,0.5,0,0.0,0
Lynn Martin,"Chicago, Illinois",BirthPlace,d4,1.0,100,1.0,100,0.0,0
Abraham Flexner,Johns Hopkins University,AlmaMaterPrimary,d4,1.0,0,1.0,0,0.0,0
James Wilson,1812-02-15,BirthDate,d4,0.7772998809814453,0,0.7772998809814453,0,0.0,0
Firefighters,Local Fire Department,CurrentEmployer,d4,1.0,50,1.0,50,0.0,0
George Washington,"February 22, 1732",BirthDate,d4,1.0,100,1.0,100,0.0,0
James Madison,1751-03-16,BirthDate,d4,1.0,100,1.0,100,0.0,0
James Madison,"Port Conway, Virginia",BirthPlace,d4,0.7185943722724915,0,0.7185943722724915,0,0.0,0
Robert F. Kennedy,1925-11-20,BirthDate,d4,1.0,100,1.0,100,0.0,0
Civic Participant,Civic Engagement Advocate,CurrentPosition,d4,0.0,0,0.0,0,0.0,0
Henry Sturgis Morgan,Partner,CurrentPosition,d4,1.0,0,1.0,0,0.0,0
Emergency Medical Technicians,National Ambulance Service,CurrentEmployer,d4,1.0,0,1.0,0,0.0,0
Indian Languages,Linguists,DevelopedByPrimary,d4,1.0,0,1.0,0,0.0,0
1650,Town B,BirthPlace,d4,0.0,0,0.0,0,0.0,0
People's Republic of China,Xi Jinping,CurrentEmployer,d4,1.0,100,1.0,100,0.0,0
Beijing Municipal Government,Chen Jining,ChiefExecutiveOfficerCurrent,d4,1.0,0,1.0,0,0.0,0
Brasília,Federal Government of Brazil,HeadquartersCity,d4,0.5,0,0.5,0,0.0,0
1904,1904-01-01,BirthDate,d4,0.7772998809814453,0,0.7772998809814453,0,0.0,0
Time Zone Coordinator,Time Zone Specialist,CurrentPosition,d4,0.0,0,0.0,0,0.0,0
"July 4, 1876",James Monroe,BirthDate,d4,0.22270014882087708,0,0.22270014882087708,0,0.0,0
Genevieve Bell,Australian,NationalityPrimary,d4,1.0,100,1.0,100,0.0,0
"January 1, 1789",Founding Father of the United States,CurrentPosition,d4,1.0,0,1.0,0,0.0,0
1785,1785-01-01,BirthDate,d4,0.5,0,0.5,0,0.0,0
French Franc,Defunct,CurrentPosition,d4,0.0,0,0.0,0,0.0,0
Philosopher,Greece,NationalityPrimary,d4,1.0,50,1.0,50,0.0,0
Shanghai Stock Exchange,China Securities Regulatory Commission,ParentOrganization,d4,1.0,100,1.0,100,0.0,0
John C. Williams,President and Chief Executive Officer,CurrentPosition,d4,0.5,0,0.5,0,0.0,0
Indian Railways,Ministry of Railways,ParentOrganization,d4,1.0,50,1.0,50,0.0,0
Indian Railways,1853,FoundingDate,d4,1.0,100,1.0,100,0.0,0
1848,June 1848,OccursOn,d4,1.0,0,1.0,0,0.0,0
1848,Spring 1848,OccursOn,d4,1.0,0,1.0,0,0.0,0
Xavier Becerra,1968-01-27,BirthDate,d4,1.0,0,1.0,0,0.0,0
Pete Buttigieg,"South Bend, Indiana",BirthPlace,d4,1.0,100,1.0,100,0.0,0
STMicroelectronics,Jean-Marc Chery,CurrentEmployer,d4,1.0,100,1.0,100,0.0,0
Engineer,Mechanical Engineer,CurrentPosition,d4,1.0,0,1.0,0,0.0,0
Celebration,Rio de Janeiro,HeldInCity,d4,1.0,0,1.0,0,0.0,0
Summer of 1969,1969-06-20,OccursOn,d4,1.0,0,1.0,0,0.0,0
Summer of 1969,1969-08-15,OccursOn,d4,1.0,0,1.0,0,0.0,0
1998,"Baidu, Inc.",FoundingDate,d4,1.0,0,1.0,0,0.0,0
Frankfurt Stock Exchange,Asra N. K. H. Al-Mansoori,ChiefExecutiveOfficerCurrent,d4,1.0,0,1.0,0,0.0,0
Financial Supervisory Commission,Tsai Cheng-yuan,ChiefExecutiveOfficerCurrent,d4,1.0,0,1.0,0,0.0,0
Danish Krone,Copenhagen Stock Exchange,StockExchangePrimary,d4,1.0,100,1.0,100,0.0,0
Credit Suisse,Alfred Escher,FoundedByPrimary,d4,1.0,100,1.0,100,0.0,0
Hong Kong Monetary Authority,Eddie Yue,ChiefExecutiveOfficerCurrent,d4,1.0,0,1.0,0,0.0,0
Mumbai,1507,FoundingDate,d4,0.5774953961372375,0,0.5774953961372375,0,0.0,0
1682,1682-01-01,BirthDate,d4,0.5,0,0.5,0,0.0,0
Kremlin,Vladimir Putin,CurrentEmployer,d4,1.0,100,1.0,100,0.0,0
Kremlin,1475,FoundingDate,d4,0.22270014882087708,0,0.22270014882087708,0,0.0,0
Cabinet of Japan,Cabinet Minister,CurrentPosition,d4,1.0,0,1.0,0,0.0,0
1958,Languages spoken in 1958,OfficialLanguagePrimary,d4,1.0,0,1.0,0,0.0,0
1958,Currency used in 1958,CurrencyPrimary,d4,0.7772998809814453,50,0.7772998809814453,50,0.0,0
Kaohsiung City Government,Kaohsiung City Mayor,CurrentEmployer,d4,1.0,0,1.0,0,0.0,0
Battle of Guadalcanal,1943,PublicationDate,d4,1.0,0,1.0,0,0.0,0
World War II,1939-09-01,OccursOn,d4,1.0,100,1.0,100,0.0,0
Daylight Saving Time,March 14,OccursOn,d4,0.0,0,0.0,0,0.0,0
People's Bank of China,Guo Shuqing,CurrentEmployer,d4,1.0,0,1.0,0,0.0,0
Retail,Retail Industry,MajorIndustryPrimary,d4,0.22270014882087708,0,0.22270014882087708,0,0.0,0
Telangana State Government,K. Chandrashekar Rao,CurrentEmployer,d4,1.0,50,1.0,50,0.0,0
New Year's Day,2027-01-01,OccursOn,d4,1.0,100,1.0,100,0.0,0
New Year's Day,2026-01-01,OccursOn,d4,1.0,100,1.0,100,0.0,0
New Year's Day,2030-01-01,OccursOn,d4,1.0,100,1.0,100,0.0,0
Bank of England,Andrew Bailey,CurrentEmployer,d4,1.0,0,1.0,0,0.0,0
1066,King,CurrentPosition,d4,0.0,0,0.0,0,0.0,0
Prime Minister of the United Kingdom,1965-05-20,BirthDate,d4,0.7772998809814453,0,0.7772998809814453,0,0.0,0
1096,Unknown Job,CurrentPosition,d4,0.0,0,0.0,0,0.0,0
Vice-Chancellor,Vice-Chancellor of University of Cambridge,CurrentPosition,d4,0.0,0,0.0,0,0.0,0
Korea Advanced Institute of Science and Technology,"Ministry of Education, South Korea",ParentOrganization,d4,1.0,0,1.0,0,0.0,0
Korea Advanced Institute of Science and Technology,Daejeon,HeadquartersCity,d4,1.0,100,1.0,100,0.0,0
Humboldt University of Berlin,Rector,CurrentPosition,d4,0.0,0,0.0,0,0.0,0
1969,The Beatles' Abbey Road,PublicationDate,d4,1.0,0,1.0,0,0.0,0
Gordon Ramsay Restaurants,Gordon Ramsay,ChiefExecutiveOfficerCurrent,d4,1.0,0,1.0,0,0.0,0
Parent Company Name,Founding Year,FoundingDate,d4,0.5,0,0.5,0,0.0,0
Galp Energia,Carlos Gomes,CurrentEmployer,d4,1.0,100,1.0,100,0.0,0
Galp Energia,Galp Group,ParentOrganization,d4,1.0,0,1.0,0,0.0,0
Vice Chair of the Board of Directors,Place of Birth,BirthPlace,d4,1.0,0,1.0,0,0.0,0
Epoch,Epoch City,HeadquartersCity,d4,1.0,0,1.0,0,0.0,0
Taiwan Semiconductor Manufacturing Company,Morris Chang,FoundedByPrimary,d4,1.0,100,1.0,100,0.0,0
Chengdu Research Base of Giant Panda Breeding,Conservation,MajorIndustryPrimary,d4,1.0,0,1.0,0,0.0,0
Orange Polska,Telecommunications Provider,CurrentPosition,d4,0.0,0,0.0,0,0.0,0
First Anglo-Powhatan War,Leader of the English Settlers,CurrentPosition,d4,1.0,0,1.0,0,0.0,0
First Anglo-Powhatan War,Colonial Warfare,MajorIndustryPrimary,d4,1.0,0,1.0,0,0.0,0
Max Planck Institute for Astronomy,Heidelberg,HeadquartersCity,d4,1.0,100,1.0,100,0.0,0
Various titles,Various universities,AlmaMaterPrimary,d4,0.0,0,0.0,0,0.0,0
Director of Studies,Director of Studies at a specific department,CurrentPosition,d4,0.0,0,0.0,0,0.0,0
Winston Churchill,Royal Military Academy Sandhurst,AlmaMaterPrimary,d4,1.0,0,1.0,0,0.0,0
Winston Churchill,"Woodstock, Oxfordshire, England",BirthPlace,d4,0.22270014882087708,0,0.22270014882087708,0,0.0,0
University of Leipzig,Johann Wolfgang von Goethe,CurrentEmployer,d4,1.0,0,1.0,0,0.0,0
University of Munich,Ludwig Maximilian University of Munich,CurrentEmployer,d4,1.0,0,1.0,0,0.0,0
British,Chancellor of the Exchequer,CurrentPosition,d4,0.0,0,0.0,0,0.0,0
Belgium,Monarchy,CurrentPosition,d4,0.0,0,0.0,0,0.0,0
Seoul National University,Ban Ki-moon,AlmaMaterPrimary,d4,1.0,0,1.0,0,0.0,0
ETH Zurich,Swiss Federal Institute of Technology,ParentOrganization,d4,1.0,100,1.0,100,0.0,0
1978,1978-01-01,OccursOn,d4,1.0,100,1.0,100,0.0,0
1690,1690-01-01,BirthDate,d4,1.0,0,1.0,0,0.0,0
1690,Unknown Employer,CurrentEmployer,d4,0.5,0,0.5,0,0.0,0
"January 1, 2020",Cotillion,OccursOn,d4,1.0,0,1.0,0,0.0,0
Andhra Pradesh Government,Y. S. Jagan Mohan Reddy,CurrentEmployer,d4,1.0,0,1.0,0,0.0,0
"Nihonmatsu, Japan",Nihonmatsu,HeadquartersCity,d4,1.0,0,1.0,0,0.0,0
Kumamoto,Kumamoto Prefecture Government,ParentOrganization,d4,1.0,0,1.0,0,0.0,0
"September 21, 1792",Marie Antoinette,BirthDate,d4,1.0,0,1.0,0,0.0,0
Declaration of Independence,1776-07-04,PublicationDate,d4,1.0,100,1.0,100,0.0,0
October 31,Beggars' Night,OccursOn,d4,1.0,0,1.0,0,0.0,0
October 31,John Keats,BirthDate,d4,1.0,0,1.0,0,0.0,0
Hungary,1000,FoundingDate,d4,0.5,0,0.5,0,0.0,0
Danish Superliga,Danish Football Clubs,CurrentEmployer,d4,1.0,0,1.0,0,0.0,0
Infineon Technologies,Neubiberg,HeadquartersCity,d4,0.22270014882087708,0,0.22270014882087708,0,0.0,0
DB Netz AG,Infrastructure Manager,CurrentPosition,d4,0.0,0,0.0,0,0.0,0
Year 2001,2001 in sports,OccursOn,d4,0.0,0,0.0,0,0.0,0
Austria,Federal Republic,CurrentPosition,d4,1.0,100,1.0,100,0.0,0
Liechtenstein,Liechtenstein Financial Market Authority,CountryOfIncorporation,d4,0.7772998809814453,0,0.7772998809814453,0,0.0,0
Shrewsbury,Shrewsbury Town F.C.,HeadquartersCity,d4,1.0,0,1.0,0,0.0,0
Formation of the Delphic Amphictyony,Religious practices,MajorIndustryPrimary,d4,1.0,0,1.0,0,0.0,0
Formation of the Delphic Amphictyony,Delphi,HeldInCity,d4,1.0,0,1.0,0,0.0,0
Telugu Desam Party,N. Chandrababu Naidu,CurrentEmployer,d4,0.7772998809814453,100,0.7772998809814453,100,0.0,0
Banco Santander,Ana Botín,CurrentEmployer,d4,1.0,0,1.0,0,0.0,0
International Animated Film Association,Jean-François Laguionie,ChiefExecutiveOfficerCurrent,d4,1.0,0,1.0,0,0.0,0
FC Copenhagen,Head Coach,CurrentPosition,d4,1.0,0,1.0,0,0.0,0
Fumio Kishida,Chairman of the Liberal Democratic Party,CurrentPosition,d4,1.0,0,1.0,0,0.0,0
Pablo Picasso,Royal Academy of San Fernando,AlmaMaterPrimary,d4,1.0,0,1.0,0,0.0,0
Frida Kahlo,National Preparatory School,AlmaMaterPrimary,d4,1.0,50,1.0,50,0.0,0
Content Strategist,Advertising Agency,CurrentEmployer,d4,1.0,0,1.0,0,0.0,0
Cultural Institutions,The Tate Modern,CurrentEmployer,d4,0.22270014882087708,0,0.22270014882087708,0,0.0,0
"April 1, 1582",First day of the Gregorian Calendar,OccursOn,d4,1.0,0,1.0,0,0.0,0
Sichuan Airlines,Commercial Airline,CurrentPosition,d4,0.0,0,0.0,0,0.0,0
"January 20, 1941",Inauguration of Franklin D. Roosevelt,OccursOn,d4,1.0,50,1.0,50,0.0,0
Electronics Manufacturing,Manufacturing Leader,CurrentPosition,d4,0.0,0,0.0,0,0.0,0
Venezuela,1811,FoundingDate,d4,1.0,0,1.0,0,0.0,0
Lionel Messi,"June 24, 1987",BirthDate,d4,1.0,0,1.0,0,0.0,0
David Beckham,"May 2, 1975",BirthDate,d4,1.0,100,1.0,100,0.0,0
Dara Khosrowshahi,Tehran,BirthPlace,d4,1.0,100,1.0,100,0.0,0
Toyota Group,1937,FoundingDate,d4,0.3486451506614685,100,0.3486451506614685,100,0.0,0
Afrikaans,Kook en Geniet,LanguageOfWorkPrimary,d4,0.21112672984600067,0,0.22270014882087708,0,-0.011573418974876404,0
Electronics,Yen,CurrencyPrimary,d4,0.42250463366508484,0,0.4588649868965149,0,-0.036360353231430054,0
Cultural Capital of Denmark,Danish Government,ParentOrganization,d4,0.4567359387874603,0,0.5,0,-0.04326406121253967,0
Senior Researcher,Hometown,BirthPlace,d4,0.6513549089431763,0,0.6970582008361816,0,-0.04570329189300537,0
Animation,Illumination Entertainment,CurrentEmployer,d4,0.3486451506614685,0,0.39443665742874146,0,-0.04579150676727295,0
Nobel Laureate,1950-04-15,BirthDate,d4,0.17537234723567963,0,0.22270014882087708,0,-0.04732780158519745,0
1764,Historical City,HeadquartersCity,d4,0.6026865839958191,0,0.6513549089431763,0,-0.04866832494735718,0
Afrikaans,Kleinboet,LanguageOfWorkPrimary,d4,0.5,0,0.548917829990387,0,-0.04891782999038696,0
Film Industry,Metro-Goldwyn-Mayer,CurrentEmployer,d4,0.17328819632530212,0,0.22270014882087708,0,-0.04941195249557495,0
University of Padua,Italian universities,ParentOrganization,d4,0.44810551404953003,0,0.5,0,-0.05189448595046997,0
1799,1799-01-01,BirthDate,d4,0.28140559792518616,0,0.3333333432674408,0,-0.05192774534225464,0
New Delhi,State Bank of India,HeadquartersCity,d4,0.6513549089431763,0,0.7046110033988953,0,-0.053256094455718994,0
1942-11-20,Operation Torch,OccursOn,d4,0.17328819632530212,100,0.22951427102088928,100,-0.05622607469558716,0
Sony Corporation,Sony Group Corporation,ParentOrganization,d4,0.7185943722724915,50,0.7772998809814453,50,-0.05870550870895386,0
Epoch Start,Tech Companies,CurrentEmployer,d4,0.7185943722724915,0,0.7772998809814453,0,-0.05870550870895386,0
Director of Studies,Specific University,AlmaMaterPrimary,d4,0.7185943722724915,0,0.7772998809814453,0,-0.05870550870895386,0
Reference point in time,2023-10-02,OccursOn,d4,0.7185943722724915,0,0.7772998809814453,0,-0.05870550870895386,0
Mary Barra,"Royal Oak, Michigan",BirthPlace,d4,0.7185943722724915,0,0.7772998809814453,0,-0.05870550870895386,0
1870,National History Museum,CurrentEmployer,d4,0.7185943722724915,0,0.7772998809814453,0,-0.05870550870895386,0
FC Barcelona,Barcelona,HeadquartersCity,d4,0.7185943722724915,100,0.7772998809814453,100,-0.05870550870895386,0
Summer of 1969,1969-09-01,OccursOn,d4,0.43734875321388245,0,0.5,0,-0.06265124678611755,0
State-owned Enterprises,Various Years,FoundingDate,d4,0.43734875321388245,0,0.5,0,-0.06265124678611755,0
Argentina,Buenos Aires,CapitalCityOfCountry,d4,0.6513549089431763,100,0.7185943722724915,100,-0.06723946332931519,0
Austria,Vienna,CapitalCityOfCountry,d4,0.6513549089431763,100,0.7185943722724915,100,-0.06723946332931519,0
Charles L. Webster,1840-01-01,BirthDate,d4,0.26547178626060486,0,0.3333333432674408,0,-0.06786155700683594,0
Woodrow Wilson,"Staunton, Virginia",BirthPlace,d4,0.5774953961372375,100,0.6513549089431763,100,-0.07385951280593872,0
Indian Languages,Ministry of Home Affairs,ParentOrganization,d4,0.5774953961372375,0,0.6513549089431763,0,-0.07385951280593872,0
Country A,Language X,OfficialLanguagePrimary,d4,0.5774953961372375,0,0.6513549089431763,0,-0.07385951280593872,0
John Adams,"Braintree, Massachusetts",BirthPlace,d4,0.42250463366508484,100,0.5,100,-0.07749536633491516,0
Henry Ford,"Wayne County, Michigan",BirthPlace,d4,0.42250463366508484,0,0.5,0,-0.07749536633491516,0
Mumbai,Tata Group,HeadquartersCity,d4,0.42250463366508484,0,0.5,0,-0.07749536633491516,0
Max Planck Society,Max Planck,FoundedByPrimary,d4,0.5,100,0.5774953961372375,100,-0.07749539613723755,0
October 31,Samhain,OccursOn,d4,0.5,0,0.5774953961372375,0,-0.07749539613723755,0
Cultural Capital of Denmark,1043,FoundingDate,d4,0.5,0,0.5774953961372375,0,-0.07749539613723755,0
Chairperson of the Board,Chair of the Audit Committee,CurrentPosition,d4,0.5731076598167419,0,0.6513549089431763,0,-0.07824724912643433,0
Cultural Institutions,The Metropolitan Museum of Art,CurrentEmployer,d4,0.05245954543352127,0,0.13296423852443695,0,-0.08050469309091568,0
Helsinki,1550,FoundingDate,d4,0.6513549089431763,100,0.7336938381195068,100,-0.08233892917633057,0
Brian Moynihan,1959-10-25,BirthDate,d4,0.11135007441043854,0,0.19749760627746582,0,-0.08614753186702728,0
Vietnam War Protests,National Mobilization Committee to End the War in Vietnam,HostOrganizationPrimary,d4,0.6513549089431763,0,0.7391709685325623,0,-0.08781605958938599,0
Knowledge City,United Arab Emirates Dirham,CurrencyPrimary,d4,0.6513549089431763,0,0.7391724586486816,0,-0.08781754970550537,0
Belgium,Belgian Franc,CurrencyPrimary,d4,0.3486451506614685,0,0.43734875321388245,0,-0.08870360255241394,0
Product Development,Michael Johnson,CurrentEmployer,d4,0.7772998809814453,0,0.8670357465744019,0,-0.08973586559295654,0
Product Development,Emily Davis,CurrentEmployer,d4,0.7772998809814453,0,0.8670357465744019,0,-0.08973586559295654,0
1958,Industries prominent in 1958,MajorIndustryPrimary,d4,0.7772998809814453,0,0.8670357465744019,0,-0.08973586559295654,0
"January 1, 2020",Rose Bowl,OccursOn,d4,0.7772998809814453,100,0.8670357465744019,100,-0.08973586559295654,0
Political Revolution,Political Activism,CurrentPosition,d4,0.5,50,0.5922008156776428,50,-0.09220081567764282,0
Year of the Pandemic,Wuhan,HeldInCity,d4,0.7185943722724915,100,0.8112791776657104,100,-0.092684805393219,0
Charles Miller,1866-09-15,BirthDate,d4,0.18872548639774323,0,0.28434282541275024,0,-0.09561733901500702,0
Epoch,Epoch Language,OfficialLanguagePrimary,d4,0.3486451506614685,0,0.4481017291545868,0,-0.09945657849311829,0
Political Ideology,University of Political Science,CurrentEmployer,d4,0.6357240676879883,0,0.7391695380210876,0,-0.10344547033309937,0
Switzerland,Federal Council,CurrentPosition,d4,0.7185943722724915,0,0.8267117738723755,0,-0.10811740159988403,0
"July 4, 1876",George M. Cohan,BirthDate,d4,0.8892737030982971,0,1.0,0,-0.11072629690170288,0
Pete Buttigieg,1982-01-19,BirthDate,d4,0.8892737030982971,0,1.0,0,-0.11072629690170288,0
IAG,IAG Group,CurrentEmployer,d4,0.1058671846985817,0,0.22270014882087708,0,-0.11683296412229538,0
1743,Unknown Year,FoundingDate,d4,0.06265126168727875,0,0.18287864327430725,0,-0.1202273815870285,0
Epoch,Epoch Industry,MajorIndustryPrimary,d4,0.7185943722724915,0,0.8411336541175842,0,-0.12253928184509277,0
Moscow,Russian Railways,HeadquartersCity,d4,0.6513549089431763,0,0.7772998809814453,0,-0.12594497203826904,0
January 1,J.D. Salinger,BirthDate,d4,0.6513549089431763,0,0.7772998809814453,0,-0.12594497203826904,0
Jes Staley,Maine,BirthPlace,d4,0.6513549089431763,0,0.7772998809814453,0,-0.12594497203826904,0
Netherlands,Amsterdam,CapitalCityOfCountry,d4,0.6513549089431763,100,0.7772998809814453,100,-0.12594497203826904,0
Colombia,Bogotá,CapitalCityOfCountry,d4,0.6513549089431763,100,0.7772998809814453,100,-0.12594497203826904,0
Reference point in time,2023-10-10,OccursOn,d4,0.6513549089431763,0,0.7772998809814453,0,-0.12594497203826904,0
Reference point in time,2023-10-08,OccursOn,d4,0.6513549089431763,0,0.7772998809814453,0,-0.12594497203826904,0
Czech Republic,Czech National Bank,CurrentEmployer,d4,0.6513549089431763,0,0.7772998809814453,0,-0.12594497203826904,0
Italian Government,Italian Parliament,ParentOrganization,d4,0.6513549089431763,0,0.7772998809814453,0,-0.12594497203826904,0
Secretary of Education,"January 20, 1960",BirthDate,d4,0.22270014882087708,0,0.3486451506614685,0,-0.12594500184059143,0
1958,Organizations active in 1958,CurrentEmployer,d4,0.8670357465744019,0,1.0,0,-0.13296425342559814,0
Chengdu Research Base of Giant Panda Breeding,Li Desheng,ChiefExecutiveOfficerCurrent,d4,0.8670357465744019,0,1.0,0,-0.13296425342559814,0
Paris,L'Oréal,HeadquartersCity,d4,0.8670357465744019,0,1.0,0,-0.13296425342559814,0
Seikei University,Seikei Gakuen,ParentOrganization,d4,0.8670357465744019,0,1.0,0,-0.13296425342559814,0
University of Warsaw,Adam Mickiewicz University,CurrentEmployer,d4,0.8670357465744019,0,1.0,0,-0.13296425342559814,0
Government of Brazil,Luiz Inácio Lula da Silva,ChiefExecutiveOfficerCurrent,d4,0.8670357465744019,0,1.0,0,-0.13296425342559814,0
Jeanie Buss,President of the Los Angeles Lakers,CurrentPosition,d4,0.7534968256950378,100,0.8892737030982971,100,-0.13577687740325928,0
Argentina,Argentine Football Association,CurrentEmployer,d4,0.6513549089431763,0,0.7901690602302551,0,-0.13881415128707886,0
Martin Luther King Jr.,Morehouse College,AlmaMaterPrimary,d4,0.17432257533073425,100,0.316982239484787,100,-0.14265966415405273,0
Richard Ketchum,1951-01-01,BirthDate,d4,0.25,0,0.39443665742874146,0,-0.14443665742874146,0
World War II,Allied Powers,CurrentEmployer,d4,0.7772998809814453,50,0.9241418242454529,50,-0.14684194326400757,0
Liechtenstein,1719,FoundingDate,d4,0.7772998809814453,0,0.9241418242454529,0,-0.14684194326400757,0
FC Copenhagen,Ståle Solbakken,CurrentEmployer,d4,0.7185943722724915,100,0.8670357465744019,100,-0.1484413743019104,0
Chile,Chilean peso,CurrencyPrimary,d4,0.677793025970459,0,0.8267117738723755,0,-0.1489187479019165,0
Epoch Start,Digital Currency,CurrencyPrimary,d4,0.3486451506614685,0,0.5,0,-0.1513548493385315,0
Thomas Jefferson,"Shadwell, Virginia",BirthPlace,d4,0.3486451506614685,100,0.5,100,-0.1513548493385315,0
Shakespearean English,Shakespeare's Sonnets,AuthorOfWorkPrimary,d4,0.3486451506614685,0,0.5,0,-0.1513548493385315,0
Knowledge City,Abu Dhabi Department of Education and Knowledge,ParentOrganization,d4,0.3486451506614685,0,0.5,0,-0.1513548493385315,0
Sony Corporation,1946-05-07,FoundingDate,d4,0.5,0,0.6513549089431763,0,-0.15135490894317627,0
Hsinchu Science Park,Acer Inc.,CurrentEmployer,d4,0.5,0,0.6513549089431763,0,-0.15135490894317627,0
Community Organizer,Various Nonprofit Organizations,CurrentEmployer,d4,0.5,0,0.6513549089431763,0,-0.15135490894317627,0
Vincent van Gogh,Post-Impressionist Painter,CurrentPosition,d4,0.5,0,0.6513549089431763,0,-0.15135490894317627,0
City-State,City-State Founding Year,FoundingDate,d4,0.22270014882087708,0,0.37615442276000977,0,-0.1534542739391327,0
Tencent,WeChat,DevelopedByPrimary,d4,0.42250463366508484,0,0.5774953961372375,0,-0.1549907624721527,0
Pocahontas,1596,BirthDate,d4,0.42250463366508484,100,0.5774953961372375,100,-0.1549907624721527,0
Emergency Medical Technicians,Emergency Medical Responder,CurrentPosition,d4,0.28140559792518616,0,0.43925613164901733,0,-0.15785053372383118,0
State-owned Enterprises,Various Positions,CurrentPosition,d4,0.7652807235717773,0,0.9241418242454529,0,-0.15886110067367554,0
Year 2001,2001 in literature,OccursOn,d4,0.0,0,0.15886841714382172,0,-0.15886841714382172,0
Chile,Santiago,CapitalCityOfCountry,d4,0.6513549089431763,100,0.8112791776657104,100,-0.15992426872253418,0
Firefighters,Fire Captain,CurrentPosition,d4,0.22270014882087708,0,0.3849121630191803,0,-0.16221201419830322,0
Porsche AG,Oliver Blume,CurrentEmployer,d4,0.42250463366508484,0,0.5862597823143005,0,-0.1637551486492157,0
Portugal,Ferdinand Magellan,BirthPlace,d4,0.3486451506614685,0,0.5151380896568298,0,-0.16649293899536133,0
French Government,Constitution of France,FoundedByPrimary,d4,0.6945120692253113,0,0.8670357465744019,0,-0.17252367734909058,0
Nobel Laureate,Stockholm,BirthPlace,d4,0.8267117738723755,100,1.0,100,-0.1732882261276245,0
African Union,Political Organization,MajorIndustryPrimary,d4,0.8267117738723755,0,1.0,0,-0.1732882261276245,0
Data Analyst,Business Intelligence Analyst,CurrentPosition,d4,0.8267117738723755,0,1.0,0,-0.1732882261276245,0
Luis Gallego,1966-10-01,BirthDate,d4,0.05997779220342636,0,0.23329029977321625,0,-0.1733125075697899,0
Henry Ford,"Dearborn, Michigan",BirthPlace,d4,0.325379878282547,0,0.5,0,-0.174620121717453,0
K. K. Y. Wong,1975-01-01,BirthDate,d4,0.22270014882087708,0,0.4080508351325989,0,-0.1853506863117218,0
Francis Collins,University of North Carolina at Chapel Hill,AlmaMaterPrimary,d4,0.5774953961372375,0,0.7652807235717773,0,-0.1877853274345398,0
First Anglo-Powhatan War,1614,OccursOn,d4,0.5774953961372375,0,0.7652807235717773,0,-0.1877853274345398,0
Historical Preservation,Advocate,CurrentPosition,d4,0.0,0,0.18872080743312836,0,-0.18872080743312836,0
1746,Year Founded,FoundingDate,d4,0.25909996032714844,0,0.44810929894447327,0,-0.18900933861732483,0
"January 1, 1 AD",1 AD,FoundingDate,d4,0.25909996032714844,0,0.44810929894447327,0,-0.18900933861732483,0
Company Name,Year Founded,FoundingDate,d4,0.42250463366508484,0,0.6139360070228577,0,-0.19143137335777283,0
Jeffrey Sprecher,1965-11-23,BirthDate,d4,0.1253025233745575,0,0.31786203384399414,0,-0.19255951046943665,0
Vincent van Gogh,Independent Artist,CurrentEmployer,d4,0.5,0,0.6945120096206665,0,-0.1945120096206665,0
Seoul,South Korean Won,CurrencyPrimary,d4,0.5810242295265198,100,0.7772998809814453,100,-0.19627565145492554,0
Xetra,Deutsche Börse AG,CurrentEmployer,d4,0.5774953961372375,100,0.7772998809814453,100,-0.19980448484420776,0
University of Leipzig,1409,FoundingDate,d4,0.5774953961372375,100,0.7772998809814453,100,-0.19980448484420776,0
Parent Company Name,Stock Exchange Name,StockExchangePrimary,d4,0.0,0,0.20518918335437775,0,-0.20518918335437775,0
Director of Communication,Media Relations Director,CurrentPosition,d4,0.5518983006477356,0,0.7652807235717773,0,-0.21338242292404175,0
William McMaster,1824-10-04,BirthDate,d4,0.22270014882087708,0,0.43734875321388245,0,-0.21464860439300537,0
Cultural Revolution,Mao Zedong,CurrentPosition,d4,0.6513549089431763,100,0.8670357465744019,100,-0.21568083763122559,0
Various institutions,Duke University,CurrentEmployer,d4,0.5,0,0.7185943722724915,0,-0.21859437227249146,0
"January 1, 1 AD",Jerusalem,HeadquartersCity,d4,0.28140559792518616,0,0.5,0,-0.21859440207481384,0
Rob Pelinka,1970-04-23,BirthDate,d4,0.1659584492444992,0,0.38864994049072266,0,-0.22269149124622345,0
Volkswagen AG,Wolfsburg,HeadquartersCity,d4,0.7772998809814453,100,1.0,100,-0.2227001190185547,0
Nokia,Pekka Lundmark,ChiefExecutiveOfficerCurrent,d4,0.7772998809814453,0,1.0,0,-0.2227001190185547,0
Gavin Newsom,"San Francisco, California",BirthPlace,d4,0.7772998809814453,100,1.0,100,-0.2227001190185547,0
Vice President of the United States,"October 20, 1964",BirthDate,d4,0.7772998809814453,0,1.0,0,-0.2227001190185547,0
Battle of the Atlantic,British Admiralty,CurrentEmployer,d4,0.7772998809814453,0,1.0,0,-0.2227001190185547,0
Battle of the Atlantic,Royal Navy,HostOrganizationPrimary,d4,0.7772998809814453,0,1.0,0,-0.2227001190185547,0
Colleen Paige,Pet Lifestyle Expert,CurrentEmployer,d4,0.7772998809814453,0,1.0,0,-0.2227001190185547,0
Food Industry,Tyson Foods,CurrentEmployer,d4,0.7772998809814453,0,1.0,0,-0.2227001190185547,0
Food Industry,Kraft Heinz,CurrentEmployer,d4,0.7772998809814453,0,1.0,0,-0.2227001190185547,0
Food Industry,General Mills,CurrentEmployer,d4,0.7772998809814453,0,1.0,0,-0.2227001190185547,0
Deutsche Bahn AG,Deutsche Bahn Stiftung,ParentOrganization,d4,0.7772998809814453,0,1.0,0,-0.2227001190185547,0
Hong Kong Monetary Authority,HKMA,CurrentEmployer,d4,0.7772998809814453,100,1.0,100,-0.2227001190185547,0
Government of Japan,Yen,CurrencyPrimary,d4,0.7772998809814453,100,1.0,100,-0.2227001190185547,0
Cloud Engineer,Alibaba Cloud,CurrentEmployer,d4,0.7772998809814453,0,1.0,0,-0.2227001190185547,0
Orange Polska,Polish złoty,CurrencyPrimary,d4,0.7772998809814453,50,1.0,50,-0.2227001190185547,0
Radium Institute,1932,FoundingDate,d4,0.7772998809814453,0,1.0,0,-0.2227001190185547,0
ASEAN Secretariat,Secretary-General of ASEAN,CurrentEmployer,d4,0.7772998809814453,0,1.0,0,-0.2227001190185547,0
Toyota City,Aichi Prefecture,CountryOfCity,d4,0.7772998809814453,100,1.0,100,-0.2227001190185547,0
DB Netz AG,Railway,MajorIndustryPrimary,d4,0.7772998809814453,50,1.0,50,-0.2227001190185547,0
Phil Knight,Chairman Emeritus,CurrentPosition,d4,0.7772998809814453,0,1.0,0,-0.2227001190185547,0
Danish Football Association,Kasper Hjulmand,CurrentEmployer,d4,0.7772998809814453,0,1.0,0,-0.2227001190185547,0
1848,1848 Revolutions,OccursOn,d4,0.0,0,0.22270014882087708,0,-0.22270014882087708,0
Knowledge City,Innovation Hub,CurrentPosition,d4,0.0,0,0.22270014882087708,0,-0.22270014882087708,0
Specific Parent Organization,Specific Employee,CurrentEmployer,d4,0.0,0,0.22270014882087708,0,-0.22270014882087708,0
Year 2001,Wikipedia's 2001 in film page,OccursOn,d4,0.0,0,0.22270014882087708,0,-0.22270014882087708,0
Eurozone,Monetary Union,CurrentPosition,d4,0.5489178895950317,0,0.7772998809814453,0,-0.22838199138641357,0
DB Netz AG,Dr. Richard Lutz,ChiefExecutiveOfficerCurrent,d4,0.5969080924987793,0,0.8267117738723755,0,-0.2298036813735962,0
Various titles,Various years,FoundingDate,d4,0.5,0,0.7306791543960571,0,-0.23067915439605713,0
Innovation City,Saudi Arabian Government,CurrentEmployer,d4,0.5,0,0.7345045208930969,0,-0.23450452089309692,0
Brian Moynihan,"Marblehead, Massachusetts",BirthPlace,d4,0.5,0,0.7391724586486816,0,-0.23917245864868164,0
Max Planck Society,Hermann von Helmholtz,FoundedByPrimary,d4,0.26082754135131836,0,0.5,0,-0.23917245864868164,0
1958,1958-01-01,OccursOn,d4,0.26082462072372437,0,0.5,0,-0.23917537927627563,0
Shrewsbury,Shrewsbury School,CurrentEmployer,d4,0.2585151195526123,0,0.5,0,-0.2414848804473877,0
Korea Standard Time,Korea,TimeZonePrimary,d4,0.6513549089431763,50,0.8991213440895081,50,-0.2477664351463318,0
British Museum,Sir Hans Sloane,FoundedByPrimary,d4,0.3973170816898346,100,0.6513549089431763,100,-0.2540378272533417,0
Salil Parekh,1964-04-01,BirthDate,d4,0.07585817575454712,0,0.3307223320007324,0,-0.2548641562461853,0
Chengdu Research Base of Giant Panda Breeding,Sichuan Province,CurrentEmployer,d4,0.6513549089431763,0,0.9081849455833435,0,-0.25683003664016724,0
Seoul National University,Lee Jae-myung,CurrentEmployer,d4,0.0,0,0.2585151195526123,0,-0.2585151195526123,0
Forward,Forward Player,CurrentPosition,d4,0.0,0,0.2585151195526123,0,-0.2585151195526123,0
1500,1500-01-01,BirthDate,d4,0.5518983006477356,100,0.811274528503418,100,-0.2593762278556824,0
1764,Historical Language,OfficialLanguagePrimary,d4,0.7391753792762756,0,1.0,0,-0.26082462072372437,0
Epoch Start,Start of Unix Time,CurrentPosition,d4,0.15887045860290527,0,0.4250129461288452,0,-0.26614248752593994,0
French Revolution,1789-07-14,OccursOn,d4,0.42250463366508484,0,0.6945120692253113,0,-0.27200743556022644,0
University of Paris,Sorbonne University,CurrentEmployer,d4,0.22681213915348053,0,0.5,0,-0.27318786084651947,0
Various jobs,Sales Representative,CurrentPosition,d4,0.22270014882087708,0,0.5,0,-0.2772998511791229,0
1650,Company ABC,CurrentEmployer,d4,0.22270014882087708,0,0.5,0,-0.2772998511791229,0
"January 1, 2004",New Year's Day 2004,OccursOn,d4,0.22270014882087708,0,0.5,0,-0.2772998511791229,0
Baidu,"Baidu, Inc.",ParentOrganization,d4,0.5,0,0.7772998809814453,0,-0.2772998809814453,0
Secretary of the Treasury,unknown,BirthDate,d4,0.5,0,0.7772998809814453,0,-0.2772998809814453,0
State Governments,State Government of California,CurrentEmployer,d4,0.5,0,0.7772998809814453,0,-0.2772998809814453,0
State Governments,State Government of Florida,CurrentEmployer,d4,0.5,0,0.7772998809814453,0,-0.2772998809814453,0
State Governments,State Government of Texas,CurrentEmployer,d4,0.5,0,0.7772998809814453,0,-0.2772998809814453,0
State Governments,State Government of Ohio,CurrentEmployer,d4,0.5,0,0.7772998809814453,0,-0.2772998809814453,0
State Governments,State Government of Georgia,CurrentEmployer,d4,0.5,0,0.7772998809814453,0,-0.2772998809814453,0
State Governments,State Government of Pennsylvania,CurrentEmployer,d4,0.5,0,0.7772998809814453,0,-0.2772998809814453,0
State Governments,State Government of North Carolina,CurrentEmployer,d4,0.5,0,0.7772998809814453,0,-0.2772998809814453,0
State Governments,State Government of Michigan,CurrentEmployer,d4,0.5,0,0.7772998809814453,0,-0.2772998809814453,0
State Governments,State Government of New York,CurrentEmployer,d4,0.5,0,0.7772998809814453,0,-0.2772998809814453,0
John C. Williams,"Burlington, Vermont",BirthPlace,d4,0.5,0,0.7772998809814453,0,-0.2772998809814453,0
1923,HistoricalIndustries,MajorIndustryPrimary,d4,0.5,0,0.7772998809814453,0,-0.2772998809814453,0
Cultural Institutions,The Smithsonian Institution,CurrentEmployer,d4,0.5,0,0.7772998809814453,0,-0.2772998809814453,0
Cultural Institutions,The Rijksmuseum,CurrentEmployer,d4,0.5,0,0.7772998809814453,0,-0.2772998809814453,0
Sony Interactive Entertainment,San Mateo,HeadquartersCity,d4,0.3726585805416107,0,0.6513549089431763,0,-0.27869632840156555,0
Danish Krone,Danmarks Nationalbank,ParentOrganization,d4,0.7185943722724915,50,1.0,50,-0.28140562772750854,0
Cloud Engineer,Site Reliability Engineer,CurrentPosition,d4,0.7185943722724915,0,1.0,0,-0.28140562772750854,0
Tidjane Thiam,Abidjan,BirthPlace,d4,0.7185943722724915,0,1.0,0,-0.28140562772750854,0
"Theatre Royal, Drury Lane",1663,FoundingDate,d4,0.7185943722724915,0,1.0,0,-0.28140562772750854,0
Danish Football Association,Brøndby,HeadquartersCity,d4,0.7185943722724915,0,1.0,0,-0.28140562772750854,0
Film Industry,Columbia Pictures,CurrentEmployer,d4,0.5260193943977356,0,0.8094282150268555,0,-0.2834088206291199,0
1650,City A,BirthPlace,d4,0.0,0,0.2887442708015442,0,-0.2887442708015442,0
Professor of Mathematics,1975-05-20,BirthDate,d4,0.21112672984600067,0,0.5,0,-0.28887327015399933,0
Moscow,1147,FoundingDate,d4,0.5774953961372375,100,0.8670357465744019,100,-0.2895403504371643,0
Warsaw,Polish złoty,CurrencyPrimary,d4,0.42250463366508484,50,0.7185943722724915,50,-0.2960897386074066,0
Unknown Organization,1591-01-01,FoundingDate,d4,0.1475612372159958,0,0.44810929894447327,0,-0.3005480617284775,0
1894,1894-01-01,BirthDate,d4,0.0,0,0.30294179916381836,0,-0.30294179916381836,0
SIX Swiss Exchange,Christian Katz,ChiefExecutiveOfficerCurrent,d4,0.36252328753471375,0,0.6719016432762146,0,-0.30937835574150085,0
Current Position Title,Series Name,SeriesOfWorkPrimary,d4,0.5774953961372375,0,0.8892707228660583,0,-0.3117753267288208,0
Vice Chair of the Board of Directors,Date of Birth,BirthDate,d4,0.06586533039808273,0,0.38206642866134644,0,-0.3162010982632637,0
Munich,Bavaria,CapitalCityOfCountry,d4,0.26083049178123474,0,0.5774953961372375,0,-0.3166649043560028,0
Bertelsmann,Gütersloh,HeadquartersCity,d4,0.5,100,0.8172832131385803,100,-0.3172832131385803,0
Michael K. Young,1950-07-01,BirthDate,d4,0.11135007441043854,0,0.4294905364513397,0,-0.3181404620409012,0
Venezuela,Nicolás Maduro,CurrentEmployer,d4,0.28140559792518616,100,0.602682888507843,100,-0.32127729058265686,0
Banco Santander,Santander Group,ParentOrganization,d4,0.6026902198791504,50,0.9241418242454529,50,-0.3214516043663025,0
Battle of Guadalcanal,United States Marine Corps,HostOrganizationPrimary,d4,0.28140559792518616,0,0.6061463356018066,0,-0.3247407376766205,0
Chief Innovation Officer,Technology Executive,CurrentPosition,d4,0.0,0,0.3333333432674408,0,-0.3333333432674408,0
Nobel Laureate,1901-12-10,BirthDate,d4,0.43734875321388245,0,0.7772998809814453,0,-0.33995112776756287,0
Benjamin Franklin,American Philosophical Society,CurrentEmployer,d4,0.6513549089431763,0,1.0,0,-0.34864509105682373,0
Bonn,Federal Ministry of Defence,HeadquartersCity,d4,0.6513549089431763,0,1.0,0,-0.34864509105682373,0
Senate Foreign Relations Committee,Senator Bob Menendez,CurrentEmployer,d4,0.6513549089431763,0,1.0,0,-0.34864509105682373,0
Senate Foreign Relations Committee,Senator Jim Risch,CurrentEmployer,d4,0.6513549089431763,0,1.0,0,-0.34864509105682373,0
Renminbi,Yuan,CurrencyPrimary,d4,0.6513549089431763,100,1.0,100,-0.34864509105682373,0
Kremlin,Official Residence,CurrentPosition,d4,0.6513549089431763,0,1.0,0,-0.34864509105682373,0
Project Manager,Team Leader,CurrentPosition,d4,0.6513549089431763,0,1.0,0,-0.34864509105682373,0
Reference point in time,2023-10-06,OccursOn,d4,0.6513549089431763,0,1.0,0,-0.34864509105682373,0
Political Revolution,Revolutionary Leaders,CurrentEmployer,d4,0.6513549089431763,0,1.0,0,-0.34864509105682373,0
Frida Kahlo,Feminist Icon,CurrentPosition,d4,0.6513549089431763,0,1.0,0,-0.34864509105682373,0
Sony Interactive Entertainment,Jim Ryan,CurrentEmployer,d4,0.6513549089431763,100,1.0,100,-0.34864509105682373,0
1908-04-11,1753,FoundingDate,d4,0.6513549089431763,0,1.0,0,-0.34864509105682373,0
Chief Innovation Officer,Innovation Leadership,CurrentPosition,d4,0.0,0,0.35438796877861023,0,-0.35438796877861023,0
Hindi,19th Century,FoundingDate,d4,0.42250463366508484,0,0.7772998809814453,0,-0.3547952473163605,0
Cultural Institutions,The Louvre,CurrentEmployer,d4,0.4213107228279114,0,0.7772998809814453,0,-0.35598915815353394,0
African Union,African Union Commission,CurrentEmployer,d4,0.5774953961372375,0,0.9343951344490051,0,-0.3568997383117676,0
Afrikaans,Die Stem van Suid-Afrika,LanguageOfWorkPrimary,d4,0.6357240676879883,100,1.0,100,-0.3642759323120117,0
Parent Company Name,Current Employee Name,CurrentEmployer,d4,0.5,0,0.8670357465744019,0,-0.36703574657440186,0
Specific Parent Organization,Specific Language,OfficialLanguagePrimary,d4,0.5,0,0.8670357465744019,0,-0.36703574657440186,0
Specific Parent Organization,Specific Subsidiary,ParentOrganization,d4,0.22270014882087708,0,0.5922008156776428,0,-0.36950066685676575,0
Faculty and Staff,San Francisco State University,CurrentEmployer,d4,0.22270014882087708,0,0.6041950583457947,0,-0.3814949095249176,0
Mumbai,State Bank of India,CurrentEmployer,d4,0.22270014882087708,0,0.6077477335929871,0,-0.38504758477211,0
International Relations,North Atlantic Treaty Organization,CurrentEmployer,d4,0.13296423852443695,0,0.5203198194503784,0,-0.38735558092594147,0
Year 2001,2001 in video games,OccursOn,d4,0.43734875321388245,0,0.8267117738723755,0,-0.38936302065849304,0
French Government,1791,FoundingDate,d4,0.3486451506614685,0,0.7391695380210876,0,-0.39052438735961914,0
Czech Republic,Škoda Auto,CountryOfIncorporation,d4,0.15887045860290527,0,0.5518945455551147,0,-0.3930240869522095,0
Real Madrid CF,La Liga,CurrentPosition,d4,0.6026902198791504,100,1.0,100,-0.3973097801208496,0
Japanese,660 BC,FoundingDate,d4,0.42250463366508484,100,0.8267117738723755,100,-0.40420714020729065,0
Various companies,Various stock exchanges,StockExchangePrimary,d4,0.09394505620002747,0,0.5,0,-0.40605494379997253,0
Huawei,Guangdong,BirthPlace,d4,0.5774953961372375,0,1.0,0,-0.42250460386276245,0
Kamala Harris,California Department of Justice,CurrentEmployer,d4,0.5774953961372375,0,1.0,0,-0.42250460386276245,0
German Federal Government,Olaf Scholz,CurrentEmployer,d4,0.5774953961372375,0,1.0,0,-0.42250460386276245,0
Jeffrey Sprecher,"Madison, Wisconsin",BirthPlace,d4,0.5774953961372375,0,1.0,0,-0.42250460386276245,0
Moscow,Gazprom,HeadquartersCity,d4,0.5774953961372375,0,1.0,0,-0.42250460386276245,0
"January 1, 2015",New Year Gatherings,OccursOn,d4,0.5774953961372375,50,1.0,50,-0.42250460386276245,0
Ruby,Yukihiro Matsumoto,AlmaMaterPrimary,d4,0.5774953961372375,100,1.0,100,-0.42250460386276245,0
Dean of Students,"Dean of Students at University of California, Berkeley",CurrentPosition,d4,0.07585817575454712,0,0.5,0,-0.4241418242454529,0
Current Position Title,Author Name,AuthorOfWorkPrimary,d4,0.3486451506614685,0,0.7772998809814453,0,-0.4286547303199768,0
American Revolutionary War,Yorktown,HeldInCity,d4,0.3486451506614685,0,0.7772998809814453,0,-0.4286547303199768,0
Netherlands,1581,FoundingDate,d4,0.3486451506614685,0,0.7772998809814453,0,-0.4286547303199768,0
Reference point in time,2023-10-07,OccursOn,d4,0.3486451506614685,0,0.7772998809814453,0,-0.4286547303199768,0
Shrewsbury,Shrewsbury College,CurrentEmployer,d4,0.3486451506614685,0,0.7772998809814453,0,-0.4286547303199768,0
Political Ideology,1900-01-01,BirthDate,d4,0.22270014882087708,0,0.6513549089431763,0,-0.4286547601222992,0
Lecturer,Senior Lecturer,CurrentPosition,d4,0.22270014882087708,0,0.6513549089431763,0,-0.4286547601222992,0
1817,1817-01-01,BirthDate,d4,0.22270014882087708,0,0.6513549089431763,0,-0.4286547601222992,0
Nikkei Inc.,Yoshihiro Inoue,CurrentEmployer,d4,0.22270014882087708,0,0.6513549089431763,0,-0.4286547601222992,0
Self-Employed,Not Specified,BirthDate,d4,0.22270014882087708,0,0.6513549089431763,0,-0.4286547601222992,0
Brasília,Seat of Government,CurrentPosition,d4,0.0,0,0.43734875321388245,0,-0.43734875321388245,0
FC Copenhagen,Jens Peter Broch,ChiefExecutiveOfficerCurrent,d4,0.42250463366508484,0,0.8670357465744019,0,-0.444531112909317,0
DB Netz AG,DB AG,CurrentEmployer,d4,0.5489178895950317,50,1.0,50,-0.45108211040496826,0
Food Industry,Mondelez International,CurrentEmployer,d4,0.5377748012542725,0,1.0,0,-0.46222519874572754,0
1957,Position in 1957,CurrentPosition,d4,0.42250463366508484,0,0.8892707228660583,0,-0.4667660892009735,0
Geneva,United Nations Office,HeadquartersCity,d4,0.5327491164207458,0,1.0,0,-0.46725088357925415,0
Lecturer,University Lecturer,CurrentPosition,d4,0.18213799595832825,50,0.6513549089431763,50,-0.469216912984848,0
Animal Welfare,Campaigner,CurrentPosition,d4,0.07585817575454712,0,0.5489178895950317,0,-0.4730597138404846,0
1998,Yahoo! Inc.,FoundingDate,d4,0.5260193943977356,0,1.0,0,-0.4739806056022644,0
Industrial Revolution,Economic Transformation,CurrentPosition,d4,0.22270014882087708,0,0.6970614194869995,0,-0.47436127066612244,0
North Macedonia,Macedonian companies,CountryOfIncorporation,d4,0.22270014882087708,0,0.7185943722724915,0,-0.4958942234516144,0
Venezuela,Caracas,CapitalCityOfCountry,d4,0.22270014882087708,100,0.7185943722724915,100,-0.4958942234516144,0
Bill Gates,Philanthropist,CurrentPosition,d4,0.28140559792518616,0,0.7772998809814453,0,-0.49589428305625916,0
Argentina,Argentine peso,CurrencyPrimary,d4,0.28140559792518616,100,0.7772998809814453,100,-0.49589428305625916,0
Bertelsmann,Thomas Rabe,CurrentEmployer,d4,0.5,100,1.0,100,-0.5,0
Volkswagen AG,1937,FoundingDate,d4,0.5,100,1.0,100,-0.5,0
Benjamin Franklin,Boston Latin School,AlmaMaterPrimary,d4,0.5,0,1.0,0,-0.5,0
Robert A. Altman,1946-01-01,BirthDate,d4,0.5,0,1.0,0,-0.5,0
Charles Miller,"Pittsburgh, Pennsylvania",BirthPlace,d4,0.5,0,1.0,0,-0.5,0
"July 4, 1876",Adolf Hitler,BirthDate,d4,0.5,0,1.0,0,-0.5,0
Genevieve Bell,University of Melbourne,AlmaMaterPrimary,d4,0.5,0,1.0,0,-0.5,0
Philosopher,Philosophy Lecturer,CurrentPosition,d4,0.0,0,0.5,0,-0.5,0
1848,March 1848,OccursOn,d4,0.5,0,1.0,0,-0.5,0
1848,November 1848,OccursOn,d4,0.5,0,1.0,0,-0.5,0
Product Development,Technical Lead,CurrentPosition,d4,0.0,0,0.5,0,-0.5,0
Vice Chair of the Board of Directors,Country of Nationality,NationalityPrimary,d4,0.5,0,1.0,0,-0.5,0
Intern,Software Development Intern,CurrentPosition,d4,0.0,0,0.5,0,-0.5,0
Holland,1581,FoundingDate,d4,0.5,0,1.0,0,-0.5,0
Telugu Desam Party,Political Party,CurrentPosition,d4,0.5,0,1.0,0,-0.5,0
"April 1, 1582",Easter Sunday,OccursOn,d4,0.0,0,0.5,0,-0.5,0
Carlos Romero Deschamps,1947-08-24,BirthDate,d4,0.13296423852443695,0,0.6357240080833435,0,-0.5027597695589066,0
Tourism,Madrid,HeadquartersCity,d4,0.26083049178123474,0,0.7772998809814453,0,-0.5164693892002106,0
Year 2001,2001 in music,OccursOn,d4,0.0,0,0.5170729756355286,0,-0.5170729756355286,0
Liechtenstein,Vaduz,CapitalCityOfCountry,d4,0.3486451506614685,100,0.8892737030982971,100,-0.5406285524368286,0
Sichuan Airlines,Sichuan Airlines Group,ParentOrganization,d4,0.3486451506614685,0,0.8892737030982971,0,-0.5406285524368286,0
Mary Barra,Chairperson and CEO,CurrentPosition,d4,0.19682620465755463,0,0.7391724586486816,0,-0.542346253991127,0
Peru,Sol,CurrencyPrimary,d4,0.22270014882087708,0,0.7652807235717773,0,-0.5425805747509003,0
Polish National Bank,National Bank of Poland,ParentOrganization,d4,0.10087861120700836,0,0.6513549089431763,0,-0.5504762977361679,0
Democratic Republic,Kinshasa,CapitalCityOfCountry,d4,0.44810551404953003,100,1.0,100,-0.55189448595047,0
Russian Federation,Moscow Standard Time,TimeZonePrimary,d4,0.44810551404953003,50,1.0,50,-0.55189448595047,0
Year 2001,Battle of Tora Bora,OccursOn,d4,0.22270014882087708,0,0.7772998809814453,0,-0.5545997321605682,0
Cultural Institutions,The National Gallery,CurrentEmployer,d4,0.22270014882087708,0,0.7772998809814453,0,-0.5545997321605682,0
Various roles,Various dates,BirthDate,d4,0.1253025233745575,0,0.6945120692253113,0,-0.5692095458507538,0
Mayor,Mayor of a specific city,CurrentPosition,d4,0.0,0,0.5731076598167419,0,-0.5731076598167419,0
Prime Minister,1965-05-01,BirthDate,d4,0.34970974922180176,0,0.9241418242454529,0,-0.5744320750236511,0
Benjamin Franklin,Pennsylvania Assembly,CurrentEmployer,d4,0.42250463366508484,0,1.0,0,-0.5774953663349152,0
Kamala Harris,"Oakland, California",BirthPlace,d4,0.42250463366508484,100,1.0,100,-0.5774953663349152,0
Copenhagen Business School,Copenhagen Stock Exchange,StockExchangePrimary,d4,0.42250463366508484,0,1.0,0,-0.5774953663349152,0
The Lord Chamberlain's Men,1594,FoundingDate,d4,0.42250463366508484,100,1.0,100,-0.5774953663349152,0
SIX Swiss Exchange,Swiss Stock Exchange,StockExchangePrimary,d4,0.3333333432674408,50,0.9241418242454529,50,-0.5908084809780121,0
Democratic Republic,Congo Free State,ParentOrganization,d4,0.3486451506614685,0,0.9433475732803345,0,-0.594702422618866,0
City-State,City-State Country,CountryOfCity,d4,0.3486451506614685,0,0.9433475732803345,0,-0.594702422618866,0
Cultural Institutions,The British Museum,CurrentEmployer,d4,0.17862793803215027,0,0.7772998809814453,0,-0.598671942949295,0
Cultural Institutions,The Getty,CurrentEmployer,d4,0.05119507759809494,0,0.6513549089431763,0,-0.6001598313450813,0
Polish,Poland Government,CurrentEmployer,d4,0.3973170816898346,0,1.0,0,-0.6026829183101654,0
Haruhiko Kuroda,Governor of the Bank of Japan,CurrentPosition,d4,0.397309809923172,100,1.0,100,-0.602690190076828,0
António Guterres,Secretary-General of the United Nations,CurrentPosition,d4,0.3849121630191803,100,1.0,100,-0.6150878369808197,0
Moscow,Sberbank,HeadquartersCity,d4,0.0,0,0.6293671727180481,0,-0.6293671727180481,0
Safra Catz,Holon,BirthPlace,d4,0.22270014882087708,0,0.8670357465744019,0,-0.6443355977535248,0
1957,Country of City in 1957,CountryOfCity,d4,0.22270014882087708,0,0.8670357465744019,0,-0.6443355977535248,0
Russian Federation,Vladimir Putin,CurrentEmployer,d4,0.22270014882087708,100,0.8670357465744019,100,-0.6443355977535248,0
Innovation City,Saudi Arabia,CountryOfCity,d4,0.3486451506614685,0,1.0,0,-0.6513548493385315,0
Zurich,15 BC,FoundingDate,d4,0.3486451506614685,0,1.0,0,-0.6513548493385315,0
Shakespearean English,Historical Linguistics,CurrentPosition,d4,0.3486451506614685,0,1.0,0,-0.6513548493385315,0
"January 1, 2020",Polar Bear Plunge,OccursOn,d4,0.3486451506614685,100,1.0,100,-0.6513548493385315,0
"November 20, 1942",Siege of Leningrad,OccursOn,d4,0.3486451506614685,0,1.0,0,-0.6513548493385315,0
Christian Sewing,Bielefeld,BirthPlace,d4,0.0,0,0.6513549089431763,0,-0.6513549089431763,0
Shenzhen Special Economic Zone,Economic Development Zone,CurrentPosition,d4,0.0,0,0.6513549089431763,0,-0.6513549089431763,0
Lecturer,Assistant Professor,CurrentPosition,d4,0.0,0,0.6513549089431763,0,-0.6513549089431763,0
ETH Zurich,Prof. Ralph Eichler,CurrentEmployer,d4,0.0,0,0.6513549089431763,0,-0.6513549089431763,0
North Macedonia,Macedonian,OfficialLanguagePrimary,d4,0.32567745447158813,100,1.0,100,-0.6743225455284119,0
Bengaluru,Kannada,OfficialLanguagePrimary,d4,0.15886639058589935,100,0.8670357465744019,100,-0.7081693559885025,0
Cultural Institutions,The Uffizi Gallery,CurrentEmployer,d4,0.0672716423869133,0,0.7772998809814453,0,-0.710028238594532,0
Bayer AG,Leverkusen,HeadquartersCity,d4,0.28140559792518616,100,1.0,100,-0.7185944020748138,0
Food Industry,Unilever,CurrentEmployer,d4,0.28140559792518616,0,1.0,0,-0.7185944020748138,0
"September 21, 1792",Louis XVI,BirthDate,d4,0.28140559792518616,0,1.0,0,-0.7185944020748138,0
Mexican Federal Government,Andrés Manuel López Obrador,CurrentEmployer,d4,0.28140559792518616,0,1.0,0,-0.7185944020748138,0
Volkswagen Group,Ferdinand Porsche,FoundedByPrimary,d4,0.09181632101535797,100,0.8670357465744019,100,-0.7752194255590439,0
Hsinchu Science Park,Ministry of Science and Technology (Taiwan),ParentOrganization,d4,0.22270014882087708,0,1.0,0,-0.7772998511791229,0
1746,Incorporation Country,CountryOfIncorporation,d4,0.22270014882087708,0,1.0,0,-0.7772998511791229,0
Kamala Harris,U.S. Senator from California,CurrentPosition,d4,0.22270014882087708,0,1.0,0,-0.7772998511791229,0
William C. Durant,1861-12-08,BirthDate,d4,0.22270014882087708,0,1.0,0,-0.7772998511791229,0
1923,HistoricalCountries,CountryOfCity,d4,0.22270014882087708,0,1.0,0,-0.7772998511791229,0
Taiwan Semiconductor Manufacturing Company,1987-02-21,FoundingDate,d4,0.22270014882087708,0,1.0,0,-0.7772998511791229,0
Software Developer,Mobile Developer,CurrentPosition,d4,0.22270014882087708,0,1.0,0,-0.7772998511791229,0
Various positions,Creative Tech Group,CurrentEmployer,d4,0.22270014882087708,0,1.0,0,-0.7772998511791229,0
Reconstruction Era,1866,PublicationDate,d4,0.22270014882087708,0,1.0,0,-0.7772998511791229,0
Real Madrid CF,Florentino Pérez,ChiefExecutiveOfficerCurrent,d4,0.22270014882087708,100,1.0,100,-0.7772998511791229,0
"November 20, 1942",Battle of Midway,OccursOn,d4,0.22270014882087708,0,1.0,0,-0.7772998511791229,0
Seoul,Park Won-soon,CurrentEmployer,d4,0.0,100,0.7772998809814453,100,-0.7772998809814453,0
Chengdu,Sichuan,CapitalCityOfCountry,d4,0.0,100,0.7772998809814453,100,-0.7772998809814453,0
Head of Government,Premier,CurrentPosition,d4,0.0,0,0.7772998809814453,0,-0.7772998809814453,0
Product Development,Product Manager,CurrentPosition,d4,0.0,0,0.7772998809814453,0,-0.7772998809814453,0
"January 1, 1 AD",Israel,CountryOfCity,d4,0.0,0,0.7772998809814453,0,-0.7772998809814453,0
Various companies,Various parent organizations,ParentOrganization,d4,0.0,0,0.7772998809814453,0,-0.7772998809814453,0
African Union,Addis Ababa,HeadquartersCity,d4,0.19638550281524658,100,1.0,100,-0.8036144971847534,0
Robert Brown,Botanist,CurrentPosition,d4,0.0,0,0.8267117738723755,0,-0.8267117738723755,0
Industrial Revolution,Factory System,CurrentEmployer,d4,0.17328819632530212,0,1.0,0,-0.8267118036746979,0
Shinzo Abe,Nagato,BirthPlace,d4,0.17328819632530212,0,1.0,0,-0.8267118036746979,0
1969,The Moon Landing,PublicationDate,d4,0.15887045860290527,0,1.0,0,-0.8411295413970947,0
China Southern Airlines,Zhang Zhiwei,CurrentEmployer,d4,0.0,0,0.8670357465744019,0,-0.8670357465744019,0
"November 20, 1942",Battle of Stalingrad,OccursOn,d4,0.11596070975065231,0,1.0,0,-0.8840392902493477,0
Italian Government,Giorgia Meloni,CurrentEmployer,d4,0.10518316179513931,0,1.0,0,-0.8948168382048607,0
University of Padua,Pope Gregory XIII,FoundedByPrimary,d4,0.09181632101535797,0,1.0,0,-0.908183678984642,0
Bob Chapek,"Hammond, Indiana",BirthPlace,d4,0.07585817575454712,0,1.0,0,-0.9241418242454529,0
Huawei,Ren Zhengfei,CurrentEmployer,d4,0.0,100,1.0,100,-1.0,0
Chengdu,Mayor of Chengdu,CurrentPosition,d4,0.0,0,1.0,0,-1.0,0
Richard Ketchum,CEO of the American Museum of Natural History,CurrentPosition,d4,0.0,0,1.0,0,-1.0,0
Charles Miller,Football Coach,CurrentPosition,d4,0.0,0,1.0,0,-1.0,0
Director of Studies,Director of Studies at a specific institution,CurrentPosition,d4,0.0,0,1.0,0,-1.0,0
"July 4, 1876",United States Declaration of Independence,OccursOn,d4,1.0,50,0.0,0,1.0,50
Shanghai Stock Exchange,Various listed companies,CurrentEmployer,d4,1.0,50,0.0,0,1.0,50
"April 1, 1582",Transition from Julian to Gregorian Calendar,OccursOn,d4,1.0,50,0.0,0,1.0,50
ETH Zurich,University of Zurich,AlmaMaterPrimary,d4,0.8670357465744019,50,0.0,0,0.8670357465744019,50
Day of the Week,Saturday,OccursOn,d4,1.0,50,0.22270014882087708,0,0.7772998511791229,50
Emergency Medical Technicians,Emergency Medical Technician,CurrentPosition,d4,0.7772998809814453,50,0.07585817575454712,0,0.7014417052268982,50
Kaiser Wilhelm Institute for Physics,Physics Research,MajorIndustryPrimary,d4,1.0,50,0.3486451506614685,0,0.6513548493385315,50
Tidjane Thiam,Ivorian,NationalityPrimary,d4,1.0,50,0.3486451506614685,0,0.6513548493385315,50
Ruby,1995-12-21,InitialReleaseDate,d4,0.8892737030982971,50,0.26082754135131836,0,0.6284461617469788,50
Example Founder,CEO of Example Corporation,CurrentPosition,d4,1.0,50,0.39443665742874146,0,0.6055633425712585,50
Salil Parekh,Indian Institute of Technology Bombay,AlmaMaterPrimary,d4,0.7772998809814453,50,0.22270014882087708,0,0.5545997321605682,50
Taipei Standard Time,Mandarin Chinese,OfficialLanguagePrimary,d4,0.7772998809814453,100,0.26083049178123474,50,0.5164693892002106,50
Italian Restaurant,Food Service,MajorIndustryPrimary,d4,1.0,100,0.5,50,0.5,50
"April 1, 1582",Start of the 16th century,OccursOn,d4,0.5,50,0.0,0,0.5,50
Formation of the Delphic Amphictyony,6th century BC,OccursOn,d4,0.5,50,0.10797881335020065,0,0.39202118664979935,50
1942-11-20,Operation Torch landings,OccursOn,d4,1.0,50,0.6513549089431763,0,0.34864509105682373,50
Director of Studies,Specific City,BirthPlace,d4,0.7185943722724915,50,0.3726585805416107,0,0.34593579173088074,50
"January 1, 2015",New Year Fireworks,OccursOn,d4,1.0,50,0.6920168995857239,0,0.3079831004142761,50
Specific Parent Organization,Specific Industry,MajorIndustryPrimary,d4,0.5,50,0.28140559792518616,0,0.21859440207481384,50
Beijing Municipal Government,Central Government of China,ParentOrganization,d4,1.0,50,0.8670357465744019,0,0.13296425342559814,50
Copenhagen,Danish krone,CurrencyPrimary,d4,1.0,100,0.8892707228660583,50,0.11072927713394165,50
Kumamoto,Kumamoto Prefecture,HeadquartersCity,d4,0.7391695380210876,50,0.6970614194869995,0,0.042108118534088135,50
"January 1, 2015",New Year Festivities,OccursOn,d4,1.0,50,1.0,0,0.0,50
North Macedonia,Macedonian denar,CurrencyPrimary,d4,0.3973170816898346,50,0.5,0,-0.1026829183101654,50
Hungary,Hungarian,OfficialLanguagePrimary,d4,0.8670357465744019,100,1.0,50,-0.13296425342559814,50
Moscow,Russian Ruble,CurrencyPrimary,d4,0.5774953961372375,100,0.7772998809814453,50,-0.19980448484420776,50
Ministry of Finance of the People's Republic of China,State Council of the People's Republic of China,ParentOrganization,d4,0.7772998809814453,50,1.0,0,-0.2227001190185547,50
Yonsei University,South Korean Won,CurrencyPrimary,d4,0.5389832258224487,50,1.0,0,-0.46101677417755127,50
John Adams,2nd President of the United States,CurrentPosition,d4,0.22270014882087708,100,0.7772998809814453,50,-0.5545997321605682,50
Film Industry,Film,MajorIndustryPrimary,d4,0.17328819632530212,50,0.7772998809814453,0,-0.6040116846561432,50
Bern,Federal Council of Switzerland,CurrentEmployer,d4,0.22270014882087708,50,1.0,0,-0.7772998511791229,50
Summer of 1969,1969-07-20,PublicationDate,d4,1.0,100,0.0,0,1.0,100
1582,October 15,OccursOn,d4,0.8892707228660583,100,0.0,0,0.8892707228660583,100
Abraham Flexner,Louisville,BirthPlace,d4,1.0,100,0.18213798105716705,0,0.817862018942833,100
University of Leipzig,Leipzig,HeadquartersCity,d4,1.0,100,0.3029385805130005,0,0.6970614194869995,100
Animal Welfare Organizations,The Humane Society of the United States,CurrentEmployer,d4,1.0,100,0.48296982049942017,0,0.5170301795005798,100
New Year,December 31,OccursOn,d4,1.0,100,0.5518983006477356,0,0.4481016993522644,100
Christian Democratic Union,Konrad Adenauer,FoundedByPrimary,d4,1.0,100,0.7772998809814453,0,0.2227001190185547,100
Reconstruction Era,14th Amendment,CurrentPosition,d4,1.0,100,0.7772998809814453,0,0.2227001190185547,100
Paris,City of Paris,CurrentEmployer,d4,0.6513549089431763,100,0.5,0,0.15135490894317627,100
Nelson Mandela,Mvezo,BirthPlace,d4,0.2585151195526123,100,0.22270014882087708,0,0.03581497073173523,100
Afrikaans,Fiela se Kind,LanguageOfWorkPrimary,d4,1.0,100,1.0,0,0.0,100
Tokyo Metropolitan Government,1943,FoundingDate,d4,1.0,100,1.0,0,0.0,100
New Year,"January 1, 2025",OccursOn,d4,1.0,100,1.0,0,0.0,100
Daimler Truck AG,Gottlieb Daimler,FoundedByPrimary,d4,1.0,100,1.0,0,0.0,100
University of Edinburgh,Edinburgh,HeadquartersCity,d4,1.0,100,1.0,0,0.0,100
"November 20, 1942",Battle of El Alamein,OccursOn,d4,1.0,100,1.0,0,0.0,100
1942-11-20,Battle of Kasserine Pass,OccursOn,d4,1.0,100,1.0,0,0.0,100
Reconstruction Era,1877,OccursOn,d4,0.42250463366508484,100,0.43734875321388245,0,-0.014844119548797607,100
Real Madrid CF,Carlo Ancelotti,CurrentEmployer,d4,0.6513549089431763,100,1.0,0,-0.34864509105682373,100
James Madison,Fourth President of the United States,CurrentPosition,d4,0.6022598743438721,100,1.0,0,-0.39774012565612793,100
Max Planck Institute for Astronomy,1917,FoundingDate,d4,0.22270014882087708,100,0.6357240676879883,0,-0.4130239188671112,100
Nelson Mandela,African National Congress,CurrentEmployer,d4,0.314050555229187,100,0.7772998809814453,0,-0.4632493257522583,100
Taiwan Provincial Government,New Taiwan Dollar,CurrencyPrimary,d4,0.22270014882087708,100,0.811274528503418,0,-0.5885743796825409,100
