node,degree_centrality,pagerank,betweenness_centrality
Dave McKay,0.0005277044854881266,0.000426271651134691,0.0
1965-03-15,0.0005277044854881266,0.0007889266978268265,0.0
James Gorman,0.0010554089709762533,0.000426271651134691,0.0
1958-07-14,0.0005277044854881266,0.0006075991744807587,0.0
Australian,0.0010554089709762533,0.0006982629361537926,0.0
Sony Corporation,0.0021108179419525065,0.000426271651134691,0.0
Sony Group Corporation,0.0005277044854881266,0.0005169354128077249,0.0
1946-05-07,0.0005277044854881266,0.0005169354128077249,0.0
Masaru Ibuka,0.0005277044854881266,0.0005169354128077249,0.0
Kenichiro Yoshida,0.0005277044854881266,0.0005169354128077249,0.0
Luis Gallego,0.0005277044854881266,0.000426271651134691,0.0
1966-10-01,0.0005277044854881266,0.0007889266978268265,0.0
Brian Moynihan,0.0010554089709762533,0.000426271651134691,0.0
1959-10-25,0.0005277044854881266,0.0006075991744807587,0.0
"Marblehead, Massachusetts",0.0005277044854881266,0.0006075991744807587,0.0
Pat Gelsinger,0.0005277044854881266,0.000426271651134691,0.0
1960-03-05,0.0005277044854881266,0.0007889266978268265,0.0
Marc Benioff,0.0005277044854881266,0.000426271651134691,0.0
1964-09-25,0.0005277044854881266,0.0007889266978268265,0.0
Jane Fraser,0.0010554089709762533,0.000426271651134691,0.0
1967-07-01,0.0005277044854881266,0.0006075991744807587,0.0
St. Andrews,0.0005277044854881266,0.0006075991744807587,0.0
Current Position Title,0.0036939313984168864,0.000426271651134691,0.0
Publication Date,0.0005277044854881266,0.00047807951494785325,0.0
Release Date,0.0005277044854881266,0.00047807951494785325,0.0
Creative Designs Co.,0.0005277044854881266,0.00047807951494785325,0.0
Series Name,0.0005277044854881266,0.00047807951494785325,0.0
Language Name,0.0010554089709762533,0.0005385220227298758,0.0
Developing Organization Name,0.0005277044854881266,0.00047807951494785325,0.0
Author Name,0.0005277044854881266,0.00047807951494785325,0.0
Robert Noyce,0.0010554089709762533,0.000426271651134691,0.0
1927-12-12,0.0005277044854881266,0.0006075991744807587,0.0
"Burlingame, California",0.0005277044854881266,0.0006075991744807587,0.0
Larry Page,0.0005277044854881266,0.000426271651134691,0.0
"March 26, 1973",0.0005277044854881266,0.0007889266978268265,0.0
IAG,0.0010554089709762533,0.000426271651134691,0.0
Insurance,0.0005277044854881266,0.0006075991744807587,0.0
IAG Group,0.0005277044854881266,0.0006075991744807587,0.0
Chuck Robbins,0.0010554089709762533,0.000426271651134691,0.0
1965-09-23,0.0005277044854881266,0.0006075991744807587,0.0
North Carolina,0.0005277044854881266,0.0006075991744807587,0.0
Safra Catz,0.0010554089709762533,0.000426271651134691,0.0
Holon,0.0005277044854881266,0.0006075991744807587,0.0
1961-12-01,0.0005277044854881266,0.0006075991744807587,0.0
Bayer AG,0.0015831134564643799,0.000426271651134691,0.0
Friedrich Bayer,0.0005277044854881266,0.0005471566666987362,0.0
Fritz Bayer,0.0005277044854881266,0.0005471566666987362,0.0
Leverkusen,0.0005277044854881266,0.0005471566666987362,0.0
Bharat Masrani,0.0005277044854881266,0.000426271651134691,0.0
1962-01-01,0.0010554089709762533,0.0009702542211728943,0.0
John Warnock,0.0005277044854881266,0.000426271651134691,0.0
1933-10-06,0.0005277044854881266,0.0007889266978268265,0.0
Salil Parekh,0.0015831134564643799,0.000426271651134691,0.0
Indian Institute of Technology Bombay,0.0005277044854881266,0.0005471566666987362,0.0
1964-04-01,0.0005277044854881266,0.0005471566666987362,0.0
Indian,0.0005277044854881266,0.0005471566666987362,0.0
Christian Sewing,0.0010554089709762533,0.000426271651134691,0.0
Bielefeld,0.0005277044854881266,0.0006075991744807587,0.0
1970-04-15,0.0005277044854881266,0.0006075991744807587,0.0
Travis Kalanick,0.0005277044854881266,0.000426271651134691,0.0
1976-08-06,0.0005277044854881266,0.0007889266978268265,0.0
Tim O'Reilly,0.0005277044854881266,0.000426271651134691,0.0
1954-06-06,0.0005277044854881266,0.0007889266978268265,0.0
Bertelsmann,0.0015831134564643799,0.000426271651134691,0.0
Thomas Rabe,0.0005277044854881266,0.0005471566666987362,0.0
RTL Group,0.0005277044854881266,0.0005471566666987362,0.0
Gütersloh,0.0005277044854881266,0.0005471566666987362,0.0
Siemens,0.0010554089709762533,0.000426271651134691,0.0
Siemens AG,0.0005277044854881266,0.0006075991744807587,0.0
Joe Kaeser,0.0005277044854881266,0.0006075991744807587,0.0
Volkswagen AG,0.0021108179419525065,0.000426271651134691,0.0
Ferdinand Porsche,0.0010554089709762533,0.0008795904594998604,0.0
Herbert Diess,0.0005277044854881266,0.0005169354128077249,0.0
Wolfsburg,0.0005277044854881266,0.0005169354128077249,0.0
1937,0.0010554089709762533,0.0008795904594998604,0.0
Lenovo,0.0021108179419525065,0.000426271651134691,0.0
Morrisville,0.0005277044854881266,0.0005169354128077249,0.0
HKEX,0.0005277044854881266,0.0005169354128077249,0.0
Legend Holdings,0.0005277044854881266,0.0005169354128077249,0.0
Yang Yuanqing,0.0005277044854881266,0.0005169354128077249,0.0
Reed Hastings,0.0010554089709762533,0.000426271651134691,0.0
Co-CEO,0.0005277044854881266,0.0006075991744807587,0.0
"October 8, 1960",0.0005277044854881266,0.0006075991744807587,0.0
Steve Jobs,0.0005277044854881266,0.000426271651134691,0.0
1955-02-24,0.0005277044854881266,0.0007889266978268265,0.0
Baidu,0.0010554089709762533,0.000426271651134691,0.0
Robin Li,0.0005277044854881266,0.0006075991744807587,0.0
"Baidu, Inc.",0.0010554089709762533,0.0006982629361537926,0.0
Nokia,0.0021108179419525065,0.000426271651134691,0.0
Espoo,0.0005277044854881266,0.0005169354128077249,0.0
Nokia Networks,0.0005277044854881266,0.0005169354128077249,0.0
Rajeev Suri,0.0005277044854881266,0.0005169354128077249,0.0
Pekka Lundmark,0.0005277044854881266,0.0005169354128077249,0.0
Huawei,0.0010554089709762533,0.000426271651134691,0.0
Ren Zhengfei,0.0005277044854881266,0.0006075991744807587,0.0
Guangdong,0.0005277044854881266,0.0006075991744807587,0.0
Data Scientist,0.0005277044854881266,0.000426271651134691,0.0
Machine Learning Engineer,0.0005277044854881266,0.0007889266978268265,0.0
User Experience Designer,0.0005277044854881266,0.000426271651134691,0.0
LinkedIn,0.0005277044854881266,0.0007889266978268265,0.0
Social Media Analyst,0.0005277044854881266,0.000426271651134691,0.0
Brand Manager,0.0005277044854881266,0.0007889266978268265,0.0
Learner,0.0005277044854881266,0.000426271651134691,0.0
Graduate Student,0.0005277044854881266,0.0007889266978268265,0.0
Various jobs,0.0005277044854881266,0.000426271651134691,0.0
Sales Representative,0.0005277044854881266,0.0007889266978268265,0.0
Web Developer,0.002638522427440633,0.000426271651134691,0.0
Innovative Solutions Inc.,0.0005277044854881266,0.0004988026604731182,0.0
Frontend Developer,0.0005277044854881266,0.0004988026604731182,0.0
Backend Developer,0.0005277044854881266,0.0004988026604731182,0.0
Digital Innovations Ltd.,0.0005277044854881266,0.0004988026604731182,0.0
Creative Tech Co.,0.0005277044854881266,0.0004988026604731182,0.0
Nelson Mandela,0.0021108179419525065,0.000426271651134691,0.0
African National Congress,0.0005277044854881266,0.0005169354128077249,0.0
1918-07-18,0.0005277044854881266,0.0005169354128077249,0.0
President of South Africa,0.0005277044854881266,0.0005169354128077249,0.0
Mvezo,0.0005277044854881266,0.0005169354128077249,0.0
Africa,0.0015831134564643799,0.000426271651134691,0.0
Cairo,0.0005277044854881266,0.0005471566666987362,0.0
African CFA franc,0.0005277044854881266,0.0005471566666987362,0.0
Ethiopia,0.0010554089709762533,0.0006196876760371633,0.0
Afrikaans,0.004221635883905013,0.000426271651134691,0.0
Klein Karoo,0.0005277044854881266,0.00047160353197120793,0.0
Die Roodkapje,0.0005277044854881266,0.00047160353197120793,0.0
Die Kraal,0.0005277044854881266,0.00047160353197120793,0.0
Die Vrou wat Haar Man Verlaat het,0.0005277044854881266,0.00047160353197120793,0.0
Kleinboet,0.0005277044854881266,0.00047160353197120793,0.0
Fiela se Kind,0.0005277044854881266,0.00047160353197120793,0.0
Die Stem van Suid-Afrika,0.0005277044854881266,0.00047160353197120793,0.0
Kook en Geniet,0.0005277044854881266,0.00047160353197120793,0.0
Democratic Republic,0.0021108179419525065,0.000426271651134691,0.0
Congolese franc,0.0005277044854881266,0.0005169354128077249,0.0
Democratic Republic of the Congo,0.0005277044854881266,0.0005169354128077249,0.0
Kinshasa,0.0005277044854881266,0.0005169354128077249,0.0
Congo Free State,0.0005277044854881266,0.0005169354128077249,0.0
Various institutions,0.0005277044854881266,0.000426271651134691,0.0
Duke University,0.0005277044854881266,0.0007889266978268265,0.0
Benjamin Franklin,0.0036939313984168864,0.000426271651134691,0.0
American Philosophical Society,0.0005277044854881266,0.00047807951494785325,0.0
Boston Latin School,0.0005277044854881266,0.00047807951494785325,0.0
Inventor,0.0005277044854881266,0.00047807951494785325,0.0
Diplomat,0.0005277044854881266,0.00047807951494785325,0.0
Postmaster General,0.0010554089709762533,0.000659407038293921,0.0
Pennsylvania Assembly,0.0005277044854881266,0.00047807951494785325,0.0
1706-01-17,0.0005277044854881266,0.00047807951494785325,0.0
Gavin Newsom,0.0015831134564643799,0.000426271651134691,0.0
1967-10-10,0.0005277044854881266,0.0005471566666987362,0.0
"San Francisco, California",0.0005277044854881266,0.0005471566666987362,0.0
"October 10, 1967",0.0005277044854881266,0.0005471566666987362,0.0
Vietnam War Protests,0.0015831134564643799,0.000426271651134691,0.0
Students for a Democratic Society,0.0005277044854881266,0.0005471566666987362,0.0
National Mobilization Committee to End the War in Vietnam,0.0005277044854881266,0.0005471566666987362,0.0
American Friends Service Committee,0.0005277044854881266,0.0005471566666987362,0.0
Windows,0.0005277044854881266,0.000426271651134691,0.0
1985-11-20,0.0005277044854881266,0.0007889266978268265,0.0
Seoul,0.002638522427440633,0.000426271651134691,0.0
Park Won-soon,0.0005277044854881266,0.0004988026604731182,0.0
Korean,0.0005277044854881266,0.0004988026604731182,0.0
South Korean Won,0.0010554089709762533,0.0006801301838191858,0.0
Samsung Electronics,0.0005277044854881266,0.0004988026604731182,0.0
LG Electronics,0.0005277044854881266,0.0004988026604731182,0.0
Taiwan Provincial Government,0.0015831134564643799,0.000426271651134691,0.0
New Taiwan Dollar,0.0010554089709762533,0.0006680416822627814,0.0
Executive Yuan,0.0005277044854881266,0.0005471566666987362,0.0
Mandarin Chinese,0.0010554089709762533,0.0006680416822627814,0.0
Shenzhen Special Economic Zone,0.0010554089709762533,0.000426271651134691,0.0
Shenzhen Municipal Government,0.0005277044854881266,0.0006075991744807587,0.0
Economic Development Zone,0.0005277044854881266,0.0006075991744807587,0.0
Taipei Standard Time,0.0015831134564643799,0.000426271651134691,0.0
Asia/Taipei,0.0005277044854881266,0.0005471566666987362,0.0
Hsinchu Science Park,0.0031662269129287598,0.000426271651134691,0.0
Ministry of Science and Technology (Taiwan),0.0005277044854881266,0.0004867141589167136,0.0
Asustek Computer Inc.,0.0005277044854881266,0.0004867141589167136,0.0
TSMC,0.0005277044854881266,0.0004867141589167136,0.0
Acer Inc.,0.0005277044854881266,0.0004867141589167136,0.0
MediaTek,0.0005277044854881266,0.0004867141589167136,0.0
Nuvoton Technology,0.0005277044854881266,0.0004867141589167136,0.0
Electronics,0.0005277044854881266,0.000426271651134691,0.0
Yen,0.0010554089709762533,0.0009702542211728943,0.0
Unknown Industry,0.0005277044854881266,0.000426271651134691,0.0
Industry Analyst,0.0005277044854881266,0.0007889266978268265,0.0
Shenzhen,0.0005277044854881266,0.000426271651134691,0.0
China Standard Time,0.0010554089709762533,0.0009098117133908716,0.0
Chengdu,0.0015831134564643799,0.000426271651134691,0.0
Sichuan,0.0005277044854881266,0.0005471566666987362,0.0
Mayor of Chengdu,0.0005277044854881266,0.0005471566666987362,0.0
311 BC,0.0005277044854881266,0.0005471566666987362,0.0
Japanese,0.0005277044854881266,0.000426271651134691,0.0
660 BC,0.0015831134564643799,0.0007889266978268265,5.572381050560999e-07
Berlin,0.0005277044854881266,0.000426271651134691,0.0
Central European Time,0.0005277044854881266,0.0007889266978268265,0.0
Epoch Start,0.002638522427440633,0.000426271651134691,0.0
Tech Companies,0.0010554089709762533,0.0008614577071652537,0.0
Digital Currency,0.0005277044854881266,0.0004988026604731182,0.0
Worldwide,0.0005277044854881266,0.0004988026604731182,0.0
Unix Time Foundation,0.0005277044854881266,0.0004988026604731182,0.0
Start of Unix Time,0.0005277044854881266,0.0004988026604731182,0.0
Helsinki,0.0010554089709762533,0.000426271651134691,0.0
Eastern European Time,0.0005277044854881266,0.0006075991744807587,0.0
1550,0.0005277044854881266,0.0006075991744807587,0.0
Tencent,0.0010554089709762533,0.000426271651134691,0.0
WeChat,0.0005277044854881266,0.0006075991744807587,0.0
Pony Ma,0.0005277044854881266,0.0006075991744807587,0.0
Innovation City,0.002638522427440633,0.000426271651134691,0.0
Saudi Riyal,0.0005277044854881266,0.0004988026604731182,0.0
Saudi Arabia,0.0005277044854881266,0.0004988026604731182,0.0
Riyadh,0.0005277044854881266,0.0004988026604731182,0.0
Saudi Arabian General Investment Authority,0.0005277044854881266,0.0004988026604731182,0.0
Saudi Arabian Government,0.0005277044854881266,0.0004988026604731182,0.0
Korea Standard Time,0.0005277044854881266,0.000426271651134691,0.0
Korea,0.0005277044854881266,0.0007889266978268265,0.0
1989,0.0010554089709762533,0.000426271651134691,0.0
1989-12-31,0.0005277044854881266,0.0006075991744807587,0.0
1989-01-01,0.0005277044854881266,0.0006075991744807587,0.0
Bonn,0.0015831134564643799,0.000426271651134691,0.0
Federal Ministry of Defence,0.0005277044854881266,0.0005471566666987362,0.0
Deutsche Telekom AG,0.0005277044854881266,0.0005471566666987362,0.0
Deutsche Post AG,0.0005277044854881266,0.0005471566666987362,0.0
Brussels,0.0005277044854881266,0.000426271651134691,0.0
979,0.0005277044854881266,0.0007889266978268265,0.0
Mexico,0.0005277044854881266,0.000426271651134691,0.0
1810,0.0005277044854881266,0.0007889266978268265,0.0
Faculty and Staff,0.0015831134564643799,0.000426271651134691,0.0
San Francisco State University,0.0005277044854881266,0.0005471566666987362,0.0
Research Associate,0.0005277044854881266,0.0005471566666987362,0.0
"California State University, East Bay",0.0005277044854881266,0.0005471566666987362,0.0
Dean of Students,0.0015831134564643799,0.000426271651134691,0.0
Dean of Students at Stanford University,0.0005277044854881266,0.0005471566666987362,0.0
1990-08-20,0.0005277044854881266,0.0005471566666987362,0.0
"Dean of Students at University of California, Berkeley",0.0005277044854881266,0.0005471566666987362,0.0
Bruce Perens,0.0005277044854881266,0.000426271651134691,0.0
1965-08-29,0.0005277044854881266,0.0007889266978268265,0.0
Tourism,0.0021108179419525065,0.000426271651134691,0.0
Madrid,0.0005277044854881266,0.0005169354128077249,0.0
World Tourism Organization,0.0005277044854881266,0.0005169354128077249,0.0
Tourism Director,0.0005277044854881266,0.0005169354128077249,0.0
Travel,0.0005277044854881266,0.0005169354128077249,0.0
Mayor,0.0021108179419525065,0.000426271651134691,0.0
Date of birth,0.0005277044854881266,0.0005169354128077249,0.0
Mayor of a specific city,0.0005277044854881266,0.0005169354128077249,0.0
Country of nationality,0.0005277044854881266,0.0005169354128077249,0.0
Place of birth,0.0005277044854881266,0.0005169354128077249,0.0
Head of Government,0.0010554089709762533,0.000426271651134691,0.0
National Government,0.0005277044854881266,0.0006075991744807587,0.0
Premier,0.0005277044854881266,0.0006075991744807587,0.0
1746,0.0015831134564643799,0.000426271651134691,0.0
Place of Birth,0.0010554089709762533,0.0006680416822627814,0.0
Incorporation Country,0.0005277044854881266,0.0005471566666987362,0.0
Year Founded,0.0010554089709762533,0.0009098117133908716,0.0
1889,0.0010554089709762533,0.000426271651134691,0.0
Unknown Institution,0.0005277044854881266,0.0006075991744807587,0.0
1889-01-01,0.0005277044854881266,0.0006075991744807587,0.0
Robert A. Altman,0.0005277044854881266,0.000426271651134691,0.0
1946-01-01,0.0005277044854881266,0.0007889266978268265,0.0
Senate Foreign Relations Committee,0.0031662269129287598,0.000426271651134691,0.0
Senator Bob Menendez,0.0005277044854881266,0.0004867141589167136,0.0
Member,0.0005277044854881266,0.0004867141589167136,0.0
Ranking Member,0.0005277044854881266,0.0004867141589167136,0.0
Senator Marco Rubio,0.0005277044854881266,0.0004867141589167136,0.0
Senator Jim Risch,0.0005277044854881266,0.0004867141589167136,0.0
1816,0.0005277044854881266,0.0004867141589167136,0.0
"September 11, 2001",0.0036939313984168864,0.000426271651134691,0.0
September 11 attacks,0.0005277044854881266,0.00047807951494785325,0.0
Terrorist attacks,0.0005277044854881266,0.00047807951494785325,0.0
Patriot Act,0.0005277044854881266,0.00047807951494785325,0.0
Al-Qaeda,0.0005277044854881266,0.00047807951494785325,0.0
War on Terror,0.0005277044854881266,0.00047807951494785325,0.0
Homeland Security,0.0005277044854881266,0.00047807951494785325,0.0
The 9/11 Commission Report,0.0005277044854881266,0.00047807951494785325,0.0
Leader of the Executive Branch,0.0005277044854881266,0.000426271651134691,0.0
"February 12, 1809",0.0005277044854881266,0.0007889266978268265,0.0
Federal District,0.0005277044854881266,0.000426271651134691,0.0
Brazilian Real,0.0005277044854881266,0.0007889266978268265,0.0
Secretary of Education,0.0010554089709762533,0.000426271651134691,0.0
"January 20, 1960",0.0005277044854881266,0.0006075991744807587,0.0
United States Secretary of Education,0.0005277044854881266,0.0006075991744807587,0.0
Vice President of the United States,0.0005277044854881266,0.000426271651134691,0.0
"October 20, 1964",0.0005277044854881266,0.0007889266978268265,0.0
Battle of the Atlantic,0.0031662269129287598,0.000426271651134691,0.0
1939-05-08,0.0005277044854881266,0.0004867141589167136,0.0
Naval Warfare,0.0005277044854881266,0.0004867141589167136,0.0
Admiral,0.0005277044854881266,0.0004867141589167136,0.0
British Admiralty,0.0005277044854881266,0.0004867141589167136,0.0
Royal Navy,0.0005277044854881266,0.0004867141589167136,0.0
1945-05-08,0.0005277044854881266,0.0004867141589167136,0.0
Political Ideology,0.0015831134564643799,0.000426271651134691,0.0
1900-01-01,0.0005277044854881266,0.0005471566666987362,0.0
University of Political Science,0.0005277044854881266,0.0005471566666987362,0.0
Political Scientist,0.0005277044854881266,0.0005471566666987362,0.0
1630,0.0005277044854881266,0.000426271651134691,0.0
Parent Org,0.0005277044854881266,0.0007889266978268265,0.0
American Revolutionary War,0.0031662269129287598,0.000426271651134691,0.0
Concord,0.0005277044854881266,0.0004867141589167136,0.0
1775-1783,0.0005277044854881266,0.0004867141589167136,0.0
Charleston,0.0005277044854881266,0.0004867141589167136,0.0
Yorktown,0.0005277044854881266,0.0004867141589167136,0.0
Lexington,0.0005277044854881266,0.0004867141589167136,0.0
Savannah,0.0005277044854881266,0.0004867141589167136,0.0
Charlotte,0.0005277044854881266,0.000426271651134691,0.0
University of North Carolina at Charlotte,0.0005277044854881266,0.0007889266978268265,0.0
John Adams,0.0015831134564643799,0.000426271651134691,0.0
2nd President of the United States,0.0005277044854881266,0.0005471566666987362,0.0
"Braintree, Massachusetts",0.0005277044854881266,0.0005471566666987362,0.0
1735-10-30,0.0005277044854881266,0.0005471566666987362,0.0
Rob Pelinka,0.0015831134564643799,0.000426271651134691,0.0
General Manager,0.0005277044854881266,0.0005471566666987362,0.0
1970-04-23,0.0005277044854881266,0.0005471566666987362,0.0
University of Michigan,0.0005277044854881266,0.0005471566666987362,0.0
Environmental Advocate,0.0010554089709762533,0.000426271651134691,0.0
Environmental Activism,0.0005277044854881266,0.0006075991744807587,0.0
Greenpeace,0.0005277044854881266,0.0006075991744807587,0.0
Director of Communication,0.0015831134564643799,0.000426271651134691,0.0
Communication Director,0.0005277044854881266,0.0005471566666987362,0.0
Public Relations Manager,0.0005277044854881266,0.0005471566666987362,0.0
Media Relations Director,0.0005277044854881266,0.0005471566666987362,0.0
Language Trainer,0.0005277044854881266,0.000426271651134691,0.0
English Instructor,0.0005277044854881266,0.0007889266978268265,0.0
A.G. Sulzberger,0.0005277044854881266,0.000426271651134691,0.0
Brown University,0.0005277044854881266,0.0007889266978268265,0.0
Charles L. Webster,0.0005277044854881266,0.000426271651134691,0.0
1840-01-01,0.0005277044854881266,0.0007889266978268265,0.0
Secretary of the Treasury,0.0005277044854881266,0.000426271651134691,0.0
unknown,0.0005277044854881266,0.0007889266978268265,0.0
Lead Designer,0.0015831134564643799,0.000426271651134691,0.0
Lead Designer at XYZ Corp,0.0005277044854881266,0.0005471566666987362,0.0
1990-05-15,0.0005277044854881266,0.0005471566666987362,0.0
Lead Designer at ABC Inc,0.0005277044854881266,0.0005471566666987362,0.0
Martin Luther King Jr.,0.004221635883905013,0.000426271651134691,0.0
Activist,0.0005277044854881266,0.00047160353197120793,0.0
"Atlanta, Georgia",0.0005277044854881266,0.00047160353197120793,0.0
1929-01-15,0.0005277044854881266,0.00047160353197120793,0.0
Minister,0.0005277044854881266,0.00047160353197120793,0.0
Morehouse College,0.0005277044854881266,0.00047160353197120793,0.0
Civil Rights Leader,0.0005277044854881266,0.00047160353197120793,0.0
Southern Christian Leadership Conference,0.0005277044854881266,0.00047160353197120793,0.0
Ebenezer Baptist Church,0.0005277044854881266,0.00047160353197120793,0.0
Business Owner,0.0010554089709762533,0.000426271651134691,0.0
Small Business Owner,0.0005277044854881266,0.0006075991744807587,0.0
Local Business,0.0005277044854881266,0.0006075991744807587,0.0
Jeanie Buss,0.0005277044854881266,0.000426271651134691,0.0
President of the Los Angeles Lakers,0.0005277044854881266,0.0007889266978268265,0.0
1954,0.0021108179419525065,0.000426271651134691,0.0
Global Arts Foundation,0.0005277044854881266,0.0005169354128077249,0.0
Art Institute of Chicago,0.0005277044854881266,0.0005169354128077249,0.0
1954-01-01,0.0005277044854881266,0.0005169354128077249,0.0
Artist,0.0010554089709762533,0.0006075991744807587,0.0
Chairperson of the Board at XYZ Corporation,0.0005277044854881266,0.000426271651134691,0.0
Executive Leader,0.0005277044854881266,0.0007889266978268265,0.0
Kamala Harris,0.002638522427440633,0.000426271651134691,0.0
"Oakland, California",0.0005277044854881266,0.0004988026604731182,0.0
U.S. Senator from California,0.0005277044854881266,0.0004988026604731182,0.0
California Department of Justice,0.0005277044854881266,0.0004988026604731182,0.0
Attorney General of California,0.0005277044854881266,0.0004988026604731182,0.0
Howard University,0.0005277044854881266,0.0004988026604731182,0.0
Francis Collins,0.0021108179419525065,0.000426271651134691,0.0
"Carbondale, Illinois",0.0005277044854881266,0.0005169354128077249,0.0
1950-04-14,0.0005277044854881266,0.0005169354128077249,0.0
University of North Carolina at Chapel Hill,0.0005277044854881266,0.0005169354128077249,0.0
Director of the National Institutes of Health,0.0005277044854881266,0.0005169354128077249,0.0
Nobel Laureate,0.0036939313984168864,0.000426271651134691,0.0
Stockholm,0.0005277044854881266,0.00047807951494785325,0.0
Nobel Prize Winner,0.0005277044854881266,0.00047807951494785325,0.0
1901-12-10,0.0005277044854881266,0.00047807951494785325,0.0
Sweden,0.0005277044854881266,0.00047807951494785325,0.0
The Nobel Foundation,0.0005277044854881266,0.00047807951494785325,0.0
University of Stockholm,0.0005277044854881266,0.00047807951494785325,0.0
1950-04-15,0.0005277044854881266,0.00047807951494785325,0.0
Thomas Jefferson,0.002638522427440633,0.000426271651134691,0.0
Governor of Virginia,0.0005277044854881266,0.0004988026604731182,0.0
Virginia State Government,0.0005277044854881266,0.0004988026604731182,0.0
"Shadwell, Virginia",0.0005277044854881266,0.0004988026604731182,0.0
College of William & Mary,0.0005277044854881266,0.0004988026604731182,0.0
"April 13, 1743",0.0005277044854881266,0.0004988026604731182,0.0
1706,0.0005277044854881266,0.000426271651134691,0.0
1984-04-15,0.0005277044854881266,0.0007889266978268265,0.0
Marketing Specialist,0.0005277044854881266,0.000426271651134691,0.0
University of Marketing Studies,0.0005277044854881266,0.0007889266978268265,0.0
Mark Zuckerberg,0.0005277044854881266,0.000426271651134691,0.0
1984-05-14,0.0005277044854881266,0.0007889266978268265,0.0
Content Creator,0.002638522427440633,0.000426271651134691,0.0
Influencer,0.0005277044854881266,0.0004988026604731182,0.0
Twitch,0.0005277044854881266,0.0004988026604731182,0.0
Content Marketer,0.0005277044854881266,0.0004988026604731182,0.0
Vlogger,0.0005277044854881266,0.0004988026604731182,0.0
Instagram,0.0005277044854881266,0.0004988026604731182,0.0
Henry Ford,0.0015831134564643799,0.000426271651134691,0.0
1863-07-30,0.0005277044854881266,0.0005471566666987362,0.0
"Dearborn, Michigan",0.0005277044854881266,0.0005471566666987362,0.0
"Wayne County, Michigan",0.0005277044854881266,0.0005471566666987362,0.0
Janet Yellen,0.0005277044854881266,0.000426271651134691,0.0
1946-08-13,0.0005277044854881266,0.0007889266978268265,0.0
Jamie Dimon,0.0005277044854881266,0.000426271651134691,0.0
1956-03-13,0.0005277044854881266,0.0007889266978268265,0.0
Richard Ketchum,0.0010554089709762533,0.000426271651134691,0.0
CEO of the American Museum of Natural History,0.0005277044854881266,0.0006075991744807587,0.0
1951-01-01,0.0005277044854881266,0.0006075991744807587,0.0
Woodrow Wilson,0.0010554089709762533,0.000426271651134691,0.0
1856-12-28,0.0005277044854881266,0.0006075991744807587,0.0
"Staunton, Virginia",0.0005277044854881266,0.0006075991744807587,0.0
Innovation Leader,0.0005277044854881266,0.000426271651134691,0.0
Senior Vice President of Innovation,0.0005277044854881266,0.0007889266978268265,0.0
Brian Roberts,0.0005277044854881266,0.000426271651134691,0.0
CEO of Comcast,0.0005277044854881266,0.0007889266978268265,0.0
Surveyor,0.0005277044854881266,0.000426271651134691,0.0
Land Surveyor,0.0005277044854881266,0.0007889266978268265,0.0
Chairperson of the Board,0.002638522427440633,0.000426271651134691,0.0
Chair of the Audit Committee,0.0005277044854881266,0.0004988026604731182,0.0
Non-Profit Organization,0.0005277044854881266,0.0004988026604731182,0.0
Corporate Governance,0.0005277044854881266,0.0004988026604731182,0.0
Lead Director,0.0005277044854881266,0.0004988026604731182,0.0
Executive Board Member,0.0005277044854881266,0.0004988026604731182,0.0
Lynn Martin,0.0015831134564643799,0.000426271651134691,0.0
"Chicago, Illinois",0.0005277044854881266,0.0005471566666987362,0.0
1943-01-08,0.0005277044854881266,0.0005471566666987362,0.0
U.S. Secretary of Labor,0.0005277044854881266,0.0005471566666987362,0.0
Lecturer,0.0015831134564643799,0.000426271651134691,0.0
University Lecturer,0.0005277044854881266,0.0005471566666987362,0.0
Senior Lecturer,0.0005277044854881266,0.0005471566666987362,0.0
Assistant Professor,0.0005277044854881266,0.0005471566666987362,0.0
Mark Hurd,0.0005277044854881266,0.000426271651134691,0.0
1957-01-01,0.0005277044854881266,0.0007889266978268265,0.0
Larry Ellison,0.0010554089709762533,0.000426271651134691,0.0
1944-08-17,0.0005277044854881266,0.0006075991744807587,0.0
CTO,0.0005277044854881266,0.0006075991744807587,0.0
Bill Gates,0.0010554089709762533,0.000426271651134691,0.0
Philanthropist,0.0005277044854881266,0.0006075991744807587,0.0
Bill & Melinda Gates Foundation,0.0005277044854881266,0.0006075991744807587,0.0
Susan Clark,0.0005277044854881266,0.000426271651134691,0.0
Actress,0.0010554089709762533,0.0009702542211728943,0.0
Samuel Osgood,0.0010554089709762533,0.000426271651134691,0.0
1808-09-15,0.0005277044854881266,0.0006075991744807587,0.0
Charles Miller,0.0015831134564643799,0.000426271651134691,0.0
1866-09-15,0.0005277044854881266,0.0005471566666987362,0.0
Football Coach,0.0005277044854881266,0.0005471566666987362,0.0
"Pittsburgh, Pennsylvania",0.0005277044854881266,0.0005471566666987362,0.0
Abraham Flexner,0.0015831134564643799,0.000426271651134691,0.0
Louisville,0.0005277044854881266,0.0005471566666987362,0.0
Johns Hopkins University,0.0005277044854881266,0.0005471566666987362,0.0
1866-01-01,0.0005277044854881266,0.0005471566666987362,0.0
Leonardo DiCaprio,0.0005277044854881266,0.000426271651134691,0.0
"November 11, 1974",0.0005277044854881266,0.0007889266978268265,0.0
Patricia Taylor,0.0010554089709762533,0.000426271651134691,0.0
Model,0.0005277044854881266,0.0006075991744807587,0.0
John Smith,0.0005277044854881266,0.000426271651134691,0.0
Dean,0.0005277044854881266,0.0007889266978268265,0.0
HistoricalSignificance,0.0010554089709762533,0.000426271651134691,0.0
University History Department,0.0005277044854881266,0.0006075991744807587,0.0
History Institute,0.0005277044854881266,0.0006075991744807587,0.0
James Wilson,0.0015831134564643799,0.000426271651134691,0.0
Associate Justice of the Supreme Court,0.0005277044854881266,0.0005471566666987362,0.0
"Stirling, Scotland",0.0005277044854881266,0.0005471566666987362,0.0
1812-02-15,0.0005277044854881266,0.0005471566666987362,0.0
William C. Durant,0.0010554089709762533,0.000426271651134691,0.0
"Beverly, Massachusetts",0.0005277044854881266,0.0006075991744807587,0.0
1861-12-08,0.0005277044854881266,0.0006075991744807587,0.0
Firefighters,0.002638522427440633,0.000426271651134691,0.0
Fire Captain,0.0005277044854881266,0.0004988026604731182,0.0
Emergency Responder,0.0005277044854881266,0.0004988026604731182,0.0
City Fire Department,0.0005277044854881266,0.0004988026604731182,0.0
Local Fire Department,0.0005277044854881266,0.0004988026604731182,0.0
Firefighter Paramedic,0.0005277044854881266,0.0004988026604731182,0.0
George Washington,0.0005277044854881266,0.000426271651134691,0.0
"February 22, 1732",0.0005277044854881266,0.0007889266978268265,0.0
James Madison,0.0015831134564643799,0.000426271651134691,0.0
1751-03-16,0.0005277044854881266,0.0005471566666987362,0.0
"Port Conway, Virginia",0.0005277044854881266,0.0005471566666987362,0.0
Fourth President of the United States,0.0005277044854881266,0.0005471566666987362,0.0
Colleen Paige,0.0015831134564643799,0.000426271651134691,0.0
Colleen Paige Pet Lifestyle,0.0005277044854881266,0.0005471566666987362,0.0
1973-05-06,0.0005277044854881266,0.0005471566666987362,0.0
Pet Lifestyle Expert,0.0005277044854881266,0.0005471566666987362,0.0
Robert F. Kennedy,0.0010554089709762533,0.000426271651134691,0.0
Attorney General of the United States,0.0005277044854881266,0.0006075991744807587,0.0
1925-11-20,0.0005277044854881266,0.0006075991744807587,0.0
Walt Disney,0.0015831134564643799,0.000426271651134691,0.0
Co-founder,0.0005277044854881266,0.0005471566666987362,0.0
1901-12-05,0.0005277044854881266,0.0005471566666987362,0.0
Co-Founder,0.0005277044854881266,0.0005471566666987362,0.0
Community Organizer,0.0005277044854881266,0.000426271651134691,0.0
Various Nonprofit Organizations,0.0005277044854881266,0.0007889266978268265,0.0
Jeff Bezos,0.0005277044854881266,0.000426271651134691,0.0
"January 12, 1964",0.0005277044854881266,0.0007889266978268265,0.0
Language Specialist,0.0005277044854881266,0.000426271651134691,0.0
Translator,0.0005277044854881266,0.0007889266978268265,0.0
Civic Participant,0.0005277044854881266,0.000426271651134691,0.0
Civic Engagement Advocate,0.0005277044854881266,0.0007889266978268265,0.0
Robert W. McCulloch,0.0005277044854881266,0.000426271651134691,0.0
1911-04-07,0.0005277044854881266,0.0007889266978268265,0.0
Henry Sturgis Morgan,0.0010554089709762533,0.000426271651134691,0.0
Partner,0.0005277044854881266,0.0006075991744807587,0.0
1866-09-29,0.0005277044854881266,0.0006075991744807587,0.0
Alibaba Group,0.0010554089709762533,0.000426271651134691,0.0
Daniel Zhang,0.0005277044854881266,0.0006075991744807587,0.0
Alibaba Group Holding Limited,0.0005277044854881266,0.0006075991744807587,0.0
1817,0.0005277044854881266,0.000426271651134691,0.0
1817-01-01,0.0005277044854881266,0.0007889266978268265,0.0
Food Industry,0.0031662269129287598,0.000426271651134691,0.0
Nestlé,0.0005277044854881266,0.0004867141589167136,0.0
Tyson Foods,0.0005277044854881266,0.0004867141589167136,0.0
Unilever,0.0005277044854881266,0.0004867141589167136,0.0
Mondelez International,0.0005277044854881266,0.0004867141589167136,0.0
Kraft Heinz,0.0005277044854881266,0.0004867141589167136,0.0
General Mills,0.0005277044854881266,0.0004867141589167136,0.0
Charles Ranlett Flint,0.0005277044854881266,0.000426271651134691,0.0
1860-01-24,0.0005277044854881266,0.0007889266978268265,0.0
UX Designer,0.0021108179419525065,0.000426271651134691,0.0
Lead UX Designer,0.0005277044854881266,0.0005169354128077249,0.0
Junior UX Designer,0.0005277044854881266,0.0005169354128077249,0.0
Adobe,0.0005277044854881266,0.0005169354128077249,0.0
Senior UX Designer,0.0005277044854881266,0.0005169354128077249,0.0
Chief Technology Officer,0.0015831134564643799,0.000426271651134691,0.0
Head of Technology,0.0005277044854881266,0.0005471566666987362,0.0
Senior Technology Executive,0.0005277044854881266,0.0005471566666987362,0.0
Technology Executive,0.0010554089709762533,0.000728484190044804,0.0
Chair,0.0005277044854881266,0.000426271651134691,0.0
Chair of the Committee,0.0005277044854881266,0.0007889266978268265,0.0
Emergency Medical Technicians,0.005277044854881266,0.000426271651134691,0.0
Metro Ambulance Service,0.0005277044854881266,0.00046253715580390456,0.0
Regional Ambulance Service,0.0005277044854881266,0.00046253715580390456,0.0
First Responder,0.0005277044854881266,0.00046253715580390456,0.0
Emergency Medical Responder,0.0005277044854881266,0.00046253715580390456,0.0
National Ambulance Service,0.0005277044854881266,0.00046253715580390456,0.0
Emergency Medical Technician,0.0005277044854881266,0.00046253715580390456,0.0
Paramedic,0.0005277044854881266,0.00046253715580390456,0.0
City Ambulance Service,0.0005277044854881266,0.00046253715580390456,0.0
Ambulance Service of New York,0.0005277044854881266,0.00046253715580390456,0.0
Advanced Emergency Medical Technician,0.0005277044854881266,0.00046253715580390456,0.0
Guangdong Province,0.0005277044854881266,0.000426271651134691,0.0
Economic Hub,0.0005277044854881266,0.0007889266978268265,0.0
Indian Languages,0.0021108179419525065,0.000426271651134691,0.0
Various Literary Works,0.0005277044854881266,0.0005169354128077249,0.0
Ministry of Home Affairs,0.0005277044854881266,0.0005169354128077249,0.0
Linguists,0.0005277044854881266,0.0005169354128077249,0.0
Government of India,0.0010554089709762533,0.0006982629361537926,0.0
1650,0.0036939313984168864,0.000426271651134691,0.0
Company ABC,0.0005277044854881266,0.00047807951494785325,0.0
Position A,0.0005277044854881266,0.00047807951494785325,0.0
1650-01-01,0.0005277044854881266,0.00047807951494785325,0.0
Town B,0.0005277044854881266,0.00047807951494785325,0.0
Role B,0.0005277044854881266,0.00047807951494785325,0.0
Nation B,0.0005277044854881266,0.00047807951494785325,0.0
City A,0.0005277044854881266,0.00047807951494785325,0.0
End of the 1960s,0.0005277044854881266,0.000426271651134691,0.0
Counterculture Movement,0.0005277044854881266,0.0007889266978268265,0.0
1894,0.0005277044854881266,0.000426271651134691,0.0
1894-01-01,0.0005277044854881266,0.0007889266978268265,0.0
People's Republic of China,0.0015831134564643799,0.000426271651134691,0.0
Xi Jinping,0.0005277044854881266,0.0005471566666987362,0.0
Chinese Communist Party,0.0005277044854881266,0.0005471566666987362,0.0
"Huawei Technologies Co., Ltd.",0.0005277044854881266,0.0005471566666987362,0.0
Chinese,0.0005277044854881266,0.000426271651134691,0.0
Chinese National Team,0.0005277044854881266,0.0007889266978268265,0.0
Ministry of Finance of the People's Republic of China,0.0021108179419525065,0.000426271651134691,0.0
State Council of the People's Republic of China,0.0005277044854881266,0.0005169354128077249,0.0
Minister of Finance,0.0005277044854881266,0.0005169354128077249,0.0
Public Finance,0.0005277044854881266,0.0005169354128077249,0.0
Liu Kun,0.0005277044854881266,0.0005169354128077249,0.0
Beijing Municipal Government,0.0015831134564643799,0.000426271651134691,0.0
Qin Dynasty,0.0005277044854881266,0.0005471566666987362,0.0
Central Government of China,0.0005277044854881266,0.0005471566666987362,0.0
Chen Jining,0.0005277044854881266,0.0005471566666987362,0.0
Nanjing Municipal Government,0.0005277044854881266,0.000426271651134691,0.0
Jiangsu Province,0.0005277044854881266,0.0007889266978268265,0.0
German Federal Government,0.0005277044854881266,0.000426271651134691,0.0
Olaf Scholz,0.0005277044854881266,0.0007889266978268265,0.0
First Olympic Games,0.0010554089709762533,0.000426271651134691,0.0
776 BC,0.0005277044854881266,0.0006075991744807587,0.0
Ancient Greece,0.0005277044854881266,0.0006075991744807587,0.0
State Governments,0.005277044854881266,0.000426271651134691,0.0
State Government of California,0.0005277044854881266,0.00046253715580390456,0.0
State Government of Florida,0.0005277044854881266,0.00046253715580390456,0.0
State Government of Texas,0.0005277044854881266,0.00046253715580390456,0.0
State Government of Ohio,0.0005277044854881266,0.00046253715580390456,0.0
State Government of Georgia,0.0005277044854881266,0.00046253715580390456,0.0
State Government of Pennsylvania,0.0005277044854881266,0.00046253715580390456,0.0
State Government of North Carolina,0.0005277044854881266,0.00046253715580390456,0.0
State Government of Illinois,0.0005277044854881266,0.00046253715580390456,0.0
State Government of Michigan,0.0005277044854881266,0.00046253715580390456,0.0
State Government of New York,0.0005277044854881266,0.00046253715580390456,0.0
Jeffrey Sprecher,0.0010554089709762533,0.000426271651134691,0.0
"Madison, Wisconsin",0.0005277044854881266,0.0006075991744807587,0.0
1965-11-23,0.0005277044854881266,0.0006075991744807587,0.0
1963,0.0010554089709762533,0.000426271651134691,0.0
1963-12-31,0.0005277044854881266,0.0006075991744807587,0.0
1963-01-01,0.0005277044854881266,0.0006075991744807587,0.0
Brasília,0.0010554089709762533,0.000426271651134691,0.0
Seat of Government,0.0005277044854881266,0.0006075991744807587,0.0
Federal Government of Brazil,0.0005277044854881266,0.0006075991744807587,0.0
Brasília Time,0.0010554089709762533,0.000426271651134691,0.0
Brazilian Government,0.0005277044854881266,0.0006075991744807587,0.0
UTC-3,0.0005277044854881266,0.0006075991744807587,0.0
Maharashtra,0.0010554089709762533,0.000426271651134691,0.0
Marathi,0.0005277044854881266,0.0006075991744807587,0.0
Government of Maharashtra,0.0005277044854881266,0.0006075991744807587,0.0
1781,0.0005277044854881266,0.000426271651134691,0.0
Unknown Year,0.0010554089709762533,0.0009702542211728943,0.0
1904,0.0005277044854881266,0.000426271651134691,0.0
1904-01-01,0.0005277044854881266,0.0007889266978268265,0.0
French Revolution,0.0005277044854881266,0.000426271651134691,0.0
1789-07-14,0.0005277044854881266,0.0007889266978268265,0.0
Indian Rupee,0.0005277044854881266,0.000426271651134691,0.0
Rupee,0.0005277044854881266,0.0007889266978268265,0.0
Renminbi,0.0005277044854881266,0.000426271651134691,0.0
Yuan,0.0005277044854881266,0.0007889266978268265,0.0
Time Zone Coordinator,0.0010554089709762533,0.000426271651134691,0.0
Time Zone Specialist,0.0005277044854881266,0.0006075991744807587,0.0
Global Time Manager,0.0005277044854881266,0.0006075991744807587,0.0
Health Research,0.0010554089709762533,0.000426271651134691,0.0
Epidemiologist,0.0005277044854881266,0.0006075991744807587,0.0
Centers for Disease Control and Prevention,0.0005277044854881266,0.0006075991744807587,0.0
Nikkei Inc.,0.0010554089709762533,0.000426271651134691,0.0
Nikkei Group,0.0005277044854881266,0.0006075991744807587,0.0
Yoshihiro Inoue,0.0005277044854881266,0.0006075991744807587,0.0
"July 4, 1876",0.004221635883905013,0.000426271651134691,0.0
Calvin Coolidge,0.0005277044854881266,0.00047160353197120793,0.0
Richard Nixon,0.0005277044854881266,0.00047160353197120793,0.0
Louis Armstrong,0.0005277044854881266,0.00047160353197120793,0.0
United States Declaration of Independence,0.0005277044854881266,0.00047160353197120793,0.0
James Monroe,0.0005277044854881266,0.00047160353197120793,0.0
Harry S. Truman,0.0005277044854881266,0.00047160353197120793,0.0
George M. Cohan,0.0005277044854881266,0.00047160353197120793,0.0
Adolf Hitler,0.0005277044854881266,0.00047160353197120793,0.0
UTC+9,0.0021108179419525065,0.000426271651134691,0.0
Guam,0.0005277044854881266,0.0005169354128077249,0.0
North Korea,0.0005277044854881266,0.0005169354128077249,0.0
Palau,0.0005277044854881266,0.0005169354128077249,0.0
Mongolia,0.0005277044854881266,0.0005169354128077249,0.0
1902,0.0005277044854881266,0.000426271651134691,0.0
1902-01-01,0.0005277044854881266,0.0007889266978268265,0.0
Intuit Inc.,0.0005277044854881266,0.000426271651134691,0.0
Sasan Goodarzi,0.0005277044854881266,0.0007889266978268265,0.0
1754,0.0005277044854881266,0.000426271651134691,0.0
1754-01-01,0.0005277044854881266,0.0007889266978268265,0.0
1919,0.0005277044854881266,0.000426271651134691,0.0
1919-01-01,0.0005277044854881266,0.0007889266978268265,0.0
Genevieve Bell,0.0021108179419525065,0.000426271651134691,0.0
1972-11-01,0.0005277044854881266,0.0005169354128077249,0.0
University of Melbourne,0.0005277044854881266,0.0005169354128077249,0.0
Professor at Australian National University,0.0005277044854881266,0.0005169354128077249,0.0
"January 1, 1789",0.002638522427440633,0.000426271651134691,0.0
George Washington's inauguration,0.0005277044854881266,0.0004988026604731182,0.0
First presidential inauguration in the United States,0.0005277044854881266,0.0004988026604731182,0.0
Delegate to the Constitutional Convention,0.0005277044854881266,0.0004988026604731182,0.0
Founding Father of the United States,0.0005277044854881266,0.0004988026604731182,0.0
Chairman of the Constitutional Convention,0.0005277044854881266,0.0004988026604731182,0.0
1785,0.0010554089709762533,0.000426271651134691,0.0
Unknown Location,0.0010554089709762533,0.0006801301838191858,0.0
1785-01-01,0.0005277044854881266,0.0006075991744807587,0.0
French Franc,0.0021108179419525065,0.000426271651134691,0.0
French Treasury,0.0005277044854881266,0.0005169354128077249,0.0
1795,0.0005277044854881266,0.0005169354128077249,0.0
Defunct,0.0005277044854881266,0.0005169354128077249,0.0
Banque de France,0.0005277044854881266,0.0005169354128077249,0.0
Country of City in 1961,0.0031662269129287598,0.000426271651134691,0.0
Founding Year in 1961,0.0005277044854881266,0.0004867141589167136,0.0
City in 1961,0.0005277044854881266,0.0004867141589167136,0.0
Incorporation Country in 1961,0.0005277044854881266,0.0004867141589167136,0.0
Parent Org in 1961,0.0005277044854881266,0.0004867141589167136,0.0
Continent in 1961,0.0005277044854881266,0.0004867141589167136,0.0
Headquarters Country in 1961,0.0005277044854881266,0.0004867141589167136,0.0
1957,0.0031662269129287598,0.000426271651134691,0.0
Organization in 1957,0.0005277044854881266,0.0004867141589167136,0.0
Industry in 1957,0.0005277044854881266,0.0004867141589167136,0.0
Position in 1957,0.0005277044854881266,0.0004867141589167136,0.0
City in 1957,0.0005277044854881266,0.0004867141589167136,0.0
Country of City in 1957,0.0005277044854881266,0.0004867141589167136,0.0
Language in 1957,0.0005277044854881266,0.0004867141589167136,0.0
International Relations,0.002638522427440633,0.000426271651134691,0.0
North Atlantic Treaty Organization,0.0005277044854881266,0.0004988026604731182,0.0
World Trade Organization,0.0005277044854881266,0.0004988026604731182,0.0
International Negotiator,0.0005277044854881266,0.0004988026604731182,0.0
Foreign Affairs Analyst,0.0005277044854881266,0.0004988026604731182,0.0
Policy Advisor,0.0005277044854881266,0.0004988026604731182,0.0
Research Assistant,0.0015831134564643799,0.000426271651134691,0.0
Teaching Assistant,0.0005277044854881266,0.0005471566666987362,0.0
Graduate Researcher,0.0005277044854881266,0.0005471566666987362,0.0
Research Intern,0.0005277044854881266,0.0005471566666987362,0.0
Philosopher,0.002638522427440633,0.000426271651134691,0.0
400 BC,0.0005277044854881266,0.0004988026604731182,0.0
Athens,0.0005277044854881266,0.0004988026604731182,0.0
Philosophy Lecturer,0.0005277044854881266,0.0004988026604731182,0.0
Greece,0.0005277044854881266,0.0004988026604731182,0.0
University of Athens,0.0005277044854881266,0.0004988026604731182,0.0
1743,0.0010554089709762533,0.000426271651134691,0.0
1743-01-01,0.0005277044854881266,0.0006075991744807587,0.0
RFC 868,0.0005277044854881266,0.000426271651134691,0.0
1983-11-01,0.0005277044854881266,0.0007889266978268265,0.0
2022,0.0005277044854881266,0.000426271651134691,0.0
"January 1, 2022",0.0010554089709762533,0.0009098117133908716,0.0
Chancellor,0.0005277044854881266,0.000426271651134691,0.0
1958-06-15,0.0005277044854881266,0.0007889266978268265,0.0
Charles W. Scharf,0.0010554089709762533,0.000426271651134691,0.0
CEO of Wells Fargo,0.0005277044854881266,0.0006075991744807587,0.0
1965-11-24,0.0005277044854881266,0.0006075991744807587,0.0
Berlin Senate,0.0005277044854881266,0.000426271651134691,0.0
Otto von Bismarck,0.0005277044854881266,0.0007889266978268265,0.0
Shanghai Stock Exchange,0.0015831134564643799,0.000426271651134691,0.0
China Securities Regulatory Commission,0.0005277044854881266,0.0005471566666987362,0.0
Liu Shiyu,0.0005277044854881266,0.0005471566666987362,0.0
Various listed companies,0.0005277044854881266,0.0005471566666987362,0.0
Self-Employed,0.0005277044854881266,0.000426271651134691,0.0
Not Specified,0.0005277044854881266,0.0007889266978268265,0.0
Deutsche Bahn AG,0.0010554089709762533,0.000426271651134691,0.0
Richard Lutz,0.0005277044854881266,0.0006075991744807587,0.0
Deutsche Bahn Stiftung,0.0005277044854881266,0.0006075991744807587,0.0
John C. Williams,0.0015831134564643799,0.000426271651134691,0.0
1962-02-28,0.0005277044854881266,0.0005471566666987362,0.0
President and Chief Executive Officer,0.0005277044854881266,0.0005471566666987362,0.0
"Burlington, Vermont",0.0005277044854881266,0.0005471566666987362,0.0
Indian Railways,0.0010554089709762533,0.000426271651134691,0.0
Ministry of Railways,0.0005277044854881266,0.0006075991744807587,0.0
1853,0.0005277044854881266,0.0006075991744807587,0.0
1848,0.004221635883905013,0.000426271651134691,0.0
March 1848,0.0005277044854881266,0.00047160353197120793,0.0
December 1848,0.0005277044854881266,0.00047160353197120793,0.0
June 1848,0.0005277044854881266,0.00047160353197120793,0.0
Spring 1848,0.0005277044854881266,0.00047160353197120793,0.0
February 1848,0.0005277044854881266,0.00047160353197120793,0.0
November 1848,0.0005277044854881266,0.00047160353197120793,0.0
Fall 1848,0.0005277044854881266,0.00047160353197120793,0.0
1848 Revolutions,0.0005277044854881266,0.00047160353197120793,0.0
1701,0.0015831134564643799,0.000426271651134691,0.0
Historical Currency,0.0005277044854881266,0.0005471566666987362,0.0
1701-01-01,0.0005277044854881266,0.0005471566666987362,0.0
Historical Language,0.0010554089709762533,0.0006196876760371633,0.0
Xavier Becerra,0.0015831134564643799,0.000426271651134691,0.0
1968-01-27,0.0005277044854881266,0.0005471566666987362,0.0
Secretary of Health and Human Services,0.0005277044854881266,0.0005471566666987362,0.0
"Sacramento, California",0.0005277044854881266,0.0005471566666987362,0.0
Pete Buttigieg,0.0010554089709762533,0.000426271651134691,0.0
1982-01-19,0.0005277044854881266,0.0006075991744807587,0.0
"South Bend, Indiana",0.0005277044854881266,0.0006075991744807587,0.0
STMicroelectronics,0.0010554089709762533,0.000426271651134691,0.0
Jean-Marc Chery,0.0005277044854881266,0.0006075991744807587,0.0
STMicroelectronics NV,0.0005277044854881266,0.0006075991744807587,0.0
Engineer,0.0005277044854881266,0.000426271651134691,0.0
Mechanical Engineer,0.0005277044854881266,0.0007889266978268265,0.0
Secretary-General,0.0005277044854881266,0.000426271651134691,0.0
1949-04-30,0.0005277044854881266,0.0007889266978268265,0.0
Professor of Mathematics,0.0005277044854881266,0.000426271651134691,0.0
1975-05-20,0.0005277044854881266,0.0007889266978268265,0.0
Celebration,0.0015831134564643799,0.000426271651134691,0.0
Bethlehem,0.0005277044854881266,0.0005471566666987362,0.0
December 25,0.0005277044854881266,0.0005471566666987362,0.0
Rio de Janeiro,0.0005277044854881266,0.0005471566666987362,0.0
Michael K. Young,0.0010554089709762533,0.000426271651134691,0.0
1950-07-01,0.0005277044854881266,0.0006075991744807587,0.0
President of Washington State University,0.0005277044854881266,0.0006075991744807587,0.0
Summer of 1969,0.004221635883905013,0.000426271651134691,0.0
1969-07-20,0.0005277044854881266,0.00047160353197120793,0.0
1969-06-20,0.0005277044854881266,0.00047160353197120793,0.0
Woodstock,0.0005277044854881266,0.00047160353197120793,0.0
Saugerties,0.0005277044854881266,0.00047160353197120793,0.0
1969-09-01,0.0005277044854881266,0.00047160353197120793,0.0
1969-08-15,0.0005277044854881266,0.00047160353197120793,0.0
1969-07-21,0.0005277044854881266,0.00047160353197120793,0.0
1969-08-18,0.0005277044854881266,0.00047160353197120793,0.0
1998,0.0021108179419525065,0.000426271651134691,0.0
Yahoo! Inc.,0.0005277044854881266,0.0005169354128077249,0.0
eBay,0.0005277044854881266,0.0005169354128077249,0.0
PayPal,0.0005277044854881266,0.0005169354128077249,0.0
Switzerland,0.0010554089709762533,0.000426271651134691,0.0
Federal Council,0.0005277044854881266,0.0006075991744807587,0.0
Swiss Federal Railways,0.0005277044854881266,0.0006075991744807587,0.0
Warsaw,0.0005277044854881266,0.000426271651134691,0.0
Polish złoty,0.0010554089709762533,0.0009098117133908716,0.0
Frankfurt Stock Exchange,0.0015831134564643799,0.000426271651134691,0.0
Asra N. K. H. Al-Mansoori,0.0005277044854881266,0.0005471566666987362,0.0
Deutsche Börse,0.0005277044854881266,0.0005471566666987362,0.0
1585,0.0005277044854881266,0.0005471566666987362,0.0
Zurich,0.0005277044854881266,0.000426271651134691,0.0
15 BC,0.0005277044854881266,0.0007889266978268265,0.0
South Korean won,0.0005277044854881266,0.000426271651134691,0.0
Bank of Korea,0.0005277044854881266,0.0007889266978268265,0.0
Financial Supervisory Commission,0.0005277044854881266,0.000426271651134691,0.0
Tsai Cheng-yuan,0.0005277044854881266,0.0007889266978268265,0.0
Copenhagen,0.0015831134564643799,0.000426271651134691,0.0
Danske Bank,0.0005277044854881266,0.0005471566666987362,0.0
Danish,0.0010554089709762533,0.0006196876760371633,0.0
Danish krone,0.0010554089709762533,0.0006680416822627814,0.0
Eurozone,0.0010554089709762533,0.000426271651134691,0.0
Multiple Languages,0.0005277044854881266,0.0006075991744807587,0.0
Monetary Union,0.0005277044854881266,0.0006075991744807587,0.0
Moscow,0.0031662269129287598,0.000426271651134691,0.0
Russian Railways,0.0005277044854881266,0.0004867141589167136,0.0
Moscow Standard Time,0.0010554089709762533,0.0006075991744807587,0.0
1147,0.0005277044854881266,0.0004867141589167136,0.0
Russian Ruble,0.0010554089709762533,0.0008493692056088491,0.0
Sberbank,0.0005277044854881266,0.0004867141589167136,0.0
Gazprom,0.0010554089709762533,0.0006075991744807587,0.0
Frankfurt,0.0010554089709762533,0.000426271651134691,0.0
794,0.0005277044854881266,0.0006075991744807587,0.0
Financial Hub,0.0005277044854881266,0.0006075991744807587,0.0
Danish Krone,0.0010554089709762533,0.000426271651134691,0.0
Danmarks Nationalbank,0.0005277044854881266,0.0006075991744807587,0.0
Copenhagen Stock Exchange,0.0010554089709762533,0.0007889266978268265,0.0
Credit Suisse,0.0005277044854881266,0.000426271651134691,0.0
Alfred Escher,0.0005277044854881266,0.0007889266978268265,0.0
Hong Kong Monetary Authority,0.0015831134564643799,0.000426271651134691,0.0
Government of Hong Kong,0.0005277044854881266,0.0005471566666987362,0.0
Eddie Yue,0.0005277044854881266,0.0005471566666987362,0.0
HKMA,0.0005277044854881266,0.0005471566666987362,0.0
Tokyo Metropolitan Government,0.0005277044854881266,0.000426271651134691,0.0
1943,0.0010554089709762533,0.0008342585786633435,0.0
Xetra,0.0005277044854881266,0.000426271651134691,0.0
Deutsche Börse AG,0.0005277044854881266,0.0007889266978268265,0.0
SIX Swiss Exchange,0.0015831134564643799,0.000426271651134691,0.0
SIX Group AG,0.0005277044854881266,0.0005471566666987362,0.0
Christian Katz,0.0005277044854881266,0.0005471566666987362,0.0
Swiss Stock Exchange,0.0005277044854881266,0.0005471566666987362,0.0
Geneva,0.0021108179419525065,0.000426271651134691,0.0
Host City for International Organizations,0.0005277044854881266,0.0005169354128077249,0.0
United Nations Office,0.0005277044854881266,0.0005169354128077249,0.0
1219,0.0005277044854881266,0.0005169354128077249,0.0
International Red Cross,0.0005277044854881266,0.0005169354128077249,0.0
Deutsche Bank,0.0005277044854881266,0.000426271651134691,0.0
Johann Georg C. W. von Siemens,0.0005277044854881266,0.0007889266978268265,0.0
Mumbai,0.0015831134564643799,0.000426271651134691,0.0
State Bank of India,0.0010554089709762533,0.0006680416822627814,0.0
Tata Group,0.0005277044854881266,0.0005471566666987362,0.0
1507,0.0005277044854881266,0.0005471566666987362,0.0
Aarhus University,0.0005277044854881266,0.000426271651134691,0.0
Brian Bech Nielsen,0.0005277044854881266,0.0007889266978268265,0.0
National Taiwan University,0.0005277044854881266,0.000426271651134691,0.0
Ministry of Education (Taiwan),0.0005277044854881266,0.0007889266978268265,0.0
1682,0.0005277044854881266,0.000426271651134691,0.0
1682-01-01,0.0005277044854881266,0.0007889266978268265,0.0
1764,0.002638522427440633,0.000426271651134691,0.0
1764-01-01,0.0005277044854881266,0.0004988026604731182,0.0
Historical City,0.0005277044854881266,0.0004988026604731182,0.0
Historical Industry,0.0005277044854881266,0.0004988026604731182,0.0
Chief Innovation Officer,0.0010554089709762533,0.000426271651134691,0.0
Innovation Leadership,0.0005277044854881266,0.0006075991744807587,0.0
Product Development,0.0021108179419525065,0.000426271651134691,0.0
Michael Johnson,0.0005277044854881266,0.0005169354128077249,0.0
Emily Davis,0.0005277044854881266,0.0005169354128077249,0.0
Technical Lead,0.0005277044854881266,0.0005169354128077249,0.0
Product Manager,0.0005277044854881266,0.0005169354128077249,0.0
Kremlin,0.0021108179419525065,0.000426271651134691,0.0
Vladimir Putin,0.0010554089709762533,0.00063782042837177,0.0
Official Residence,0.0005277044854881266,0.0005169354128077249,0.0
Ivan III,0.0005277044854881266,0.0005169354128077249,0.0
1475,0.0005277044854881266,0.0005169354128077249,0.0
State-owned Enterprises,0.0031662269129287598,0.000426271651134691,0.0
Local Language,0.0005277044854881266,0.0004867141589167136,0.0
Various Countries,0.0005277044854881266,0.0004867141589167136,0.0
Various Years,0.0005277044854881266,0.0004867141589167136,0.0
Various Positions,0.0005277044854881266,0.0004867141589167136,0.0
National Stock Exchange,0.0005277044854881266,0.0004867141589167136,0.0
Local Currency,0.0005277044854881266,0.0004867141589167136,0.0
Government of Japan,0.0010554089709762533,0.000426271651134691,0.0
Emperor Meiji,0.0005277044854881266,0.0006075991744807587,0.0
Cabinet of Japan,0.0010554089709762533,0.000426271651134691,0.0
Prime Minister of Japan,0.0005277044854881266,0.0006075991744807587,0.0
Cabinet Minister,0.0005277044854881266,0.0006075991744807587,0.0
Bern,0.0021108179419525065,0.000426271651134691,0.0
Federal Council of Switzerland,0.0005277044854881266,0.0005169354128077249,0.0
Swiss,0.0005277044854881266,0.0005169354128077249,0.0
Federal Administration of Switzerland,0.0005277044854881266,0.0005169354128077249,0.0
1191,0.0005277044854881266,0.0005169354128077249,0.0
1958,0.0036939313984168864,0.000426271651134691,0.0
Industries prominent in 1958,0.0005277044854881266,0.00047807951494785325,0.0
Notable Position in 1958,0.0005277044854881266,0.00047807951494785325,0.0
Languages spoken in 1958,0.0005277044854881266,0.00047807951494785325,0.0
Currency used in 1958,0.0005277044854881266,0.00047807951494785325,0.0
1958-01-01,0.0005277044854881266,0.00047807951494785325,0.0
Organizations active in 1958,0.0005277044854881266,0.00047807951494785325,0.0
Countries with cities in 1958,0.0005277044854881266,0.00047807951494785325,0.0
1799,0.0005277044854881266,0.000426271651134691,0.0
1799-01-01,0.0005277044854881266,0.0007889266978268265,0.0
Kaohsiung City Government,0.0005277044854881266,0.000426271651134691,0.0
Kaohsiung City Mayor,0.0005277044854881266,0.0007889266978268265,0.0
UNESCO,0.0005277044854881266,0.000426271651134691,0.0
Audrey Azoulay,0.0005277044854881266,0.0007889266978268265,0.0
Christian Democratic Union,0.0005277044854881266,0.000426271651134691,0.0
Konrad Adenauer,0.0005277044854881266,0.0007889266978268265,0.0
Battle of Guadalcanal,0.004221635883905013,0.000426271651134691,0.0
United States Marine Corps,0.0005277044854881266,0.00047160353197120793,0.0
Imperial Japanese Army,0.0005277044854881266,0.00047160353197120793,0.0
1942-08-07,0.0005277044854881266,0.00047160353197120793,0.0
Pacific Theater,0.0005277044854881266,0.00047160353197120793,0.0
Guadalcanal,0.0005277044854881266,0.00047160353197120793,0.0
Allied Forces,0.0005277044854881266,0.00047160353197120793,0.0
Axis Powers,0.0010554089709762533,0.0005441345413096351,0.0
Polish National Bank,0.0015831134564643799,0.000426271651134691,0.0
National Bank of Poland,0.0005277044854881266,0.0005471566666987362,0.0
Adam Glapiński,0.0005277044854881266,0.0005471566666987362,0.0
Warsaw Stock Exchange,0.0005277044854881266,0.0005471566666987362,0.0
World War II,0.002638522427440633,0.000426271651134691,0.0
Global Conflict,0.0005277044854881266,0.0004988026604731182,0.0
Allied Powers,0.0005277044854881266,0.0004988026604731182,0.0
1945-09-02,0.0005277044854881266,0.0004988026604731182,0.0
1939-09-01,0.0005277044854881266,0.0004988026604731182,0.0
Cultural Heritage,0.0010554089709762533,0.000426271651134691,0.0
1972,0.0005277044854881266,0.0006075991744807587,0.0
Cultural Heritage Specialist,0.0005277044854881266,0.0006075991744807587,0.0
Daylight Saving Time,0.0010554089709762533,0.000426271651134691,0.0
March 14,0.0005277044854881266,0.0006075991744807587,0.0
November 7,0.0005277044854881266,0.0006075991744807587,0.0
Guangzhou,0.0005277044854881266,0.000426271651134691,0.0
214 BC,0.0005277044854881266,0.0007889266978268265,0.0
Satya Nadella,0.0005277044854881266,0.000426271651134691,0.0
1967-08-19,0.0005277044854881266,0.0007889266978268265,0.0
Max Planck Society,0.0010554089709762533,0.000426271651134691,0.0
Hermann von Helmholtz,0.0005277044854881266,0.0006075991744807587,0.0
Max Planck,0.0005277044854881266,0.0006075991744807587,0.0
People's Bank of China,0.0010554089709762533,0.000426271651134691,0.0
Guo Shuqing,0.0005277044854881266,0.0006075991744807587,0.0
State Council of China,0.0005277044854881266,0.0006075991744807587,0.0
1828,0.0010554089709762533,0.000426271651134691,0.0
Historical Events,0.0010554089709762533,0.0009702542211728943,0.0
1828-01-01,0.0005277044854881266,0.0006075991744807587,0.0
Retail,0.004221635883905013,0.000426271651134691,0.0
Lowe's,0.0005277044854881266,0.00047160353197120793,0.0
Ahold Delhaize,0.0005277044854881266,0.00047160353197120793,0.0
Retail Industry,0.0005277044854881266,0.00047160353197120793,0.0
Target Corporation,0.0005277044854881266,0.00047160353197120793,0.0
Walmart,0.0005277044854881266,0.00047160353197120793,0.0
Kroger,0.0005277044854881266,0.00047160353197120793,0.0
Best Buy,0.0005277044854881266,0.00047160353197120793,0.0
Costco,0.0005277044854881266,0.00047160353197120793,0.0
Food Awareness Day,0.0010554089709762533,0.000426271651134691,0.0
April 7,0.0005277044854881266,0.0006075991744807587,0.0
Food and Agriculture Organization,0.0005277044854881266,0.0006075991744807587,0.0
African Union,0.002638522427440633,0.000426271651134691,0.0
African Union Commission,0.0005277044854881266,0.0004988026604731182,0.0
African Union Unit,0.0005277044854881266,0.0004988026604731182,0.0
Addis Ababa,0.0005277044854881266,0.0004988026604731182,0.0
Political Organization,0.0005277044854881266,0.0004988026604731182,0.0
António Guterres,0.0010554089709762533,0.000426271651134691,0.0
Secretary-General of the United Nations,0.0005277044854881266,0.0006075991744807587,0.0
"April 30, 1949",0.0005277044854881266,0.0006075991744807587,0.0
Day of the Week,0.0021108179419525065,0.000426271651134691,0.0
Monday,0.0005277044854881266,0.0005169354128077249,0.0
Saturday,0.0005277044854881266,0.0005169354128077249,0.0
Sunday,0.0005277044854881266,0.0005169354128077249,0.0
Tuesday,0.0005277044854881266,0.0005169354128077249,0.0
1923,0.0031662269129287598,0.000426271651134691,0.0
HistoricalOrganizations,0.0005277044854881266,0.0004867141589167136,0.0
HistoricalIndustries,0.0005277044854881266,0.0004867141589167136,0.0
1923-01-01,0.0005277044854881266,0.0004867141589167136,0.0
HistoricalCountries,0.0005277044854881266,0.0004867141589167136,0.0
HistoricalLanguages,0.0005277044854881266,0.0004867141589167136,0.0
HistoricalCurrencies,0.0005277044854881266,0.0004867141589167136,0.0
Telangana State Government,0.0010554089709762533,0.000426271651134691,0.0
K. Chandrashekar Rao,0.0005277044854881266,0.0006075991744807587,0.0
Government of Telangana,0.0005277044854881266,0.000426271651134691,0.0
State of Telangana,0.0005277044854881266,0.0007889266978268265,0.0
Playwright,0.0005277044854881266,0.000426271651134691,0.0
Theater Company,0.0005277044854881266,0.0007889266978268265,0.0
Bob Chapek,0.0010554089709762533,0.000426271651134691,0.0
"Hammond, Indiana",0.0005277044854881266,0.0006075991744807587,0.0
1960-08-21,0.0005277044854881266,0.0006075991744807587,0.0
Cloud Engineer,0.0015831134564643799,0.000426271651134691,0.0
DevOps Engineer,0.0005277044854881266,0.0005471566666987362,0.0
Site Reliability Engineer,0.0005277044854881266,0.0005471566666987362,0.0
Alibaba Cloud,0.0005277044854881266,0.0005471566666987362,0.0
Cloud Architect,0.0021108179419525065,0.000426271651134691,0.0
Infrastructure Architect,0.0005277044854881266,0.0005169354128077249,0.0
Cloud Solutions Architect,0.0005277044854881266,0.0005169354128077249,0.0
DevOps Architect,0.0005277044854881266,0.0005169354128077249,0.0
Cloud Computing Specialist,0.0005277044854881266,0.0005169354128077249,0.0
1856,0.0005277044854881266,0.000426271651134691,0.0
1856-01-01,0.0005277044854881266,0.0007889266978268265,0.0
Yonsei University,0.0010554089709762533,0.000426271651134691,0.0
Yonsei University Health System,0.0005277044854881266,0.0006075991744807587,0.0
New Year's Day,0.0021108179419525065,0.000426271651134691,0.0
2028-01-01,0.0005277044854881266,0.0005169354128077249,0.0
2027-01-01,0.0005277044854881266,0.0005169354128077249,0.0
2026-01-01,0.0005277044854881266,0.0005169354128077249,0.0
2030-01-01,0.0005277044854881266,0.0005169354128077249,0.0
Bank of England,0.0010554089709762533,0.000426271651134691,0.0
HM Treasury,0.0005277044854881266,0.0006075991744807587,0.0
Andrew Bailey,0.0005277044854881266,0.0006075991744807587,0.0
1694,0.0005277044854881266,0.000426271651134691,0.0
1694-01-01,0.0005277044854881266,0.0007889266978268265,0.0
Linus Torvalds,0.0005277044854881266,0.000426271651134691,0.0
Creator of Linux,0.0005277044854881266,0.0007889266978268265,0.0
Charles Darwin,0.0015831134564643799,0.000426271651134691,0.0
Naturalist,0.0005277044854881266,0.0005471566666987362,0.0
Biologist,0.0005277044854881266,0.0005471566666987362,0.0
Geologist,0.0005277044854881266,0.0005471566666987362,0.0
Kaiser Wilhelm Institute for Physics,0.0005277044854881266,0.000426271651134691,0.0
Physics Research,0.0005277044854881266,0.0007889266978268265,0.0
New Year,0.0015831134564643799,0.000426271651134691,0.0
"January 1, 2025",0.0005277044854881266,0.0005471566666987362,0.0
December 31,0.0005277044854881266,0.0005471566666987362,0.0
January 1,0.0005277044854881266,0.000426271651134691,0.0
J.D. Salinger,0.0005277044854881266,0.0007889266978268265,0.0
"January 1, 1 AD",0.0031662269129287598,0.000426271651134691,0.0
Jerusalem,0.0005277044854881266,0.0004867141589167136,0.0
1 AD,0.0005277044854881266,0.0004867141589167136,0.0
Ancient Society,0.0005277044854881266,0.0004867141589167136,0.0
Judean,0.0005277044854881266,0.0004867141589167136,0.0
Ancient School,0.0005277044854881266,0.0004867141589167136,0.0
Israel,0.0005277044854881266,0.0004867141589167136,0.0
David Solomon,0.0010554089709762533,0.000426271651134691,0.0
"Harrison, New York",0.0005277044854881266,0.0006075991744807587,0.0
1066,0.0010554089709762533,0.000426271651134691,0.0
Old English,0.0005277044854881266,0.0006075991744807587,0.0
King,0.0005277044854881266,0.0006075991744807587,0.0
Greater London Authority,0.0005277044854881266,0.000426271651134691,0.0
Ken Livingstone,0.0005277044854881266,0.0007889266978268265,0.0
Prime Minister of the United Kingdom,0.0005277044854881266,0.000426271651134691,0.0
1965-05-20,0.0005277044854881266,0.0007889266978268265,0.0
Prime Minister,0.0005277044854881266,0.000426271651134691,0.0
1965-05-01,0.0005277044854881266,0.0007889266978268265,0.0
Country A,0.0036939313984168864,0.000426271651134691,0.0
Language X,0.0005277044854881266,0.00047807951494785325,0.0
Currency Y,0.0005277044854881266,0.00047807951494785325,0.0
Continent Z,0.0005277044854881266,0.00047807951494785325,0.0
Year 1900,0.0005277044854881266,0.00047807951494785325,0.0
Position Z,0.0005277044854881266,0.00047807951494785325,0.0
Capital City A,0.0005277044854881266,0.00047807951494785325,0.0
Organization A,0.0005277044854881266,0.00047807951494785325,0.0
1842,0.0005277044854881266,0.000426271651134691,0.0
1842-01-01,0.0005277044854881266,0.0007889266978268265,0.0
K. K. Y. Wong,0.0005277044854881266,0.000426271651134691,0.0
1975-01-01,0.0005277044854881266,0.0007889266978268265,0.0
1096,0.0031662269129287598,0.000426271651134691,0.0
1096-01-01,0.0005277044854881266,0.0004867141589167136,0.0
Unknown School,0.0005277044854881266,0.0004867141589167136,0.0
Unknown Role,0.0005277044854881266,0.0004867141589167136,0.0
Unknown Job,0.0005277044854881266,0.0004867141589167136,0.0
Unknown Nationality,0.0005277044854881266,0.0004867141589167136,0.0
Unknown Company,0.0005277044854881266,0.0004867141589167136,0.0
Vice-Chancellor,0.0005277044854881266,0.000426271651134691,0.0
Vice-Chancellor of University of Cambridge,0.0005277044854881266,0.0007889266978268265,0.0
1934,0.0021108179419525065,0.000426271651134691,0.0
CurrencyType,0.0005277044854881266,0.0005169354128077249,0.0
1934-01-01,0.0005277044854881266,0.0005169354128077249,0.0
CityName,0.0005277044854881266,0.0005169354128077249,0.0
CountryName,0.0005277044854881266,0.0005169354128077249,0.0
Korea Advanced Institute of Science and Technology,0.0015831134564643799,0.000426271651134691,0.0
KAIST,0.0005277044854881266,0.0005471566666987362,0.0
"Ministry of Education, South Korea",0.0005277044854881266,0.0005471566666987362,0.0
Daejeon,0.0005277044854881266,0.0005471566666987362,0.0
Humboldt University of Berlin,0.0010554089709762533,0.000426271651134691,0.0
Rector,0.0005277044854881266,0.0006075991744807587,0.0
Berlin University Alliance,0.0005277044854881266,0.0006075991744807587,0.0
Example City,0.0005277044854881266,0.000426271651134691,0.0
Example Event,0.0005277044854881266,0.0007889266978268265,0.0
Example Founder,0.0010554089709762533,0.000426271651134691,0.0
Example Birthplace,0.0005277044854881266,0.0006075991744807587,0.0
CEO of Example Corporation,0.0005277044854881266,0.0006075991744807587,0.0
1599,0.0005277044854881266,0.000426271651134691,0.0
1599-01-01,0.0005277044854881266,0.0007889266978268265,0.0
Hardware Engineer,0.0005277044854881266,0.000426271651134691,0.0
Electrical Engineer,0.0005277044854881266,0.0007889266978268265,0.0
1969,0.0036939313984168864,0.000426271651134691,0.0
The Apollo 11 Moon Landing,0.0005277044854881266,0.00047807951494785325,0.0
The First Woodstock,0.0005277044854881266,0.00047807951494785325,0.0
The First Man on the Moon,0.0005277044854881266,0.00047807951494785325,0.0
The Concorde,0.0005277044854881266,0.00047807951494785325,0.0
The Moon Landing,0.0005277044854881266,0.00047807951494785325,0.0
The Beatles' Abbey Road,0.0005277044854881266,0.00047807951494785325,0.0
The Internet,0.0005277044854881266,0.00047807951494785325,0.0
Gordon Ramsay Restaurants,0.0005277044854881266,0.000426271651134691,0.0
Gordon Ramsay,0.0005277044854881266,0.0007889266978268265,0.0
Parent Company Name,0.0031662269129287598,0.000426271651134691,0.0
Currency Name,0.0005277044854881266,0.0004867141589167136,0.0
Specific Subsidiary Name,0.0005277044854881266,0.0004867141589167136,0.0
Current Employee Name,0.0005277044854881266,0.0004867141589167136,0.0
Stock Exchange Name,0.0005277044854881266,0.0004867141589167136,0.0
Founding Year,0.0005277044854881266,0.0004867141589167136,0.0
Galp Energia,0.0015831134564643799,0.000426271651134691,0.0
Carlos Gomes,0.0005277044854881266,0.0005471566666987362,0.0
Euronext Lisbon,0.0005277044854881266,0.0005471566666987362,0.0
Galp Group,0.0005277044854881266,0.0005471566666987362,0.0
Vice Chair of the Board of Directors,0.0015831134564643799,0.000426271651134691,0.0
Country of Nationality,0.0005277044854881266,0.0005471566666987362,0.0
Date of Birth,0.0005277044854881266,0.0005471566666987362,0.0
Epoch,0.0036939313984168864,0.000426271651134691,0.0
Epoch City,0.0005277044854881266,0.00047807951494785325,0.0
Epoch Industry,0.0005277044854881266,0.00047807951494785325,0.0
Epoch Language,0.0005277044854881266,0.00047807951494785325,0.0
Epoch Leader,0.0005277044854881266,0.00047807951494785325,0.0
Epoch Country,0.0005277044854881266,0.00047807951494785325,0.0
Epoch Currency,0.0005277044854881266,0.00047807951494785325,0.0
Epoch Organization,0.0005277044854881266,0.00047807951494785325,0.0
Tidjane Thiam,0.0015831134564643799,0.000426271651134691,0.0
Ivorian,0.0005277044854881266,0.0005471566666987362,0.0
Abidjan,0.0005277044854881266,0.0005471566666987362,0.0
1962-07-29,0.0005277044854881266,0.0005471566666987362,0.0
Lucasian Professor of Mathematics,0.0005277044854881266,0.000426271651134691,0.0
Mathematics,0.0005277044854881266,0.0007889266978268265,0.0
Taiwan Semiconductor Manufacturing Company,0.0010554089709762533,0.000426271651134691,0.0
1987-02-21,0.0005277044854881266,0.0006075991744807587,0.0
Chengdu Research Base of Giant Panda Breeding,0.002638522427440633,0.000426271651134691,0.0
Li Desheng,0.0005277044854881266,0.0004988026604731182,0.0
Conservation,0.0005277044854881266,0.0004988026604731182,0.0
Sichuan Province,0.0005277044854881266,0.0004988026604731182,0.0
Sichuan Forestry Administration,0.0005277044854881266,0.0004988026604731182,0.0
Conservation Center,0.0005277044854881266,0.0004988026604731182,0.0
Hyderabad,0.0005277044854881266,0.000426271651134691,0.0
1591,0.0005277044854881266,0.0007889266978268265,0.0
William McMaster,0.0005277044854881266,0.000426271651134691,0.0
1824-10-04,0.0005277044854881266,0.0007889266978268265,0.0
Global Research Network,0.0005277044854881266,0.000426271651134691,0.0
Research Director,0.0005277044854881266,0.0007889266978268265,0.0
1895,0.0010554089709762533,0.000426271651134691,0.0
1895-01-01,0.0005277044854881266,0.0006075991744807587,0.0
"January 1, 1895",0.0005277044854881266,0.0006075991744807587,0.0
Hospitality Manager,0.0005277044854881266,0.000426271651134691,0.0
Hotel Manager,0.0005277044854881266,0.0007889266978268265,0.0
Hindi,0.0021108179419525065,0.000426271651134691,0.0
Ancient,0.0005277044854881266,0.0005169354128077249,0.0
19th Century,0.0005277044854881266,0.0005169354128077249,0.0
Indian Linguists,0.0005277044854881266,0.0005169354128077249,0.0
Indian Government,0.0005277044854881266,0.0005169354128077249,0.0
Spanish,0.0010554089709762533,0.000426271651134691,0.0
12th century,0.0005277044854881266,0.0006075991744807587,0.0
Footballer,0.0005277044854881266,0.0006075991744807587,0.0
Orange Polska,0.0015831134564643799,0.000426271651134691,0.0
Telecommunications Provider,0.0005277044854881266,0.0005471566666987362,0.0
Orange S.A.,0.0005277044854881266,0.0005471566666987362,0.0
"January 1, 2015",0.00474934036939314,0.000426271651134691,0.0
First Day of 2015,0.0005277044854881266,0.0004665666563227061,0.0
New Year Celebrations,0.0005277044854881266,0.0004665666563227061,0.0
New Year Fireworks,0.0005277044854881266,0.0004665666563227061,0.0
The New Year,0.0005277044854881266,0.0004665666563227061,0.0
Global New Year,0.0005277044854881266,0.0004665666563227061,0.0
New Year Resolutions,0.0005277044854881266,0.0004665666563227061,0.0
New Year Gatherings,0.0005277044854881266,0.0004665666563227061,0.0
New Year Festivities,0.0005277044854881266,0.0004665666563227061,0.0
New Year Parades,0.0005277044854881266,0.0004665666563227061,0.0
Covestro,0.0010554089709762533,0.000426271651134691,0.0
Chemicals,0.0005277044854881266,0.0006075991744807587,0.0
Markus Steilemann,0.0005277044854881266,0.0006075991744807587,0.0
UTC,0.0031662269129287598,0.000426271651134691,0.0
Burkina Faso,0.0005277044854881266,0.0004867141589167136,0.0
Senegal,0.0005277044854881266,0.0004867141589167136,0.0
Ghana,0.0005277044854881266,0.0004867141589167136,0.0
Togo,0.0005277044854881266,0.0004867141589167136,0.0
Mali,0.0005277044854881266,0.0004867141589167136,0.0
Iceland,0.0005277044854881266,0.0004867141589167136,0.0
Pocahontas,0.0015831134564643799,0.000426271651134691,0.0
1596,0.0005277044854881266,0.0005471566666987362,0.0
Cultural Icon,0.0005277044854881266,0.0005471566666987362,0.0
Native American,0.0005277044854881266,0.0005471566666987362,0.0
First Anglo-Powhatan War,0.002638522427440633,0.000426271651134691,0.0
Chief of the Powhatan Confederacy,0.0005277044854881266,0.0004988026604731182,0.0
English Settlers,0.0005277044854881266,0.0004988026604731182,0.0
Leader of the English Settlers,0.0005277044854881266,0.0004988026604731182,0.0
1614,0.0005277044854881266,0.0004988026604731182,0.0
Colonial Warfare,0.0005277044854881266,0.0004988026604731182,0.0
Year of the Pandemic,0.0010554089709762533,0.000426271651134691,0.0
Global Health Crisis,0.0005277044854881266,0.0006075991744807587,0.0
Wuhan,0.0005277044854881266,0.0006075991744807587,0.0
Max Planck Institute for Astronomy,0.0015831134564643799,0.000426271651134691,0.0
Thomas Henning,0.0005277044854881266,0.0005471566666987362,0.0
Heidelberg,0.0005277044854881266,0.0005471566666987362,0.0
1917,0.0005277044854881266,0.0005471566666987362,0.0
Senior Researcher,0.0005277044854881266,0.000426271651134691,0.0
Hometown,0.0005277044854881266,0.0007889266978268265,0.0
Radium Institute,0.0015831134564643799,0.000426271651134691,0.0
Medical Research,0.0005277044854881266,0.0005471566666987362,0.0
Curie Institute,0.0005277044854881266,0.0005471566666987362,0.0
1932,0.0005277044854881266,0.0005471566666987362,0.0
ASEAN Secretariat,0.0010554089709762533,0.000426271651134691,0.0
Secretary-General of ASEAN,0.0005277044854881266,0.0006075991744807587,0.0
Founding Members of ASEAN,0.0005277044854881266,0.0006075991744807587,0.0
Nandan Nilekani,0.0010554089709762533,0.000426271651134691,0.0
"June 2, 1955",0.0005277044854881266,0.0006075991744807587,0.0
Chairman of Infosys,0.0005277044854881266,0.0006075991744807587,0.0
Bengaluru,0.0021108179419525065,0.000426271651134691,0.0
Wipro,0.0005277044854881266,0.0005169354128077249,0.0
Flipkart,0.0005277044854881266,0.0005169354128077249,0.0
1537,0.0005277044854881266,0.0005169354128077249,0.0
Kannada,0.0005277044854881266,0.0005169354128077249,0.0
India,0.0005277044854881266,0.000426271651134691,0.0
Mahatma Gandhi,0.0005277044854881266,0.0007889266978268265,0.0
Various titles,0.002638522427440633,0.000426271651134691,0.0
Various cities,0.0005277044854881266,0.0004988026604731182,0.0
Various industries,0.0005277044854881266,0.0004988026604731182,0.0
Various universities,0.0005277044854881266,0.0004988026604731182,0.0
Various languages,0.0005277044854881266,0.0004988026604731182,0.0
Various years,0.0005277044854881266,0.0004988026604731182,0.0
Paris,0.0010554089709762533,0.000426271651134691,0.0
City of Paris,0.0005277044854881266,0.0006075991744807587,0.0
L'Oréal,0.0005277044854881266,0.0006075991744807587,0.0
Various roles,0.0010554089709762533,0.000426271651134691,0.0
Various places,0.0005277044854881266,0.0006075991744807587,0.0
Various companies,0.0015831134564643799,0.000426271651134691,0.0
Various parent organizations,0.0005277044854881266,0.0005471566666987362,0.0
Various stock exchanges,0.0005277044854881266,0.0005471566666987362,0.0
Various CEOs,0.0005277044854881266,0.0005471566666987362,0.0
Director of Studies,0.005277044854881266,0.000426271651134691,0.0
Specific Research Institution,0.0005277044854881266,0.00046253715580390456,0.0
Specific Academic Institution,0.0005277044854881266,0.00046253715580390456,0.0
Director of Studies at a specific program,0.0005277044854881266,0.00046253715580390456,0.0
Director of Studies at a specific department,0.0005277044854881266,0.00046253715580390456,0.0
Specific University,0.0005277044854881266,0.00046253715580390456,0.0
Specific Country,0.0005277044854881266,0.00046253715580390456,0.0
Director of Studies at a specific institution,0.0005277044854881266,0.00046253715580390456,0.0
Specific City,0.0005277044854881266,0.00046253715580390456,0.0
Specific Educational Institution,0.0005277044854881266,0.00046253715580390456,0.0
Specific Date,0.0005277044854881266,0.00046253715580390456,0.0
Software Developer,0.0010554089709762533,0.000426271651134691,0.0
CodeCrafters LLC,0.0005277044854881266,0.0006075991744807587,0.0
Mobile Developer,0.0005277044854881266,0.0006075991744807587,0.0
Current Position,0.002638522427440633,0.000426271651134691,0.0
NextGen Technologies,0.0005277044854881266,0.0004988026604731182,0.0
Global Solutions Ltd.,0.0005277044854881266,0.0004988026604731182,0.0
Creative Solutions Agency,0.0005277044854881266,0.0004988026604731182,0.0
Business Analyst,0.0005277044854881266,0.0004988026604731182,0.0
Innovative Tech Corp.,0.0005277044854881266,0.0004988026604731182,0.0
Various positions,0.0010554089709762533,0.000426271651134691,0.0
Creative Tech Group,0.0005277044854881266,0.0006075991744807587,0.0
Future Tech Solutions,0.0005277044854881266,0.0006075991744807587,0.0
Intern,0.0015831134564643799,0.000426271651134691,0.0
Software Development Intern,0.0005277044854881266,0.0005471566666987362,0.0
Marketing Intern,0.0005277044854881266,0.0005471566666987362,0.0
Internship,0.0005277044854881266,0.0005471566666987362,0.0
Winston Churchill,0.0015831134564643799,0.000426271651134691,0.0
Royal Military Academy Sandhurst,0.0005277044854881266,0.0005471566666987362,0.0
1874-11-30,0.0005277044854881266,0.0005471566666987362,0.0
"Woodstock, Oxfordshire, England",0.0005277044854881266,0.0005471566666987362,0.0
Leader of the Government,0.0005277044854881266,0.000426271651134691,0.0
Government Leader,0.0005277044854881266,0.0007889266978268265,0.0
Project Manager,0.0005277044854881266,0.000426271651134691,0.0
Team Leader,0.0005277044854881266,0.0007889266978268265,0.0
University of Copenhagen,0.0010554089709762533,0.000426271651134691,0.0
University of Copenhagen Faculty of Science,0.0005277044854881266,0.0006075991744807587,0.0
1479,0.0005277044854881266,0.0006075991744807587,0.0
Postdoctoral Fellow,0.0015831134564643799,0.000426271651134691,0.0
Country of Example,0.0005277044854881266,0.0005471566666987362,0.0
Postdoctoral Researcher,0.0005277044854881266,0.0005471566666987362,0.0
City of Example,0.0005277044854881266,0.0005471566666987362,0.0
University of Leipzig,0.0021108179419525065,0.000426271651134691,0.0
1409,0.0005277044854881266,0.0005169354128077249,0.0
Leipzig,0.0005277044854881266,0.0005169354128077249,0.0
Leipzig University of Applied Sciences,0.0005277044854881266,0.0005169354128077249,0.0
Johann Wolfgang von Goethe,0.0005277044854881266,0.0005169354128077249,0.0
University of Munich,0.0021108179419525065,0.000426271651134691,0.0
Bavarian State Ministry of Science and the Arts,0.0005277044854881266,0.0005169354128077249,0.0
1472,0.0005277044854881266,0.0005169354128077249,0.0
Ludwig Maximilian University of Munich,0.0005277044854881266,0.0005169354128077249,0.0
Thomas F. Hofmann,0.0005277044854881266,0.0005169354128077249,0.0
1896,0.0005277044854881266,0.000426271651134691,0.0
1896-01-01,0.0005277044854881266,0.0007889266978268265,0.0
Tokyo Prefectural Assembly,0.0005277044854881266,0.000426271651134691,0.0
Legislative Assembly,0.0005277044854881266,0.0007889266978268265,0.0
Shakespearean English,0.0021108179419525065,0.000426271651134691,0.0
Historical Linguistics,0.0005277044854881266,0.0005169354128077249,0.0
Literary Style,0.0005277044854881266,0.0005169354128077249,0.0
Artistic Expression,0.0005277044854881266,0.0005169354128077249,0.0
Shakespeare's Sonnets,0.0005277044854881266,0.0005169354128077249,0.0
Historical Preservation,0.0005277044854881266,0.000426271651134691,0.0
Advocate,0.0010554089709762533,0.0009098117133908716,0.0
1623,0.0005277044854881266,0.000426271651134691,0.0
1623-01-01,0.0005277044854881266,0.0007889266978268265,0.0
1593,0.0005277044854881266,0.000426271651134691,0.0
1593-01-01,0.0005277044854881266,0.0007889266978268265,0.0
Puritans,0.0005277044854881266,0.000426271651134691,0.0
Religious Reformers,0.0005277044854881266,0.0007889266978268265,0.0
Denmark,0.0005277044854881266,0.000426271651134691,0.0
965,0.0005277044854881266,0.0007889266978268265,0.0
1603,0.0005277044854881266,0.000426271651134691,0.0
1603-01-01,0.0005277044854881266,0.0007889266978268265,0.0
Unknown Organization,0.0005277044854881266,0.000426271651134691,0.0
1591-01-01,0.0005277044854881266,0.0007889266978268265,0.0
Ruby,0.0021108179419525065,0.000426271651134691,0.0
1995-12-21,0.0005277044854881266,0.0005169354128077249,0.0
Yukihiro Matsumoto,0.0005277044854881266,0.0005169354128077249,0.0
1995-02-07,0.0005277044854881266,0.0005169354128077249,0.0
Italian Restaurant,0.0021108179419525065,0.000426271651134691,0.0
Food Service,0.0005277044854881266,0.0005169354128077249,0.0
Chef Luigi,0.0005277044854881266,0.0005169354128077249,0.0
Head Chef,0.0005277044854881266,0.0005169354128077249,0.0
Italian Cuisine Group,0.0005277044854881266,0.0005169354128077249,0.0
Cultural Revolution,0.002638522427440633,0.000426271651134691,0.0
Jiang Qing,0.0005277044854881266,0.0004988026604731182,0.0
Political Movement,0.0005277044854881266,0.0004988026604731182,0.0
Mao Zedong,0.0005277044854881266,0.0004988026604731182,0.0
Lin Biao,0.0005277044854881266,0.0004988026604731182,0.0
Red Guards,0.0005277044854881266,0.0004988026604731182,0.0
British,0.0015831134564643799,0.000426271651134691,0.0
The Guardian,0.0005277044854881266,0.0005471566666987362,0.0
Chancellor of the Exchequer,0.0005277044854881266,0.0005471566666987362,0.0
Royal Mail,0.0005277044854881266,0.0005471566666987362,0.0
Belgium,0.0010554089709762533,0.000426271651134691,0.0
Belgian Franc,0.0005277044854881266,0.0006075991744807587,0.0
Monarchy,0.0005277044854881266,0.0006075991744807587,0.0
Poland,0.0010554089709762533,0.000426271651134691,0.0
966,0.0005277044854881266,0.0006075991744807587,0.0
Polish Zloty,0.0005277044854881266,0.0006075991744807587,0.0
Copenhagen Business School,0.0010554089709762533,0.000426271651134691,0.0
Francesco De Marco,0.0005277044854881266,0.0006075991744807587,0.0
Example University,0.0005277044854881266,0.000426271651134691,0.0
Example Education System,0.0005277044854881266,0.0007889266978268265,0.0
Xi'an University,0.0005277044854881266,0.000426271651134691,0.0
Ministry of Education of the People's Republic of China,0.0005277044854881266,0.0007889266978268265,0.0
Korea University,0.0005277044854881266,0.000426271651134691,0.0
Korea University Foundation,0.0005277044854881266,0.0007889266978268265,0.0
Seikei University,0.0015831134564643799,0.000426271651134691,0.0
1888,0.0005277044854881266,0.0005471566666987362,0.0
Yoshihiro Takahashi,0.0005277044854881266,0.0005471566666987362,0.0
Seikei Gakuen,0.0005277044854881266,0.0005471566666987362,0.0
Warsaw University,0.0010554089709762533,0.000426271651134691,0.0
Fryderyk Chopin,0.0005277044854881266,0.0006075991744807587,0.0
Polish Academy of Sciences,0.0005277044854881266,0.0006075991744807587,0.0
Seoul National University,0.0015831134564643799,0.000426271651134691,0.0
Korean National University of Education,0.0005277044854881266,0.0005471566666987362,0.0
Lee Jae-myung,0.0005277044854881266,0.0005471566666987362,0.0
Ban Ki-moon,0.0005277044854881266,0.0005471566666987362,0.0
Copenhagen University,0.0005277044854881266,0.000426271651134691,0.0
King Christian I,0.0005277044854881266,0.0007889266978268265,0.0
University Name,0.0005277044854881266,0.000426271651134691,0.0
Capital City Name,0.0005277044854881266,0.0007889266978268265,0.0
University of Padua,0.0021108179419525065,0.000426271651134691,0.0
Pope Gregory XIII,0.0005277044854881266,0.0005169354128077249,0.0
Students and professors,0.0005277044854881266,0.0005169354128077249,0.0
Various academic positions,0.0005277044854881266,0.0005169354128077249,0.0
Italian universities,0.0005277044854881266,0.0005169354128077249,0.0
University of Warsaw,0.0010554089709762533,0.000426271651134691,0.0
Ministry of Education and Science,0.0005277044854881266,0.0006075991744807587,0.0
Adam Mickiewicz University,0.0005277044854881266,0.0006075991744807587,0.0
Knowledge City,0.0036939313984168864,0.000426271651134691,0.0
Abu Dhabi University,0.0005277044854881266,0.00047807951494785325,0.0
Innovation Hub,0.0005277044854881266,0.00047807951494785325,0.0
Abu Dhabi,0.0005277044854881266,0.00047807951494785325,0.0
United Arab Emirates,0.0005277044854881266,0.00047807951494785325,0.0
United Arab Emirates Dirham,0.0005277044854881266,0.00047807951494785325,0.0
Abu Dhabi Department of Education and Knowledge,0.0005277044854881266,0.00047807951494785325,0.0
Knowledge Country,0.0005277044854881266,0.00047807951494785325,0.0
ETH Zurich,0.0015831134564643799,0.000426271651134691,0.0
University of Zurich,0.0005277044854881266,0.0005471566666987362,0.0
Prof. Ralph Eichler,0.0005277044854881266,0.0005471566666987362,0.0
Swiss Federal Institute of Technology,0.0005277044854881266,0.0005471566666987362,0.0
University of Paris,0.0010554089709762533,0.000426271651134691,0.0
1257,0.0005277044854881266,0.0006075991744807587,0.0
Sorbonne University,0.0005277044854881266,0.0006075991744807587,0.0
1978,0.0005277044854881266,0.000426271651134691,0.0
1978-01-01,0.0005277044854881266,0.0007889266978268265,0.0
1865,0.00474934036939314,0.000426271651134691,0.0
1865-06-02,0.0005277044854881266,0.0004665666563227061,0.0
1865-11-08,0.0005277044854881266,0.0004665666563227061,0.0
1865-05-10,0.0005277044854881266,0.0004665666563227061,0.0
1865-10-01,0.0005277044854881266,0.0004665666563227061,0.0
1865-04-09,0.0005277044854881266,0.0004665666563227061,0.0
1865-12-06,0.0005277044854881266,0.0004665666563227061,0.0
1865-09-01,0.0005277044854881266,0.0004665666563227061,0.0
1865-03-04,0.0005277044854881266,0.0004665666563227061,0.0
1865-04-14,0.0005277044854881266,0.0004665666563227061,0.0
1690,0.0010554089709762533,0.000426271651134691,0.0
1690-01-01,0.0005277044854881266,0.0006075991744807587,0.0
Unknown Employer,0.0005277044854881266,0.0006075991744807587,0.0
Jes Staley,0.0010554089709762533,0.000426271651134691,0.0
Maine,0.0005277044854881266,0.0006075991744807587,0.0
CEO of Barclays,0.0005277044854881266,0.0006075991744807587,0.0
"January 1, 2020",0.004221635883905013,0.000426271651134691,0.0
2020 Presidential Election,0.0005277044854881266,0.00047160353197120793,0.0
Mummers Parade,0.0005277044854881266,0.00047160353197120793,0.0
First Day Hike,0.0005277044854881266,0.00047160353197120793,0.0
Rose Bowl,0.0005277044854881266,0.00047160353197120793,0.0
New Year's Celebration,0.0005277044854881266,0.00047160353197120793,0.0
Cotillion,0.0005277044854881266,0.00047160353197120793,0.0
Polar Bear Plunge,0.0005277044854881266,0.00047160353197120793,0.0
2020 Yearbook,0.0005277044854881266,0.00047160353197120793,0.0
Cisco Networking Software,0.0005277044854881266,0.000426271651134691,0.0
Proprietary,0.0005277044854881266,0.0007889266978268265,0.0
Disney Channel,0.0005277044854881266,0.000426271651134691,0.0
Mickey Mouse,0.0005277044854881266,0.0007889266978268265,0.0
JetBrains,0.0005277044854881266,0.000426271651134691,0.0
Prague,0.0005277044854881266,0.0007889266978268265,0.0
Unknown Exchange,0.0005277044854881266,0.000426271651134691,0.0
Unknown Stock Exchange,0.0005277044854881266,0.0007889266978268265,0.0
Specific Parent Organization,0.0036939313984168864,0.000426271651134691,0.0
Specific Subsidiary,0.0005277044854881266,0.00047807951494785325,0.0
Specific Position,0.0005277044854881266,0.00047807951494785325,0.0
Specific Language,0.0005277044854881266,0.00047807951494785325,0.0
Specific Exchange,0.0005277044854881266,0.00047807951494785325,0.0
Specific Currency,0.0005277044854881266,0.00047807951494785325,0.0
Specific Industry,0.0005277044854881266,0.00047807951494785325,0.0
Specific Employee,0.0005277044854881266,0.00047807951494785325,0.0
The Lord Chamberlain's Men,0.0005277044854881266,0.000426271651134691,0.0
1594,0.0005277044854881266,0.0007889266978268265,0.0
Holland,0.0015831134564643799,0.000426271651134691,0.0
Region,0.0005277044854881266,0.0005471566666987362,0.0
Amsterdam,0.0010554089709762533,0.00063782042837177,0.0
1581,0.0010554089709762533,0.00063782042837177,0.0
Dutch,0.0005277044854881266,0.000426271651134691,0.0
Royal Dutch Shell,0.0010554089709762533,0.0008795904594998604,0.0
Argentina,0.002638522427440633,0.000426271651134691,0.0
Buenos Aires,0.0005277044854881266,0.0004988026604731182,0.0
Argentine Football Association,0.0005277044854881266,0.0004988026604731182,0.0
Argentine peso,0.0005277044854881266,0.0004988026604731182,0.0
Juan Domingo Perón,0.0005277044854881266,0.0004988026604731182,0.0
YPF S.A.,0.0005277044854881266,0.0004988026604731182,0.0
Andhra Pradesh Government,0.0010554089709762533,0.000426271651134691,0.0
Y. S. Jagan Mohan Reddy,0.0005277044854881266,0.0006075991744807587,0.0
Amaravati,0.0005277044854881266,0.0006075991744807587,0.0
Netherlands,0.0021108179419525065,0.000426271651134691,0.0
Philips,0.0005277044854881266,0.0005169354128077249,0.0
"Nihonmatsu, Japan",0.0010554089709762533,0.000426271651134691,0.0
Nihonmatsu,0.0005277044854881266,0.0006075991744807587,0.0
Nihonmatsu City Hall,0.0005277044854881266,0.0006075991744807587,0.0
Brazil,0.0005277044854881266,0.000426271651134691,0.0
Brasilia Time,0.0005277044854881266,0.0007889266978268265,0.0
Andhra Pradesh,0.0005277044854881266,0.000426271651134691,0.0
Government of Andhra Pradesh,0.0005277044854881266,0.0007889266978268265,0.0
Government of Brazil,0.0010554089709762533,0.000426271651134691,0.0
Jair Bolsonaro,0.0005277044854881266,0.0006075991744807587,0.0
Luiz Inácio Lula da Silva,0.0005277044854881266,0.0006075991744807587,0.0
Roman Republic,0.0015831134564643799,0.000426271651134691,0.0
509 BC,0.0005277044854881266,0.0005471566666987362,0.0
Latin,0.0010554089709762533,0.0006196876760371633,0.0
Denarius,0.0005277044854881266,0.0005471566666987362,0.0
Kumamoto,0.0015831134564643799,0.000426271651134691,0.0
Kumamoto Prefecture,0.0005277044854881266,0.0005471566666987362,0.0
Kumamoto City Hall,0.0005277044854881266,0.0005471566666987362,0.0
Kumamoto Prefecture Government,0.0005277044854881266,0.0005471566666987362,0.0
"September 21, 1792",0.002638522427440633,0.000426271651134691,0.0
French Monarchy,0.0005277044854881266,0.0004988026604731182,0.0
Versailles,0.0005277044854881266,0.0004988026604731182,0.0
Louis XVI,0.0005277044854881266,0.0004988026604731182,0.0
Marie Antoinette,0.0005277044854881266,0.0004988026604731182,0.0
King of France,0.0005277044854881266,0.0004988026604731182,0.0
Colombia,0.0021108179419525065,0.000426271651134691,0.0
Bancolombia,0.0005277044854881266,0.0005169354128077249,0.0
Bogotá,0.0005277044854881266,0.0005169354128077249,0.0
Colombian peso,0.0005277044854881266,0.0005169354128077249,0.0
Nariño,0.0005277044854881266,0.0005169354128077249,0.0
1500,0.0010554089709762533,0.000426271651134691,0.0
Florin,0.0010554089709762533,0.0006801301838191858,0.0
1500-01-01,0.0005277044854881266,0.0006075991744807587,0.0
"January 1, 2004",0.0036939313984168864,0.000426271651134691,0.0
First day of 2004,0.0005277044854881266,0.00047807951494785325,0.0
New Year's Day 2004,0.0005277044854881266,0.00047807951494785325,0.0
Public holiday,0.0005277044854881266,0.00047807951494785325,0.0
New Year's Eve 2003,0.0005277044854881266,0.00047807951494785325,0.0
First sunrise of 2004,0.0005277044854881266,0.00047807951494785325,0.0
Celebration of New Year,0.0005277044854881266,0.00047807951494785325,0.0
First day of the year,0.0005277044854881266,0.00047807951494785325,0.0
Senior Manager,0.0005277044854881266,0.000426271651134691,0.0
Operations Manager,0.0005277044854881266,0.0007889266978268265,0.0
Reference point in time,0.004221635883905013,0.000426271651134691,0.0
2023-10-09,0.0005277044854881266,0.00047160353197120793,0.0
2023-10-02,0.0005277044854881266,0.00047160353197120793,0.0
2023-10-10,0.0005277044854881266,0.00047160353197120793,0.0
2023-10-08,0.0005277044854881266,0.00047160353197120793,0.0
2023-10-05,0.0005277044854881266,0.00047160353197120793,0.0
2023-10-03,0.0005277044854881266,0.00047160353197120793,0.0
2023-10-06,0.0005277044854881266,0.00047160353197120793,0.0
2023-10-07,0.0005277044854881266,0.00047160353197120793,0.0
Daimler Truck AG,0.0005277044854881266,0.000426271651134691,0.0
Gottlieb Daimler,0.0005277044854881266,0.0007889266978268265,0.0
1534,0.0005277044854881266,0.000426271651134691,0.0
1534-01-01,0.0005277044854881266,0.0007889266978268265,0.0
Chile,0.0015831134564643799,0.000426271651134691,0.0
Codelco,0.0005277044854881266,0.0005471566666987362,0.0
Chilean peso,0.0005277044854881266,0.0005471566666987362,0.0
Santiago,0.0005277044854881266,0.0005471566666987362,0.0
Peru,0.0015831134564643799,0.000426271651134691,0.0
Peruvian Corporation,0.0005277044854881266,0.0005471566666987362,0.0
Sol,0.0005277044854881266,0.0005471566666987362,0.0
Lima,0.0005277044854881266,0.0005471566666987362,0.0
Political Revolution,0.0021108179419525065,0.000426271651134691,0.0
Political Activism,0.0005277044854881266,0.0005169354128077249,0.0
Revolutionary Coalition,0.0005277044854881266,0.0005169354128077249,0.0
Revolutionary Leaders,0.0005277044854881266,0.0005169354128077249,0.0
Revolutionary Movement,0.0005277044854881266,0.0005169354128077249,0.0
Declaration of Independence,0.0005277044854881266,0.000426271651134691,0.0
1776-07-04,0.0005277044854881266,0.0007889266978268265,0.0
October 31,0.004221635883905013,0.000426271651134691,0.0
Samhain,0.0005277044854881266,0.00047160353197120793,0.0
Beggars' Night,0.0005277044854881266,0.00047160353197120793,0.0
Mischief Night,0.0005277044854881266,0.00047160353197120793,0.0
John Keats,0.0005277044854881266,0.00047160353197120793,0.0
World Cities Day,0.0005277044854881266,0.00047160353197120793,0.0
Reformation Day,0.0005277044854881266,0.00047160353197120793,0.0
International Halloween,0.0005277044854881266,0.00047160353197120793,0.0
National Candy Corn Day,0.0010554089709762533,0.0005320460397532305,0.0
Toyota Motor Corporation,0.0005277044854881266,0.000426271651134691,0.0
"August 28, 1937",0.0005277044854881266,0.0007889266978268265,0.0
Hungary,0.0031662269129287598,0.000426271651134691,0.0
Hungarian,0.0005277044854881266,0.0004867141589167136,0.0
1000,0.0005277044854881266,0.0004867141589167136,0.0
Hungarian forint,0.0005277044854881266,0.0004867141589167136,0.0
Hungarian National Bank,0.0005277044854881266,0.0004867141589167136,0.0
Árpád,0.0005277044854881266,0.0004867141589167136,0.0
Budapest,0.0005277044854881266,0.0004867141589167136,0.0
Toyota City,0.0005277044854881266,0.000426271651134691,0.0
Aichi Prefecture,0.0005277044854881266,0.0007889266978268265,0.0
Munich,0.0021108179419525065,0.000426271651134691,0.0
Bavaria,0.0005277044854881266,0.0005169354128077249,0.0
Munich Re,0.0005277044854881266,0.0005169354128077249,0.0
Bavarian State Opera,0.0005277044854881266,0.0005169354128077249,0.0
BMW AG,0.0005277044854881266,0.0005169354128077249,0.0
Porsche AG,0.0005277044854881266,0.000426271651134691,0.0
Oliver Blume,0.0005277044854881266,0.0007889266978268265,0.0
Danish Superliga,0.0015831134564643799,0.000426271651134691,0.0
Top-tier football league,0.0005277044854881266,0.0005471566666987362,0.0
Danish Football Clubs,0.0005277044854881266,0.0005471566666987362,0.0
Russian Government,0.0005277044854881266,0.000426271651134691,0.0
Federal Assembly of Russia,0.0005277044854881266,0.0007889266978268265,0.0
Infineon Technologies,0.0010554089709762533,0.000426271651134691,0.0
Neubiberg,0.0005277044854881266,0.0006075991744807587,0.0
Jochen Hanebeck,0.0005277044854881266,0.0006075991744807587,0.0
University Administrator,0.0005277044854881266,0.000426271651134691,0.0
Place,0.0005277044854881266,0.0007889266978268265,0.0
Mary Barra,0.0015831134564643799,0.000426271651134691,0.0
1961-07-24,0.0005277044854881266,0.0005471566666987362,0.0
Chairperson and CEO,0.0005277044854881266,0.0005471566666987362,0.0
"Royal Oak, Michigan",0.0005277044854881266,0.0005471566666987362,0.0
Dr. Stuart R. Bell,0.0010554089709762533,0.000426271651134691,0.0
Vice-Chancellor of the University of Reading,0.0005277044854881266,0.0006075991744807587,0.0
University of Birmingham,0.0005277044854881266,0.0006075991744807587,0.0
Hershey,0.0010554089709762533,0.000426271651134691,0.0
"Derry Township, Pennsylvania",0.0005277044854881266,0.0006075991744807587,0.0
"September 13, 1857",0.0005277044854881266,0.0006075991744807587,0.0
DB Netz AG,0.0021108179419525065,0.000426271651134691,0.0
DB AG,0.0005277044854881266,0.0005169354128077249,0.0
Dr. Richard Lutz,0.0005277044854881266,0.0005169354128077249,0.0
Infrastructure Manager,0.0005277044854881266,0.0005169354128077249,0.0
Railway,0.0005277044854881266,0.0005169354128077249,0.0
Year 2001,0.00474934036939314,0.000426271651134691,0.0
2001 in video games,0.0005277044854881266,0.0004665666563227061,0.0
2001 in television,0.0005277044854881266,0.0004665666563227061,0.0
2001 in literature,0.0005277044854881266,0.0004665666563227061,0.0
2001 in sports,0.0005277044854881266,0.0004665666563227061,0.0
Enron scandal,0.0005277044854881266,0.0004665666563227061,0.0
2001 in music,0.0005277044854881266,0.0004665666563227061,0.0
Wikipedia's 2001 in film page,0.0005277044854881266,0.0004665666563227061,0.0
Wikipedia's 2001 page,0.0005277044854881266,0.0004665666563227061,0.0
Battle of Tora Bora,0.0005277044854881266,0.0004665666563227061,0.0
Xi'an is not the capital of China.,0.0010554089709762533,0.000426271651134691,0.0
Xi'an Jiaotong University,0.0005277044854881266,0.0006075991744807587,0.0
Shaanxi Province,0.0005277044854881266,0.0006075991744807587,0.0
Volunteer Coordinator,0.0005277044854881266,0.000426271651134691,0.0
Community Outreach Coordinator,0.0005277044854881266,0.0007889266978268265,0.0
Country Name,0.0005277044854881266,0.000426271651134691,0.0
Continent Name,0.0005277044854881266,0.0007889266978268265,0.0
"Theatre Royal, Drury Lane",0.0005277044854881266,0.000426271651134691,0.0
1663,0.0005277044854881266,0.0007889266978268265,0.0
October 29,0.0031662269129287598,0.000426271651134691,0.0
Day of the Dead,0.0005277044854881266,0.0004867141589167136,0.0
National Hermit Day,0.0005277044854881266,0.0004867141589167136,0.0
World Stroke Day,0.0005277044854881266,0.0004867141589167136,0.0
International Internet Day,0.0005277044854881266,0.0004867141589167136,0.0
World Psoriasis Day,0.0005277044854881266,0.0004867141589167136,0.0
Phil Knight,0.0010554089709762533,0.000426271651134691,0.0
Chairman Emeritus,0.0005277044854881266,0.0006075991744807587,0.0
1938-02-24,0.0005277044854881266,0.0006075991744807587,0.0
Parliament of Canada,0.0005277044854881266,0.000426271651134691,0.0
Government of Canada,0.0005277044854881266,0.0007889266978268265,0.0
Industrial Revolution,0.0031662269129287598,0.000426271651134691,0.0
Factory System,0.0005277044854881266,0.0004867141589167136,0.0
Technological Innovation,0.0005277044854881266,0.0004867141589167136,0.0
Urbanization,0.0005277044854881266,0.0004867141589167136,0.0
Textile Industry,0.0005277044854881266,0.0004867141589167136,0.0
Economic Transformation,0.0005277044854881266,0.0004867141589167136,0.0
Coal Industry,0.0005277044854881266,0.0004867141589167136,0.0
Canadian Pacific Railway,0.0005277044854881266,0.000426271651134691,0.0
Railroad,0.0005277044854881266,0.0007889266978268265,0.0
Albert Einstein,0.0010554089709762533,0.000426271651134691,0.0
1879-03-14,0.0005277044854881266,0.0006075991744807587,0.0
"March 14, 1879",0.0005277044854881266,0.0006075991744807587,0.0
Data Analyst,0.0010554089709762533,0.000426271651134691,0.0
Business Intelligence Analyst,0.0005277044854881266,0.0006075991744807587,0.0
Tech Solutions LLC,0.0005277044854881266,0.0006075991744807587,0.0
Solomon Islands Government,0.0005277044854881266,0.000426271651134691,0.0
Public Servants,0.0005277044854881266,0.0007889266978268265,0.0
Chief Minister,0.0005277044854881266,0.000426271651134691,0.0
Chief Minister of a specific state,0.0005277044854881266,0.0007889266978268265,0.0
British Museum,0.0010554089709762533,0.000426271651134691,0.0
1753,0.0010554089709762533,0.0009702542211728943,0.0
Sir Hans Sloane,0.0005277044854881266,0.0006075991744807587,0.0
Federal Reserve Act,0.0005277044854881266,0.000426271651134691,0.0
1913-12-23,0.0005277044854881266,0.0007889266978268265,0.0
Example Language,0.0005277044854881266,0.000426271651134691,0.0
Example Position,0.0005277044854881266,0.0007889266978268265,0.0
City-State,0.00474934036939314,0.000426271651134691,0.0
City-State Government,0.0005277044854881266,0.0004665666563227061,0.0
City-State Industry,0.0005277044854881266,0.0004665666563227061,0.0
City-State Founding Year,0.0005277044854881266,0.0004665666563227061,0.0
City-State Country,0.0005277044854881266,0.0004665666563227061,0.0
City-State Language,0.0005277044854881266,0.0004665666563227061,0.0
City-State Time Zone,0.0005277044854881266,0.0004665666563227061,0.0
City-State Leader,0.0005277044854881266,0.0004665666563227061,0.0
City-State Federation,0.0005277044854881266,0.0004665666563227061,0.0
City-State Currency,0.0005277044854881266,0.0004665666563227061,0.0
Austria,0.0021108179419525065,0.000426271651134691,0.0
Federal Republic,0.0005277044854881266,0.0005169354128077249,0.0
Austrian Federal Government,0.0005277044854881266,0.0005169354128077249,0.0
Vienna,0.0005277044854881266,0.0005169354128077249,0.0
976,0.0005277044854881266,0.0005169354128077249,0.0
Liechtenstein,0.0015831134564643799,0.000426271651134691,0.0
Vaduz,0.0005277044854881266,0.0005471566666987362,0.0
Liechtenstein Financial Market Authority,0.0005277044854881266,0.0005471566666987362,0.0
1719,0.0005277044854881266,0.0005471566666987362,0.0
North Macedonia,0.0015831134564643799,0.000426271651134691,0.0
Macedonian denar,0.0005277044854881266,0.0005471566666987362,0.0
Macedonian companies,0.0005277044854881266,0.0005471566666987362,0.0
Macedonian,0.0005277044854881266,0.0005471566666987362,0.0
Czech Republic,0.0021108179419525065,0.000426271651134691,0.0
Czech,0.0005277044854881266,0.0005169354128077249,0.0
Czech National Bank,0.0005277044854881266,0.0005169354128077249,0.0
Škoda Auto,0.0005277044854881266,0.0005169354128077249,0.0
Czech koruna,0.0005277044854881266,0.0005169354128077249,0.0
Shrewsbury,0.002638522427440633,0.000426271651134691,0.0
Town,0.0005277044854881266,0.0004988026604731182,0.0
Shrewsbury Museum and Art Gallery,0.0005277044854881266,0.0004988026604731182,0.0
Shrewsbury Town F.C.,0.0005277044854881266,0.0004988026604731182,0.0
Shrewsbury School,0.0005277044854881266,0.0004988026604731182,0.0
Shrewsbury College,0.0005277044854881266,0.0004988026604731182,0.0
Sadiq Khan,0.0005277044854881266,0.000426271651134691,0.0
1970-10-08,0.0005277044854881266,0.0007889266978268265,0.0
1870,0.0010554089709762533,0.000426271651134691,0.0
Textiles,0.0005277044854881266,0.0006075991744807587,0.0
National History Museum,0.0005277044854881266,0.0006075991744807587,0.0
Animation,0.005277044854881266,0.000426271651134691,0.0
DreamWorks Animation,0.0005277044854881266,0.00046253715580390456,0.0
Character Designer,0.0005277044854881266,0.00046253715580390456,0.0
Animation Director,0.0005277044854881266,0.00046253715580390456,0.0
Illumination Entertainment,0.0005277044854881266,0.00046253715580390456,0.0
Pixar Animation Studios,0.0005277044854881266,0.00046253715580390456,0.0
Film,0.0010554089709762533,0.0005078690366404216,0.0
Walt Disney Animation Studios,0.0005277044854881266,0.00046253715580390456,0.0
Blue Sky Studios,0.0005277044854881266,0.00046253715580390456,0.0
Lead Animator,0.0005277044854881266,0.00046253715580390456,0.0
Storyboard Artist,0.0005277044854881266,0.00046253715580390456,0.0
Professor Emeritus,0.0005277044854881266,0.000426271651134691,0.0
Emeritus Professor,0.0005277044854881266,0.0007889266978268265,0.0
Reconstruction Era,0.004221635883905013,0.000426271651134691,0.0
1877,0.0005277044854881266,0.00047160353197120793,0.0
Ku Klux Klan,0.0005277044854881266,0.00047160353197120793,0.0
14th Amendment,0.0005277044854881266,0.00047160353197120793,0.0
Radical Republicans,0.0005277044854881266,0.00047160353197120793,0.0
Freedmen's Bureau,0.0005277044854881266,0.00047160353197120793,0.0
Jim Crow Laws,0.0005277044854881266,0.00047160353197120793,0.0
1866,0.0005277044854881266,0.00047160353197120793,0.0
13th Amendment,0.0005277044854881266,0.00047160353197120793,0.0
University of Reading,0.0005277044854881266,0.000426271651134691,0.0
Sir John Madejski,0.0005277044854881266,0.0007889266978268265,0.0
University of Edinburgh,0.0005277044854881266,0.000426271651134691,0.0
Edinburgh,0.0005277044854881266,0.0007889266978268265,0.0
Formation of the Delphic Amphictyony,0.0036939313984168864,0.000426271651134691,0.0
Cultural significance in ancient Greece,0.0005277044854881266,0.00047807951494785325,0.0
Delphic Oracle,0.0005277044854881266,0.00047807951494785325,0.0
6th century BC,0.0005277044854881266,0.00047807951494785325,0.0
Pythian Games,0.0005277044854881266,0.00047807951494785325,0.0
Ancient Greek tribes,0.0005277044854881266,0.00047807951494785325,0.0
Religious practices,0.0005277044854881266,0.00047807951494785325,0.0
Delphi,0.0005277044854881266,0.00047807951494785325,0.0
Telugu Desam Party,0.0010554089709762533,0.000426271651134691,0.0
N. Chandrababu Naidu,0.0005277044854881266,0.0006075991744807587,0.0
Political Party,0.0005277044854881266,0.0006075991744807587,0.0
Reserve Bank of India,0.0010554089709762533,0.000426271651134691,0.0
BSE,0.0005277044854881266,0.0006075991744807587,0.0
Shaktikanta Das,0.0005277044854881266,0.0006075991744807587,0.0
Banco Santander,0.0015831134564643799,0.000426271651134691,0.0
Santander Group,0.0005277044854881266,0.0005471566666987362,0.0
BME,0.0005277044854881266,0.0005471566666987362,0.0
Ana Botín,0.0005277044854881266,0.0005471566666987362,0.0
Robert Brown,0.0021108179419525065,0.000426271651134691,0.0
1773-04-03,0.0005277044854881266,0.0005169354128077249,0.0
"Montrose, Scotland",0.0005277044854881266,0.0005169354128077249,0.0
Botanist,0.0005277044854881266,0.0005169354128077249,0.0
Scottish,0.0005277044854881266,0.0005169354128077249,0.0
International Animated Film Association,0.002638522427440633,0.000426271651134691,0.0
Animation Advocate,0.0005277044854881266,0.0004988026604731182,0.0
Animation Professionals,0.0005277044854881266,0.0004988026604731182,0.0
Paul Grimault,0.0005277044854881266,0.0004988026604731182,0.0
Annecy,0.0005277044854881266,0.0004988026604731182,0.0
Jean-François Laguionie,0.0005277044854881266,0.0004988026604731182,0.0
Film Industry,0.004221635883905013,0.000426271651134691,0.0
Lionsgate,0.0005277044854881266,0.00047160353197120793,0.0
DreamWorks Pictures,0.0005277044854881266,0.00047160353197120793,0.0
20th Century Studios,0.0005277044854881266,0.00047160353197120793,0.0
Metro-Goldwyn-Mayer,0.0005277044854881266,0.00047160353197120793,0.0
Sony Pictures,0.0005277044854881266,0.00047160353197120793,0.0
Paramount Pictures,0.0005277044854881266,0.00047160353197120793,0.0
Columbia Pictures,0.0005277044854881266,0.00047160353197120793,0.0
Animal Welfare,0.0015831134564643799,0.000426271651134691,0.0
PETA,0.0005277044854881266,0.0005471566666987362,0.0
Campaigner,0.0005277044854881266,0.0005471566666987362,0.0
Animal Welfare Organizations,0.0015831134564643799,0.000426271651134691,0.0
ASPCA,0.0005277044854881266,0.0005471566666987362,0.0
Animal Legal Defense Fund,0.0005277044854881266,0.0005471566666987362,0.0
The Humane Society of the United States,0.0005277044854881266,0.0005471566666987362,0.0
Portuguese Football Federation,0.0005277044854881266,0.000426271651134691,0.0
Fernando Santos,0.0005277044854881266,0.0007889266978268265,0.0
FC Copenhagen,0.002638522427440633,0.000426271651134691,0.0
Jens Peter Broch,0.0005277044854881266,0.0004988026604731182,0.0
Parken Sport & Entertainment,0.0005277044854881266,0.0004988026604731182,0.0
Head Coach,0.0005277044854881266,0.0004988026604731182,0.0
Ståle Solbakken,0.0005277044854881266,0.0004988026604731182,0.0
Danish Football Association,0.0015831134564643799,0.000426271651134691,0.0
Kasper Hjulmand,0.0005277044854881266,0.0005471566666987362,0.0
Brøndby,0.0005277044854881266,0.0005471566666987362,0.0
UEFA,0.0005277044854881266,0.0005471566666987362,0.0
Real Madrid CF,0.0015831134564643799,0.000426271651134691,0.0
La Liga,0.0005277044854881266,0.0005471566666987362,0.0
Carlo Ancelotti,0.0005277044854881266,0.0005471566666987362,0.0
Florentino Pérez,0.0005277044854881266,0.0005471566666987362,0.0
Japan National Baseball Team,0.0005277044854881266,0.000426271651134691,0.0
Nippon Professional Baseball,0.0005277044854881266,0.0007889266978268265,0.0
FC Barcelona,0.0010554089709762533,0.000426271651134691,0.0
Barcelona,0.0005277044854881266,0.0006075991744807587,0.0
1899,0.0005277044854881266,0.0006075991744807587,0.0
Polish,0.0005277044854881266,0.000426271651134691,0.0
Poland Government,0.0005277044854881266,0.0007889266978268265,0.0
Election Volunteer,0.0005277044854881266,0.000426271651134691,0.0
Voting Advocate,0.0005277044854881266,0.0007889266978268265,0.0
Current Employer Name,0.0005277044854881266,0.000426271651134691,0.0
Founder Name,0.0005277044854881266,0.0007889266978268265,0.0
Cultural Capital of Denmark,0.0015831134564643799,0.000426271651134691,0.0
Danish Government,0.0005277044854881266,0.0005471566666987362,0.0
1043,0.0005277044854881266,0.0005471566666987362,0.0
Copenhagen City Council,0.0005277044854881266,0.0005471566666987362,0.0
Berkeley Unified School District,0.0005277044854881266,0.000426271651134691,0.0
Teachers,0.0005277044854881266,0.0007889266978268265,0.0
Tax Consultant,0.0005277044854881266,0.000426271651134691,0.0
Tax Advisor,0.0005277044854881266,0.0007889266978268265,0.0
Mexican Federal Government,0.0010554089709762533,0.000426271651134691,0.0
Andrés Manuel López Obrador,0.0005277044854881266,0.0006075991744807587,0.0
1824,0.0005277044854881266,0.0006075991744807587,0.0
Italian Government,0.0010554089709762533,0.000426271651134691,0.0
Italian Parliament,0.0005277044854881266,0.0006075991744807587,0.0
Giorgia Meloni,0.0005277044854881266,0.0006075991744807587,0.0
French Government,0.0015831134564643799,0.000426271651134691,0.0
Emmanuel Macron,0.0005277044854881266,0.0005471566666987362,0.0
1791,0.0005277044854881266,0.0005471566666987362,0.0
Constitution of France,0.0005277044854881266,0.0005471566666987362,0.0
"November 20, 1942",0.002638522427440633,0.000426271651134691,0.0
Battle of El Alamein,0.0005277044854881266,0.0004988026604731182,0.0
Battle of Stalingrad,0.0005277044854881266,0.0004988026604731182,0.0
Operation Uranus,0.0005277044854881266,0.0004988026604731182,0.0
1942-11-20,0.0021108179419525065,0.000426271651134691,0.0
Operation Torch landings,0.0005277044854881266,0.0005169354128077249,0.0
The Second Battle of El Alamein,0.0005277044854881266,0.0005169354128077249,0.0
Operation Torch,0.0005277044854881266,0.0005169354128077249,0.0
Battle of Kasserine Pass,0.0005277044854881266,0.0005169354128077249,0.0
California State University,0.0010554089709762533,0.000426271651134691,0.0
Public University System,0.0005277044854881266,0.0006075991744807587,0.0
Long Beach,0.0005277044854881266,0.0006075991744807587,0.0
Haruhiko Kuroda,0.0010554089709762533,0.000426271651134691,0.0
Governor of the Bank of Japan,0.0005277044854881266,0.0006075991744807587,0.0
"Kumamoto, Japan",0.0005277044854881266,0.0006075991744807587,0.0
Zhejiang Province,0.0015831134564643799,0.000426271651134691,0.0
221 BC,0.0005277044854881266,0.0005471566666987362,0.0
Provincial Government of Zhejiang,0.0005277044854881266,0.0005471566666987362,0.0
Fumio Kishida,0.0021108179419525065,0.000426271651134691,0.0
Waseda University,0.0005277044854881266,0.0005169354128077249,0.0
"Hiroshima, Japan",0.0005277044854881266,0.0005169354128077249,0.0
1957-07-29,0.0005277044854881266,0.0005169354128077249,0.0
Chairman of the Liberal Democratic Party,0.0005277044854881266,0.0005169354128077249,0.0
Pablo Picasso,0.0021108179419525065,0.000426271651134691,0.0
1881-10-25,0.0005277044854881266,0.0005169354128077249,0.0
Painter,0.0005277044854881266,0.0005169354128077249,0.0
Royal Academy of San Fernando,0.0005277044854881266,0.0005169354128077249,0.0
Vincent van Gogh,0.0021108179419525065,0.000426271651134691,0.0
1853-03-30,0.0005277044854881266,0.0005169354128077249,0.0
Post-Impressionist Painter,0.0005277044854881266,0.0005169354128077249,0.0
Self,0.0005277044854881266,0.0005169354128077249,0.0
Independent Artist,0.0005277044854881266,0.0005169354128077249,0.0
Frida Kahlo,0.0031662269129287598,0.000426271651134691,0.0
Surrealist Artist,0.0005277044854881266,0.0004867141589167136,0.0
Mexican,0.0005277044854881266,0.0004867141589167136,0.0
"July 6, 1907",0.0005277044854881266,0.0004867141589167136,0.0
National Preparatory School,0.0005277044854881266,0.0004867141589167136,0.0
"Coyoacán, Mexico City",0.0005277044854881266,0.0004867141589167136,0.0
Feminist Icon,0.0005277044854881266,0.0004867141589167136,0.0
Content Strategist,0.0005277044854881266,0.000426271651134691,0.0
Advertising Agency,0.0005277044854881266,0.0007889266978268265,0.0
New Delhi,0.0015831134564643799,0.000426271651134691,0.0
Indian Oil Corporation,0.0005277044854881266,0.0005471566666987362,0.0
Bharat Electronics Limited,0.0005277044854881266,0.0005471566666987362,0.0
Colonial Leaders,0.0005277044854881266,0.000426271651134691,0.0
Members of the Second Continental Congress,0.0005277044854881266,0.0007889266978268265,0.0
Operation Supercharge,0.0005277044854881266,0.000426271651134691,0.0
Innovation Lead,0.0005277044854881266,0.0007889266978268265,0.0
Cultural Institutions,0.005277044854881266,0.000426271651134691,0.0
The Getty,0.0005277044854881266,0.00046253715580390456,0.0
The Metropolitan Museum of Art,0.0005277044854881266,0.00046253715580390456,0.0
The Smithsonian Institution,0.0005277044854881266,0.00046253715580390456,0.0
The Rijksmuseum,0.0005277044854881266,0.00046253715580390456,0.0
The Louvre,0.0005277044854881266,0.00046253715580390456,0.0
The Museum of Modern Art,0.0005277044854881266,0.00046253715580390456,0.0
The Tate Modern,0.0005277044854881266,0.00046253715580390456,0.0
The National Gallery,0.0005277044854881266,0.00046253715580390456,0.0
The Uffizi Gallery,0.0005277044854881266,0.00046253715580390456,0.0
The British Museum,0.0005277044854881266,0.00046253715580390456,0.0
April 1,0.0010554089709762533,0.000426271651134691,0.0
"April 1, 2023",0.0005277044854881266,0.0006075991744807587,0.0
"April 1, 2021",0.0005277044854881266,0.0006075991744807587,0.0
1582,0.002638522427440633,0.000426271651134691,0.0
1582-10-15,0.0005277044854881266,0.0004988026604731182,0.0
Gregorian Calendar,0.0005277044854881266,0.0004988026604731182,0.0
October 15,0.0005277044854881266,0.0004988026604731182,0.0
"April 1, 1582",0.004221635883905013,0.000426271651134691,0.0
Start of the 16th century,0.0005277044854881266,0.00047160353197120793,0.0
Easter Sunday,0.0005277044854881266,0.00047160353197120793,0.0
Papal Bull Inter gravissimas,0.0005277044854881266,0.00047160353197120793,0.0
First day of the Gregorian Calendar,0.0005277044854881266,0.00047160353197120793,0.0
Introduction of leap year adjustments,0.0005277044854881266,0.00047160353197120793,0.0
Transition from Julian to Gregorian Calendar,0.0005277044854881266,0.00047160353197120793,0.0
Date of the Council of Trent,0.0005277044854881266,0.00047160353197120793,0.0
New Year in some regions,0.0005277044854881266,0.00047160353197120793,0.0
Forward,0.0021108179419525065,0.000426271651134691,0.0
Argentinian,0.0005277044854881266,0.0005169354128077249,0.0
Forward Player,0.0005277044854881266,0.0005169354128077249,0.0
Professional Athlete,0.0005277044854881266,0.0005169354128077249,0.0
Striker,0.0005277044854881266,0.0005169354128077249,0.0
City Planner,0.0021108179419525065,0.000426271651134691,0.0
Urban Policy Analyst,0.0005277044854881266,0.0005169354128077249,0.0
Urban Development Specialist,0.0005277044854881266,0.0005169354128077249,0.0
Metropolis City Council,0.0005277044854881266,0.0005169354128077249,0.0
Community Development Officer,0.0005277044854881266,0.0005169354128077249,0.0
1944-10-25,0.0031662269129287598,0.000426271651134691,0.0
Bob Dylan,0.0005277044854881266,0.0004867141589167136,0.0
Marlon Brando,0.0005277044854881266,0.0004867141589167136,0.0
Fidel Castro,0.0005277044854881266,0.0004867141589167136,0.0
Pele,0.0005277044854881266,0.0004867141589167136,0.0
Diana Ross,0.0005277044854881266,0.0004867141589167136,0.0
Mickey Mantle,0.0005277044854881266,0.0004867141589167136,0.0
China Southern Airlines,0.0010554089709762533,0.000426271651134691,0.0
Zhang Zhiwei,0.0005277044854881266,0.0006075991744807587,0.0
China Southern Air Holding Company,0.0005277044854881266,0.0006075991744807587,0.0
Iberia Airlines,0.0010554089709762533,0.000426271651134691,0.0
1927-06-28,0.0005277044854881266,0.0006075991744807587,0.0
Juan Antonio Fernández,0.0005277044854881266,0.0006075991744807587,0.0
Sichuan Airlines,0.0015831134564643799,0.000426271651134691,0.0
Sichuan Airlines Group,0.0005277044854881266,0.0005471566666987362,0.0
Chengdu Airlines,0.0005277044854881266,0.0005471566666987362,0.0
Commercial Airline,0.0005277044854881266,0.0005471566666987362,0.0
1774,0.0005277044854881266,0.000426271651134691,0.0
1774-01-01,0.0005277044854881266,0.0007889266978268265,0.0
"January 20, 1941",0.0005277044854881266,0.000426271651134691,0.0
Inauguration of Franklin D. Roosevelt,0.0005277044854881266,0.0007889266978268265,0.0
Civil Rights Movement,0.0036939313984168864,0.000426271651134691,0.0
Congress of Racial Equality,0.0005277044854881266,0.00047807951494785325,0.0
Black Panther Party,0.0005277044854881266,0.00047807951494785325,0.0
Student Nonviolent Coordinating Committee,0.0005277044854881266,0.00047807951494785325,0.0
NAACP,0.0005277044854881266,0.00047807951494785325,0.0
Civil Rights Leadership,0.0005277044854881266,0.00047807951494785325,0.0
Social Justice Advocacy,0.0005277044854881266,0.00047807951494785325,0.0
Civil Rights Activism,0.0005277044854881266,0.00047807951494785325,0.0
Electronics Manufacturing,0.0005277044854881266,0.000426271651134691,0.0
Manufacturing Leader,0.0005277044854881266,0.0007889266978268265,0.0
Venezuela,0.0036939313984168864,0.000426271651134691,0.0
PDVSA,0.0005277044854881266,0.00047807951494785325,0.0
Oil,0.0005277044854881266,0.00047807951494785325,0.0
Nicolás Maduro,0.0005277044854881266,0.00047807951494785325,0.0
Caracas,0.0005277044854881266,0.00047807951494785325,0.0
Bolívar,0.0005277044854881266,0.00047807951494785325,0.0
1811,0.0005277044854881266,0.00047807951494785325,0.0
Venezuelan National Oil Company,0.0005277044854881266,0.00047807951494785325,0.0
Woodstock Festival,0.0015831134564643799,0.000426271651134691,0.0
Cultural Landmark,0.0005277044854881266,0.0005471566666987362,0.0
Music Festival,0.0005277044854881266,0.0005471566666987362,0.0
"August 15, 1969",0.0005277044854881266,0.0005471566666987362,0.0
Senior Language Trainer,0.0005277044854881266,0.000426271651134691,0.0
Linguist Town,0.0005277044854881266,0.0007889266978268265,0.0
Lionel Messi,0.0015831134564643799,0.000426271651134691,0.0
"June 24, 1987",0.0005277044854881266,0.0005471566666987362,0.0
Rosario,0.0005277044854881266,0.0005471566666987362,0.0
"Rosario, Argentina",0.0005277044854881266,0.0005471566666987362,0.0
David Beckham,0.0010554089709762533,0.000426271651134691,0.0
"May 2, 1975",0.0005277044854881266,0.0006075991744807587,0.0
Leytonstone,0.0005277044854881266,0.0006075991744807587,0.0
Carlos Romero Deschamps,0.0005277044854881266,0.000426271651134691,0.0
1947-08-24,0.0005277044854881266,0.0007889266978268265,0.0
Chairman and Chief Executive Officer,0.0005277044854881266,0.000426271651134691,0.0
Another Company Name,0.0005277044854881266,0.0007889266978268265,0.0
Sony Interactive Entertainment,0.0015831134564643799,0.000426271651134691,0.0
Jim Ryan,0.0005277044854881266,0.0005471566666987362,0.0
PlayStation,0.0005277044854881266,0.0005471566666987362,0.0
San Mateo,0.0005277044854881266,0.0005471566666987362,0.0
Russian,0.0005277044854881266,0.000426271651134691,0.0
Various dates,0.0005277044854881266,0.0006075991744807587,0.0
Sundar Pichai,0.0005277044854881266,0.000426271651134691,0.0
Madurai,0.0005277044854881266,0.0007889266978268265,0.0
Object-Oriented Programming,0.0005277044854881266,0.000426271651134691,0.0
Russian Federation,0.0015831134564643799,0.000426271651134691,0.0
Company Name,0.0005277044854881266,0.000426271651134691,0.0
1831,0.0005277044854881266,0.000426271651134691,0.0
Morris Chang,0.0005277044854881266,0.0006075991744807587,0.0
Siege of Leningrad,0.0005277044854881266,0.0004988026604731182,0.0
Battle of Midway,0.0005277044854881266,0.0004988026604731182,0.0
Shinzo Abe,0.0005277044854881266,0.000426271651134691,0.0
Nagato,0.0005277044854881266,0.0007889266978268265,0.0
Ruby Community,0.0005277044854881266,0.0005169354128077249,0.0
Dara Khosrowshahi,0.0005277044854881266,0.000426271651134691,0.0
Tehran,0.0005277044854881266,0.0007889266978268265,0.0
Toyota Group,0.0005277044854881266,0.000426271651134691,0.0
Volkswagen Group,0.0005277044854881266,0.000426271651134691,0.0
1908-04-11,0.0005277044854881266,0.000426271651134691,0.0
Portugal,0.0005277044854881266,0.000426271651134691,0.0
Ferdinand Magellan,0.0005277044854881266,0.0007889266978268265,0.0
Rise of the Archaic period in Greece,0.0005277044854881266,0.0007611415720678484,0.0
Establishment of the Greek city-states,0.0005277044854881266,0.0007611415720678484,0.0
Specific Company Name,0.0005277044854881266,0.000426271651134691,0.0
Specific Country Name,0.0005277044854881266,0.0007889266978268265,0.0
