model,group,target,subject,hop,count,clean_accuracy,poisoned_accuracy,accuracy_drop,epr,flip_rate,flip_count,clean_correct,clean_margin_avg,poisoned_margin_avg,margin_change_avg
Qwen3.5-2B,hub,hub_1,Australia,d1,17,0.8235294117647058,0.47058823529411764,0.3529411764705882,0.42857142857142855,0.42857142857142855,6,14,3.6323529708144418,2.551470612086739,-1.0808823587277026
Qwen3.5-2B,hub,hub_1,Australia,d2,117,0.41025641025641024,0.3504273504273504,0.05982905982905984,0.14583333333333337,0.16666666666666666,8,48,3.160256429764434,3.2019230832754233,0.04166665351098908
Qwen3.5-2B,hub,hub_1,Australia,d3,528,0.35984848484848486,0.2859848484848485,0.07386363636363635,0.20526315789473681,0.24210526315789474,46,190,2.965909088902029,4.5794270800383305,1.6135179911363013
Qwen3.5-2B,hub,hub_1,Australia,d4,1000,0.326,0.309,0.017000000000000015,0.05214723926380373,0.13496932515337423,44,326,2.5613125023788887,4.338249997317169,1.77693749493828
Qwen3.5-2B,hub,hub_1,Australia,d5,1000,0.285,0.263,0.021999999999999964,0.07719298245614023,0.21403508771929824,61,285,2.8190000019182917,4.52818749896107,1.709187497042778
Qwen3.5-2B,hub,hub_10,Spain,d1,19,0.9473684210526315,0.10526315789473684,0.8421052631578947,0.8888888888888888,0.8888888888888888,16,18,4.881578957992851,1.4736841956251545,-3.407894762367696
Qwen3.5-2B,hub,hub_10,Spain,d2,76,0.39473684210526316,0.3026315789473684,0.09210526315789475,0.23333333333333336,0.26666666666666666,8,30,2.8832236944979646,2.287828932430497,-0.5953947620674676
Qwen3.5-2B,hub,hub_10,Spain,d3,368,0.26358695652173914,0.17119565217391305,0.09239130434782608,0.35051546391752575,0.4329896907216495,42,97,3.6141304213171837,2.1793478293877104,-1.4347825919294732
Qwen3.5-2B,hub,hub_10,Spain,d4,870,0.3482758620689655,0.21149425287356322,0.13678160919540228,0.3927392739273927,0.44224422442244227,134,303,2.751149423826645,1.9293103479548763,-0.8218390758717689
Qwen3.5-2B,hub,hub_10,Spain,d5,1000,0.387,0.231,0.156,0.40310077519379844,0.4625322997416021,179,387,3.0109374939570555,2.0366250004972097,-0.9743124934598457
Qwen3.5-2B,hub,hub_11,New York City,d1,13,1.0,0.46153846153846156,0.5384615384615384,0.5384615384615384,0.5384615384615384,7,13,5.884615367994859,1.6057692307692308,-4.278846137225628
Qwen3.5-2B,hub,hub_11,New York City,d2,108,0.3611111111111111,0.24074074074074073,0.12037037037037038,0.33333333333333337,0.48717948717948717,19,39,3.825231490154423,2.416087951105847,-1.4091435390485758
Qwen3.5-2B,hub,hub_11,New York City,d3,365,0.38082191780821917,0.2273972602739726,0.15342465753424656,0.40287769784172656,0.4028776978417266,56,139,2.3770547973614007,1.7080479512093205,-0.6690068461520802
Qwen3.5-2B,hub,hub_11,New York City,d4,1000,0.237,0.155,0.08199999999999999,0.3459915611814346,0.4472573839662447,106,237,2.9443750023816246,2.3291250062200417,-0.6152499961615829
Qwen3.5-2B,hub,hub_11,New York City,d5,1000,0.296,0.157,0.13899999999999998,0.46959459459459457,0.5337837837837838,158,296,3.1059999996183905,2.2378124985469623,-0.8681875010714282
Qwen3.5-2B,hub,hub_12,University of Cambridge,d1,16,0.375,0.3125,0.0625,0.16666666666666666,0.16666666666666666,1,6,3.796874946467142,1.4140625069849193,-2.3828124394822225
Qwen3.5-2B,hub,hub_12,University of Cambridge,d2,68,0.4411764705882353,0.3088235294117647,0.13235294117647056,0.29999999999999993,0.4,12,30,3.4981617748168956,1.6691176426761292,-1.8290441321407664
Qwen3.5-2B,hub,hub_12,University of Cambridge,d3,347,0.4697406340057637,0.2507204610951009,0.21902017291066284,0.46625766871165647,0.49079754601226994,80,163,3.0981628310431186,1.8024135375052712,-1.2957492935378474
Qwen3.5-2B,hub,hub_12,University of Cambridge,d4,1000,0.339,0.258,0.08100000000000002,0.23893805309734517,0.31563421828908556,107,339,3.0727499997013363,2.08625000378213,-0.9864999959192065
Qwen3.5-2B,hub,hub_12,University of Cambridge,d5,1000,0.249,0.187,0.062,0.24899598393574296,0.3333333333333333,83,249,2.7962499997533743,2.0184999977223343,-0.7777500020310399
Qwen3.5-2B,hub,hub_13,Harvard University,d1,11,0.5454545454545454,0.0,0.5454545454545454,1.0,1.0,6,6,3.124999978240918,6.806818037142379,3.681818058901461
Qwen3.5-2B,hub,hub_13,Harvard University,d2,77,0.5324675324675324,0.2857142857142857,0.24675324675324672,0.46341463414634143,0.4634146341463415,19,41,4.316558452800836,3.021915590905266,-1.2946428618955697
Qwen3.5-2B,hub,hub_13,Harvard University,d3,340,0.4823529411764706,0.36176470588235293,0.12058823529411766,0.25000000000000006,0.2621951219512195,43,164,2.9231617735352997,3.2327205903431606,0.3095588168078609
Qwen3.5-2B,hub,hub_13,Harvard University,d4,1000,0.316,0.236,0.08000000000000002,0.2531645569620254,0.3259493670886076,103,316,3.060562499507796,3.213937498366271,0.15337499885847494
Qwen3.5-2B,hub,hub_13,Harvard University,d5,1000,0.276,0.183,0.09300000000000003,0.3369565217391305,0.37681159420289856,104,276,3.006374996955652,2.895874997336856,-0.11049999961879609
Qwen3.5-2B,hub,hub_14,Apple Inc.,d1,12,0.5833333333333334,0.25,0.33333333333333337,0.5714285714285715,0.5714285714285714,4,7,3.822916642850032,4.307291606509049,0.48437496365901733
Qwen3.5-2B,hub,hub_14,Apple Inc.,d2,61,0.5573770491803278,0.2786885245901639,0.2786885245901639,0.5,0.5294117647058824,18,34,4.448770535239553,4.067622965975254,-0.38114756926429916
Qwen3.5-2B,hub,hub_14,Apple Inc.,d3,314,0.49363057324840764,0.39490445859872614,0.0987261146496815,0.19999999999999996,0.22580645161290322,35,155,2.7436305742661147,3.590963367061258,0.8473327927951435
Qwen3.5-2B,hub,hub_14,Apple Inc.,d4,1000,0.284,0.206,0.07799999999999999,0.27464788732394363,0.3485915492957746,99,284,3.043312500398606,4.246000000266452,1.2026874998678463
Qwen3.5-2B,hub,hub_14,Apple Inc.,d5,1000,0.312,0.185,0.127,0.40705128205128205,0.46794871794871795,146,312,2.892874998364685,3.7308749988138206,0.8380000004491355
Qwen3.5-2B,hub,hub_15,University of Oxford,d1,17,0.4117647058823529,0.29411764705882354,0.11764705882352938,0.28571428571428564,0.42857142857142855,3,7,3.889705908662804,1.088235302883036,-2.801470605779768
Qwen3.5-2B,hub,hub_15,University of Oxford,d2,77,0.45454545454545453,0.2077922077922078,0.24675324675324672,0.5428571428571428,0.5714285714285714,20,35,3.0827922123293816,2.063311699354513,-1.0194805129748685
Qwen3.5-2B,hub,hub_15,University of Oxford,d3,306,0.4019607843137255,0.23202614379084968,0.16993464052287582,0.42276422764227645,0.4878048780487805,60,123,2.9789624220765427,1.7399918268270351,-1.2389705952495076
Qwen3.5-2B,hub,hub_15,University of Oxford,d4,1000,0.367,0.229,0.13799999999999998,0.37602179836512256,0.42779291553133514,157,367,3.1122500021068262,2.0811249964353626,-1.0311250056714636
Qwen3.5-2B,hub,hub_15,University of Oxford,d5,1000,0.253,0.172,0.08100000000000002,0.32015810276679846,0.3794466403162055,96,253,2.8365000012724195,2.0117500014868566,-0.824749999785563
Qwen3.5-2B,hub,hub_2,China,d1,5,0.6,0.2,0.39999999999999997,0.6666666666666666,0.6666666666666666,2,3,3.299999979510903,4.500000060227467,1.2000000807165634
Qwen3.5-2B,hub,hub_2,China,d2,41,0.6829268292682927,0.2926829268292683,0.39024390243902446,0.5714285714285715,0.6071428571428571,17,28,2.073170737283895,4.673780484711309,2.600609747427414
Qwen3.5-2B,hub,hub_2,China,d3,130,0.2923076923076923,0.13846153846153847,0.15384615384615385,0.5263157894736842,0.5263157894736842,20,38,2.3749999910790045,2.8711538535295684,0.4961538624505639
Qwen3.5-2B,hub,hub_2,China,d4,276,0.22826086956521738,0.10507246376811594,0.12318840579710144,0.5396825396825397,0.6031746031746031,38,63,2.2445652207217948,2.454710145954053,0.21014492523225803
Qwen3.5-2B,hub,hub_2,China,d5,493,0.4198782961460446,0.30628803245436104,0.11359026369168357,0.2705314009661836,0.3188405797101449,66,207,2.832910739671678,3.6301977722195784,0.7972870325479002
Qwen3.5-2B,hub,hub_3,United States,d1,28,0.8571428571428571,0.25,0.6071428571428571,0.7083333333333334,0.7083333333333334,17,24,4.968750036562726,1.613839270630186,-3.35491076593254
Qwen3.5-2B,hub,hub_3,United States,d2,205,0.47804878048780486,0.04390243902439024,0.43414634146341463,0.9081632653061225,0.9081632653061225,89,98,2.7737804929867798,2.076524388174549,-0.6972561048122308
Qwen3.5-2B,hub,hub_3,United States,d3,954,0.29245283018867924,0.0649895178197065,0.22746331236897274,0.7777777777777778,0.7956989247311828,222,279,3.207023058522581,1.7955319749570255,-1.4114910835655554
Qwen3.5-2B,hub,hub_3,United States,d4,1000,0.296,0.05,0.246,0.8310810810810811,0.8547297297297297,253,296,3.1332499992158263,1.9628125047706417,-1.1704374944451845
Qwen3.5-2B,hub,hub_3,United States,d5,1000,0.331,0.037,0.29400000000000004,0.8882175226586103,0.8972809667673716,297,331,3.0193749994967947,1.8538124987486955,-1.1655625007480992
Qwen3.5-2B,hub,hub_4,England,d1,15,1.0,0.8666666666666667,0.1333333333333333,0.1333333333333333,0.13333333333333333,2,15,4.80000000152116,4.541666667632914,-0.2583333338882463
Qwen3.5-2B,hub,hub_4,England,d2,117,0.4188034188034188,0.4017094017094017,0.01709401709401709,0.040816326530612235,0.12244897959183673,6,49,2.8146367610539667,2.931089738036136,0.11645297698216917
Qwen3.5-2B,hub,hub_4,England,d3,614,0.28827361563517917,0.26547231270358307,0.0228013029315961,0.07909604519774015,0.20903954802259886,37,177,3.049674270838781,5.243078175629198,2.193403904790417
Qwen3.5-2B,hub,hub_4,England,d4,1000,0.29,0.267,0.022999999999999965,0.07931034482758609,0.1724137931034483,50,290,2.580499999080057,4.029125001945936,1.4486250028658794
Qwen3.5-2B,hub,hub_4,England,d5,1000,0.251,0.23,0.02099999999999999,0.0836653386454183,0.19123505976095617,48,251,2.7781249947773756,5.067625001420354,2.2895000066429785
Qwen3.5-2B,hub,hub_5,India,d1,23,0.9565217391304348,0.6086956521739131,0.34782608695652173,0.3636363636363636,0.36363636363636365,8,22,4.663043489381064,1.9456521652261827,-2.717391324154881
Qwen3.5-2B,hub,hub_5,India,d2,147,0.47619047619047616,0.46258503401360546,0.013605442176870708,0.028571428571428487,0.05714285714285714,4,70,2.910714285281094,2.643707474211166,-0.26700681106992796
Qwen3.5-2B,hub,hub_5,India,d3,614,0.2947882736156352,0.23452768729641693,0.06026058631921827,0.20441988950276252,0.3259668508287293,59,181,2.9576547285378836,3.065553746873787,0.10789901833590321
Qwen3.5-2B,hub,hub_5,India,d4,1000,0.283,0.259,0.023999999999999966,0.08480565371024723,0.2049469964664311,58,283,2.607374999554828,2.9099374960698476,0.30256249651501976
Qwen3.5-2B,hub,hub_5,India,d5,1000,0.332,0.291,0.041000000000000036,0.12349397590361456,0.19879518072289157,66,332,3.01712500380096,3.4632499936454986,0.4461249898445385
Qwen3.5-2B,hub,hub_6,Italy,d1,19,0.8421052631578947,0.42105263157894735,0.42105263157894735,0.5,0.5,8,16,4.203947361803761,2.493421063917738,-1.7105262978860227
Qwen3.5-2B,hub,hub_6,Italy,d2,94,0.7872340425531915,0.776595744680851,0.010638297872340496,0.013513513513513603,0.013513513513513514,1,74,3.972074472335504,4.628989333233318,0.6569148608978139
Qwen3.5-2B,hub,hub_6,Italy,d3,558,0.2831541218637993,0.2078853046594982,0.07526881720430109,0.2658227848101266,0.3860759493670886,61,158,3.149641570740289,5.502128143072325,2.3524865723320354
Qwen3.5-2B,hub,hub_6,Italy,d4,1000,0.3,0.26,0.03999999999999998,0.13333333333333328,0.22,66,300,2.702312495007645,3.658249996448929,0.9559375014412836
Qwen3.5-2B,hub,hub_6,Italy,d5,1000,0.405,0.357,0.04800000000000004,0.11851851851851862,0.17530864197530865,71,405,2.932749995008635,4.423437498855346,1.4906875038467113
Qwen3.5-2B,hub,hub_7,Germany,d1,24,0.875,0.20833333333333334,0.6666666666666666,0.7619047619047619,0.7619047619047619,16,21,4.161458338028751,1.6562500042685617,-2.50520833376019
Qwen3.5-2B,hub,hub_7,Germany,d2,136,0.45588235294117646,0.34558823529411764,0.11029411764705882,0.24193548387096775,0.25806451612903225,16,62,3.3722426604692695,2.9912683809897693,-0.38097427947950013
Qwen3.5-2B,hub,hub_7,Germany,d3,548,0.34306569343065696,0.2427007299270073,0.10036496350364965,0.2925531914893617,0.35106382978723405,66,188,3.2892335824338916,4.444571163556779,1.155337581122887
Qwen3.5-2B,hub,hub_7,Germany,d4,1000,0.331,0.244,0.08700000000000002,0.2628398791540786,0.311178247734139,103,331,2.8651250005211915,3.8345000013628576,0.9693750008416662
Qwen3.5-2B,hub,hub_7,Germany,d5,1000,0.289,0.236,0.05299999999999999,0.1833910034602076,0.3044982698961938,88,289,2.9050000050304807,4.162562498865136,1.2575624938346555
Qwen3.5-2B,hub,hub_8,Canada,d1,21,0.9523809523809523,0.8095238095238095,0.1428571428571428,0.14999999999999994,0.15,3,20,4.291666694251554,2.041666673418755,-2.250000020832799
Qwen3.5-2B,hub,hub_8,Canada,d2,117,0.5982905982905983,0.5555555555555556,0.042735042735042694,0.07142857142857137,0.12857142857142856,9,70,3.7190171069949147,3.5454059771122375,-0.17361112988267724
Qwen3.5-2B,hub,hub_8,Canada,d3,535,0.2635514018691589,0.2261682242990654,0.03738317757009346,0.14184397163120568,0.2695035460992908,38,141,3.252803730303813,4.4260514060683525,1.1732476757645394
Qwen3.5-2B,hub,hub_8,Canada,d4,1000,0.28,0.251,0.029000000000000026,0.10357142857142865,0.225,63,280,2.7571875030632946,3.689749999337604,0.9325624962743095
Qwen3.5-2B,hub,hub_8,Canada,d5,1000,0.312,0.279,0.032999999999999974,0.10576923076923068,0.19230769230769232,60,312,2.818125000098953,3.780000000363427,0.9618750002644738
Qwen3.5-2B,hub,hub_9,France,d1,28,0.8571428571428571,0.10714285714285714,0.75,0.875,0.875,21,24,3.763392844035739,2.2187499934973727,-1.5446428505383665
Qwen3.5-2B,hub,hub_9,France,d2,135,0.362962962962963,0.2962962962962963,0.06666666666666671,0.1836734693877552,0.20408163265306123,10,49,3.19814815412241,2.097222226989214,-1.1009259271331961
Qwen3.5-2B,hub,hub_9,France,d3,459,0.2701525054466231,0.15904139433551198,0.11111111111111113,0.4112903225806452,0.4838709677419355,60,124,2.6898148147831114,2.5848311542153275,-0.10498366056778385
Qwen3.5-2B,hub,hub_9,France,d4,1000,0.336,0.242,0.09400000000000003,0.2797619047619048,0.33630952380952384,113,336,2.8007499952922226,2.7513124991874647,-0.049437496104757894
Qwen3.5-2B,hub,hub_9,France,d5,1000,0.357,0.241,0.11599999999999999,0.32492997198879553,0.38935574229691877,139,357,2.6810000010008808,2.752000001201384,0.07100000020050334
Qwen3.5-2B,random,random_1,Tommie Connor,d1,7,0.0,0.0,0.0,,,0,0,3.446428592982037,8.026785766294259,4.580357173312222
Qwen3.5-2B,random,random_1,Tommie Connor,d2,18,0.3888888888888889,0.3888888888888889,0.0,0.0,0.14285714285714285,1,7,1.9791666931058798,2.385416668089521,0.406249974983641
Qwen3.5-2B,random,random_1,Tommie Connor,d3,126,0.5555555555555556,0.42063492063492064,0.13492063492063494,0.24285714285714288,0.35714285714285715,25,70,3.851190486540353,3.1443452319112515,-0.7068452546291013
Qwen3.5-2B,random,random_1,Tommie Connor,d4,550,0.41818181818181815,0.32727272727272727,0.09090909090909088,0.21739130434782605,0.29130434782608694,67,230,3.130000001251888,2.5189772771675383,-0.6110227240843495
Qwen3.5-2B,random,random_1,Tommie Connor,d5,1000,0.296,0.213,0.08299999999999999,0.2804054054054054,0.35135135135135137,104,296,3.081312506995484,2.8181875008851565,-0.2631250061103274
Qwen3.5-2B,random,random_10,Divya,d1,4,0.25,0.0,0.25,1.0,1.0,1,1,1.4687500298023224,3.1875000196378096,1.7187499898354872
Qwen3.5-2B,random,random_10,Divya,d2,41,0.8048780487804879,0.2926829268292683,0.5121951219512195,0.6363636363636364,0.6363636363636364,21,33,4.579268320582853,2.167682932632998,-2.4115853879498546
Qwen3.5-2B,random,random_10,Divya,d3,243,0.4691358024691358,0.1934156378600823,0.27572016460905346,0.587719298245614,0.631578947368421,72,114,3.346193423141618,3.797325100141066,0.4511316769994478
Qwen3.5-2B,random,random_10,Divya,d4,1000,0.404,0.211,0.19300000000000003,0.47772277227722776,0.5148514851485149,208,404,2.86437500494346,2.38424999599518,-0.48012500894828003
Qwen3.5-2B,random,random_10,Divya,d5,1000,0.327,0.167,0.16,0.4892966360856269,0.5321100917431193,174,327,2.9141249985283357,2.502625006274997,-0.41149999225333866
Qwen3.5-2B,random,random_11,"Madison, Wisconsin",d1,2,1.0,0.5,0.5,0.5,0.5,1,2,4.750000104308128,2.1249999292194843,-2.625000175088644
Qwen3.5-2B,random,random_11,"Madison, Wisconsin",d2,29,0.8620689655172413,0.4482758620689655,0.4137931034482758,0.48,0.52,13,25,5.012931068757035,4.075431092212716,-0.937499976544319
Qwen3.5-2B,random,random_11,"Madison, Wisconsin",d3,205,0.47317073170731705,0.3951219512195122,0.07804878048780484,0.16494845360824734,0.16494845360824742,16,97,2.7737804929867798,2.6280487959524446,-0.1457316970343352
Qwen3.5-2B,random,random_11,"Madison, Wisconsin",d4,954,0.2966457023060797,0.25157232704402516,0.045073375262054516,0.15194346289752653,0.3003533568904594,85,283,3.20702305674682,3.6310927647832605,0.4240697080364404
Qwen3.5-2B,random,random_11,"Madison, Wisconsin",d5,1000,0.292,0.207,0.08499999999999999,0.2910958904109589,0.3767123287671233,110,292,3.147812500216474,3.0693125032709903,-0.07849999694548382
Qwen3.5-2B,random,random_12,Shenu Agarwal,d1,7,0.2857142857142857,0.0,0.2857142857142857,1.0,1.0,2,2,2.9642857001828298,4.928571424829507,1.9642857246466776
Qwen3.5-2B,random,random_12,Shenu Agarwal,d2,49,0.6326530612244898,0.14285714285714285,0.489795918367347,0.7741935483870968,0.7741935483870968,24,31,3.464285709621974,2.2423469369199927,-1.2219387727019813
Qwen3.5-2B,random,random_12,Shenu Agarwal,d3,201,0.39800995024875624,0.14925373134328357,0.24875621890547267,0.625,0.65,52,80,2.6492537268332033,2.1791044750731015,-0.4701492517601018
Qwen3.5-2B,random,random_12,Shenu Agarwal,d4,673,0.26448736998514116,0.1099554234769688,0.15453194650817237,0.5842696629213483,0.6292134831460674,112,178,3.0161589939918896,2.220375186701431,-0.7957838072904586
Qwen3.5-2B,random,random_12,Shenu Agarwal,d5,1000,0.353,0.135,0.21799999999999997,0.6175637393767704,0.6543909348441926,231,353,2.738000002449553,1.9751250018602005,-0.7628750005893525
Qwen3.5-2B,random,random_13,Bancolombia,d1,2,0.5,0.5,0.0,0.0,0.0,0,1,1.0625,8.499999785119144,7.437499785119144
Qwen3.5-2B,random,random_13,Bancolombia,d2,14,1.0,0.8571428571428571,0.1428571428571429,0.1428571428571429,0.14285714285714285,2,14,3.4196428737070943,4.357142839663409,0.9374999659563144
Qwen3.5-2B,random,random_13,Bancolombia,d3,43,0.6511627906976745,0.5581395348837209,0.09302325581395354,0.14285714285714293,0.14285714285714285,4,28,3.546511594882928,3.9345930542872654,0.38808145940433736
Qwen3.5-2B,random,random_13,Bancolombia,d4,170,0.3176470588235294,0.23529411764705882,0.08235294117647057,0.25925925925925924,0.3148148148148148,17,54,3.4360294223701415,4.121691172363396,0.6856617499932542
Qwen3.5-2B,random,random_13,Bancolombia,d5,433,0.4110854503464203,0.3441108545034642,0.06697459584295612,0.16292134831460675,0.2247191011235955,40,178,2.9396651353315084,3.7323902963129867,0.7927251609814783
Qwen3.5-2B,random,random_14,Chelsea F.C. plc,d1,9,0.7777777777777778,0.4444444444444444,0.33333333333333337,0.4285714285714286,0.42857142857142855,3,7,1.6388888996508386,4.486111090453859,2.84722219080302
Qwen3.5-2B,random,random_14,Chelsea F.C. plc,d2,43,0.23255813953488372,0.18604651162790697,0.046511627906976744,0.2,0.4,4,10,3.68023255343419,6.01889532675857,2.33866277332438
Qwen3.5-2B,random,random_14,Chelsea F.C. plc,d3,198,0.5303030303030303,0.4797979797979798,0.0505050505050505,0.09523809523809523,0.19047619047619047,20,105,3.310606072258176,3.897095967301272,0.5864898950430963
Qwen3.5-2B,random,random_14,Chelsea F.C. plc,d4,794,0.371536523929471,0.3337531486146096,0.03778337531486142,0.1016949152542372,0.16610169491525423,49,295,3.0928054243214462,3.6347606981254934,0.5419552738040472
Qwen3.5-2B,random,random_14,Chelsea F.C. plc,d5,1000,0.264,0.225,0.03900000000000001,0.14772727272727273,0.23863636363636365,63,264,2.9214999999844293,3.899749997336032,0.9782499973516026
Qwen3.5-2B,random,random_15,Errol Flynn,d1,7,0.14285714285714285,0.0,0.14285714285714285,1.0,1.0,1,1,5.714285654714331,2.732142828937088,-2.982142825777243
Qwen3.5-2B,random,random_15,Errol Flynn,d2,38,0.5526315789473685,0.3684210526315789,0.18421052631578955,0.3333333333333334,0.38095238095238093,8,21,2.967105300276001,1.858552647552355,-1.108552652723646
Qwen3.5-2B,random,random_15,Errol Flynn,d3,196,0.42857142857142855,0.25510204081632654,0.173469387755102,0.4047619047619047,0.4523809523809524,38,84,3.4706632754069333,1.7710459195505068,-1.6996173558564265
Qwen3.5-2B,random,random_15,Errol Flynn,d4,866,0.3741339491916859,0.20207852193995382,0.1720554272517321,0.45987654320987653,0.5,162,324,2.8898672052237258,2.075274247125917,-0.8145929580978089
Qwen3.5-2B,random,random_15,Errol Flynn,d5,1000,0.304,0.201,0.10299999999999998,0.3388157894736842,0.40131578947368424,122,304,2.855312502097164,2.001437502133078,-0.853874999964086
Qwen3.5-2B,random,random_2,"Carnation, Lily, Lily, Rose",d1,5,0.2,0.0,0.2,1.0,1.0,1,1,3.1749999969266356,1.8374999698251486,-1.337500027101487
Qwen3.5-2B,random,random_2,"Carnation, Lily, Lily, Rose",d2,24,0.4583333333333333,0.3333333333333333,0.125,0.27272727272727276,0.36363636363636365,4,11,3.031249994567285,2.2213541462163753,-0.8098958483509096
Qwen3.5-2B,random,random_2,"Carnation, Lily, Lily, Rose",d3,124,0.5241935483870968,0.2903225806451613,0.23387096774193544,0.44615384615384607,0.5076923076923077,33,65,3.7852822703059625,1.8694556413721595,-1.915826628933803
Qwen3.5-2B,random,random_2,"Carnation, Lily, Lily, Rose",d4,658,0.45896656534954405,0.1899696048632219,0.26899696048632216,0.5860927152317881,0.6291390728476821,190,302,3.1117971155311777,1.9672302383103968,-1.1445668772207809
Qwen3.5-2B,random,random_2,"Carnation, Lily, Lily, Rose",d5,1000,0.375,0.178,0.197,0.5253333333333333,0.5813333333333334,218,375,3.0314999976035906,2.0609375007903434,-0.9705624968132471
Qwen3.5-2B,random,random_3,Lawren Harris,d1,3,0.0,0.0,0.0,,,0,0,5.416666714474559,4.000000022041301,-1.4166666924332576
Qwen3.5-2B,random,random_3,Lawren Harris,d2,21,0.9523809523809523,0.047619047619047616,0.9047619047619047,0.95,0.95,19,20,4.291666694251554,5.380952413382364,1.0892857191308094
Qwen3.5-2B,random,random_3,Lawren Harris,d3,117,0.5982905982905983,0.49572649572649574,0.10256410256410253,0.17142857142857137,0.21428571428571427,15,70,3.7190171069949147,3.412393165178797,-0.30662394181611763
Qwen3.5-2B,random,random_3,Lawren Harris,d4,535,0.2616822429906542,0.16822429906542055,0.09345794392523363,0.3571428571428571,0.45,63,140,3.2537383105933326,3.388901867830003,0.1351635572366705
Qwen3.5-2B,random,random_3,Lawren Harris,d5,1000,0.262,0.16,0.10200000000000001,0.3893129770992367,0.4732824427480916,124,262,2.7031250074107667,2.7979374989870993,0.09481249157633265
Qwen3.5-2B,random,random_4,Christ Before the High Priest,d1,4,0.5,0.0,0.5,1.0,1.0,2,2,2.3437499250285327,0.890625,-1.4531249250285327
Qwen3.5-2B,random,random_4,Christ Before the High Priest,d2,25,0.4,0.16,0.24000000000000002,0.6,0.6,6,10,2.909999997485429,1.692499991953373,-1.217500005532056
Qwen3.5-2B,random,random_4,Christ Before the High Priest,d3,113,0.4690265486725664,0.18584070796460178,0.2831858407079646,0.6037735849056604,0.6792452830188679,36,53,3.0530973379201445,1.9198008947573042,-1.1332964431628403
Qwen3.5-2B,random,random_4,Christ Before the High Priest,d4,454,0.45374449339207046,0.2511013215859031,0.20264317180616737,0.4466019417475728,0.5097087378640777,105,206,3.262802868385441,1.8693557196152644,-1.3934471487701767
Qwen3.5-2B,random,random_4,Christ Before the High Priest,d5,1000,0.342,0.209,0.13300000000000003,0.38888888888888895,0.45614035087719296,156,342,2.9526249985616304,2.255875002229761,-0.6967499963318695
Qwen3.5-2B,random,random_5,Paris Saint-Germain Judo,d1,3,1.0,0.6666666666666666,0.33333333333333337,0.33333333333333337,0.3333333333333333,1,3,2.8750000136593976,6.7916666309320135,3.916666617272616
Qwen3.5-2B,random,random_5,Paris Saint-Germain Judo,d2,34,0.6764705882352942,0.6176470588235294,0.05882352941176472,0.08695652173913045,0.08695652173913043,2,23,3.408088225814829,4.220588241647313,0.8125000158324842
Qwen3.5-2B,random,random_5,Paris Saint-Germain Judo,d3,175,0.38857142857142857,0.33714285714285713,0.051428571428571435,0.13235294117647062,0.17647058823529413,12,68,2.9192857161217503,3.1967857213386535,0.2775000052169032
Qwen3.5-2B,random,random_5,Paris Saint-Germain Judo,d4,599,0.327212020033389,0.25208681135225375,0.07512520868113526,0.22959183673469397,0.3112244897959184,61,196,2.6531719517933348,3.898267948433606,1.2450959966402713
Qwen3.5-2B,random,random_5,Paris Saint-Germain Judo,d5,1000,0.382,0.319,0.063,0.1649214659685864,0.24607329842931938,94,382,2.6299375008979697,3.564000002992092,0.9340625020941222
Qwen3.5-2B,random,random_6,Silappadikaram,d1,6,0.3333333333333333,0.0,0.3333333333333333,1.0,1.0,2,2,2.0416667107492685,3.499999998835847,1.4583332880865782
Qwen3.5-2B,random,random_6,Silappadikaram,d2,21,0.42857142857142855,0.19047619047619047,0.23809523809523808,0.5555555555555556,0.6666666666666666,6,9,2.9404761979045966,1.5476190164862644,-1.3928571814183321
Qwen3.5-2B,random,random_6,Silappadikaram,d3,76,0.6052631578947368,0.3157894736842105,0.2894736842105263,0.4782608695652174,0.5652173913043478,26,46,3.638157908174387,2.242598686216776,-1.395559221957611
Qwen3.5-2B,random,random_6,Silappadikaram,d4,320,0.471875,0.2625,0.20937499999999998,0.44370860927152317,0.47019867549668876,71,151,3.111718757411654,1.7476562564639608,-1.3640625009476932
Qwen3.5-2B,random,random_6,Silappadikaram,d5,1000,0.364,0.192,0.172,0.4725274725274725,0.5302197802197802,193,364,2.9813750052816466,1.9808749997448176,-1.000500005536829
Qwen3.5-2B,random,random_7,David Bell,d1,12,0.08333333333333333,0.0,0.08333333333333333,1.0,1.0,1,1,1.4062500211099784,2.489583354908973,1.0833333337989945
Qwen3.5-2B,random,random_7,David Bell,d2,84,0.75,0.6547619047619048,0.09523809523809523,0.12698412698412698,0.14285714285714285,9,63,4.257440489553292,4.026041675279668,-0.23139881427362408
Qwen3.5-2B,random,random_7,David Bell,d3,470,0.40638297872340423,0.3680851063829787,0.03829787234042553,0.09424083769633508,0.14659685863874344,28,191,3.028723407667155,3.629920206002103,0.6011967983349482
Qwen3.5-2B,random,random_7,David Bell,d4,1000,0.297,0.239,0.057999999999999996,0.19528619528619529,0.26936026936026936,80,297,2.8867499992980736,3.8131250023723258,0.9263750030742521
Qwen3.5-2B,random,random_7,David Bell,d5,1000,0.275,0.223,0.05200000000000002,0.18909090909090914,0.24363636363636362,67,275,2.9911874976354884,3.4661250062979234,0.474937508662435
Qwen3.5-2B,random,random_8,Jane Harrington,d1,7,0.0,0.0,0.0,,,0,0,2.035714300615447,1.5178571327456407,-0.5178571678698061
Qwen3.5-2B,random,random_8,Jane Harrington,d2,66,0.5303030303030303,0.3181818181818182,0.2121212121212121,0.39999999999999997,0.42857142857142855,15,35,3.431818191826372,2.2509469687092034,-1.1808712231171685
Qwen3.5-2B,random,random_8,Jane Harrington,d3,376,0.3723404255319149,0.30319148936170215,0.06914893617021273,0.1857142857142856,0.22857142857142856,32,140,2.8068484084571073,2.251163560490897,-0.5556848479662104
Qwen3.5-2B,random,random_8,Jane Harrington,d4,1000,0.289,0.191,0.09799999999999998,0.33910034602076117,0.3944636678200692,114,289,3.2568749981504515,2.4841250019847068,-0.7727499961657447
Qwen3.5-2B,random,random_8,Jane Harrington,d5,1000,0.258,0.162,0.096,0.37209302325581395,0.4186046511627907,108,258,3.0443124993077655,2.2703749973931115,-0.7739375019146539
Qwen3.5-2B,random,random_9,John Cohen,d1,3,0.3333333333333333,0.0,0.3333333333333333,1.0,1.0,1,1,1.7916667039195697,7.91666658585018,6.12499988193061
Qwen3.5-2B,random,random_9,John Cohen,d2,39,0.8974358974358975,0.8461538461538461,0.05128205128205132,0.05714285714285718,0.08571428571428572,3,35,5.211538477914217,5.573717951087112,0.3621794731728958
Qwen3.5-2B,random,random_9,John Cohen,d3,274,0.3759124087591241,0.34306569343065696,0.03284671532846711,0.08737864077669892,0.1941747572815534,20,103,2.843065695961628,3.781934301769256,0.9388686058076279
Qwen3.5-2B,random,random_9,John Cohen,d4,1000,0.303,0.231,0.07199999999999998,0.23762376237623756,0.3102310231023102,94,303,3.0054374970090576,4.501000004796348,1.49556250778729
Qwen3.5-2B,random,random_9,John Cohen,d5,1000,0.242,0.213,0.028999999999999998,0.11983471074380164,0.25206611570247933,61,242,3.1941875027408533,3.9957500019053533,0.8015624991645001
Qwen3.5-2B,tail,tail_1,"Brewster, Washington",d1,1,1.0,0.0,1.0,1.0,1.0,1,1,2.375000074505806,0.4999999403953552,-1.8750001341104507
Qwen3.5-2B,tail,tail_1,"Brewster, Washington",d2,28,0.8571428571428571,0.4642857142857143,0.3928571428571428,0.45833333333333326,0.4583333333333333,11,24,4.968750036562726,1.52232143029687,-3.4464286062658562
Qwen3.5-2B,tail,tail_1,"Brewster, Washington",d3,205,0.47804878048780486,0.33658536585365856,0.1414634146341463,0.2959183673469387,0.29591836734693877,29,98,2.7737804929867798,2.088719509935245,-0.6850609830515348
Qwen3.5-2B,tail,tail_1,"Brewster, Washington",d4,954,0.2966457023060797,0.20649895178197064,0.09014675052410903,0.30388692579505305,0.4169611307420495,118,283,3.203485320388111,3.1030529325035485,-0.10043238788456232
Qwen3.5-2B,tail,tail_1,"Brewster, Washington",d5,1000,0.294,0.171,0.12299999999999997,0.4183673469387754,0.4931972789115646,145,294,3.119375005993963,3.083562505064867,-0.035812500929095936
Qwen3.5-2B,tail,tail_10,Pocklington,d1,1,0.0,0.0,0.0,,,0,0,2.7499999180436134,1.625,-1.1249999180436134
Qwen3.5-2B,tail,tail_10,Pocklington,d2,11,0.5454545454545454,0.5454545454545454,0.0,0.0,0.0,0,6,1.568181810053912,5.318181825658195,3.750000015604283
Qwen3.5-2B,tail,tail_10,Pocklington,d3,55,0.2727272727272727,0.23636363636363636,0.03636363636363635,0.13333333333333328,0.4666666666666667,7,15,2.7386363499078223,3.227272703532468,0.48863635362464564
Qwen3.5-2B,tail,tail_10,Pocklington,d4,186,0.45161290322580644,0.2849462365591398,0.16666666666666663,0.36904761904761896,0.44047619047619047,37,84,3.620295698008743,2.903225805785589,-0.717069892223154
Qwen3.5-2B,tail,tail_10,Pocklington,d5,679,0.43888070692194403,0.28424153166421207,0.15463917525773196,0.3523489932885906,0.40604026845637586,121,298,3.4363033880136045,3.138438878553383,-0.29786450946022125
Qwen3.5-2B,tail,tail_11,"St. John's School, Dorchester",d1,1,0.0,1.0,-1.0,,,0,0,1.6249999701976776,6.999999863328412,5.374999893130735
Qwen3.5-2B,tail,tail_11,"St. John's School, Dorchester",d2,4,0.5,0.0,0.5,1.0,1.0,2,2,1.656250011175871,1.0937500223517418,-0.5624999888241291
Qwen3.5-2B,tail,tail_11,"St. John's School, Dorchester",d3,46,0.8695652173913043,0.8913043478260869,-0.021739130434782594,-0.024999999999999984,0.0,0,40,3.790760883666656,6.138586970436534,2.347826086769878
Qwen3.5-2B,tail,tail_11,"St. John's School, Dorchester",d4,265,0.46037735849056605,0.44150943396226416,0.018867924528301883,0.04098360655737704,0.13934426229508196,17,122,3.1941037755771453,4.331367926615252,1.137264151038107
Qwen3.5-2B,tail,tail_11,"St. John's School, Dorchester",d5,1000,0.252,0.213,0.03900000000000001,0.1547619047619048,0.26587301587301587,67,252,3.131624999726599,5.7136250028446725,2.5820000031180736
Qwen3.5-2B,tail,tail_12,Eric Fisher,d1,1,0.0,0.0,0.0,,,0,0,2.125000089406967,1.7499999701976776,-0.37500011920928955
Qwen3.5-2B,tail,tail_12,Eric Fisher,d2,2,0.5,0.0,0.5,1.0,1.0,1,1,0.5625,1.0624999403953552,0.4999999403953552
Qwen3.5-2B,tail,tail_12,Eric Fisher,d3,45,0.3111111111111111,0.2222222222222222,0.0888888888888889,0.28571428571428575,0.5,7,14,1.5861111039192313,2.5722221923578115,0.9861110884385802
Qwen3.5-2B,tail,tail_12,Eric Fisher,d4,242,0.6570247933884298,0.39669421487603307,0.2603305785123967,0.39622641509433965,0.42138364779874216,67,159,3.292871906503377,2.2892561943351084,-1.0036157121682687
Qwen3.5-2B,tail,tail_12,Eric Fisher,d5,1000,0.376,0.271,0.10499999999999998,0.27925531914893614,0.324468085106383,122,376,2.9058749990356154,2.4783749951604985,-0.4275000038751169
Qwen3.5-2B,tail,tail_13,Haicheng,d1,1,1.0,0.0,1.0,1.0,1.0,1,1,2.6250000298023224,0.375,-2.2500000298023224
Qwen3.5-2B,tail,tail_13,Haicheng,d2,5,0.6,0.4,0.19999999999999996,0.33333333333333326,0.3333333333333333,1,3,3.299999979510903,5.3999999018662495,2.0999999223553463
Qwen3.5-2B,tail,tail_13,Haicheng,d3,41,0.6829268292682927,0.5853658536585366,0.09756097560975618,0.14285714285714296,0.17857142857142858,5,28,2.073170737283895,3.1585365759404715,1.0853658386565765
Qwen3.5-2B,tail,tail_13,Haicheng,d4,130,0.2846153846153846,0.19230769230769232,0.09230769230769229,0.32432432432432423,0.3783783783783784,14,37,2.3749999910790045,3.967307676951,1.5923076858719956
Qwen3.5-2B,tail,tail_13,Haicheng,d5,276,0.2318840579710145,0.17753623188405798,0.05434782608695651,0.23437499999999997,0.3125,20,64,2.2432065250966158,3.404664864455111,1.1614583393584952
Qwen3.5-2B,tail,tail_14,Maude,d1,1,0.0,0.0,0.0,,,0,0,5.999999789521098,0.5,-5.499999789521098
Qwen3.5-2B,tail,tail_14,Maude,d2,7,0.0,0.0,0.0,,,0,0,5.5535714218526016,1.58928567809718,-3.9642857437554215
Qwen3.5-2B,tail,tail_14,Maude,d3,35,0.7142857142857143,0.37142857142857144,0.34285714285714286,0.48,0.56,14,25,4.40357145949799,2.6607142918344056,-1.7428571676635847
Qwen3.5-2B,tail,tail_14,Maude,d4,249,0.41767068273092367,0.2570281124497992,0.1606425702811245,0.38461538461538464,0.40384615384615385,42,104,2.642570280585434,1.793674709989753,-0.8488955705956811
Qwen3.5-2B,tail,tail_14,Maude,d5,1000,0.251,0.172,0.07900000000000001,0.31474103585657376,0.42231075697211157,106,251,2.8864999975872925,2.005250002260611,-0.8812499953266815
Qwen3.5-2B,tail,tail_15,Rome Community Festival,d1,1,1.0,0.0,1.0,1.0,1.0,1,1,5.000000050291419,0.625,-4.375000050291419
Qwen3.5-2B,tail,tail_15,Rome Community Festival,d2,4,0.5,0.25,0.25,0.5,0.5,1,2,2.2812499925494194,1.781249988824129,-0.5000000037252903
Qwen3.5-2B,tail,tail_15,Rome Community Festival,d3,34,0.7941176470588235,0.4117647058823529,0.38235294117647056,0.48148148148148145,0.5185185185185185,14,27,4.750000015647589,1.897058829665184,-2.852941185982405
Qwen3.5-2B,tail,tail_15,Rome Community Festival,d4,239,0.48535564853556484,0.30962343096234307,0.17573221757322177,0.36206896551724144,0.3706896551724138,43,116,3.0502092015915396,2.0230125551663387,-1.027196646425201
Qwen3.5-2B,tail,tail_15,Rome Community Festival,d5,1000,0.347,0.244,0.10299999999999998,0.2968299711815562,0.3688760806916426,128,347,3.2818749946441677,2.889625004714064,-0.39224998993010374
Qwen3.5-2B,tail,tail_2,Ivo Andrić,d1,2,0.0,0.0,0.0,,,0,0,3.7500000912696123,3.187499935273081,-0.5625001559965312
Qwen3.5-2B,tail,tail_2,Ivo Andrić,d2,13,0.8461538461538461,0.8461538461538461,0.0,0.0,0.0,0,11,3.730769201092279,3.144230744040285,-0.586538457051994
Qwen3.5-2B,tail,tail_2,Ivo Andrić,d3,23,0.6956521739130435,0.6086956521739131,0.08695652173913038,0.12499999999999992,0.125,2,16,4.47282612930133,4.0624999725361075,-0.41032615676522255
Qwen3.5-2B,tail,tail_2,Ivo Andrić,d4,85,0.15294117647058825,0.09411764705882353,0.05882352941176472,0.3846153846153847,0.5384615384615384,7,13,3.3617646838428783,4.967647069745683,1.605882385902805
Qwen3.5-2B,tail,tail_2,Ivo Andrić,d5,154,0.38961038961038963,0.2987012987012987,0.09090909090909094,0.2333333333333334,0.3,18,60,2.83522728131895,3.262175324925542,0.426948043606592
Qwen3.5-2B,tail,tail_3,Kanchipuram,d1,1,1.0,0.0,1.0,1.0,1.0,1,1,4.125000039115548,1.625,-2.500000039115548
Qwen3.5-2B,tail,tail_3,Kanchipuram,d2,23,0.9565217391304348,0.391304347826087,0.5652173913043479,0.5909090909090909,0.5909090909090909,13,22,4.663043489381064,2.309782588755732,-2.3532609006253318
Qwen3.5-2B,tail,tail_3,Kanchipuram,d3,147,0.47619047619047616,0.36054421768707484,0.11564625850340132,0.2428571428571428,0.2571428571428571,18,70,2.910714285281094,3.9638605296025156,1.0531462443214217
Qwen3.5-2B,tail,tail_3,Kanchipuram,d4,614,0.2931596091205212,0.1970684039087948,0.0960912052117264,0.32777777777777783,0.4222222222222222,76,180,2.9578583106358387,4.002137627425475,1.0442793167896367
Qwen3.5-2B,tail,tail_3,Kanchipuram,d5,1000,0.287,0.227,0.05999999999999997,0.20905923344947727,0.30313588850174217,87,287,2.6511250023650357,4.102687497570521,1.4515624952054855
Qwen3.5-2B,tail,tail_4,Magadi,d1,1,1.0,0.0,1.0,1.0,1.0,1,1,2.7500000819563866,4.875000166706741,2.1250000847503543
Qwen3.5-2B,tail,tail_4,Magadi,d2,23,0.9565217391304348,0.17391304347826086,0.782608695652174,0.8181818181818182,0.8181818181818182,18,22,4.663043489381064,1.527173905274021,-3.1358695841070428
Qwen3.5-2B,tail,tail_4,Magadi,d3,147,0.47619047619047616,0.3401360544217687,0.13605442176870747,0.2857142857142857,0.32857142857142857,23,70,2.910714285281094,2.278486383770795,-0.6322279015102987
Qwen3.5-2B,tail,tail_4,Magadi,d4,614,0.2931596091205212,0.1465798045602606,0.1465798045602606,0.5,0.5833333333333334,105,180,2.9578583106358387,2.3148412053153082,-0.6430171053205305
Qwen3.5-2B,tail,tail_4,Magadi,d5,1000,0.273,0.173,0.10000000000000003,0.3663003663003664,0.42857142857142855,117,273,2.605500002483197,2.0864375020090375,-0.5190625004741594
Qwen3.5-2B,tail,tail_5,Greater Moncton Roméo LeBlanc International Airport,d1,3,0.6666666666666666,0.0,0.6666666666666666,1.0,1.0,2,2,2.791666659216086,0.5833333532015482,-2.208333306014538
Qwen3.5-2B,tail,tail_5,Greater Moncton Roméo LeBlanc International Airport,d2,24,0.9166666666666666,0.625,0.29166666666666663,0.3181818181818182,0.3181818181818182,7,22,4.192708364144589,2.8281249822630343,-1.3645833818815545
Qwen3.5-2B,tail,tail_5,Greater Moncton Roméo LeBlanc International Airport,d3,119,0.5882352941176471,0.4957983193277311,0.09243697478991597,0.15714285714285714,0.2,14,70,3.683823542171471,3.6995798322392806,0.01575629006780943
Qwen3.5-2B,tail,tail_5,Greater Moncton Roméo LeBlanc International Airport,d4,536,0.2630597014925373,0.22761194029850745,0.03544776119402987,0.13475177304964545,0.28368794326241137,40,141,3.2506996200222535,3.6482042900363028,0.3975046700140492
Qwen3.5-2B,tail,tail_5,Greater Moncton Roméo LeBlanc International Airport,d5,1000,0.281,0.254,0.027000000000000024,0.09608540925266912,0.199288256227758,56,281,2.772375000737375,3.334625000235519,0.5622499994981442
Qwen3.5-2B,tail,tail_6,Partition of India,d1,1,1.0,0.0,1.0,1.0,1.0,1,1,5.374999889172614,0.75,-4.624999889172614
Qwen3.5-2B,tail,tail_7,Balangero,d1,1,0.0,0.0,0.0,,,0,0,2.2499998956918716,3.0000001043081284,0.7500002086162567
Qwen3.5-2B,tail,tail_7,Balangero,d2,19,0.8421052631578947,0.8421052631578947,0.0,0.0,0.0,0,16,4.203947361803761,3.4999999726423994,-0.7039473891613612
Qwen3.5-2B,tail,tail_7,Balangero,d3,94,0.7872340425531915,0.7446808510638298,0.042553191489361764,0.05405405405405413,0.05405405405405406,4,74,3.972074472335504,3.5073138234271184,-0.46476064890838575
Qwen3.5-2B,tail,tail_7,Balangero,d4,558,0.2831541218637993,0.1881720430107527,0.0949820788530466,0.33544303797468356,0.4177215189873418,66,158,3.1489695278630596,4.212813622318769,1.063844094455709
Qwen3.5-2B,tail,tail_7,Balangero,d5,1000,0.303,0.272,0.030999999999999972,0.10231023102310222,0.20132013201320131,61,303,2.7258749990353244,2.959875001507258,0.23400000247193375
Qwen3.5-2B,tail,tail_8,Great Island,d1,2,0.0,0.0,0.0,,,0,0,1.3125000447034836,0.6250000149011612,-0.6875000298023224
Qwen3.5-2B,tail,tail_8,Great Island,d2,20,0.8,0.45,0.35000000000000003,0.4375,0.4375,7,16,3.031249988777563,1.8031250129512046,-1.2281249758263582
Qwen3.5-2B,tail,tail_8,Great Island,d3,75,0.56,0.3333333333333333,0.22666666666666674,0.4047619047619049,0.42857142857142855,18,42,3.615833359162013,2.07833333285021,-1.537500026311803
Qwen3.5-2B,tail,tail_8,Great Island,d4,381,0.29396325459317585,0.1732283464566929,0.12073490813648294,0.4107142857142857,0.4732142857142857,53,112,3.5754593189633415,2.5925196873663015,-0.98293963159704
Qwen3.5-2B,tail,tail_8,Great Island,d5,1000,0.31,0.218,0.092,0.2967741935483871,0.3935483870967742,122,310,2.6441250055052516,2.5841250016324993,-0.060000003872752394
Qwen3.5-2B,tail,tail_9,Royal Borough of Windsor and Maidenhead,d1,1,0.0,0.0,0.0,,,0,0,9.999999770647264,0.125,-9.874999770647264
Qwen3.5-2B,tail,tail_9,Royal Borough of Windsor and Maidenhead,d2,11,0.5454545454545454,0.36363636363636365,0.18181818181818177,0.33333333333333326,0.3333333333333333,2,6,1.568181810053912,1.6022727445445277,0.03409093449061573
Qwen3.5-2B,tail,tail_9,Royal Borough of Windsor and Maidenhead,d3,55,0.2727272727272727,0.2545454545454545,0.018181818181818188,0.0666666666666667,0.4,6,15,2.7386363499078223,2.7409090865234083,0.002272736615585913
Qwen3.5-2B,tail,tail_9,Royal Borough of Windsor and Maidenhead,d4,186,0.45161290322580644,0.1774193548387097,0.27419354838709675,0.6071428571428571,0.6428571428571429,54,84,3.620295698008743,2.0517473009490703,-1.5685483970596725
Qwen3.5-2B,tail,tail_9,Royal Borough of Windsor and Maidenhead,d5,679,0.44035346097201766,0.2533136966126657,0.187039764359352,0.42474916387959866,0.4682274247491639,140,299,3.4357511052606005,2.1189248905985565,-1.316826214662044
Qwen3.5-9B,hub,hub_1,Australia,d1,17,0.8823529411764706,0.058823529411764705,0.8235294117647058,0.9333333333333333,0.9333333333333333,14,15,4.198529403218451,6.566176462868873,2.3676470596504213
Qwen3.5-9B,hub,hub_1,Australia,d2,117,0.47863247863247865,0.1794871794871795,0.2991452991452992,0.6250000000000001,0.625,35,56,3.69444441576946,2.521367515026369,-1.1730769007430912
Qwen3.5-9B,hub,hub_1,Australia,d3,528,0.4659090909090909,0.23484848484848486,0.23106060606060602,0.4959349593495934,0.540650406504065,133,246,3.645833330747433,1.9031723469507238,-1.7426609837967093
Qwen3.5-9B,hub,hub_1,Australia,d4,1000,0.414,0.253,0.16099999999999998,0.38888888888888884,0.42028985507246375,174,414,2.931500003029374,2.4034374982367006,-0.5280625047926732
Qwen3.5-9B,hub,hub_1,Australia,d5,1000,0.421,0.282,0.139,0.330166270783848,0.39429928741092635,166,421,3.2406250037753708,2.088250001230743,-1.1523750025446278
Qwen3.5-9B,hub,hub_10,Spain,d1,19,0.9473684210526315,0.05263157894736842,0.894736842105263,0.9444444444444444,0.9444444444444444,17,18,4.144736931708298,2.052631590221273,-2.092105341487025
Qwen3.5-9B,hub,hub_10,Spain,d2,76,0.4868421052631579,0.13157894736842105,0.35526315789473684,0.7297297297297297,0.7567567567567568,28,37,3.5131579235528894,1.680098682145686,-1.8330592414072033
Qwen3.5-9B,hub,hub_10,Spain,d3,368,0.41304347826086957,0.22282608695652173,0.19021739130434784,0.46052631578947373,0.5394736842105263,82,152,3.7165421069623887,1.7736073358051805,-1.9429347711572083
Qwen3.5-9B,hub,hub_10,Spain,d4,870,0.45632183908045976,0.23218390804597702,0.22413793103448273,0.49118387909319894,0.5541561712846348,220,397,3.216379309319616,1.800862069589878,-1.415517239729738
Qwen3.5-9B,hub,hub_10,Spain,d5,1000,0.46,0.209,0.251,0.5456521739130434,0.6326086956521739,291,460,3.414500004409296,1.8754999994360841,-1.5390000049732118
Qwen3.5-9B,hub,hub_11,New York City,d1,13,1.0,0.23076923076923078,0.7692307692307692,0.7692307692307692,0.7692307692307693,10,13,6.355769185188155,1.3173077083550966,-5.038461476833058
Qwen3.5-9B,hub,hub_11,New York City,d2,108,0.48148148148148145,0.3148148148148148,0.16666666666666663,0.3461538461538461,0.5,26,52,4.369212949068039,2.09953703758462,-2.2696759114834193
Qwen3.5-9B,hub,hub_11,New York City,d3,365,0.5506849315068493,0.2547945205479452,0.29589041095890406,0.5373134328358209,0.5621890547263682,113,201,3.0489726092487777,2.1450342430439715,-0.9039383662048062
Qwen3.5-9B,hub,hub_11,New York City,d4,1000,0.408,0.268,0.13999999999999996,0.3431372549019607,0.4583333333333333,187,408,3.476875001744629,2.1422499990267534,-1.3346250027178757
Qwen3.5-9B,hub,hub_11,New York City,d5,1000,0.419,0.208,0.211,0.5035799522673031,0.5704057279236276,239,419,3.832125001864537,1.8841874999480788,-1.9479375019164582
Qwen3.5-9B,hub,hub_12,University of Cambridge,d1,16,0.5,0.0625,0.4375,0.875,0.875,7,8,4.937499982455847,4.296875016647391,-0.6406249658084562
Qwen3.5-9B,hub,hub_12,University of Cambridge,d2,68,0.5294117647058824,0.16176470588235295,0.36764705882352944,0.6944444444444445,0.75,27,36,3.5919117458187806,1.6433823455008678,-1.9485294003179128
Qwen3.5-9B,hub,hub_12,University of Cambridge,d3,347,0.5446685878962536,0.17002881844380405,0.3746397694524496,0.6878306878306879,0.7301587301587301,138,189,3.1945244977757286,1.7561239187574813,-1.4384005790182472
Qwen3.5-9B,hub,hub_12,University of Cambridge,d4,1000,0.482,0.169,0.31299999999999994,0.6493775933609958,0.7074688796680498,341,482,3.4208125013419632,1.8305624970967764,-1.5902500042451868
Qwen3.5-9B,hub,hub_12,University of Cambridge,d5,1000,0.402,0.173,0.22900000000000004,0.5696517412935324,0.6194029850746269,249,402,3.359437497408624,2.2202500019192812,-1.1391874954893426
Qwen3.5-9B,hub,hub_13,Harvard University,d1,11,0.5454545454545454,0.0,0.5454545454545454,1.0,1.0,6,6,4.204545461784371,2.147727296772328,-2.056818165012043
Qwen3.5-9B,hub,hub_13,Harvard University,d2,77,0.5844155844155844,0.14285714285714285,0.44155844155844154,0.7555555555555555,0.7777777777777778,35,45,4.797077936170412,1.6331168730537613,-3.163961063116651
Qwen3.5-9B,hub,hub_13,Harvard University,d3,340,0.5705882352941176,0.08529411764705883,0.48529411764705876,0.8505154639175257,0.8608247422680413,167,194,3.4643382338337902,1.5647058803567608,-1.8996323534770294
Qwen3.5-9B,hub,hub_13,Harvard University,d4,1000,0.457,0.144,0.31300000000000006,0.6849015317286653,0.7264770240700219,332,457,3.574500002260065,1.4749375005948824,-2.099562501665183
Qwen3.5-9B,hub,hub_13,Harvard University,d5,1000,0.411,0.095,0.31599999999999995,0.7688564476885644,0.7931873479318735,326,411,3.5101250020049193,1.6608750002606538,-1.8492500017442655
Qwen3.5-9B,hub,hub_14,Apple Inc.,d1,12,0.5833333333333334,0.08333333333333333,0.5,0.8571428571428571,0.8571428571428571,6,7,4.791666600103781,2.937499966355972,-1.854166633747809
Qwen3.5-9B,hub,hub_14,Apple Inc.,d2,61,0.6065573770491803,0.13114754098360656,0.47540983606557374,0.7837837837837838,0.7837837837837838,29,37,4.81147540528728,1.856557381270667,-2.954918024016613
Qwen3.5-9B,hub,hub_14,Apple Inc.,d3,314,0.5796178343949044,0.07643312101910828,0.5031847133757962,0.8681318681318682,0.8956043956043956,163,182,3.16839172023832,1.386743630278132,-1.7816480899601879
Qwen3.5-9B,hub,hub_14,Apple Inc.,d4,1000,0.418,0.082,0.33599999999999997,0.8038277511961722,0.8253588516746412,345,418,3.597500006814989,1.6112499981860164,-1.9862500086289727
Qwen3.5-9B,hub,hub_14,Apple Inc.,d5,1000,0.437,0.075,0.362,0.8283752860411899,0.8604118993135011,376,437,3.573562496056469,1.3901875023278407,-2.1833749937286284
Qwen3.5-9B,hub,hub_15,University of Oxford,d1,17,0.4117647058823529,0.23529411764705882,0.1764705882352941,0.42857142857142855,0.5714285714285714,4,7,4.544117563150769,1.9044117750052143,-2.6397057881455543
Qwen3.5-9B,hub,hub_15,University of Oxford,d2,77,0.5844155844155844,0.44155844155844154,0.14285714285714285,0.24444444444444444,0.3111111111111111,14,45,3.448051927096812,1.6071428522896989,-1.8409090748071133
Qwen3.5-9B,hub,hub_15,University of Oxford,d3,306,0.4738562091503268,0.3202614379084967,0.15359477124183007,0.3241379310344828,0.36551724137931035,53,145,3.0420751677915643,1.591094778584365,-1.4509803892071993
Qwen3.5-9B,hub,hub_15,University of Oxford,d4,1000,0.511,0.329,0.182,0.3561643835616438,0.40313111545988256,206,511,3.3409999960826826,1.6563750027105852,-1.6846249933720974
Qwen3.5-9B,hub,hub_15,University of Oxford,d5,1000,0.405,0.295,0.11000000000000004,0.27160493827160503,0.36049382716049383,146,405,3.4023125040900597,1.655937499543419,-1.7463750045466406
Qwen3.5-9B,hub,hub_2,China,d1,5,0.4,0.0,0.4,1.0,1.0,2,2,3.7750000175554304,4.449999922161806,0.6749999046063753
Qwen3.5-9B,hub,hub_2,China,d2,41,0.7073170731707317,0.0975609756097561,0.6097560975609756,0.8620689655172414,0.9310344827586207,27,29,2.932926830846998,3.0304878024546227,0.09756097160762467
Qwen3.5-9B,hub,hub_2,China,d3,130,0.45384615384615384,0.046153846153846156,0.4076923076923077,0.8983050847457628,0.9152542372881356,54,59,2.9278846098119033,4.159615410093186,1.2317308002812823
Qwen3.5-9B,hub,hub_2,China,d4,276,0.31521739130434784,0.06884057971014493,0.2463768115942029,0.7816091954022989,0.8160919540229885,71,87,2.58310688088249,3.534873184887608,0.9517663040051181
Qwen3.5-9B,hub,hub_2,China,d5,493,0.537525354969574,0.2697768762677485,0.2677484787018255,0.49811320754716976,0.539622641509434,143,265,3.2321247448372556,2.777510136178734,-0.45461460865852166
Qwen3.5-9B,hub,hub_3,United States,d1,28,0.8214285714285714,0.35714285714285715,0.46428571428571425,0.5652173913043478,0.6086956521739131,14,23,5.013392852261729,2.2276785924831137,-2.7857142597786155
Qwen3.5-9B,hub,hub_3,United States,d2,205,0.5707317073170731,0.18048780487804877,0.39024390243902435,0.6837606837606838,0.7008547008547008,82,117,3.1969512143828225,1.8542682905289594,-1.3426829238538631
Qwen3.5-9B,hub,hub_3,United States,d3,954,0.4549266247379455,0.22955974842767296,0.22536687631027252,0.4953917050691244,0.5691244239631337,247,434,3.863011007312968,1.849384170503024,-2.0136268368099444
Qwen3.5-9B,hub,hub_3,United States,d4,1000,0.418,0.148,0.27,0.645933014354067,0.6770334928229665,283,418,3.768937502627872,1.713687499976426,-2.055250002651446
Qwen3.5-9B,hub,hub_3,United States,d5,1000,0.436,0.118,0.318,0.7293577981651377,0.7591743119266054,331,436,3.5768125013188548,1.8418125009594368,-1.735000000359418
Qwen3.5-9B,hub,hub_4,England,d1,15,1.0,0.0,1.0,1.0,1.0,15,15,5.225000000849832,0.8583333233992259,-4.366666677450606
Qwen3.5-9B,hub,hub_4,England,d2,117,0.48717948717948717,0.1623931623931624,0.32478632478632474,0.6666666666666666,0.6842105263157895,39,57,2.783119663860575,1.6816239153486716,-1.1014957485119035
Qwen3.5-9B,hub,hub_4,England,d3,614,0.42833876221498374,0.2182410423452769,0.21009771986970685,0.49049429657794674,0.5437262357414449,143,263,3.119096091525022,2.0317589571897727,-1.0873371343352494
Qwen3.5-9B,hub,hub_4,England,d4,1000,0.433,0.258,0.175,0.4041570438799076,0.4618937644341801,200,433,3.0730000004513496,2.0665625012593956,-1.006437499191954
Qwen3.5-9B,hub,hub_4,England,d5,1000,0.374,0.198,0.176,0.47058823529411764,0.5187165775401069,194,374,3.2903749958195987,1.9268750009214237,-1.363499994898175
Qwen3.5-9B,hub,hub_5,India,d1,23,0.9130434782608695,0.17391304347826086,0.7391304347826086,0.8095238095238095,0.8571428571428571,18,21,4.842391303411442,4.451086993045781,-0.39130431036566105
Qwen3.5-9B,hub,hub_5,India,d2,147,0.5306122448979592,0.12244897959183673,0.40816326530612246,0.7692307692307692,0.8076923076923077,63,78,3.323979599895922,1.8771258460111888,-1.446853753884733
Qwen3.5-9B,hub,hub_5,India,d3,614,0.4006514657980456,0.2263843648208469,0.17426710097719872,0.43495934959349597,0.508130081300813,125,246,3.251221503298652,1.7497964180808865,-1.5014250852177653
Qwen3.5-9B,hub,hub_5,India,d4,1000,0.384,0.208,0.17600000000000002,0.45833333333333337,0.5416666666666666,208,384,3.032437501367138,2.2620000010155636,-0.7704375003515742
Qwen3.5-9B,hub,hub_5,India,d5,1000,0.442,0.179,0.263,0.5950226244343891,0.6855203619909502,303,442,3.4276250017811583,2.315812500932756,-1.1118125008484023
Qwen3.5-9B,hub,hub_6,Italy,d1,19,0.8421052631578947,0.0,0.8421052631578947,1.0,1.0,16,16,4.914473712390693,0.5065789442313345,-4.407894768159359
Qwen3.5-9B,hub,hub_6,Italy,d2,94,0.7978723404255319,0.06382978723404255,0.7340425531914894,0.92,0.92,69,75,4.022606385107019,0.8351063749733123,-3.1875000101337063
Qwen3.5-9B,hub,hub_6,Italy,d3,558,0.43189964157706096,0.27956989247311825,0.1523297491039427,0.3526970954356847,0.46473029045643155,112,241,3.2576164853252454,1.163418459739389,-2.0941980255858565
Qwen3.5-9B,hub,hub_6,Italy,d4,1000,0.399,0.157,0.24200000000000002,0.606516290726817,0.6691729323308271,267,399,3.152499998608866,1.2723125000263098,-1.8801874985825562
Qwen3.5-9B,hub,hub_6,Italy,d5,1000,0.494,0.206,0.28800000000000003,0.5829959514170041,0.6639676113360324,328,494,3.380187496949729,1.2363750007967464,-2.1438124961529827
Qwen3.5-9B,hub,hub_7,Germany,d1,24,0.875,0.041666666666666664,0.8333333333333334,0.9523809523809524,0.9523809523809523,20,21,4.2031250044916915,1.562499989445011,-2.6406250150466803
Qwen3.5-9B,hub,hub_7,Germany,d2,136,0.5294117647058824,0.40441176470588236,0.125,0.2361111111111111,0.2638888888888889,19,72,3.8759191115350404,2.1976102988720574,-1.678308812662983
Qwen3.5-9B,hub,hub_7,Germany,d3,548,0.46167883211678834,0.34124087591240876,0.12043795620437958,0.26086956521739135,0.3241106719367589,82,253,3.58188868943114,2.4160583959144617,-1.1658302935166782
Qwen3.5-9B,hub,hub_7,Germany,d4,1000,0.439,0.324,0.11499999999999999,0.26195899772209563,0.32801822323462415,144,439,3.263249999686872,2.3386250005597247,-0.9246249991271474
Qwen3.5-9B,hub,hub_7,Germany,d5,1000,0.408,0.298,0.10999999999999999,0.2696078431372549,0.35294117647058826,144,408,3.4212499983755333,2.5011249974793026,-0.9201250008962307
Qwen3.5-9B,hub,hub_8,Canada,d1,21,1.0,0.047619047619047616,0.9523809523809523,0.9523809523809523,0.9523809523809523,20,21,4.976190505992799,3.845238083707435,-1.1309524222853637
Qwen3.5-9B,hub,hub_8,Canada,d2,117,0.7606837606837606,0.5299145299145299,0.23076923076923073,0.3033707865168539,0.3146067415730337,28,89,4.127136747421807,2.12553418331887,-2.0016025641029374
Qwen3.5-9B,hub,hub_8,Canada,d3,535,0.39065420560747666,0.29345794392523367,0.09719626168224299,0.24880382775119617,0.3253588516746411,68,209,3.627336449053157,2.565186917979627,-1.0621495310735298
Qwen3.5-9B,hub,hub_8,Canada,d4,1000,0.419,0.306,0.11299999999999999,0.26968973747016706,0.3341288782816229,140,419,3.196374999111969,2.3376249975502725,-0.8587500015616967
Qwen3.5-9B,hub,hub_8,Canada,d5,1000,0.433,0.332,0.10099999999999998,0.23325635103926093,0.3187066974595843,138,433,3.1677500016792037,2.2200000042811734,-0.9477499973980303
Qwen3.5-9B,hub,hub_9,France,d1,28,0.8214285714285714,0.32142857142857145,0.49999999999999994,0.608695652173913,0.6086956521739131,14,23,4.60044644527183,1.5848214417097293,-3.015625003562101
Qwen3.5-9B,hub,hub_9,France,d2,135,0.4074074074074074,0.21481481481481482,0.19259259259259257,0.47272727272727266,0.509090909090909,28,55,3.2467592850973164,1.4981481486353678,-1.7486111364619485
Qwen3.5-9B,hub,hub_9,France,d3,459,0.3769063180827887,0.22004357298474944,0.15686274509803924,0.41618497109826597,0.4797687861271676,83,173,3.0860566486598677,1.718954248401521,-1.3671024002583467
Qwen3.5-9B,hub,hub_9,France,d4,1000,0.441,0.257,0.184,0.41723356009070295,0.4557823129251701,201,441,3.2544999963342054,1.8221250015203259,-1.4323749948138795
Qwen3.5-9B,hub,hub_9,France,d5,1000,0.455,0.297,0.15800000000000003,0.3472527472527473,0.4153846153846154,189,455,3.0848124989476857,1.9319374983444577,-1.152875000603228
Qwen3.5-9B,random,random_1,Tommie Connor,d1,7,0.0,0.0,0.0,,,0,0,3.2321428523531983,6.499999939135575,3.267857086782377
Qwen3.5-9B,random,random_1,Tommie Connor,d2,18,0.6666666666666666,0.3888888888888889,0.27777777777777773,0.41666666666666663,0.5,6,12,3.0277777575215117,3.8611111518508148,0.8333333943293031
Qwen3.5-9B,random,random_1,Tommie Connor,d3,126,0.6111111111111112,0.2698412698412698,0.34126984126984133,0.5584415584415585,0.6233766233766234,48,77,3.8849206361203596,3.278769849469961,-0.6061507866503986
Qwen3.5-9B,random,random_1,Tommie Connor,d4,550,0.5345454545454545,0.22,0.3145454545454546,0.58843537414966,0.6156462585034014,181,294,3.572727276688291,3.1246590915836383,-0.4480681851046526
Qwen3.5-9B,random,random_1,Tommie Connor,d5,1000,0.457,0.271,0.186,0.4070021881838074,0.48358862144420134,221,457,3.605499998671752,3.4595000023790563,-0.14599999629269567
Qwen3.5-9B,random,random_10,Divya,d1,4,0.25,0.0,0.25,1.0,1.0,1,1,1.8124999590218067,3.374999990744982,1.5625000317231752
Qwen3.5-9B,random,random_10,Divya,d2,41,0.7317073170731707,0.2926829268292683,0.43902439024390244,0.6,0.6666666666666666,20,30,4.530487819675572,2.2957316945397817,-2.23475612513579
Qwen3.5-9B,random,random_10,Divya,d3,243,0.5390946502057613,0.27983539094650206,0.25925925925925924,0.4809160305343511,0.5114503816793893,67,131,3.7680041226425445,2.331018522024572,-1.4369856006179726
Qwen3.5-9B,random,random_10,Divya,d4,1000,0.498,0.258,0.24,0.4819277108433735,0.5582329317269076,278,498,3.2211250000743967,2.007562497453735,-1.2135625026206616
Qwen3.5-9B,random,random_10,Divya,d5,1000,0.44,0.23,0.21,0.47727272727272724,0.5340909090909091,235,440,3.3330000015588883,1.9217499998361454,-1.411250001722743
Qwen3.5-9B,random,random_11,"Madison, Wisconsin",d1,2,1.0,0.5,0.5,0.5,0.5,1,2,5.812500177766196,4.000000035855919,-1.8125001419102773
Qwen3.5-9B,random,random_11,"Madison, Wisconsin",d2,29,0.8275862068965517,0.4482758620689655,0.3793103448275862,0.4583333333333333,0.5,12,24,5.090517244197364,2.745689657259861,-2.344827586937503
Qwen3.5-9B,random,random_11,"Madison, Wisconsin",d3,205,0.5756097560975609,0.17560975609756097,0.39999999999999997,0.6949152542372882,0.711864406779661,84,118,3.1945121898426585,1.6228658549464876,-1.571646334896171
Qwen3.5-9B,random,random_11,"Madison, Wisconsin",d4,954,0.449685534591195,0.279874213836478,0.169811320754717,0.37762237762237766,0.4825174825174825,207,429,3.8639281990828476,1.679179770374364,-2.1847484287084837
Qwen3.5-9B,random,random_11,"Madison, Wisconsin",d5,1000,0.401,0.188,0.21300000000000002,0.5311720698254364,0.5885286783042394,236,401,3.8265624932664286,1.542187497668172,-2.284374995598257
Qwen3.5-9B,random,random_12,Shenu Agarwal,d1,7,0.2857142857142857,0.0,0.2857142857142857,1.0,1.0,2,2,3.3392856972558156,5.285714302864757,1.9464286056089413
Qwen3.5-9B,random,random_12,Shenu Agarwal,d2,49,0.7959183673469388,0.6122448979591837,0.18367346938775508,0.23076923076923075,0.23076923076923078,9,39,4.247448980426938,2.5280612262669115,-1.7193877541600266
Qwen3.5-9B,random,random_12,Shenu Agarwal,d3,201,0.47761194029850745,0.31343283582089554,0.16417910447761191,0.34374999999999994,0.4270833333333333,41,96,3.1865671756965472,2.304726367870772,-0.8818408078257751
Qwen3.5-9B,random,random_12,Shenu Agarwal,d4,673,0.3447251114413076,0.21842496285289748,0.1263001485884101,0.36637931034482757,0.43103448275862066,100,232,3.2109955435182505,2.239970278247162,-0.9710252652710882
Qwen3.5-9B,random,random_12,Shenu Agarwal,d5,1000,0.451,0.297,0.15400000000000003,0.34146341463414637,0.3991130820399113,180,451,3.183187497597217,2.147562501781358,-1.035624995815859
Qwen3.5-9B,random,random_13,Bancolombia,d1,2,0.5,0.0,0.5,1.0,1.0,1,1,2.250000011175871,0.1250000298023224,-2.1249999813735485
Qwen3.5-9B,random,random_13,Bancolombia,d2,14,1.0,0.21428571428571427,0.7857142857142857,0.7857142857142857,0.7857142857142857,11,14,4.205357168460198,1.535714302345046,-2.669642866115152
Qwen3.5-9B,random,random_13,Bancolombia,d3,43,0.7674418604651163,0.13953488372093023,0.627906976744186,0.8181818181818181,0.8181818181818182,27,33,3.947674464039115,2.2529069771719445,-1.6947674868671703
Qwen3.5-9B,random,random_13,Bancolombia,d4,170,0.43529411764705883,0.11176470588235295,0.3235294117647059,0.7432432432432433,0.7432432432432432,55,74,3.3985294205044148,1.7202205916031208,-1.678308828901294
Qwen3.5-9B,random,random_13,Bancolombia,d5,433,0.5034642032332564,0.3187066974595843,0.18475750577367206,0.3669724770642202,0.3944954128440367,86,218,3.176963048067984,1.6841801396123721,-1.492782908455612
Qwen3.5-9B,random,random_14,Chelsea F.C. plc,d1,9,0.7777777777777778,0.1111111111111111,0.6666666666666667,0.8571428571428572,0.8571428571428571,6,7,3.3472221780878804,1.7222222089767456,-1.6249999691111348
Qwen3.5-9B,random,random_14,Chelsea F.C. plc,d2,43,0.46511627906976744,0.20930232558139536,0.2558139534883721,0.55,0.6,12,20,4.7180232695387785,1.6686046709804687,-3.0494185985583098
Qwen3.5-9B,random,random_14,Chelsea F.C. plc,d3,198,0.6060606060606061,0.2878787878787879,0.3181818181818182,0.525,0.575,69,120,3.743686867675584,1.3945707083171741,-2.34911615935841
Qwen3.5-9B,random,random_14,Chelsea F.C. plc,d4,794,0.4987405541561713,0.29219143576826195,0.20654911838790935,0.4141414141414142,0.4621212121212121,183,396,3.3277707785365838,1.4226227972359733,-1.9051479813006105
Qwen3.5-9B,random,random_14,Chelsea F.C. plc,d5,1000,0.392,0.239,0.15300000000000002,0.39030612244897966,0.4642857142857143,182,392,3.3244374997773773,1.5982500001321314,-1.726187499645246
Qwen3.5-9B,random,random_15,Errol Flynn,d1,7,0.5714285714285714,0.0,0.5714285714285714,1.0,1.0,4,4,3.535714343456285,2.5535714807254926,-0.9821428627307927
Qwen3.5-9B,random,random_15,Errol Flynn,d2,38,0.7894736842105263,0.3157894736842105,0.4736842105263158,0.6,0.6,18,30,3.457236822366739,1.858552623540163,-1.598684198826576
Qwen3.5-9B,random,random_15,Errol Flynn,d3,196,0.47959183673469385,0.30612244897959184,0.173469387755102,0.36170212765957444,0.44680851063829785,42,94,3.8405612163282505,2.1077806204319836,-1.732780595896267
Qwen3.5-9B,random,random_15,Errol Flynn,d4,866,0.48036951501154734,0.28752886836027713,0.1928406466512702,0.4014423076923077,0.4543269230769231,189,416,3.5443851022237163,2.31560334330754,-1.2287817589161762
Qwen3.5-9B,random,random_15,Errol Flynn,d5,1000,0.448,0.282,0.16600000000000004,0.37053571428571436,0.41964285714285715,188,448,3.228249999857508,2.4685624996180997,-0.7596875002394081
Qwen3.5-9B,random,random_2,"Carnation, Lily, Lily, Rose",d1,5,0.8,0.0,0.8,1.0,1.0,4,4,3.724999997857958,1.074999988079071,-2.650000009778887
Qwen3.5-9B,random,random_2,"Carnation, Lily, Lily, Rose",d2,24,0.5,0.4166666666666667,0.08333333333333331,0.16666666666666663,0.4166666666666667,5,12,2.9218750124370367,1.973958305704097,-0.9479167067329397
Qwen3.5-9B,random,random_2,"Carnation, Lily, Lily, Rose",d3,124,0.5725806451612904,0.3548387096774194,0.217741935483871,0.38028169014084506,0.4507042253521127,32,71,4.15524193508428,2.2741935491381633,-1.8810483859461171
Qwen3.5-9B,random,random_2,"Carnation, Lily, Lily, Rose",d4,658,0.5531914893617021,0.2613981762917933,0.29179331306990886,0.5274725274725275,0.5769230769230769,210,364,3.388107905879163,2.1244300888171193,-1.2636778170620437
Qwen3.5-9B,random,random_2,"Carnation, Lily, Lily, Rose",d5,1000,0.493,0.284,0.20900000000000002,0.42393509127789053,0.4949290060851927,244,493,3.4894999973386147,1.779312499766238,-1.7101874975723768
Qwen3.5-9B,random,random_3,Lawren Harris,d1,3,0.3333333333333333,0.0,0.3333333333333333,1.0,1.0,1,1,4.791666635933022,1.6249999872719247,-3.1666666486610975
Qwen3.5-9B,random,random_3,Lawren Harris,d2,21,1.0,0.047619047619047616,0.9523809523809523,0.9523809523809523,0.9523809523809523,20,21,4.976190505992799,1.9047618964243502,-3.071428609568448
Qwen3.5-9B,random,random_3,Lawren Harris,d3,117,0.7606837606837606,0.5128205128205128,0.24786324786324787,0.3258426966292135,0.3595505617977528,32,89,4.125000000140669,1.7467948804394557,-2.378205119701213
Qwen3.5-9B,random,random_3,Lawren Harris,d4,535,0.39626168224299063,0.2542056074766355,0.14205607476635512,0.3584905660377358,0.44339622641509435,94,212,3.6289719677673844,1.7585280358270203,-1.870443931940364
Qwen3.5-9B,random,random_3,Lawren Harris,d5,1000,0.409,0.232,0.17699999999999996,0.432762836185819,0.49144254278728605,201,409,3.2203749990991635,1.6629375045051566,-1.5574374945940068
Qwen3.5-9B,random,random_4,Christ Before the High Priest,d1,4,0.25,0.0,0.25,1.0,1.0,1,1,3.2812499459832907,2.468749960884452,-0.8124999850988388
Qwen3.5-9B,random,random_4,Christ Before the High Priest,d2,25,0.4,0.2,0.2,0.5,0.7,7,10,2.6449999954458328,1.6850000079721212,-0.9599999874737115
Qwen3.5-9B,random,random_4,Christ Before the High Priest,d3,113,0.5221238938053098,0.2831858407079646,0.23893805309734517,0.45762711864406785,0.5254237288135594,31,59,3.6144911374449133,1.693584077010772,-1.9209070604341414
Qwen3.5-9B,random,random_4,Christ Before the High Priest,d4,454,0.5506607929515418,0.2356828193832599,0.3149779735682819,0.572,0.616,154,250,3.4520925156982436,1.5216134390629632,-1.9304790766352804
Qwen3.5-9B,random,random_4,Christ Before the High Priest,d5,1000,0.458,0.26,0.198,0.43231441048034935,0.5,229,458,3.302000003533045,1.81250000254286,-1.489500000990185
Qwen3.5-9B,random,random_5,Paris Saint-Germain Judo,d1,3,1.0,0.0,1.0,1.0,1.0,3,3,3.708333314706882,6.666666822934833,2.9583335082279514
Qwen3.5-9B,random,random_5,Paris Saint-Germain Judo,d2,34,0.7647058823529411,0.08823529411764706,0.676470588235294,0.8846153846153846,0.8846153846153846,23,26,3.9411764885444427,2.5257352889405893,-1.4154411996038534
Qwen3.5-9B,random,random_5,Paris Saint-Germain Judo,d3,175,0.44,0.11428571428571428,0.32571428571428573,0.7402597402597403,0.8051948051948052,62,77,3.042500003444979,2.652857144725775,-0.389642858719204
Qwen3.5-9B,random,random_5,Paris Saint-Germain Judo,d4,599,0.41569282136894825,0.17195325542570952,0.24373956594323873,0.5863453815261044,0.6305220883534136,157,249,3.1357470789013324,2.1098706228354978,-1.0258764560658347
Qwen3.5-9B,random,random_5,Paris Saint-Germain Judo,d5,1000,0.473,0.158,0.31499999999999995,0.6659619450317124,0.6955602536997886,329,473,3.09949999663153,2.0451250028166323,-1.0543749938148976
Qwen3.5-9B,random,random_6,Silappadikaram,d1,6,0.3333333333333333,0.0,0.3333333333333333,1.0,1.0,2,2,4.229166685681169,1.812500028560559,-2.4166666571206097
Qwen3.5-9B,random,random_6,Silappadikaram,d2,21,0.38095238095238093,0.2857142857142857,0.09523809523809523,0.25,0.25,2,8,4.1904761520619065,2.220238090758877,-1.9702380613030295
Qwen3.5-9B,random,random_6,Silappadikaram,d3,76,0.5789473684210527,0.42105263157894735,0.1578947368421053,0.2727272727272728,0.38636363636363635,17,44,3.9671052785408008,1.7253289345137186,-2.241776344027082
Qwen3.5-9B,random,random_6,Silappadikaram,d4,320,0.55,0.296875,0.25312500000000004,0.46022727272727276,0.5,88,176,3.5578125050620883,1.3496093729540006,-2.2082031321080877
Qwen3.5-9B,random,random_6,Silappadikaram,d5,1000,0.468,0.282,0.18600000000000005,0.3974358974358975,0.47649572649572647,223,468,3.270187502789413,1.4922499985627364,-1.7779375042266767
Qwen3.5-9B,random,random_7,David Bell,d1,12,0.08333333333333333,0.0,0.08333333333333333,1.0,1.0,1,1,1.5729166467984517,0.6666666666666666,-0.906249980131785
Qwen3.5-9B,random,random_7,David Bell,d2,84,0.7738095238095238,0.4166666666666667,0.35714285714285715,0.4615384615384615,0.5076923076923077,33,65,4.7782738078151725,1.62648807754851,-3.1517857302666625
Qwen3.5-9B,random,random_7,David Bell,d3,470,0.5148936170212766,0.20851063829787234,0.30638297872340425,0.5950413223140496,0.6322314049586777,153,242,3.4398936140126217,1.4409574443642843,-1.9989361696483374
Qwen3.5-9B,random,random_7,David Bell,d4,1000,0.436,0.252,0.184,0.4220183486238532,0.48623853211009177,212,436,3.4355000000241853,1.4713749989410863,-1.964125001083099
Qwen3.5-9B,random,random_7,David Bell,d5,1000,0.395,0.19,0.20500000000000002,0.5189873417721519,0.5848101265822785,231,395,3.4857500006042463,1.500875000462518,-1.9848750001417284
Qwen3.5-9B,random,random_8,Jane Harrington,d1,7,0.0,0.0,0.0,,,0,0,2.714285712156977,3.7500000655917183,1.0357143534347415
Qwen3.5-9B,random,random_8,Jane Harrington,d2,66,0.6060606060606061,0.48484848484848486,0.12121212121212122,0.2,0.35,14,40,4.066287872175136,2.284090900589063,-1.7821969715860728
Qwen3.5-9B,random,random_8,Jane Harrington,d3,376,0.5159574468085106,0.2632978723404255,0.2526595744680851,0.4896907216494846,0.5412371134020618,105,194,3.27027925275062,1.7152593136982413,-1.5550199390523787
Qwen3.5-9B,random,random_8,Jane Harrington,d4,1000,0.426,0.255,0.17099999999999999,0.4014084507042253,0.4694835680751174,200,426,3.708187502912777,1.7925000015353434,-1.9156875013774335
Qwen3.5-9B,random,random_8,Jane Harrington,d5,1000,0.381,0.195,0.186,0.4881889763779527,0.5538057742782152,211,381,3.5513749983403393,1.6816874989086064,-1.869687499431733
Qwen3.5-9B,random,random_9,John Cohen,d1,3,0.0,0.0,0.0,,,0,0,1.1666666666666667,2.8333333001161614,1.6666666334494946
Qwen3.5-9B,random,random_9,John Cohen,d2,39,0.8717948717948718,0.48717948717948717,0.38461538461538464,0.44117647058823534,0.5,17,34,5.381410240968809,2.8557692457480024,-2.5256409952208068
Qwen3.5-9B,random,random_9,John Cohen,d3,274,0.49635036496350365,0.24452554744525548,0.25182481751824815,0.5073529411764706,0.5514705882352942,75,136,3.3485401409502265,1.8795620328508806,-1.4689781080993458
Qwen3.5-9B,random,random_9,John Cohen,d4,1000,0.481,0.289,0.192,0.3991683991683992,0.45114345114345117,217,481,3.7281874964211386,1.7529374985957402,-1.9752499978253983
Qwen3.5-9B,random,random_9,John Cohen,d5,1000,0.355,0.194,0.16099999999999998,0.45352112676056333,0.5126760563380282,182,355,3.722000000861386,1.7061874998594868,-2.015812501001899
Qwen3.5-9B,tail,tail_1,"Brewster, Washington",d1,1,1.0,0.0,1.0,1.0,1.0,1,1,6.750000031199306,1.8749998807907104,-4.875000150408596
Qwen3.5-9B,tail,tail_1,"Brewster, Washington",d2,28,0.8214285714285714,0.5,0.3214285714285714,0.3913043478260869,0.4782608695652174,11,23,5.013392852261729,2.921874988649506,-2.091517863612223
Qwen3.5-9B,tail,tail_1,"Brewster, Washington",d3,205,0.5707317073170731,0.22926829268292684,0.3414634146341463,0.5982905982905983,0.6324786324786325,74,117,3.196341459212041,1.5246951202805177,-1.6716463389315235
Qwen3.5-9B,tail,tail_1,"Brewster, Washington",d4,954,0.4549266247379455,0.3060796645702306,0.14884696016771487,0.32718894009216587,0.4423963133640553,192,434,3.865238468956321,1.49698637215815,-2.3682520967981713
Qwen3.5-9B,tail,tail_1,"Brewster, Washington",d5,1000,0.418,0.199,0.21899999999999997,0.5239234449760765,0.5861244019138756,245,418,3.80418750239021,1.6317499998921994,-2.1724375024980107
Qwen3.5-9B,tail,tail_10,Pocklington,d1,1,0.0,0.0,0.0,,,0,0,4.74999993480742,1.3749998807907104,-3.3750000540167093
Qwen3.5-9B,tail,tail_10,Pocklington,d2,11,0.9090909090909091,0.8181818181818182,0.09090909090909083,0.09999999999999991,0.1,1,10,2.874999949570999,1.8068181804635308,-1.0681817691074682
Qwen3.5-9B,tail,tail_10,Pocklington,d3,55,0.36363636363636365,0.3090909090909091,0.054545454545454564,0.15000000000000005,0.3,6,20,2.4568181907250124,2.6909090934659945,0.2340909027409821
Qwen3.5-9B,tail,tail_10,Pocklington,d4,186,0.543010752688172,0.3763440860215054,0.16666666666666663,0.30693069306930687,0.38613861386138615,39,101,3.9858871028189107,1.9223790359783477,-2.063508066840563
Qwen3.5-9B,tail,tail_10,Pocklington,d5,679,0.5655375552282769,0.3799705449189985,0.18556701030927836,0.328125,0.3776041666666667,145,384,3.6918262121690693,1.9571060394197537,-1.7347201727493156
Qwen3.5-9B,tail,tail_11,"St. John's School, Dorchester",d1,1,0.0,1.0,-1.0,,,0,0,1.7500000596046448,6.37499979371205,4.624999734107405
Qwen3.5-9B,tail,tail_11,"St. John's School, Dorchester",d2,4,0.25,0.0,0.25,1.0,1.0,1,1,2.1250000121071935,0.999999962747097,-1.1250000493600965
Qwen3.5-9B,tail,tail_11,"St. John's School, Dorchester",d3,46,0.9782608695652174,0.9130434782608695,0.0652173913043479,0.06666666666666674,0.06666666666666667,3,45,4.578804370406863,3.0190217243456887,-1.5597826460611746
Qwen3.5-9B,tail,tail_11,"St. John's School, Dorchester",d4,265,0.569811320754717,0.5169811320754717,0.05283018867924527,0.09271523178807946,0.152317880794702,23,151,3.263679242061719,3.194575465744842,-0.0691037763168767
Qwen3.5-9B,tail,tail_11,"St. John's School, Dorchester",d5,1000,0.382,0.354,0.028000000000000025,0.07329842931937179,0.17015706806282724,65,382,3.398374998014253,3.507562502107321,0.1091875040930681
Qwen3.5-9B,tail,tail_12,Eric Fisher,d1,1,1.0,0.0,1.0,1.0,1.0,1,1,3.624999985098839,0.875,-2.749999985098839
Qwen3.5-9B,tail,tail_12,Eric Fisher,d2,2,0.5,0.0,0.5,1.0,1.0,1,1,0.3750000298023224,1.7499999403953552,1.3749999105930328
Qwen3.5-9B,tail,tail_12,Eric Fisher,d3,45,0.28888888888888886,0.17777777777777778,0.11111111111111108,0.3846153846153845,0.46153846153846156,6,13,2.263888872357913,1.461111106351018,-0.8027777660068951
Qwen3.5-9B,tail,tail_12,Eric Fisher,d4,242,0.6900826446280992,0.33884297520661155,0.35123966942148765,0.5089820359281437,0.5389221556886228,90,167,3.37603306081959,2.1162190018991422,-1.2598140589204476
Qwen3.5-9B,tail,tail_12,Eric Fisher,d5,1000,0.472,0.4,0.07199999999999995,0.15254237288135583,0.2245762711864407,106,472,3.318125005586975,2.1610624989864884,-1.1570625066004867
Qwen3.5-9B,tail,tail_13,Haicheng,d1,1,1.0,0.0,1.0,1.0,1.0,1,1,5.624999836087227,3.6250000074505806,-1.9999998286366463
Qwen3.5-9B,tail,tail_13,Haicheng,d2,5,0.4,0.2,0.2,0.5,0.5,1,2,3.7750000175554304,2.5500000186264513,-1.224999998928979
Qwen3.5-9B,tail,tail_13,Haicheng,d3,41,0.7073170731707317,0.04878048780487805,0.6585365853658536,0.9310344827586207,0.9655172413793104,28,29,2.932926830846998,2.1280487773332335,-0.8048780535137645
Qwen3.5-9B,tail,tail_13,Haicheng,d4,130,0.45384615384615384,0.2230769230769231,0.23076923076923075,0.5084745762711864,0.559322033898305,33,59,2.925961529048912,2.775961537805135,-0.1499999912437766
Qwen3.5-9B,tail,tail_13,Haicheng,d5,276,0.322463768115942,0.12318840579710146,0.19927536231884058,0.6179775280898877,0.6629213483146067,59,89,2.5871829713698546,3.1739130434369778,0.5867300720671231
Qwen3.5-9B,tail,tail_14,Maude,d1,1,1.0,0.0,1.0,1.0,1.0,1,1,9.499999782652594,0.5,-8.999999782652594
Qwen3.5-9B,tail,tail_14,Maude,d2,7,0.14285714285714285,0.0,0.14285714285714285,1.0,1.0,1,1,4.803571320371702,0.7142857142857143,-4.089285606085988
Qwen3.5-9B,tail,tail_14,Maude,d3,35,0.7142857142857143,0.5142857142857142,0.20000000000000007,0.2800000000000001,0.32,8,25,4.7214285582370525,1.9714285832829774,-2.749999974954075
Qwen3.5-9B,tail,tail_14,Maude,d4,249,0.5100401606425703,0.18473895582329317,0.32530120481927716,0.6377952755905513,0.6692913385826772,85,127,3.0773092302924816,1.3441265059044083,-1.7331827243880733
Qwen3.5-9B,tail,tail_14,Maude,d5,1000,0.41,0.226,0.18399999999999997,0.448780487804878,0.524390243902439,215,410,3.513874995666993,1.5863125015042023,-1.9275624941627905
Qwen3.5-9B,tail,tail_15,Rome Community Festival,d1,1,1.0,0.0,1.0,1.0,1.0,1,1,5.50000003259629,5.624999765306711,0.12499973271042109
Qwen3.5-9B,tail,tail_15,Rome Community Festival,d2,4,0.5,0.5,0.0,0.0,0.0,0,2,2.4375000186264515,0.3749999701976776,-2.062500048428774
Qwen3.5-9B,tail,tail_15,Rome Community Festival,d3,34,0.7647058823529411,0.6176470588235294,0.1470588235294117,0.1923076923076922,0.34615384615384615,9,26,4.6139705729301035,1.6433823344242924,-2.970588238505811
Qwen3.5-9B,tail,tail_15,Rome Community Festival,d4,239,0.5774058577405857,0.25523012552301255,0.3221757322175732,0.5579710144927535,0.5869565217391305,81,138,3.3959204999103587,1.230648541267743,-2.1652719586426157
Qwen3.5-9B,tail,tail_15,Rome Community Festival,d5,1000,0.489,0.348,0.14100000000000001,0.28834355828220865,0.37627811860940696,184,489,3.9179999968159174,1.4069375001571607,-2.5110624966587567
Qwen3.5-9B,tail,tail_2,Ivo Andrić,d1,2,0.0,0.0,0.0,,,0,0,2.375000048428774,2.124999923631549,-0.250000124797225
Qwen3.5-9B,tail,tail_2,Ivo Andrić,d2,13,0.8461538461538461,0.15384615384615385,0.6923076923076923,0.8181818181818181,0.8181818181818182,9,11,3.749999975220327,1.5384615401809032,-2.211538435039424
Qwen3.5-9B,tail,tail_2,Ivo Andrić,d3,23,0.782608695652174,0.08695652173913043,0.6956521739130435,0.8888888888888888,0.8888888888888888,16,18,3.8586956856335113,1.043478257306244,-2.8152174283272675
Qwen3.5-9B,tail,tail_2,Ivo Andrić,d4,85,0.32941176470588235,0.2,0.12941176470588234,0.3928571428571428,0.5,14,28,2.620588241536718,1.1308823631966816,-1.4897058783400363
Qwen3.5-9B,tail,tail_2,Ivo Andrić,d5,154,0.4025974025974026,0.2662337662337662,0.1363636363636364,0.3387096774193549,0.4032258064516129,25,62,3.3295454527957284,1.0430194787777864,-2.286525974017942
Qwen3.5-9B,tail,tail_3,Kanchipuram,d1,1,1.0,0.0,1.0,1.0,1.0,1,1,5.499999898485839,1.1250000596046448,-4.374999838881195
Qwen3.5-9B,tail,tail_3,Kanchipuram,d2,23,0.9130434782608695,0.391304347826087,0.5217391304347825,0.5714285714285713,0.5714285714285714,12,21,4.842391303411442,2.081521752275243,-2.760869551136199
Qwen3.5-9B,tail,tail_3,Kanchipuram,d3,147,0.5306122448979592,0.17687074829931973,0.3537414965986395,0.6666666666666667,0.7051282051282052,55,78,3.323979598951928,1.880952378925012,-1.443027220026916
Qwen3.5-9B,tail,tail_3,Kanchipuram,d4,614,0.3973941368078176,0.21335504885993486,0.18403908794788273,0.4631147540983606,0.5204918032786885,127,244,3.2510179214547628,2.10219869872116,-1.1488192227336027
Qwen3.5-9B,tail,tail_3,Kanchipuram,d5,1000,0.383,0.228,0.155,0.4046997389033942,0.4699738903394256,180,383,3.045000000917251,2.2228125001341104,-0.8221875007831407
Qwen3.5-9B,tail,tail_4,Magadi,d1,1,0.0,0.0,0.0,,,0,0,3.3749999590218067,1.4999999403953552,-1.8750000186264515
Qwen3.5-9B,tail,tail_4,Magadi,d2,23,0.9130434782608695,0.2608695652173913,0.6521739130434783,0.7142857142857143,0.7619047619047619,16,21,4.842391303411442,0.9782608601710071,-3.864130443240435
Qwen3.5-9B,tail,tail_4,Magadi,d3,147,0.5306122448979592,0.1836734693877551,0.34693877551020413,0.6538461538461539,0.6538461538461539,51,78,3.323979598951928,1.6428571411180406,-1.6811224578338875
Qwen3.5-9B,tail,tail_4,Magadi,d4,614,0.3973941368078176,0.24429967426710097,0.15309446254071662,0.3852459016393443,0.45081967213114754,110,244,3.2510179214547628,1.6324307795504793,-1.6185871419042834
Qwen3.5-9B,tail,tail_4,Magadi,d5,1000,0.374,0.173,0.201,0.5374331550802139,0.5909090909090909,221,374,3.000500000395041,1.6319375027911738,-1.3685624976038673
Qwen3.5-9B,tail,tail_5,Greater Moncton Roméo LeBlanc International Airport,d1,3,0.6666666666666666,0.0,0.6666666666666666,1.0,1.0,2,2,3.5833333047727742,3.9166666322077313,0.333333327434957
Qwen3.5-9B,tail,tail_5,Greater Moncton Roméo LeBlanc International Airport,d2,24,0.9583333333333334,0.5,0.45833333333333337,0.4782608695652174,0.4782608695652174,11,23,4.890625026717316,2.281249988276007,-2.6093750384413092
Qwen3.5-9B,tail,tail_5,Greater Moncton Roméo LeBlanc International Airport,d3,119,0.7478991596638656,0.6134453781512605,0.134453781512605,0.17977528089887634,0.2247191011235955,20,89,4.0997899142063385,3.004201675456569,-1.0955882387497695
Qwen3.5-9B,tail,tail_5,Greater Moncton Roméo LeBlanc International Airport,d4,536,0.38992537313432835,0.31902985074626866,0.07089552238805968,0.18181818181818177,0.2679425837320574,56,209,3.6298973873871505,3.290811557301157,-0.3390858300859936
Qwen3.5-9B,tail,tail_5,Greater Moncton Roméo LeBlanc International Airport,d5,1000,0.423,0.341,0.08199999999999996,0.193853427895981,0.24822695035460993,105,423,3.2596250010431613,3.340375000241533,0.08074999919837156
Qwen3.5-9B,tail,tail_6,Partition of India,d1,1,1.0,0.0,1.0,1.0,1.0,1,1,8.624999540799763,0.75,-7.874999540799763
Qwen3.5-9B,tail,tail_7,Balangero,d1,1,1.0,0.0,1.0,1.0,1.0,1,1,4.625000045634806,4.874999867752194,0.24999982211738825
Qwen3.5-9B,tail,tail_7,Balangero,d2,19,0.8421052631578947,0.05263157894736842,0.7894736842105263,0.9375000000000001,0.9375,15,16,4.914473712390693,1.7697368253414567,-3.1447368870492367
Qwen3.5-9B,tail,tail_7,Balangero,d3,94,0.7978723404255319,0.1276595744680851,0.6702127659574468,0.8400000000000001,0.8533333333333334,64,75,4.022606385107019,1.2154255338270772,-2.8071808512799414
Qwen3.5-9B,tail,tail_7,Balangero,d4,558,0.43010752688172044,0.2921146953405018,0.13799283154121866,0.3208333333333334,0.43333333333333335,104,240,3.2591845892124294,1.3926971331222056,-1.8664874560902238
Qwen3.5-9B,tail,tail_7,Balangero,d5,1000,0.405,0.227,0.17800000000000002,0.4395061728395062,0.5135802469135803,208,405,3.175249998288964,1.498062502120156,-1.677187496168808
Qwen3.5-9B,tail,tail_8,Great Island,d1,2,0.0,0.0,0.0,,,0,0,0.3125,7.3749999662686605,7.0624999662686605
Qwen3.5-9B,tail,tail_8,Great Island,d2,20,0.8,0.05,0.75,0.9375,0.9375,15,16,3.868749989749631,0.8812499985098838,-2.987499991239747
Qwen3.5-9B,tail,tail_8,Great Island,d3,75,0.6133333333333333,0.08,0.5333333333333333,0.8695652173913044,0.8695652173913043,40,46,3.4800000077408426,1.711666668332182,-1.7683333394086607
Qwen3.5-9B,tail,tail_8,Great Island,d4,381,0.3963254593175853,0.23097112860892388,0.1653543307086614,0.4172185430463576,0.4768211920529801,72,151,3.6722440916358607,1.5711942285071971,-2.1010498631286634
Qwen3.5-9B,tail,tail_8,Great Island,d5,1000,0.442,0.183,0.259,0.5859728506787331,0.6606334841628959,292,442,3.099937499302345,1.7880000015145634,-1.3119374977877816
Qwen3.5-9B,tail,tail_9,Royal Borough of Windsor and Maidenhead,d1,1,0.0,0.0,0.0,,,0,0,11.875000000465661,0.25,-11.625000000465661
Qwen3.5-9B,tail,tail_9,Royal Borough of Windsor and Maidenhead,d2,11,0.9090909090909091,0.6363636363636364,0.2727272727272727,0.3,0.3,3,10,2.874999949570999,2.295454520562833,-0.5795454290081659
Qwen3.5-9B,tail,tail_9,Royal Borough of Windsor and Maidenhead,d3,55,0.36363636363636365,0.2545454545454545,0.10909090909090913,0.3000000000000001,0.5,10,20,2.4568181907250124,1.4000000020319765,-1.056818188693036
Qwen3.5-9B,tail,tail_9,Royal Borough of Windsor and Maidenhead,d4,186,0.543010752688172,0.27956989247311825,0.26344086021505375,0.48514851485148514,0.5148514851485149,52,101,3.9858871028189107,1.4543010794848044,-2.531586023334106
Qwen3.5-9B,tail,tail_9,Royal Borough of Windsor and Maidenhead,d5,679,0.5655375552282769,0.35051546391752575,0.21502209131075112,0.38020833333333337,0.4270833333333333,164,384,3.6918262121690693,1.6272091347885707,-2.0646170773804986
Gemma-4-E4B-it,hub,hub_1,Australia,d1,17,0.8823529411764706,0.8823529411764706,0.0,0.0,0.0,0,15,7.150735270392809,7.301470500187058,0.15073522979424947
Gemma-4-E4B-it,hub,hub_1,Australia,d2,117,0.38461538461538464,0.3418803418803419,0.04273504273504275,0.11111111111111115,0.1111111111111111,5,45,4.068376037180555,4.1778845831567875,0.10950854597623216
Gemma-4-E4B-it,hub,hub_1,Australia,d3,528,0.3371212121212121,0.3314393939393939,0.005681818181818177,0.01685393258426965,0.056179775280898875,10,178,4.897964013857613,4.687085712645569,-0.21087830121204387
Gemma-4-E4B-it,hub,hub_1,Australia,d4,1000,0.324,0.31,0.014000000000000012,0.043209876543209916,0.08333333333333333,27,324,4.0787499982016655,4.605656247632767,0.5269062494311019
Gemma-4-E4B-it,hub,hub_1,Australia,d5,1000,0.318,0.318,0.0,0.0,0.06918238993710692,22,318,4.331499989327129,4.565906250004624,0.23440626067749548
Gemma-4-E4B-it,hub,hub_10,Spain,d1,19,0.9473684210526315,0.9473684210526315,0.0,0.0,0.0,0,18,8.18421045736039,7.8618420383997885,-0.3223684189606013
Gemma-4-E4B-it,hub,hub_10,Spain,d2,76,0.4473684210526316,0.40789473684210525,0.03947368421052633,0.08823529411764708,0.11764705882352941,4,34,3.4325657845631787,4.328124999945622,0.8955592153824434
Gemma-4-E4B-it,hub,hub_10,Spain,d3,368,0.25271739130434784,0.2608695652173913,-0.008152173913043459,-0.032258064516128955,0.07526881720430108,7,93,4.689877721179325,5.494395370518324,0.8045176493389992
Gemma-4-E4B-it,hub,hub_10,Spain,d4,870,0.34367816091954023,0.35172413793103446,-0.008045977011494232,-0.023411371237458133,0.06020066889632107,18,299,3.9266522912234914,4.806034482105411,0.8793821908819197
Gemma-4-E4B-it,hub,hub_10,Spain,d5,1000,0.382,0.383,-0.0010000000000000009,-0.002617801047120421,0.07068062827225131,27,382,4.388187486825191,5.070312498504707,0.6821250116795161
Gemma-4-E4B-it,hub,hub_11,New York City,d1,13,1.0,1.0,0.0,0.0,0.0,0,13,6.85576919077693,4.6778846425989355,-2.1778845481779943
Gemma-4-E4B-it,hub,hub_11,New York City,d2,108,0.4166666666666667,0.4166666666666667,0.0,0.0,0.08888888888888889,4,45,4.820601821868253,3.6429397997331527,-1.1776620221351006
Gemma-4-E4B-it,hub,hub_11,New York City,d3,365,0.3780821917808219,0.3589041095890411,0.0191780821917808,0.05072463768115936,0.10869565217391304,15,138,3.0777397192221567,3.3299657491096757,0.25222602988751897
Gemma-4-E4B-it,hub,hub_11,New York City,d4,1000,0.264,0.234,0.03,0.11363636363636363,0.20833333333333334,55,264,3.8181249979676286,4.0458750100753935,0.2277500121077649
Gemma-4-E4B-it,hub,hub_11,New York City,d5,1000,0.304,0.294,0.010000000000000009,0.032894736842105296,0.09868421052631579,30,304,4.827624985815602,5.117187497926279,0.2895625121106775
Gemma-4-E4B-it,hub,hub_12,University of Cambridge,d1,16,0.375,0.3125,0.0625,0.16666666666666666,0.3333333333333333,2,6,4.7031249532286665,3.2695312267678673,-1.4335937264607992
Gemma-4-E4B-it,hub,hub_12,University of Cambridge,d2,68,0.35294117647058826,0.35294117647058826,0.0,0.0,0.041666666666666664,1,24,4.446691178176693,4.906250024017508,0.45955884584081463
Gemma-4-E4B-it,hub,hub_12,University of Cambridge,d3,347,0.484149855907781,0.484149855907781,0.0,0.0,0.041666666666666664,7,168,4.497658498391541,4.462536014951792,-0.035122483439749
Gemma-4-E4B-it,hub,hub_12,University of Cambridge,d4,1000,0.359,0.369,-0.010000000000000009,-0.027855153203342645,0.07520891364902507,27,359,4.151937493698814,4.3383124982199845,0.18637500452117095
Gemma-4-E4B-it,hub,hub_12,University of Cambridge,d5,1000,0.276,0.255,0.02100000000000002,0.07608695652173919,0.13768115942028986,38,276,3.979624999632596,4.444812494233811,0.4651874946012149
Gemma-4-E4B-it,hub,hub_13,Harvard University,d1,11,0.7272727272727273,0.7272727272727273,0.0,0.0,0.0,0,8,5.24999988187549,3.329545424975963,-1.920454456899527
Gemma-4-E4B-it,hub,hub_13,Harvard University,d2,77,0.45454545454545453,0.45454545454545453,0.0,0.0,0.05714285714285714,2,35,6.487012970261441,6.022727263449104,-0.46428570681233694
Gemma-4-E4B-it,hub,hub_13,Harvard University,d3,340,0.47058823529411764,0.45,0.02058823529411763,0.04374999999999996,0.08125,13,160,3.539705885107073,3.3898897101481613,-0.14981617495891175
Gemma-4-E4B-it,hub,hub_13,Harvard University,d4,1000,0.304,0.273,0.030999999999999972,0.10197368421052623,0.17763157894736842,54,304,3.8825624952756943,4.406937501137611,0.5243750058619163
Gemma-4-E4B-it,hub,hub_13,Harvard University,d5,1000,0.317,0.302,0.015000000000000013,0.04731861198738174,0.10094637223974763,32,317,4.615437491621011,5.353687486412735,0.7382499947917243
Gemma-4-E4B-it,hub,hub_14,Apple Inc.,d1,12,0.75,0.75,0.0,0.0,0.0,0,9,6.395833389940435,5.229166675407517,-1.1666667145329184
Gemma-4-E4B-it,hub,hub_14,Apple Inc.,d2,61,0.6065573770491803,0.5901639344262295,0.016393442622950838,0.027027027027027056,0.02702702702702703,1,37,6.1475409140602855,5.305327834729053,-0.8422130793312324
Gemma-4-E4B-it,hub,hub_14,Apple Inc.,d3,314,0.48089171974522293,0.5063694267515924,-0.02547770700636942,-0.05298013245033111,0.019867549668874173,3,151,3.7046178390806848,3.807125788180717,0.10250794910003203
Gemma-4-E4B-it,hub,hub_14,Apple Inc.,d4,1000,0.289,0.289,0.0,0.0,0.11764705882352941,34,289,3.988562497584581,4.194374996506185,0.20581249892160391
Gemma-4-E4B-it,hub,hub_14,Apple Inc.,d5,1000,0.339,0.317,0.02200000000000002,0.06489675516224194,0.10324483775811209,35,339,4.591187494553126,4.808468747794191,0.2172812532410653
Gemma-4-E4B-it,hub,hub_15,University of Oxford,d1,17,0.29411764705882354,0.35294117647058826,-0.05882352941176472,-0.20000000000000004,0.0,0,5,4.235294087447983,3.5183823504861826,-0.7169117369618001
Gemma-4-E4B-it,hub,hub_15,University of Oxford,d2,77,0.38961038961038963,0.36363636363636365,0.025974025974025983,0.06666666666666668,0.1,3,30,4.5389610262994555,3.8717532585096825,-0.667207767789773
Gemma-4-E4B-it,hub,hub_15,University of Oxford,d3,306,0.40522875816993464,0.4084967320261438,-0.0032679738562091387,-0.00806451612903223,0.056451612903225805,7,124,4.425857837755803,3.9775326808166285,-0.44832515693917463
Gemma-4-E4B-it,hub,hub_15,University of Oxford,d4,1000,0.397,0.381,0.016000000000000014,0.040302267002518925,0.08564231738035265,34,397,4.244874993379895,4.013078125977889,-0.23179686740200633
Gemma-4-E4B-it,hub,hub_15,University of Oxford,d5,1000,0.271,0.267,0.0040000000000000036,0.014760147601476026,0.11439114391143912,31,271,3.910437497530881,3.981531254942776,0.07109375741189528
Gemma-4-E4B-it,hub,hub_2,China,d1,4,0.5,0.5,0.0,0.0,0.0,0,2,6.125000059642389,4.718749918916728,-1.4062501407256605
Gemma-4-E4B-it,hub,hub_2,China,d2,4,0.5,0.0,0.5,1.0,1.0,2,2,2.406250074505806,1.718749962747097,-0.687500111758709
Gemma-4-E4B-it,hub,hub_2,China,d3,4,0.0,0.0,0.0,,,0,0,5.968749974417733,7.218750163825462,1.2500001894077286
Gemma-4-E4B-it,hub,hub_2,China,d4,4,0.25,0.25,0.0,0.0,0.0,0,1,5.687500010397343,5.343750058586011,-0.3437499518113327
Gemma-4-E4B-it,hub,hub_2,China,d5,3,0.3333333333333333,0.0,0.3333333333333333,1.0,1.0,1,1,2.791666722546021,0.9166666467984518,-1.875000075747569
Gemma-4-E4B-it,hub,hub_3,United States,d1,28,0.8571428571428571,0.8571428571428571,0.0,0.0,0.0,0,24,8.232142750982673,7.439732178975776,-0.7924105720068972
Gemma-4-E4B-it,hub,hub_3,United States,d2,205,0.4634146341463415,0.4292682926829268,0.034146341463414664,0.07368421052631585,0.09473684210526316,9,95,3.1969512182909434,3.481097563285744,0.2841463449948005
Gemma-4-E4B-it,hub,hub_3,United States,d3,954,0.3018867924528302,0.279874213836478,0.022012578616352196,0.07291666666666666,0.19444444444444445,56,288,3.8821409832304727,4.532593032296456,0.6504520490659829
Gemma-4-E4B-it,hub,hub_3,United States,d4,1000,0.295,0.277,0.01799999999999996,0.061016949152542244,0.09830508474576272,29,295,4.837874991229198,5.528218757313241,0.6903437660840437
Gemma-4-E4B-it,hub,hub_3,United States,d5,1000,0.349,0.333,0.01599999999999996,0.04584527220630361,0.09169054441260745,32,349,4.262374990599546,4.9939374935630525,0.7315625029635067
Gemma-4-E4B-it,hub,hub_4,England,d1,15,1.0,1.0,0.0,0.0,0.0,0,15,8.200000034810122,5.548958288591044,-2.651041746219078
Gemma-4-E4B-it,hub,hub_4,England,d2,117,0.42735042735042733,0.42735042735042733,0.0,0.0,0.02,1,50,3.6623931484609007,3.554487181996079,-0.10790596646482165
Gemma-4-E4B-it,hub,hub_4,England,d3,614,0.3127035830618892,0.26058631921824105,0.052117263843648176,0.16666666666666657,0.22395833333333334,43,192,4.550692175440409,4.272534095703374,-0.2781580797370342
Gemma-4-E4B-it,hub,hub_4,England,d4,1000,0.294,0.254,0.03999999999999998,0.1360544217687074,0.17346938775510204,51,294,3.985562503092498,4.684317388581809,0.6987548854893104
Gemma-4-E4B-it,hub,hub_4,England,d5,1000,0.28,0.227,0.05300000000000002,0.18928571428571433,0.225,63,280,4.068062499192827,4.685558592270094,0.6174960930772668
Gemma-4-E4B-it,hub,hub_5,India,d1,23,0.9565217391304348,0.9130434782608695,0.0434782608695653,0.04545454545454554,0.045454545454545456,1,22,8.100543551667057,7.3233695344612855,-0.7771740172057715
Gemma-4-E4B-it,hub,hub_5,India,d2,147,0.46258503401360546,0.46938775510204084,-0.006802721088435382,-0.014705882352941192,0.04411764705882353,3,68,3.6921768710848,3.2283163148762233,-0.4638605562085769
Gemma-4-E4B-it,hub,hub_5,India,d3,614,0.2752442996742671,0.2719869706840391,0.0032573289902280145,0.011834319526627224,0.1834319526627219,31,169,4.4932817470847795,4.22231270040703,-0.2709690466777497
Gemma-4-E4B-it,hub,hub_5,India,d4,1000,0.263,0.282,-0.01899999999999996,-0.07224334600760442,0.12927756653992395,34,263,4.0898749987910685,4.173874998843268,0.08400000005219965
Gemma-4-E4B-it,hub,hub_5,India,d5,1000,0.358,0.354,0.0040000000000000036,0.01117318435754191,0.09217877094972067,33,358,4.446374996274633,4.439812502138797,-0.006562494135835983
Gemma-4-E4B-it,hub,hub_6,Italy,d1,19,0.8421052631578947,0.8421052631578947,0.0,0.0,0.0,0,16,7.638157872154807,6.67434208514705,-0.963815787007757
Gemma-4-E4B-it,hub,hub_6,Italy,d2,94,0.7872340425531915,0.7872340425531915,0.0,0.0,0.0,0,74,4.648936147358654,4.181515959706303,-0.46742018765235116
Gemma-4-E4B-it,hub,hub_6,Italy,d3,558,0.2921146953405018,0.25268817204301075,0.03942652329749102,0.13496932515337418,0.1656441717791411,27,163,4.36469533021734,4.766465060573349,0.40176973035600927
Gemma-4-E4B-it,hub,hub_6,Italy,d4,1000,0.284,0.274,0.009999999999999953,0.035211267605633645,0.09507042253521127,27,284,4.190374988532667,4.623437501004793,0.43306251247212657
Gemma-4-E4B-it,hub,hub_6,Italy,d5,1000,0.42,0.402,0.01799999999999996,0.04285714285714277,0.08333333333333333,35,420,4.516374991924599,4.891906243714393,0.37553125178979396
Gemma-4-E4B-it,hub,hub_7,Germany,d1,24,0.9166666666666666,0.9166666666666666,0.0,0.0,0.045454545454545456,1,22,7.578124963022067,7.859374922859085,0.2812499598370177
Gemma-4-E4B-it,hub,hub_7,Germany,d2,136,0.4338235294117647,0.4117647058823529,0.022058823529411797,0.05084745762711872,0.11864406779661017,7,59,3.939338227796939,4.118336390022652,0.17899816222571285
Gemma-4-E4B-it,hub,hub_7,Germany,d3,548,0.34124087591240876,0.34306569343065696,-0.0018248175182482007,-0.005347593582887776,0.0962566844919786,18,187,4.6901231648872175,5.384238141262628,0.6941149763754106
Gemma-4-E4B-it,hub,hub_7,Germany,d4,1000,0.315,0.319,-0.0040000000000000036,-0.012698412698412709,0.05396825396825397,17,315,4.132625000333205,5.253285152352977,1.1206601520197728
Gemma-4-E4B-it,hub,hub_7,Germany,d5,1000,0.298,0.306,-0.008000000000000007,-0.02684563758389264,0.09395973154362416,28,298,3.9520625007267594,4.883031241384593,0.9309687406578337
Gemma-4-E4B-it,hub,hub_8,Canada,d1,21,1.0,1.0,0.0,0.0,0.0,0,21,8.651785645521201,6.517857092572653,-2.1339285529485483
Gemma-4-E4B-it,hub,hub_8,Canada,d2,117,0.6752136752136753,0.6666666666666666,0.008547008547008628,0.012658227848101385,0.06329113924050633,5,79,3.992521354535478,3.955662401694542,-0.03685895284093599
Gemma-4-E4B-it,hub,hub_8,Canada,d3,535,0.2336448598130841,0.2560747663551402,-0.022429906542056094,-0.09600000000000009,0.032,4,125,4.189252328233133,4.556717283298036,0.36746495506490273
Gemma-4-E4B-it,hub,hub_8,Canada,d4,1000,0.285,0.29,-0.0050000000000000044,-0.017543859649122823,0.06666666666666667,19,285,4.169499998159296,4.6069687456308,0.4374687474715042
Gemma-4-E4B-it,hub,hub_8,Canada,d5,1000,0.325,0.336,-0.01100000000000001,-0.03384615384615387,0.06769230769230769,22,325,4.087687498496708,4.592687494913862,0.5049999964171539
Gemma-4-E4B-it,hub,hub_9,France,d1,28,0.8571428571428571,0.8214285714285714,0.0357142857142857,0.04166666666666665,0.041666666666666664,1,24,7.029017779390626,5.870535701509003,-1.1584820778816232
Gemma-4-E4B-it,hub,hub_9,France,d2,135,0.362962962962963,0.37037037037037035,-0.007407407407407363,-0.020408163265305996,0.10204081632653061,5,49,3.532870350541395,3.4055555422778423,-0.12731480826355268
Gemma-4-E4B-it,hub,hub_9,France,d3,459,0.2374727668845316,0.2374727668845316,0.0,0.0,0.09174311926605505,10,109,4.203159036791047,4.592933005093121,0.389773968302074
Gemma-4-E4B-it,hub,hub_9,France,d4,1000,0.337,0.357,-0.019999999999999962,-0.05934718100890196,0.03560830860534125,12,337,4.420749993673816,5.001312504543248,0.5805625108694317
Gemma-4-E4B-it,hub,hub_9,France,d5,1000,0.353,0.345,0.008000000000000007,0.02266288951841362,0.0821529745042493,29,353,4.252812498361171,4.523843745910384,0.2710312475492138
Gemma-4-E4B-it,random,random_1,Tommie Connor,d1,7,0.0,0.0,0.0,,,0,0,5.73214281367005,8.785714209333362,3.0535713956633117
Gemma-4-E4B-it,random,random_1,Tommie Connor,d2,18,0.4444444444444444,0.4444444444444444,0.0,0.0,0.0,0,8,3.6736111284149553,4.5069444288965315,0.8333333004815762
Gemma-4-E4B-it,random,random_1,Tommie Connor,d3,126,0.5396825396825397,0.5,0.03968253968253965,0.07352941176470583,0.08823529411764706,6,68,5.5401785395409,4.324900802114985,-1.2152777374259154
Gemma-4-E4B-it,random,random_1,Tommie Connor,d4,550,0.43272727272727274,0.4109090909090909,0.021818181818181848,0.050420168067226954,0.1134453781512605,27,238,3.7302272711488875,3.7712499907325068,0.04102271958361925
Gemma-4-E4B-it,random,random_1,Tommie Connor,d5,1000,0.308,0.27,0.03799999999999998,0.1233766233766233,0.17207792207792208,53,308,3.908374999926375,4.376875001389075,0.4685000014626999
Gemma-4-E4B-it,random,random_10,Divya,d1,4,0.0,0.0,0.0,,,0,0,5.124999824678525,8.124999979670974,3.000000154992449
Gemma-4-E4B-it,random,random_10,Divya,d2,41,0.8048780487804879,0.7073170731707317,0.09756097560975618,0.12121212121212131,0.12121212121212122,4,33,6.8231707465114955,5.920731718634027,-0.9024390278774685
Gemma-4-E4B-it,random,random_10,Divya,d3,243,0.46502057613168724,0.448559670781893,0.01646090534979422,0.03539823008849553,0.061946902654867256,7,113,4.283693415610723,4.0342078344166925,-0.24948558119403064
Gemma-4-E4B-it,random,random_10,Divya,d4,1000,0.395,0.369,0.026000000000000023,0.06582278481012664,0.11645569620253164,46,395,4.414624988681678,4.579687501049455,0.16506251236777736
Gemma-4-E4B-it,random,random_10,Divya,d5,1000,0.313,0.294,0.019000000000000017,0.060702875399361075,0.14057507987220447,44,313,4.184062494638504,4.466000002192908,0.28193750755440394
Gemma-4-E4B-it,random,random_11,"Madison, Wisconsin",d1,2,1.0,1.0,0.0,0.0,0.0,0,2,5.187500081083272,4.031250002793968,-1.156250078289304
Gemma-4-E4B-it,random,random_11,"Madison, Wisconsin",d2,29,0.8620689655172413,0.8620689655172413,0.0,0.0,0.0,0,25,8.120689557827314,2.957974122672599,-5.162715435154714
Gemma-4-E4B-it,random,random_11,"Madison, Wisconsin",d3,205,0.4682926829268293,0.3902439024390244,0.07804878048780489,0.16666666666666669,0.19791666666666666,19,96,3.199390240659465,2.211737807245823,-0.9876524334136421
Gemma-4-E4B-it,random,random_11,"Madison, Wisconsin",d4,954,0.29874213836477986,0.22117400419287211,0.07756813417190775,0.2596491228070175,0.35789473684210527,102,285,3.881616876771555,3.37996522282534,-0.5016516539462152
Gemma-4-E4B-it,random,random_11,"Madison, Wisconsin",d5,1000,0.29,0.235,0.05499999999999999,0.1896551724137931,0.23793103448275862,69,290,4.592124989584614,4.154264651800356,-0.43786033778425804
Gemma-4-E4B-it,random,random_12,Shenu Agarwal,d1,7,0.0,0.0,0.0,,,0,0,6.285714343364816,8.23214273384448,1.9464283904796638
Gemma-4-E4B-it,random,random_12,Shenu Agarwal,d2,49,0.673469387755102,0.5714285714285714,0.10204081632653061,0.15151515151515152,0.18181818181818182,6,33,6.029336784691437,6.253826561793138,0.22448977710170137
Gemma-4-E4B-it,random,random_12,Shenu Agarwal,d3,201,0.3582089552238806,0.31840796019900497,0.03980099502487561,0.11111111111111108,0.1111111111111111,8,72,3.656405469534846,4.255286065794262,0.5988805962594164
Gemma-4-E4B-it,random,random_12,Shenu Agarwal,d4,673,0.2763744427934621,0.23476968796433878,0.04160475482912335,0.1505376344086022,0.1827956989247312,34,186,4.490341745105611,4.987277118149537,0.4969353730439261
Gemma-4-E4B-it,random,random_12,Shenu Agarwal,d5,1000,0.362,0.322,0.03999999999999998,0.11049723756906073,0.15193370165745856,55,362,4.243312490635106,4.520375002909199,0.2770625122740924
Gemma-4-E4B-it,random,random_13,Bancolombia,d1,2,0.5,0.5,0.0,0.0,0.0,0,1,6.312499960360583,4.249999896623194,-2.0625000637373887
Gemma-4-E4B-it,random,random_13,Bancolombia,d2,14,1.0,1.0,0.0,0.0,0.0,0,14,7.816964285945038,8.68303569850884,0.8660714125638025
Gemma-4-E4B-it,random,random_13,Bancolombia,d3,43,0.6744186046511628,0.6744186046511628,0.0,0.0,0.0,0,29,3.726744161924851,4.277616279772997,0.5508721178481459
Gemma-4-E4B-it,random,random_13,Bancolombia,d4,170,0.34705882352941175,0.3176470588235294,0.02941176470588236,0.08474576271186443,0.0847457627118644,5,59,4.789705862815989,5.319852922001091,0.5301470591851016
Gemma-4-E4B-it,random,random_13,Bancolombia,d5,433,0.42494226327944573,0.40415704387990764,0.02078521939953809,0.04891304347826083,0.06521739130434782,12,184,4.404301367882383,4.415127007175911,0.010825639293527978
Gemma-4-E4B-it,random,random_14,Chelsea F.C. plc,d1,9,0.6666666666666666,0.6666666666666666,0.0,0.0,0.0,0,6,3.22222224132727,3.013888905497475,-0.20833333582979519
Gemma-4-E4B-it,random,random_14,Chelsea F.C. plc,d2,43,0.2558139534883721,0.3488372093023256,-0.09302325581395349,-0.3636363636363636,0.0,0,11,3.5290697653907173,3.9389534937708537,0.4098837283801364
Gemma-4-E4B-it,random,random_14,Chelsea F.C. plc,d3,198,0.5252525252525253,0.5252525252525253,0.0,0.0,0.057692307692307696,6,104,4.993055534573623,4.4635416683814775,-0.5295138661921452
Gemma-4-E4B-it,random,random_14,Chelsea F.C. plc,d4,794,0.3992443324937028,0.4105793450881612,-0.011335012594458405,-0.028391167192428936,0.056782334384858045,18,317,4.037468516669029,4.088239926291185,0.05077140962215587
Gemma-4-E4B-it,random,random_14,Chelsea F.C. plc,d5,1000,0.292,0.283,0.009000000000000008,0.030821917808219208,0.13356164383561644,39,292,4.232437497063982,4.176343755109359,-0.0560937419546228
Gemma-4-E4B-it,random,random_15,Errol Flynn,d1,7,0.5714285714285714,0.2857142857142857,0.2857142857142857,0.5,0.5,2,4,4.535714249862524,3.5535713681019843,-0.9821428817605398
Gemma-4-E4B-it,random,random_15,Errol Flynn,d2,38,0.6842105263157895,0.6842105263157895,0.0,0.0,0.038461538461538464,1,26,4.889802617972488,4.861842081941416,-0.02796053603107218
Gemma-4-E4B-it,random,random_15,Errol Flynn,d3,196,0.37755102040816324,0.336734693877551,0.040816326530612235,0.10810810810810809,0.14864864864864866,11,74,4.623086719888552,4.575574009936088,-0.04751270995246415
Gemma-4-E4B-it,random,random_15,Errol Flynn,d4,866,0.3625866050808314,0.3533487297921478,0.009237875288683584,0.025477707006369373,0.07006369426751592,22,314,4.387629908524503,4.410508078653122,0.022878170128619146
Gemma-4-E4B-it,random,random_15,Errol Flynn,d5,1000,0.342,0.317,0.025000000000000022,0.07309941520467843,0.11695906432748537,40,342,4.22749999791834,4.1662500040625385,-0.06124999385580132
Gemma-4-E4B-it,random,random_2,"Carnation, Lily, Lily, Rose",d1,5,0.2,0.2,0.0,0.0,0.0,0,1,5.499999951152131,5.837499938579276,0.3374999874271447
Gemma-4-E4B-it,random,random_2,"Carnation, Lily, Lily, Rose",d2,24,0.25,0.3333333333333333,-0.08333333333333331,-0.33333333333333326,0.0,0,6,2.947916671919908,3.3411458424610223,0.3932291705411144
Gemma-4-E4B-it,random,random_2,"Carnation, Lily, Lily, Rose",d3,124,0.5,0.5,0.0,0.0,0.04838709677419355,3,62,5.797379008561987,6.045362865725913,0.24798385716392612
Gemma-4-E4B-it,random,random_2,"Carnation, Lily, Lily, Rose",d4,658,0.46200607902735563,0.47112462006079026,-0.009118541033434624,-0.0197368421052631,0.02631578947368421,8,304,4.321333570747701,4.659574467054534,0.33824089630683307
Gemma-4-E4B-it,random,random_2,"Carnation, Lily, Lily, Rose",d5,1000,0.378,0.37,0.008000000000000007,0.021164021164021184,0.09788359788359788,37,378,3.980562494579612,4.637250006640944,0.6566875120613318
Gemma-4-E4B-it,random,random_3,Lawren Harris,d1,3,0.0,0.0,0.0,,,0,0,6.6249999480011565,7.562500109682635,0.9375001616814789
Gemma-4-E4B-it,random,random_3,Lawren Harris,d2,21,1.0,0.8571428571428571,0.1428571428571429,0.1428571428571429,0.14285714285714285,3,21,8.651785645521201,5.979166683388896,-2.6726189621323053
Gemma-4-E4B-it,random,random_3,Lawren Harris,d3,117,0.6752136752136753,0.6495726495726496,0.02564102564102566,0.037974683544303826,0.0759493670886076,6,79,3.992521354535478,3.8141025876147276,-0.1784187669207502
Gemma-4-E4B-it,random,random_3,Lawren Harris,d4,535,0.23738317757009345,0.2485981308411215,-0.01121495327102806,-0.04724409448818908,0.07086614173228346,9,127,4.189485976077834,4.048598121080241,-0.14088785499759293
Gemma-4-E4B-it,random,random_3,Lawren Harris,d5,1000,0.287,0.279,0.007999999999999952,0.027874564459930147,0.12195121951219512,35,287,4.166312499582891,4.351843752430528,0.18553125284763716
Gemma-4-E4B-it,random,random_4,Christ Before the High Priest,d1,4,0.0,0.25,-0.25,,,0,0,1.9375000279396772,2.625000037252903,0.6875000093132257
Gemma-4-E4B-it,random,random_4,Christ Before the High Priest,d2,25,0.16,0.12,0.04000000000000001,0.25000000000000006,0.25,1,4,2.6399999840045347,2.875000011054799,0.23500002705026413
Gemma-4-E4B-it,random,random_4,Christ Before the High Priest,d3,113,0.4336283185840708,0.4424778761061947,-0.008849557522123908,-0.020408163265306156,0.04081632653061224,2,49,4.917035419468786,4.449668148057158,-0.4673672714116286
Gemma-4-E4B-it,random,random_4,Christ Before the High Priest,d4,454,0.46255506607929514,0.4713656387665198,-0.008810572687224683,-0.019047619047619077,0.0380952380952381,8,210,4.565253290134549,3.781800658903366,-0.7834526312311825
Gemma-4-E4B-it,random,random_4,Christ Before the High Priest,d5,1000,0.345,0.339,0.00599999999999995,0.01739130434782594,0.10434782608695652,36,345,4.003312494252478,3.596374996297731,-0.4069374979547473
Gemma-4-E4B-it,random,random_5,Paris Saint-Germain Judo,d1,3,1.0,0.6666666666666666,0.33333333333333337,0.33333333333333337,0.3333333333333333,1,3,5.24999985525695,0.7499999900658926,-4.499999865191057
Gemma-4-E4B-it,random,random_5,Paris Saint-Germain Judo,d2,34,0.7647058823529411,0.6764705882352942,0.08823529411764697,0.11538461538461527,0.11538461538461539,3,26,5.920955836002965,4.942095562870075,-0.9788602731328897
Gemma-4-E4B-it,random,random_5,Paris Saint-Germain Judo,d3,175,0.38857142857142857,0.38857142857142857,0.0,0.0,0.08823529411764706,6,68,3.542857134621876,2.9403571379815965,-0.6024999966402795
Gemma-4-E4B-it,random,random_5,Paris Saint-Germain Judo,d4,599,0.3005008347245409,0.3021702838063439,-0.0016694490818029983,-0.005555555555555533,0.09444444444444444,17,180,4.520972444415382,4.075542565150741,-0.4454298792646414
Gemma-4-E4B-it,random,random_5,Paris Saint-Germain Judo,d5,1000,0.375,0.369,0.006000000000000005,0.016000000000000014,0.088,33,375,3.999499999753321,3.829125001262164,-0.17037499849115711
Gemma-4-E4B-it,random,random_6,Silappadikaram,d1,6,0.3333333333333333,0.3333333333333333,0.0,0.0,0.0,0,2,6.083333359660173,5.041666729059216,-1.0416666306009574
Gemma-4-E4B-it,random,random_6,Silappadikaram,d2,21,0.3333333333333333,0.42857142857142855,-0.09523809523809523,-0.2857142857142857,0.0,0,7,6.642857140328661,6.169642827568515,-0.47321431276014625
Gemma-4-E4B-it,random,random_6,Silappadikaram,d3,76,0.5263157894736842,0.5263157894736842,0.0,0.0,0.075,3,40,5.219572376248541,6.054276276521956,0.8347039002734151
Gemma-4-E4B-it,random,random_6,Silappadikaram,d4,320,0.4375,0.45625,-0.01874999999999999,-0.04285714285714283,0.02857142857142857,4,140,4.283789044337125,4.698046867267308,0.41425782293018365
Gemma-4-E4B-it,random,random_6,Silappadikaram,d5,1000,0.374,0.369,0.0050000000000000044,0.013368983957219263,0.07219251336898395,27,374,4.296124992684656,5.015812489083002,0.719687496398346
Gemma-4-E4B-it,random,random_7,David Bell,d1,12,0.0,0.0,0.0,,,0,0,5.22916662353479,7.234374931174291,2.005208307639501
Gemma-4-E4B-it,random,random_7,David Bell,d2,84,0.7261904761904762,0.7142857142857143,0.011904761904761862,0.01639344262295076,0.04918032786885246,3,61,5.953869008091433,5.06398810232765,-0.8898809057637838
Gemma-4-E4B-it,random,random_7,David Bell,d3,470,0.40425531914893614,0.3851063829787234,0.019148936170212738,0.04736842105263151,0.07894736842105263,15,190,3.858244673294631,3.8770445343173323,0.018799861022701148
Gemma-4-E4B-it,random,random_7,David Bell,d4,1000,0.317,0.296,0.02100000000000002,0.06624605678233444,0.14826498422712933,47,317,3.7991875009150102,4.159531240718332,0.36034373980332157
Gemma-4-E4B-it,random,random_7,David Bell,d5,1000,0.293,0.279,0.013999999999999957,0.047781569965870165,0.10921501706484642,32,293,4.420562496768327,5.008580083150871,0.5880175863825441
Gemma-4-E4B-it,random,random_8,Jane Harrington,d1,7,0.0,0.0,0.0,,,0,0,3.9285714950279464,5.794642764767299,1.8660712697393524
Gemma-4-E4B-it,random,random_8,Jane Harrington,d2,66,0.6060606060606061,0.5757575757575758,0.030303030303030276,0.049999999999999954,0.075,3,40,5.604166599100002,5.294507590599151,-0.3096590085008506
Gemma-4-E4B-it,random,random_8,Jane Harrington,d3,376,0.375,0.35638297872340424,0.018617021276595758,0.04964539007092202,0.0851063829787234,12,141,3.508976064904839,3.7594747222263014,0.2504986573214625
Gemma-4-E4B-it,random,random_8,Jane Harrington,d4,1000,0.294,0.274,0.019999999999999962,0.06802721088435362,0.14625850340136054,43,294,4.251499993442707,4.5041249909721515,0.2526249975294448
Gemma-4-E4B-it,random,random_8,Jane Harrington,d5,1000,0.286,0.263,0.022999999999999965,0.0804195804195803,0.13986013986013987,40,286,4.545812493597019,4.973875000043396,0.428062506446377
Gemma-4-E4B-it,random,random_9,John Cohen,d1,3,0.0,0.0,0.0,,,0,0,6.166666615831976,6.812500068879065,0.6458334530470893
Gemma-4-E4B-it,random,random_9,John Cohen,d2,39,0.8974358974358975,0.8974358974358975,0.0,0.0,0.0,0,35,7.701922993102319,6.012019262139615,-1.6899037309627039
Gemma-4-E4B-it,random,random_9,John Cohen,d3,274,0.3795620437956204,0.36496350364963503,0.014598540145985384,0.038461538461538415,0.11538461538461539,12,104,3.1852189718973314,2.420506386307969,-0.7647125855893622
Gemma-4-E4B-it,random,random_9,John Cohen,d4,1000,0.308,0.29,0.018000000000000016,0.058441558441558496,0.17857142857142858,55,308,3.7863124983086016,3.811166017802825,0.02485351949422343
Gemma-4-E4B-it,random,random_9,John Cohen,d5,1000,0.263,0.255,0.008000000000000007,0.030418250950570366,0.09505703422053231,25,263,4.677812491647437,4.731035149996878,0.05322265834944151
Gemma-4-E4B-it,tail,tail_1,"Brewster, Washington",d1,1,1.0,1.0,0.0,0.0,0.0,0,1,6.249999850522727,5.00000019185245,-1.2499996586702764
Gemma-4-E4B-it,tail,tail_1,"Brewster, Washington",d2,28,0.8571428571428571,0.8214285714285714,0.0357142857142857,0.04166666666666665,0.041666666666666664,1,24,8.232142750982673,5.3660714599942105,-2.8660712909884625
Gemma-4-E4B-it,tail,tail_1,"Brewster, Washington",d3,205,0.4682926829268293,0.43902439024390244,0.029268292682926855,0.06250000000000006,0.07291666666666667,7,96,3.1939024384129704,3.450914627628077,0.2570121892151067
Gemma-4-E4B-it,tail,tail_1,"Brewster, Washington",d4,954,0.29874213836477986,0.2348008385744235,0.06394129979035637,0.21403508771929816,0.29473684210526313,84,285,3.8812237956032494,4.384106391649914,0.502882596046665
Gemma-4-E4B-it,tail,tail_1,"Brewster, Washington",d5,1000,0.297,0.266,0.030999999999999972,0.10437710437710429,0.13804713804713806,41,297,4.716624996745743,5.26337499033573,0.5467499935899864
Gemma-4-E4B-it,tail,tail_10,Pocklington,d1,1,1.0,0.0,1.0,1.0,1.0,1,1,6.6250000859145075,3.625000014901161,-3.0000000710133463
Gemma-4-E4B-it,tail,tail_10,Pocklington,d2,11,0.6363636363636364,0.6363636363636364,0.0,0.0,0.0,0,7,3.5113636504823016,3.8011363637580704,0.2897727132757688
Gemma-4-E4B-it,tail,tail_10,Pocklington,d3,55,0.21818181818181817,0.21818181818181817,0.0,0.0,0.08333333333333333,1,12,2.7613636463076214,2.981818158651268,0.22045451234364677
Gemma-4-E4B-it,tail,tail_10,Pocklington,d4,186,0.44623655913978494,0.4731182795698925,-0.02688172043010756,-0.060240963855421756,0.060240963855421686,5,83,5.222782259744502,4.93212364596685,-0.29065861377765234
Gemma-4-E4B-it,tail,tail_10,Pocklington,d5,679,0.4639175257731959,0.4477172312223859,0.016200294550810013,0.034920634920634915,0.08571428571428572,27,315,4.432805584343788,4.498619295773868,0.06581371143008052
Gemma-4-E4B-it,tail,tail_11,"St. John's School, Dorchester",d1,1,0.0,0.0,0.0,,,0,0,3.499999925494194,1.9999999105930328,-1.5000000149011612
Gemma-4-E4B-it,tail,tail_11,"St. John's School, Dorchester",d2,4,0.0,0.0,0.0,,,0,0,1.0,4.000000089406967,3.000000089406967
Gemma-4-E4B-it,tail,tail_11,"St. John's School, Dorchester",d3,46,0.9130434782608695,0.9347826086956522,-0.021739130434782705,-0.023809523809523916,0.0,0,42,7.384510852211683,7.114130392198129,-0.27038046001355376
Gemma-4-E4B-it,tail,tail_11,"St. John's School, Dorchester",d4,265,0.49056603773584906,0.45660377358490567,0.03396226415094339,0.06923076923076922,0.1076923076923077,14,130,3.5599056490231717,3.6966981193041817,0.13679247028100994
Gemma-4-E4B-it,tail,tail_11,"St. John's School, Dorchester",d5,1000,0.257,0.246,0.01100000000000001,0.0428015564202335,0.14396887159533073,37,257,4.293437498432202,4.716312492882263,0.42287499445006116
Gemma-4-E4B-it,tail,tail_12,Eric Fisher,d1,1,0.0,0.0,0.0,,,0,0,5.374999783933163,4.999999764375389,-0.37500001955777407
Gemma-4-E4B-it,tail,tail_12,Eric Fisher,d2,2,0.5,0.0,0.5,1.0,1.0,1,1,1.25,0.8124999776482582,-0.4375000223517418
Gemma-4-E4B-it,tail,tail_12,Eric Fisher,d3,45,0.24444444444444444,0.2,0.044444444444444425,0.18181818181818174,0.18181818181818182,2,11,1.9083333207148825,2.30972220001794,0.40138887930305733
Gemma-4-E4B-it,tail,tail_12,Eric Fisher,d4,242,0.6570247933884298,0.6363636363636364,0.02066115702479343,0.03144654088050321,0.050314465408805034,8,159,5.292613609643242,4.894757232789022,-0.3978563768542198
Gemma-4-E4B-it,tail,tail_12,Eric Fisher,d5,1000,0.386,0.37,0.016000000000000014,0.041450777202072575,0.11139896373056994,43,386,3.7683125083536884,3.29475000205226,-0.47356250630142815
Gemma-4-E4B-it,tail,tail_13,Haicheng,d1,1,1.0,1.0,0.0,0.0,0.0,0,1,4.875000166706741,5.25000021699816,0.37500005029141903
Gemma-4-E4B-it,tail,tail_13,Haicheng,d2,5,0.6,0.6,0.0,0.0,0.0,0,3,6.77500007232411,5.825000119098695,-0.9499999532254151
Gemma-4-E4B-it,tail,tail_13,Haicheng,d3,41,0.7317073170731707,0.7073170731707317,0.024390243902439046,0.03333333333333336,0.06666666666666667,2,30,3.3323170835319615,3.951219496012239,0.6189024124802773
Gemma-4-E4B-it,tail,tail_13,Haicheng,d4,130,0.2076923076923077,0.18461538461538463,0.023076923076923078,0.1111111111111111,0.18518518518518517,5,27,4.20576924078218,5.171153847678076,0.9653846068958956
Gemma-4-E4B-it,tail,tail_13,Haicheng,d5,276,0.18478260869565216,0.18115942028985507,0.00362318840579709,0.01960784313725484,0.13725490196078433,7,51,4.667572446792908,5.982223722848636,1.314651276055728
Gemma-4-E4B-it,tail,tail_14,Maude,d1,1,1.0,0.0,1.0,1.0,1.0,1,1,7.124999927356839,5.999999875202775,-1.1250000521540642
Gemma-4-E4B-it,tail,tail_14,Maude,d2,7,0.0,0.0,0.0,,,0,0,3.3928571157822653,4.500000077299774,1.1071429615175084
Gemma-4-E4B-it,tail,tail_14,Maude,d3,35,0.7428571428571429,0.7428571428571429,0.0,0.0,0.0,0,26,7.210714203240839,6.612500020563104,-0.5982141826777347
Gemma-4-E4B-it,tail,tail_14,Maude,d4,249,0.41365461847389556,0.4457831325301205,-0.03212851405622491,-0.0776699029126214,0.038834951456310676,4,103,3.2384538088946617,3.2143574320899613,-0.024096376804700448
Gemma-4-E4B-it,tail,tail_14,Maude,d5,1000,0.268,0.249,0.019000000000000017,0.07089552238805975,0.17164179104477612,46,268,4.028062496611224,4.334437504815797,0.3063750082045722
Gemma-4-E4B-it,tail,tail_15,Rome Community Festival,d1,1,1.0,1.0,0.0,0.0,0.0,0,1,3.8749998938292265,1.6249999850988388,-2.2499999087303877
Gemma-4-E4B-it,tail,tail_15,Rome Community Festival,d2,4,0.5,0.5,0.0,0.0,0.0,0,2,4.4999999400133674,3.5468749860301614,-0.9531249539832061
Gemma-4-E4B-it,tail,tail_15,Rome Community Festival,d3,34,0.7647058823529411,0.7058823529411765,0.05882352941176461,0.0769230769230768,0.07692307692307693,2,26,7.533088143725068,5.807904353905756,-1.7251837898193116
Gemma-4-E4B-it,tail,tail_15,Rome Community Festival,d4,239,0.47280334728033474,0.47280334728033474,0.0,0.0,0.035398230088495575,4,113,3.713389110921324,3.4291317995419255,-0.28425731137939847
Gemma-4-E4B-it,tail,tail_15,Rome Community Festival,d5,1000,0.344,0.297,0.046999999999999986,0.13662790697674415,0.22965116279069767,79,344,3.9728124960858575,3.9369374968781665,-0.035874999207690994
Gemma-4-E4B-it,tail,tail_2,Ivo Andrić,d1,2,0.0,0.0,0.0,,,0,0,3.937499939231202,4.999999840045348,1.0624999008141458
Gemma-4-E4B-it,tail,tail_2,Ivo Andrić,d2,13,0.8461538461538461,0.8461538461538461,0.0,0.0,0.0,0,11,7.418269182536838,7.187499921744277,-0.23076926079256044
Gemma-4-E4B-it,tail,tail_2,Ivo Andrić,d3,23,0.6956521739130435,0.7391304347826086,-0.04347826086956519,-0.06249999999999996,0.0,0,16,3.869565225016508,4.626358654019777,0.756793429003269
Gemma-4-E4B-it,tail,tail_2,Ivo Andrić,d4,85,0.11764705882352941,0.10588235294117647,0.011764705882352941,0.1,0.4,4,10,4.716176478702383,5.443382335483586,0.727205856781203
Gemma-4-E4B-it,tail,tail_2,Ivo Andrić,d5,154,0.2922077922077922,0.3181818181818182,-0.025974025974025983,-0.08888888888888892,0.06666666666666667,3,45,4.289772702086604,4.481939914709747,0.19216721262314262
Gemma-4-E4B-it,tail,tail_3,Kanchipuram,d1,1,1.0,1.0,0.0,0.0,0.0,0,1,7.624999773397576,5.8749999310821295,-1.7499998423154466
Gemma-4-E4B-it,tail,tail_3,Kanchipuram,d2,23,0.9565217391304348,0.9130434782608695,0.0434782608695653,0.04545454545454554,0.045454545454545456,1,22,8.100543551667057,8.44565217750436,0.3451086258373035
Gemma-4-E4B-it,tail,tail_3,Kanchipuram,d3,147,0.46938775510204084,0.43537414965986393,0.03401360544217691,0.0724637681159421,0.07246376811594203,5,69,3.694727887015425,3.777210865633954,0.08248297861852905
Gemma-4-E4B-it,tail,tail_3,Kanchipuram,d4,614,0.2736156351791531,0.25895765472312704,0.014657980456026065,0.053571428571428596,0.13690476190476192,23,168,4.497149822509334,4.685056995202347,0.18790717269301282
Gemma-4-E4B-it,tail,tail_3,Kanchipuram,d5,1000,0.268,0.274,-0.006000000000000005,-0.022388059701492557,0.09328358208955224,25,268,4.05462499357137,4.539187492608724,0.48456249903735404
Gemma-4-E4B-it,tail,tail_4,Magadi,d1,1,0.0,0.0,0.0,,,0,0,3.749999936670065,1.8749999403953552,-1.8749999962747097
Gemma-4-E4B-it,tail,tail_4,Magadi,d2,23,0.9565217391304348,0.9130434782608695,0.0434782608695653,0.04545454545454554,0.045454545454545456,1,22,8.100543551667057,5.448369509186507,-2.65217404248055
Gemma-4-E4B-it,tail,tail_4,Magadi,d3,147,0.46258503401360546,0.43537414965986393,0.027210884353741527,0.05882352941176477,0.058823529411764705,4,68,3.6921768743769974,3.6641156428464754,-0.02806123153052198
Gemma-4-E4B-it,tail,tail_4,Magadi,d4,614,0.2719869706840391,0.247557003257329,0.02442996742671011,0.08982035928143717,0.18562874251497005,31,167,4.493281748108099,4.611665303107319,0.11838355499922049
Gemma-4-E4B-it,tail,tail_4,Magadi,d5,1000,0.249,0.238,0.01100000000000001,0.04417670682730928,0.12449799196787148,31,249,4.049249993039154,4.595499997202096,0.5462500041629426
Gemma-4-E4B-it,tail,tail_5,Greater Moncton Roméo LeBlanc International Airport,d1,3,0.6666666666666666,0.6666666666666666,0.0,0.0,0.0,0,2,5.083333304772775,2.2083332588275275,-2.875000045945247
Gemma-4-E4B-it,tail,tail_5,Greater Moncton Roméo LeBlanc International Airport,d2,24,0.9583333333333334,0.7916666666666666,0.16666666666666674,0.17391304347826095,0.17391304347826086,4,23,8.585937440802184,7.035156275374902,-1.5507811654272814
Gemma-4-E4B-it,tail,tail_5,Greater Moncton Roméo LeBlanc International Airport,d3,119,0.6638655462184874,0.6470588235294118,0.01680672268907557,0.02531645569620244,0.0759493670886076,6,79,4.0304621709294395,3.948004208492069,-0.08245796243737047
Gemma-4-E4B-it,tail,tail_5,Greater Moncton Roméo LeBlanc International Airport,d4,536,0.23507462686567165,0.2332089552238806,0.0018656716417910502,0.007936507936507959,0.0873015873015873,11,126,4.1863339472425505,4.1599813405113775,-0.02635260673117301
Gemma-4-E4B-it,tail,tail_5,Greater Moncton Roméo LeBlanc International Airport,d5,1000,0.293,0.271,0.021999999999999964,0.0750853242320818,0.1296928327645051,38,293,4.189625000022509,4.210906255514146,0.02128125549163773
Gemma-4-E4B-it,tail,tail_6,Partition of India,d1,1,1.0,0.0,1.0,1.0,1.0,1,1,12.0000003576788,7.249999803490937,-4.750000554187864
Gemma-4-E4B-it,tail,tail_7,Balangero,d1,1,0.0,0.0,0.0,,,0,0,4.124999865889549,7.8750000524451025,3.7500001865555532
Gemma-4-E4B-it,tail,tail_7,Balangero,d2,19,0.8421052631578947,0.8421052631578947,0.0,0.0,0.0,0,16,7.638157872154807,7.282894733540544,-0.35526313861426306
Gemma-4-E4B-it,tail,tail_7,Balangero,d3,94,0.7872340425531915,0.7872340425531915,0.0,0.0,0.0,0,74,4.648936147358654,4.521276600032291,-0.1276595473263633
Gemma-4-E4B-it,tail,tail_7,Balangero,d4,558,0.2885304659498208,0.26523297491039427,0.02329749103942652,0.08074534161490682,0.17391304347826086,28,161,4.366263432434154,4.945452492477944,0.5791890600437899
Gemma-4-E4B-it,tail,tail_7,Balangero,d5,1000,0.296,0.297,-0.0010000000000000009,-0.0033783783783783816,0.07432432432432433,22,296,4.202749986677978,4.656624987262199,0.4538750005842207
Gemma-4-E4B-it,tail,tail_8,Great Island,d1,2,0.0,0.0,0.0,,,0,0,3.3750000596046448,1.6250000447034836,-1.7500000149011612
Gemma-4-E4B-it,tail,tail_8,Great Island,d2,20,0.8,0.8,0.0,0.0,0.0,0,16,6.878124959492061,6.981249981892415,0.10312502240035482
Gemma-4-E4B-it,tail,tail_8,Great Island,d3,75,0.52,0.5333333333333333,-0.013333333333333308,-0.02564102564102559,0.0,0,39,4.62666665000647,5.2341666328119265,0.6074999828054564
Gemma-4-E4B-it,tail,tail_8,Great Island,d4,381,0.29396325459317585,0.2755905511811024,0.018372703412073477,0.06249999999999995,0.125,14,112,4.618438304496151,5.012139100187809,0.3937007956916574
Gemma-4-E4B-it,tail,tail_8,Great Island,d5,1000,0.32,0.326,-0.006000000000000005,-0.018750000000000017,0.090625,29,320,3.742812507663715,4.021374996524421,0.2785624888607061
Gemma-4-E4B-it,tail,tail_9,Royal Borough of Windsor and Maidenhead,d1,1,1.0,0.0,1.0,1.0,1.0,1,1,9.24999976860272,9.374999656458385,0.12499988785566529
Gemma-4-E4B-it,tail,tail_9,Royal Borough of Windsor and Maidenhead,d2,11,0.6363636363636364,0.6363636363636364,0.0,0.0,0.0,0,7,3.5113636504823016,2.9090908985764887,-0.6022727519058129
Gemma-4-E4B-it,tail,tail_9,Royal Borough of Windsor and Maidenhead,d3,55,0.23636363636363636,0.16363636363636364,0.07272727272727272,0.3076923076923077,0.3076923076923077,4,13,2.7613636463076214,2.2818181764440273,-0.47954546986359414
Gemma-4-E4B-it,tail,tail_9,Royal Borough of Windsor and Maidenhead,d4,186,0.46236559139784944,0.43010752688172044,0.032258064516129004,0.06976744186046506,0.11627906976744186,10,86,5.2214381679072375,4.712365577493671,-0.5090725904135667
Gemma-4-E4B-it,tail,tail_9,Royal Borough of Windsor and Maidenhead,d5,679,0.46097201767304863,0.46244477172312226,-0.0014727540500736325,-0.0031948881789137266,0.054313099041533544,17,313,4.4328055868325,4.070047868463044,-0.3627577183694557
Gemma-4-31B-it,hub,hub_1,Australia,d1,17,0.8823529411764706,0.058823529411764705,0.8235294117647058,0.9333333333333333,0.9333333333333333,14,15,10.847426361248926,5.86397062559862,-4.983455735650306
Gemma-4-31B-it,hub,hub_1,Australia,d2,117,0.5128205128205128,0.3162393162393162,0.19658119658119655,0.3833333333333333,0.43333333333333335,26,60,6.201655981079888,2.7836538259426664,-3.4180021551372217
Gemma-4-31B-it,hub,hub_1,Australia,d3,528,0.5075757575757576,0.3465909090909091,0.16098484848484845,0.31716417910447753,0.3656716417910448,98,268,7.261067676720733,2.887902454540939,-4.373165222179795
Gemma-4-31B-it,hub,hub_1,Australia,d4,1000,0.441,0.339,0.10199999999999998,0.23129251700680267,0.29931972789115646,132,441,6.664718724574053,2.4865624954372616,-4.178156229136791
Gemma-4-31B-it,hub,hub_1,Australia,d5,1000,0.46,0.334,0.126,0.27391304347826084,0.3217391304347826,148,460,7.3499062083375195,2.6573124993516894,-4.6925937089858305
Gemma-4-31B-it,hub,hub_10,Spain,d1,19,0.9473684210526315,0.42105263157894735,0.5263157894736842,0.5555555555555556,0.5555555555555556,10,18,11.429276209823723,2.151315794865552,-9.277960414958171
Gemma-4-31B-it,hub,hub_10,Spain,d2,76,0.5,0.39473684210526316,0.10526315789473684,0.21052631578947367,0.23684210526315788,9,38,6.715049323332078,2.398026300241901,-4.317023023090178
Gemma-4-31B-it,hub,hub_10,Spain,d3,368,0.39945652173913043,0.3695652173913043,0.02989130434782611,0.07482993197278917,0.16326530612244897,24,147,7.431385865735323,3.167629067397644,-4.263756798337679
Gemma-4-31B-it,hub,hub_10,Spain,d4,870,0.46781609195402296,0.43448275862068964,0.033333333333333326,0.07125307125307125,0.12530712530712532,51,407,6.371264342238244,2.68297413520899,-3.688290207029254
Gemma-4-31B-it,hub,hub_10,Spain,d5,1000,0.505,0.468,0.03699999999999998,0.07326732673267322,0.13663366336633664,69,505,7.671320286435126,3.194281250179527,-4.477039036255599
Gemma-4-31B-it,hub,hub_11,New York City,d1,13,1.0,1.0,0.0,0.0,0.0,0,13,15.999999871622569,2.6634614872387967,-13.336538384383772
Gemma-4-31B-it,hub,hub_11,New York City,d2,108,0.5740740740740741,0.49074074074074076,0.08333333333333331,0.14516129032258063,0.24193548387096775,15,62,11.509837873274963,3.2146990828569635,-8.295138790418
Gemma-4-31B-it,hub,hub_11,New York City,d3,365,0.5698630136986301,0.4794520547945205,0.0904109589041096,0.15865384615384617,0.20673076923076922,43,208,7.086900642387402,2.814726039364277,-4.2721746030231245
Gemma-4-31B-it,hub,hub_11,New York City,d4,1000,0.462,0.401,0.061,0.13203463203463203,0.19913419913419914,92,462,8.063937466449472,3.207124995674312,-4.85681247077516
Gemma-4-31B-it,hub,hub_11,New York City,d5,1000,0.434,0.374,0.06,0.13824884792626727,0.195852534562212,85,434,7.488304664182358,2.981687502919274,-4.506617161263084
Gemma-4-31B-it,hub,hub_12,University of Cambridge,d1,16,0.5625,0.4375,0.125,0.2222222222222222,0.2222222222222222,2,9,6.990234367013567,2.0312499972060323,-4.958984369807535
Gemma-4-31B-it,hub,hub_12,University of Cambridge,d2,68,0.4852941176470588,0.35294117647058826,0.13235294117647056,0.27272727272727265,0.3333333333333333,11,33,7.1079962956827565,2.897058828983812,-4.210937466698944
Gemma-4-31B-it,hub,hub_12,University of Cambridge,d3,347,0.6023054755043228,0.4438040345821326,0.1585014409221902,0.2631578947368421,0.32057416267942584,67,209,8.244236263069187,2.949387601699011,-5.294848661370176
Gemma-4-31B-it,hub,hub_12,University of Cambridge,d4,1000,0.505,0.389,0.11599999999999999,0.22970297029702968,0.300990099009901,152,505,7.738164027123461,3.1827499886023505,-4.555414038521111
Gemma-4-31B-it,hub,hub_12,University of Cambridge,d5,1000,0.425,0.366,0.059,0.1388235294117647,0.20941176470588235,89,425,7.228296846833277,3.3771562490250906,-3.851140597808186
Gemma-4-31B-it,hub,hub_13,Harvard University,d1,11,0.6363636363636364,0.2727272727272727,0.36363636363636365,0.5714285714285715,0.5714285714285714,4,7,10.778409034045689,2.2272726667367597,-8.55113636730893
Gemma-4-31B-it,hub,hub_13,Harvard University,d2,77,0.5454545454545454,0.4675324675324675,0.07792207792207789,0.14285714285714282,0.2857142857142857,12,42,11.103490215466461,3.3555194735738705,-7.7479707418925905
Gemma-4-31B-it,hub,hub_13,Harvard University,d3,340,0.6205882352941177,0.5852941176470589,0.03529411764705881,0.05687203791469192,0.11374407582938388,24,211,7.508869446030351,3.5279411727197894,-3.9809282733105618
Gemma-4-31B-it,hub,hub_13,Harvard University,d4,1000,0.505,0.465,0.03999999999999998,0.07920792079207917,0.15445544554455445,78,505,8.359054644225091,3.785687499342763,-4.5733671448823285
Gemma-4-31B-it,hub,hub_13,Harvard University,d5,1000,0.437,0.397,0.03999999999999998,0.09153318077803199,0.15560640732265446,68,437,7.391781215960905,3.843312501166889,-3.548468714794016
Gemma-4-31B-it,hub,hub_14,Apple Inc.,d1,12,0.6666666666666666,0.6666666666666666,0.0,0.0,0.125,1,8,14.794270792233268,4.208333337917186,-10.585937454316081
Gemma-4-31B-it,hub,hub_14,Apple Inc.,d2,61,0.7377049180327869,0.6721311475409836,0.06557377049180335,0.08888888888888899,0.15555555555555556,7,45,11.823514288489932,2.4405737773240466,-9.382940511165884
Gemma-4-31B-it,hub,hub_14,Apple Inc.,d3,314,0.60828025477707,0.5159235668789809,0.09235668789808915,0.15183246073298426,0.2094240837696335,40,191,7.667346695318071,2.954418786321509,-4.712927908996562
Gemma-4-31B-it,hub,hub_14,Apple Inc.,d4,1000,0.477,0.428,0.04899999999999999,0.10272536687631025,0.1740041928721174,83,477,8.108507778463139,3.072937500326887,-5.035570278136252
Gemma-4-31B-it,hub,hub_14,Apple Inc.,d5,1000,0.461,0.373,0.08800000000000002,0.19088937093275493,0.25813449023861174,119,461,7.141562466744104,3.120999999128282,-4.020562467615822
Gemma-4-31B-it,hub,hub_15,University of Oxford,d1,17,0.5294117647058824,0.47058823529411764,0.05882352941176472,0.11111111111111113,0.1111111111111111,1,9,7.97242643778457,3.272058778825928,-4.700367658958642
Gemma-4-31B-it,hub,hub_15,University of Oxford,d2,77,0.5454545454545454,0.5584415584415584,-0.012987012987012991,-0.02380952380952382,0.09523809523809523,4,42,7.0044642423711965,4.75487011784987,-2.2495941245213267
Gemma-4-31B-it,hub,hub_15,University of Oxford,d3,306,0.5065359477124183,0.5196078431372549,-0.013071895424836666,-0.025806451612903354,0.05806451612903226,9,155,7.843801022291579,3.9901960679841615,-3.853604954307418
Gemma-4-31B-it,hub,hub_15,University of Oxford,d4,1000,0.529,0.516,0.013000000000000012,0.024574669187145577,0.09829867674858223,52,529,7.8402343345705345,5.393249997115088,-2.4469843374554463
Gemma-4-31B-it,hub,hub_15,University of Oxford,d5,1000,0.422,0.413,0.009000000000000008,0.021327014218009498,0.12085308056872038,51,422,7.267906220948966,5.362249994446427,-1.905656226502539
Gemma-4-31B-it,hub,hub_2,China,d1,4,0.75,0.5,0.25,0.3333333333333333,0.3333333333333333,1,3,12.249999953516184,4.046875061947503,-8.203124891568681
Gemma-4-31B-it,hub,hub_2,China,d2,4,0.5,0.75,-0.25,-0.5,0.0,0,2,12.046874888581101,2.7968749944120646,-9.249999894169036
Gemma-4-31B-it,hub,hub_2,China,d3,4,0.0,0.0,0.0,,,0,0,4.468749925668817,4.249999964842573,-0.2187499608262442
Gemma-4-31B-it,hub,hub_2,China,d4,4,0.5,0.5,0.0,0.0,0.0,0,2,10.6406248458335,4.984374885709258,-5.656249960124242
Gemma-4-31B-it,hub,hub_2,China,d5,3,0.3333333333333333,0.0,0.3333333333333333,1.0,1.0,1,1,2.1250000099341073,2.2916667560736337,0.16666674613952637
Gemma-4-31B-it,hub,hub_3,United States,d1,28,0.8571428571428571,0.6428571428571429,0.2142857142857142,0.2499999999999999,0.25,6,24,14.00892848773267,2.1495535887578234,-11.859374898974846
Gemma-4-31B-it,hub,hub_3,United States,d2,205,0.6,0.44878048780487806,0.15121951219512192,0.25203252032520324,0.2926829268292683,36,123,7.528963359660975,2.5676829365879246,-4.961280423073051
Gemma-4-31B-it,hub,hub_3,United States,d3,954,0.5188679245283019,0.46226415094339623,0.05660377358490565,0.10909090909090907,0.17777777777777778,88,495,9.019187257569271,2.9114255805604254,-6.107761677008845
Gemma-4-31B-it,hub,hub_3,United States,d4,1000,0.438,0.332,0.10599999999999998,0.24200913242009128,0.3036529680365297,133,438,7.279167937930339,2.3848750003364403,-4.894292937593899
Gemma-4-31B-it,hub,hub_3,United States,d5,1000,0.477,0.349,0.128,0.26834381551362685,0.31865828092243187,152,477,7.622812479669232,2.230937501655164,-5.391874978014068
Gemma-4-31B-it,hub,hub_4,England,d1,15,1.0,0.2,0.8,0.8,0.8,12,15,12.18333321885996,1.2708333413737516,-10.912499877486209
Gemma-4-31B-it,hub,hub_4,England,d2,117,0.5555555555555556,0.48717948717948717,0.06837606837606841,0.12307692307692314,0.2153846153846154,14,65,7.534188011388713,2.082264945010752,-5.451923066377962
Gemma-4-31B-it,hub,hub_4,England,d3,614,0.44299674267100975,0.3534201954397394,0.08957654723127034,0.20220588235294115,0.28308823529411764,77,272,7.833430848546393,2.8331636833038027,-5.00026716524259
Gemma-4-31B-it,hub,hub_4,England,d4,1000,0.442,0.386,0.055999999999999994,0.12669683257918551,0.20361990950226244,90,442,6.891984357987446,3.164687502898694,-3.7272968550887517
Gemma-4-31B-it,hub,hub_4,England,d5,1000,0.416,0.352,0.064,0.15384615384615385,0.21394230769230768,89,416,6.828203093681864,2.9545624992014745,-3.8736405944803898
Gemma-4-31B-it,hub,hub_5,India,d1,23,0.9565217391304348,0.7391304347826086,0.21739130434782616,0.22727272727272735,0.22727272727272727,5,22,12.563858564237174,3.0978260826238473,-9.466032481613327
Gemma-4-31B-it,hub,hub_5,India,d2,147,0.564625850340136,0.564625850340136,0.0,0.0,0.0963855421686747,8,83,7.545333715941785,2.7759353680122163,-4.7693983479295685
Gemma-4-31B-it,hub,hub_5,India,d3,614,0.49185667752442996,0.46742671009771986,0.02442996742671011,0.049668874172185455,0.11920529801324503,36,302,8.248600334660024,4.214932818426454,-4.03366751623357
Gemma-4-31B-it,hub,hub_5,India,d4,1000,0.41,0.391,0.01899999999999996,0.046341463414634056,0.13170731707317074,54,410,6.48807809707782,3.8610624972469667,-2.6270155998308535
Gemma-4-31B-it,hub,hub_5,India,d5,1000,0.461,0.445,0.016000000000000014,0.03470715835141001,0.11713665943600868,54,461,7.7403593420137335,4.1388749982547655,-3.601484343758968
Gemma-4-31B-it,hub,hub_6,Italy,d1,19,0.8421052631578947,0.05263157894736842,0.7894736842105263,0.9375000000000001,0.9375,15,16,12.84210519321203,3.447368420942343,-9.394736772269686
Gemma-4-31B-it,hub,hub_6,Italy,d2,94,0.7872340425531915,0.5851063829787234,0.2021276595744681,0.25675675675675674,0.25675675675675674,19,74,10.163231321672535,4.1515957634552985,-6.011635558217237
Gemma-4-31B-it,hub,hub_6,Italy,d3,558,0.45161290322580644,0.4103942652329749,0.04121863799283154,0.09126984126984128,0.21031746031746032,53,252,7.6291442342755404,4.947356628374696,-2.681787605900844
Gemma-4-31B-it,hub,hub_6,Italy,d4,1000,0.418,0.37,0.04799999999999999,0.11483253588516744,0.24401913875598086,102,418,6.31743748324823,3.6106562547283265,-2.7067812285199033
Gemma-4-31B-it,hub,hub_6,Italy,d5,1000,0.534,0.406,0.128,0.2397003745318352,0.31086142322097376,166,534,7.515132774715946,3.9272499942064822,-3.5878827805094637
Gemma-4-31B-it,hub,hub_7,Germany,d1,24,0.9166666666666666,0.6666666666666666,0.25,0.27272727272727276,0.2727272727272727,6,22,11.303385299555137,3.6406249737877565,-7.66276032576738
Gemma-4-31B-it,hub,hub_7,Germany,d2,136,0.5661764705882353,0.5367647058823529,0.02941176470588236,0.05194805194805196,0.12987012987012986,10,77,8.083639663969794,3.448988961161403,-4.634650702808392
Gemma-4-31B-it,hub,hub_7,Germany,d3,548,0.5109489051094891,0.46897810218978103,0.04197080291970806,0.0821428571428572,0.1392857142857143,39,280,8.415659187578063,3.8203695258122643,-4.595289661765799
Gemma-4-31B-it,hub,hub_7,Germany,d4,1000,0.445,0.423,0.02200000000000002,0.04943820224719105,0.1146067415730337,51,445,6.552140607640729,3.790281243864616,-2.7618593637761135
Gemma-4-31B-it,hub,hub_7,Germany,d5,1000,0.454,0.423,0.031000000000000028,0.06828193832599125,0.13215859030837004,60,454,7.164437471028174,4.0811250017988385,-3.0833124692293357
Gemma-4-31B-it,hub,hub_8,Canada,d1,21,1.0,0.047619047619047616,0.9523809523809523,0.9523809523809523,0.9523809523809523,20,21,13.992559516477476,6.250000030024759,-7.742559486452717
Gemma-4-31B-it,hub,hub_8,Canada,d2,117,0.8205128205128205,0.5299145299145299,0.29059829059829057,0.35416666666666663,0.375,36,96,7.76829590366038,2.371794886666432,-5.396501016993948
Gemma-4-31B-it,hub,hub_8,Canada,d3,535,0.4261682242990654,0.34205607476635513,0.08411214953271029,0.1973684210526316,0.2631578947368421,60,228,7.682009320841519,2.3831775699496798,-5.298831750891839
Gemma-4-31B-it,hub,hub_8,Canada,d4,1000,0.444,0.334,0.10999999999999999,0.24774774774774772,0.2972972972972973,132,444,6.570921850750603,2.6699999989524077,-3.900921851798195
Gemma-4-31B-it,hub,hub_8,Canada,d5,1000,0.465,0.369,0.09600000000000003,0.20645161290322586,0.2709677419354839,126,465,7.10593746400745,2.8119375023079773,-4.293999961699473
Gemma-4-31B-it,hub,hub_9,France,d1,28,0.8571428571428571,0.14285714285714285,0.7142857142857142,0.8333333333333333,0.8333333333333334,20,24,10.180803516215198,6.089285709524639,-4.091517806690558
Gemma-4-31B-it,hub,hub_9,France,d2,135,0.45185185185185184,0.1111111111111111,0.34074074074074073,0.7540983606557378,0.7868852459016393,48,61,7.0002314554519405,2.1087963125953038,-4.891435142856636
Gemma-4-31B-it,hub,hub_9,France,d3,459,0.4074074074074074,0.12200435729847495,0.2854030501089324,0.7005347593582887,0.732620320855615,137,187,7.110566428768755,2.125680827788873,-4.984885600979882
Gemma-4-31B-it,hub,hub_9,France,d4,1000,0.454,0.179,0.275,0.6057268722466961,0.6321585903083701,287,454,6.856906216256146,2.1282500007468914,-4.728656215509254
Gemma-4-31B-it,hub,hub_9,France,d5,1000,0.489,0.172,0.317,0.6482617586912066,0.689161554192229,337,489,6.94632808985716,2.140812495813458,-4.805515594043703
Gemma-4-31B-it,random,random_1,Tommie Connor,d1,7,0.0,0.0,0.0,,,0,0,6.321428615310912,2.875000019092113,-3.446428596218799
Gemma-4-31B-it,random,random_1,Tommie Connor,d2,18,0.5,0.6111111111111112,-0.11111111111111116,-0.22222222222222232,0.0,0,9,6.338541702238989,3.548611112171784,-2.789930590067205
Gemma-4-31B-it,random,random_1,Tommie Connor,d3,126,0.6349206349206349,0.5952380952380952,0.03968253968253965,0.06249999999999996,0.125,10,80,10.421874972021175,3.493551586727826,-6.92832338529335
Gemma-4-31B-it,random,random_1,Tommie Connor,d4,550,0.5818181818181818,0.5490909090909091,0.032727272727272716,0.05624999999999998,0.121875,39,320,7.888323819048448,3.750340905376149,-4.1379829136723
Gemma-4-31B-it,random,random_1,Tommie Connor,d5,1000,0.506,0.466,0.03999999999999998,0.07905138339920945,0.1541501976284585,78,506,8.268281201572503,4.062937499225976,-4.205343702346527
Gemma-4-31B-it,random,random_10,Divya,d1,4,0.0,0.0,0.0,,,0,0,7.18749991153436,2.2656249925494194,-4.9218749189849405
Gemma-4-31B-it,random,random_10,Divya,d2,41,0.8536585365853658,0.8292682926829268,0.024390243902439046,0.0285714285714286,0.02857142857142857,1,35,11.342987751625076,5.2713414112147845,-6.071646340410291
Gemma-4-31B-it,random,random_10,Divya,d3,243,0.5802469135802469,0.5637860082304527,0.016460905349794275,0.028368794326241197,0.06382978723404255,9,141,8.728941582221172,4.3076131632994095,-4.421328418921762
Gemma-4-31B-it,random,random_10,Divya,d4,1000,0.552,0.539,0.013000000000000012,0.023550724637681177,0.09057971014492754,50,552,8.076820280891283,5.090874996478686,-2.9859452844125975
Gemma-4-31B-it,random,random_10,Divya,d5,1000,0.468,0.458,0.010000000000000009,0.021367521367521385,0.08974358974358974,42,468,7.4608280848693775,4.77503124483761,-2.6857968400317676
Gemma-4-31B-it,random,random_11,"Madison, Wisconsin",d1,2,1.0,1.0,0.0,0.0,0.0,0,2,17.54687494039536,5.343749964958988,-12.20312497543637
Gemma-4-31B-it,random,random_11,"Madison, Wisconsin",d2,29,0.8620689655172413,0.8275862068965517,0.03448275862068961,0.03999999999999995,0.08,2,25,14.131465436431542,5.133620647687449,-8.997844788744093
Gemma-4-31B-it,random,random_11,"Madison, Wisconsin",d3,205,0.6,0.5951219512195122,0.004878048780487809,0.008130081300813016,0.06504065040650407,8,123,7.526448119047736,4.632621941851459,-2.893826177196277
Gemma-4-31B-it,random,random_11,"Madison, Wisconsin",d4,954,0.5178197064989518,0.4937106918238994,0.024109014675052443,0.04655870445344135,0.1214574898785425,60,494,9.015100848266265,5.916863214328366,-3.0982376339378987
Gemma-4-31B-it,random,random_11,"Madison, Wisconsin",d5,1000,0.427,0.426,0.0010000000000000009,0.002341920374707262,0.08196721311475409,35,427,7.315601533088557,4.956562509210884,-2.3590390238776733
Gemma-4-31B-it,random,random_12,Shenu Agarwal,d1,7,0.0,0.0,0.0,,,0,0,4.6785713460787,3.1964285716946637,-1.482142774384036
Gemma-4-31B-it,random,random_12,Shenu Agarwal,d2,49,0.7755102040816326,0.7959183673469388,-0.020408163265306145,-0.02631578947368424,0.02631578947368421,1,38,9.697066236004272,3.927295905812311,-5.76977033019196
Gemma-4-31B-it,random,random_12,Shenu Agarwal,d3,201,0.527363184079602,0.417910447761194,0.10945273631840802,0.20754716981132085,0.2358490566037736,25,106,7.146377447816324,3.084888075059048,-4.061489372757276
Gemma-4-31B-it,random,random_12,Shenu Agarwal,d4,673,0.4309063893016345,0.35809806835066865,0.07280832095096584,0.16896551724137934,0.23448275862068965,68,290,7.884878782856286,2.696322433924915,-5.188556348931371
Gemma-4-31B-it,random,random_12,Shenu Agarwal,d5,1000,0.491,0.418,0.07300000000000001,0.14867617107942976,0.20366598778004075,100,491,7.179468716795985,3.0555000014414984,-4.123968715354486
Gemma-4-31B-it,random,random_13,Bancolombia,d1,2,1.0,1.0,0.0,0.0,0.0,0,2,8.687499910593036,9.312499969026248,0.625000058433212
Gemma-4-31B-it,random,random_13,Bancolombia,d2,14,1.0,0.14285714285714285,0.8571428571428572,0.8571428571428572,0.8571428571428571,12,14,10.343749891590798,3.44196429303182,-6.901785598558979
Gemma-4-31B-it,random,random_13,Bancolombia,d3,43,0.7441860465116279,0.3023255813953488,0.4418604651162791,0.59375,0.59375,19,32,8.377906902261168,2.142441868110625,-6.235465034150543
Gemma-4-31B-it,random,random_13,Bancolombia,d4,170,0.4588235294117647,0.18823529411764706,0.27058823529411763,0.5897435897435898,0.5897435897435898,46,78,7.54889703459974,2.8007352992402637,-4.748161735359476
Gemma-4-31B-it,random,random_13,Bancolombia,d5,433,0.5034642032332564,0.3625866050808314,0.14087759815242495,0.27981651376146793,0.3073394495412844,67,218,7.236973140653238,2.673498847180527,-4.563474293472711
Gemma-4-31B-it,random,random_14,Chelsea F.C. plc,d1,9,0.8888888888888888,0.6666666666666666,0.2222222222222222,0.25,0.25,2,8,9.374999983030067,5.201388830564813,-4.173611152465254
Gemma-4-31B-it,random,random_14,Chelsea F.C. plc,d2,43,0.32558139534883723,0.4418604651162791,-0.11627906976744184,-0.3571428571428571,0.14285714285714285,2,14,9.957848804003211,6.020348885828943,-3.937499918174268
Gemma-4-31B-it,random,random_14,Chelsea F.C. plc,d3,198,0.6363636363636364,0.6161616161616161,0.02020202020202022,0.03174603174603178,0.1111111111111111,14,126,9.318970927506262,5.754419177820485,-3.5645517496857773
Gemma-4-31B-it,random,random_14,Chelsea F.C. plc,d4,794,0.5365239294710328,0.5188916876574308,0.017632241813602012,0.03286384976525821,0.09389671361502347,40,426,7.443364255780208,5.4096347637943,-2.033729491985908
Gemma-4-31B-it,random,random_14,Chelsea F.C. plc,d5,1000,0.426,0.426,0.0,0.0,0.09859154929577464,42,426,7.739234340047448,5.896312498963269,-1.8429218410841788
Gemma-4-31B-it,random,random_15,Errol Flynn,d1,7,0.7142857142857143,0.7142857142857143,0.0,0.0,0.0,0,5,10.544642884473499,6.491071409811931,-4.053571474661568
Gemma-4-31B-it,random,random_15,Errol Flynn,d2,38,0.7105263157894737,0.39473684210526316,0.3157894736842105,0.4444444444444444,0.48148148148148145,13,27,9.417763074938732,4.299342116733131,-5.118420958205601
Gemma-4-31B-it,random,random_15,Errol Flynn,d3,196,0.5051020408163265,0.42857142857142855,0.07653061224489793,0.1515151515151515,0.2222222222222222,22,99,6.943239778959015,3.1839923595393977,-3.759247419419617
Gemma-4-31B-it,random,random_15,Errol Flynn,d4,866,0.5254041570438799,0.42609699769053117,0.09930715935334872,0.189010989010989,0.23516483516483516,107,455,7.216169854953916,3.654445729218421,-3.5617241257354952
Gemma-4-31B-it,random,random_15,Errol Flynn,d5,1000,0.468,0.414,0.05400000000000005,0.11538461538461547,0.18162393162393162,85,468,7.558171834597838,3.63018749697179,-3.9279843376260475
Gemma-4-31B-it,random,random_2,"Carnation, Lily, Lily, Rose",d1,5,0.4,0.2,0.2,0.5,0.5,1,2,4.149999995771213,2.2750000208616257,-1.8749999749095876
Gemma-4-31B-it,random,random_2,"Carnation, Lily, Lily, Rose",d2,24,0.4583333333333333,0.4583333333333333,0.0,0.0,0.09090909090909091,1,11,8.815104148914484,3.565104159714489,-5.2499999891999956
Gemma-4-31B-it,random,random_2,"Carnation, Lily, Lily, Rose",d3,124,0.5806451612903226,0.6129032258064516,-0.032258064516129004,-0.055555555555555504,0.013888888888888888,1,72,9.144657224856308,3.4364919382330092,-5.708165286623299
Gemma-4-31B-it,random,random_2,"Carnation, Lily, Lily, Rose",d4,658,0.5729483282674772,0.5425531914893617,0.03039513677811556,0.05305039787798419,0.11140583554376658,42,377,7.859968616719403,3.7768807013233467,-4.083087915396057
Gemma-4-31B-it,random,random_2,"Carnation, Lily, Lily, Rose",d5,1000,0.535,0.501,0.03400000000000003,0.06355140186915893,0.13457943925233645,72,535,8.079890586933821,4.076749996411447,-4.003140590522374
Gemma-4-31B-it,random,random_3,Lawren Harris,d1,3,0.3333333333333333,0.0,0.3333333333333333,1.0,1.0,1,1,8.895833565862025,4.124999897244076,-4.770833668617949
Gemma-4-31B-it,random,random_3,Lawren Harris,d2,21,1.0,0.047619047619047616,0.9523809523809523,0.9523809523809523,0.9523809523809523,20,21,13.992559516477476,5.904761919502302,-8.087797596975175
Gemma-4-31B-it,random,random_3,Lawren Harris,d3,117,0.8205128205128205,0.6324786324786325,0.18803418803418803,0.22916666666666669,0.2708333333333333,26,96,7.767227531163068,3.149038467616436,-4.618189063546632
Gemma-4-31B-it,random,random_3,Lawren Harris,d4,535,0.4261682242990654,0.34392523364485983,0.0822429906542056,0.19298245614035084,0.2850877192982456,65,228,7.687675200183491,3.2738317859780683,-4.413843414205422
Gemma-4-31B-it,random,random_3,Lawren Harris,d5,1000,0.444,0.328,0.11599999999999999,0.26126126126126126,0.3153153153153153,140,444,6.6090312260739115,3.0011250019869187,-3.607906224086993
Gemma-4-31B-it,random,random_4,Christ Before the High Priest,d1,4,0.5,0.5,0.0,0.0,0.0,0,2,4.437499990977813,2.046874933876097,-2.3906250571017154
Gemma-4-31B-it,random,random_4,Christ Before the High Priest,d2,25,0.36,0.28,0.07999999999999996,0.22222222222222213,0.3333333333333333,3,9,5.3974999479707275,2.91749998819083,-2.4799999597798976
Gemma-4-31B-it,random,random_4,Christ Before the High Priest,d3,113,0.5132743362831859,0.5663716814159292,-0.053097345132743334,-0.10344827586206891,0.017241379310344827,1,58,7.204369448281979,4.608960165433581,-2.595409282848398
Gemma-4-31B-it,random,random_4,Christ Before the High Priest,d4,454,0.5616740088105727,0.5572687224669604,0.004405286343612369,0.007843137254902021,0.09019607843137255,23,255,8.368667362719094,3.8291574803964106,-4.539509882322683
Gemma-4-31B-it,random,random_4,Christ Before the High Priest,d5,1000,0.501,0.488,0.013000000000000012,0.025948103792415193,0.11377245508982035,57,501,7.276046849607409,3.940625004568008,-3.3354218450394013
Gemma-4-31B-it,random,random_5,Paris Saint-Germain Judo,d1,3,1.0,1.0,0.0,0.0,0.0,0,3,5.791666526095166,3.125,-2.666666526095166
Gemma-4-31B-it,random,random_5,Paris Saint-Germain Judo,d2,34,0.7647058823529411,0.23529411764705882,0.5294117647058822,0.6923076923076922,0.6923076923076923,18,26,8.795955828994472,4.625000012435896,-4.1709558165585765
Gemma-4-31B-it,random,random_5,Paris Saint-Germain Judo,d3,175,0.4685714285714286,0.3028571428571429,0.1657142857142857,0.35365853658536583,0.4634146341463415,38,82,6.925357129158534,2.9914285775935943,-3.9339285515649394
Gemma-4-31B-it,random,random_5,Paris Saint-Germain Judo,d4,599,0.4507512520868113,0.31719532554257096,0.13355592654424037,0.2962962962962962,0.4074074074074074,110,270,7.294501227693283,3.376982468486629,-3.9175187592066543
Gemma-4-31B-it,random,random_5,Paris Saint-Germain Judo,d5,1000,0.477,0.33,0.14699999999999996,0.30817610062893075,0.3584905660377358,171,477,6.527093718656763,3.1468749986735856,-3.3802187199831777
Gemma-4-31B-it,random,random_6,Silappadikaram,d1,6,0.3333333333333333,0.0,0.3333333333333333,1.0,1.0,2,2,4.104166719528924,1.8124999680245917,-2.291666751504332
Gemma-4-31B-it,random,random_6,Silappadikaram,d2,21,0.38095238095238093,0.42857142857142855,-0.047619047619047616,-0.125,0.125,1,8,7.127976142455465,2.717261907711093,-4.410714234744372
Gemma-4-31B-it,random,random_6,Silappadikaram,d3,76,0.6710526315789473,0.4473684210526316,0.22368421052631576,0.3333333333333333,0.39215686274509803,20,51,8.041529567969738,3.222039459155655,-4.819490108814083
Gemma-4-31B-it,random,random_6,Silappadikaram,d4,320,0.575,0.4875,0.08749999999999997,0.15217391304347822,0.20652173913043478,38,184,8.340454075439933,2.7525390635379834,-5.587915011901949
Gemma-4-31B-it,random,random_6,Silappadikaram,d5,1000,0.508,0.388,0.12,0.23622047244094488,0.2992125984251969,152,508,8.060093714666438,3.648312501410088,-4.411781213256351
Gemma-4-31B-it,random,random_7,David Bell,d1,12,0.0,0.0,0.0,,,0,0,4.46874997075065,3.677083282188202,-0.7916666885624486
Gemma-4-31B-it,random,random_7,David Bell,d2,84,0.7976190476190477,0.7738095238095238,0.023809523809523836,0.029850746268656747,0.04477611940298507,3,67,11.491443396820655,4.767113088693198,-6.724330308127457
Gemma-4-31B-it,random,random_7,David Bell,d3,470,0.5404255319148936,0.5127659574468085,0.02765957446808509,0.051181102362204696,0.1062992125984252,27,254,8.148836391654948,4.380984034857071,-3.767852356797877
Gemma-4-31B-it,random,random_7,David Bell,d4,1000,0.488,0.472,0.016000000000000014,0.03278688524590167,0.12090163934426229,59,488,8.001570275526298,4.566437500394077,-3.435132775132221
Gemma-4-31B-it,random,random_7,David Bell,d5,1000,0.424,0.411,0.013000000000000012,0.030660377358490594,0.1179245283018868,50,424,7.187812467457785,4.448125001294864,-2.7396874661629207
Gemma-4-31B-it,random,random_8,Jane Harrington,d1,7,0.0,0.0,0.0,,,0,0,5.107142874871248,5.285714218958414,0.17857134408716568
Gemma-4-31B-it,random,random_8,Jane Harrington,d2,66,0.7121212121212122,0.696969696969697,0.015151515151515138,0.02127659574468083,0.06382978723404255,3,47,9.904829470841726,3.7291666850214824,-6.1756627858202435
Gemma-4-31B-it,random,random_8,Jane Harrington,d3,376,0.5319148936170213,0.5186170212765957,0.013297872340425565,0.025000000000000064,0.095,19,200,7.972448425731114,3.8660239482345244,-4.10642447749659
Gemma-4-31B-it,random,random_8,Jane Harrington,d4,1000,0.466,0.451,0.015000000000000013,0.032188841201716764,0.13733905579399142,64,466,8.173789031593204,4.409999999814774,-3.7637890317784297
Gemma-4-31B-it,random,random_8,Jane Harrington,d5,1000,0.416,0.406,0.009999999999999953,0.02403846153846143,0.11057692307692307,46,416,7.196812473420752,4.178625002664194,-3.0181874707565584
Gemma-4-31B-it,random,random_9,John Cohen,d1,3,0.0,0.0,0.0,,,0,0,2.7499999958090484,3.5624999408610165,0.8124999450519681
Gemma-4-31B-it,random,random_9,John Cohen,d2,39,0.8974358974358975,0.6923076923076923,0.20512820512820518,0.22857142857142862,0.22857142857142856,8,35,14.620993480748288,3.044871798904541,-11.576121681843746
Gemma-4-31B-it,random,random_9,John Cohen,d3,274,0.5437956204379562,0.46715328467153283,0.07664233576642332,0.14093959731543618,0.18120805369127516,27,149,8.083314269447651,3.8731751793687805,-4.21013909007887
Gemma-4-31B-it,random,random_9,John Cohen,d4,1000,0.53,0.503,0.027000000000000024,0.05094339622641514,0.11886792452830189,63,530,8.588679645017503,4.495187503352583,-4.09349214166492
Gemma-4-31B-it,random,random_9,John Cohen,d5,1000,0.389,0.326,0.063,0.16195372750642673,0.2467866323907455,96,389,7.036937470848562,4.071249994585058,-2.965687476263504
Gemma-4-31B-it,tail,tail_1,"Brewster, Washington",d1,1,1.0,0.0,1.0,1.0,1.0,1,1,14.75000011920963,8.250000183295924,-6.499999935913706
Gemma-4-31B-it,tail,tail_1,"Brewster, Washington",d2,28,0.8571428571428571,0.4642857142857143,0.3928571428571428,0.45833333333333326,0.4583333333333333,11,24,14.00892848773267,2.444196429897732,-11.564732057834938
Gemma-4-31B-it,tail,tail_1,"Brewster, Washington",d3,205,0.6,0.3463414634146341,0.25365853658536586,0.42276422764227645,0.4715447154471545,58,123,7.529115802533592,2.5789634372790915,-4.9501523652545
Gemma-4-31B-it,tail,tail_1,"Brewster, Washington",d4,954,0.5188679245283019,0.3951781970649895,0.12368972746331236,0.23838383838383836,0.296969696969697,147,495,9.01981782639684,1.9492596950585264,-7.070558131338315
Gemma-4-31B-it,tail,tail_1,"Brewster, Washington",d5,1000,0.438,0.274,0.16399999999999998,0.3744292237442922,0.4269406392694064,187,438,7.446042946428441,2.42475000223274,-5.0212929441957
Gemma-4-31B-it,tail,tail_10,Pocklington,d1,1,1.0,0.0,1.0,1.0,1.0,1,1,7.374999839114025,4.937500230036676,-2.4374996090773493
Gemma-4-31B-it,tail,tail_10,Pocklington,d2,11,0.7272727272727273,0.8181818181818182,-0.09090909090909094,-0.12500000000000003,0.0,0,8,7.2528409926999196,3.4659090918404134,-3.786931900859506
Gemma-4-31B-it,tail,tail_10,Pocklington,d3,55,0.38181818181818183,0.41818181818181815,-0.03636363636363632,-0.09523809523809512,0.19047619047619047,4,21,6.698863646368837,2.201136360800063,-4.497727285568773
Gemma-4-31B-it,tail,tail_10,Pocklington,d4,186,0.5645161290322581,0.543010752688172,0.021505376344086113,0.03809523809523825,0.10476190476190476,11,105,9.06838033562628,3.1270161214759025,-5.9413642141503775
Gemma-4-31B-it,tail,tail_10,Pocklington,d5,679,0.5846833578792342,0.4889543446244477,0.0957290132547865,0.16372795969773307,0.19899244332493704,79,397,8.38114409524018,2.850699557329924,-5.530444537910255
Gemma-4-31B-it,tail,tail_11,"St. John's School, Dorchester",d1,1,0.0,1.0,-1.0,,,0,0,6.625000128522515,0.625,-6.000000128522515
Gemma-4-31B-it,tail,tail_11,"St. John's School, Dorchester",d2,4,0.5,0.0,0.5,1.0,1.0,2,2,1.8750000214204192,0.6093750149011612,-1.265625006519258
Gemma-4-31B-it,tail,tail_11,"St. John's School, Dorchester",d3,46,0.9347826086956522,0.30434782608695654,0.6304347826086957,0.6744186046511628,0.6744186046511628,29,43,11.779891288848772,3.1902173808522765,-8.589673907996495
Gemma-4-31B-it,tail,tail_11,"St. John's School, Dorchester",d4,265,0.6264150943396226,0.5886792452830188,0.037735849056603765,0.06024096385542168,0.1144578313253012,19,166,7.449351377215144,3.1096698146719786,-4.339681562543165
Gemma-4-31B-it,tail,tail_11,"St. John's School, Dorchester",d5,1000,0.422,0.383,0.03899999999999998,0.09241706161137436,0.17061611374407584,72,422,7.660328092236873,4.0196874942896175,-3.6406405979472556
Gemma-4-31B-it,tail,tail_12,Eric Fisher,d1,1,0.0,1.0,-1.0,,,0,0,1.7499999701976776,3.874999936670065,2.1249999664723873
Gemma-4-31B-it,tail,tail_12,Eric Fisher,d2,2,0.0,0.5,-0.5,,,0,0,0.3124999701976776,1.4999999776482582,1.1875000074505806
Gemma-4-31B-it,tail,tail_12,Eric Fisher,d3,45,0.35555555555555557,0.26666666666666666,0.0888888888888889,0.25000000000000006,0.25,4,16,4.0249999760779485,2.622222168675499,-1.4027778074024493
Gemma-4-31B-it,tail,tail_12,Eric Fisher,d4,242,0.7024793388429752,0.6942148760330579,0.008264462809917328,0.011764705882352903,0.03529411764705882,6,170,9.361182818177147,4.661673542381283,-4.699509275795863
Gemma-4-31B-it,tail,tail_12,Eric Fisher,d5,1000,0.529,0.505,0.02400000000000002,0.04536862003780722,0.12098298676748583,64,529,7.790488247305159,4.968249994174186,-2.8222382531309735
Gemma-4-31B-it,tail,tail_13,Haicheng,d1,1,1.0,1.0,0.0,0.0,0.0,0,1,1.625,4.750000100582838,3.125000100582838
Gemma-4-31B-it,tail,tail_13,Haicheng,d2,5,0.8,0.4,0.4,0.5,0.5,2,4,12.562499962813039,3.4250000450760125,-9.137499917737026
Gemma-4-31B-it,tail,tail_13,Haicheng,d3,41,0.7317073170731707,0.1951219512195122,0.5365853658536586,0.7333333333333334,0.7666666666666667,23,30,8.682926829253573,3.833841474770452,-4.849085354483121
Gemma-4-31B-it,tail,tail_13,Haicheng,d4,130,0.45384615384615384,0.27692307692307694,0.1769230769230769,0.38983050847457623,0.4576271186440678,27,59,6.2569711225737885,2.8213942390080775,-3.435576883565711
Gemma-4-31B-it,tail,tail_13,Haicheng,d5,276,0.32971014492753625,0.21739130434782608,0.11231884057971017,0.3406593406593407,0.4725274725274725,43,91,6.134397611921698,2.9475769977722415,-3.1868206141494566
Gemma-4-31B-it,tail,tail_14,Maude,d1,1,1.0,1.0,0.0,0.0,0.0,0,1,10.250000003361492,5.8750000754371285,-4.374999927924364
Gemma-4-31B-it,tail,tail_14,Maude,d2,7,0.14285714285714285,0.14285714285714285,0.0,0.0,0.0,0,1,8.276785563905248,5.72321433327826,-2.5535712306269884
Gemma-4-31B-it,tail,tail_14,Maude,d3,35,0.8,0.6285714285714286,0.17142857142857149,0.21428571428571436,0.2857142857142857,8,28,12.414285656328598,3.3107142662197084,-9.10357139010889
Gemma-4-31B-it,tail,tail_14,Maude,d4,249,0.5502008032128514,0.5502008032128514,0.0,0.0,0.043795620437956206,6,137,6.767758497536792,4.047565254764185,-2.7201932427726065
Gemma-4-31B-it,tail,tail_14,Maude,d5,1000,0.463,0.443,0.020000000000000018,0.04319654427645792,0.1079913606911447,50,463,8.987460899323692,5.417843756313869,-3.5696171430098227
Gemma-4-31B-it,tail,tail_15,Rome Community Festival,d1,1,1.0,1.0,0.0,0.0,0.0,0,1,2.3750000596046448,7.312500148545951,4.937500088941306
Gemma-4-31B-it,tail,tail_15,Rome Community Festival,d2,4,0.5,0.5,0.0,0.0,0.0,0,2,12.656249625155398,5.250000174855813,-7.406249450299585
Gemma-4-31B-it,tail,tail_15,Rome Community Festival,d3,34,0.7941176470588235,0.7352941176470589,0.05882352941176461,0.07407407407407396,0.1111111111111111,3,27,13.220588179184539,2.641544104225271,-10.579044074959267
Gemma-4-31B-it,tail,tail_15,Rome Community Festival,d4,239,0.606694560669456,0.5397489539748954,0.06694560669456062,0.11034482758620683,0.13793103448275862,20,145,8.030923080219221,3.8891213573196675,-4.141801722899554
Gemma-4-31B-it,tail,tail_15,Rome Community Festival,d5,1000,0.554,0.511,0.04300000000000004,0.07761732851985566,0.15162454873646208,84,554,9.106703080355059,4.4558125005878395,-4.6508905797672195
Gemma-4-31B-it,tail,tail_2,Ivo Andrić,d1,2,0.0,0.0,0.0,,,0,0,10.843750193154847,6.937499933570507,-3.90625025958434
Gemma-4-31B-it,tail,tail_2,Ivo Andrić,d2,13,0.8461538461538461,0.5384615384615384,0.3076923076923077,0.36363636363636365,0.36363636363636365,4,11,9.805288411420339,3.951923076627561,-5.853365334792778
Gemma-4-31B-it,tail,tail_2,Ivo Andrić,d3,23,0.782608695652174,0.782608695652174,0.0,0.0,0.0,0,18,7.225543479827279,4.2336956300081825,-2.991847849819097
Gemma-4-31B-it,tail,tail_2,Ivo Andrić,d4,85,0.3176470588235294,0.25882352941176473,0.05882352941176466,0.18518518518518506,0.3333333333333333,9,27,6.035294092742387,4.316176462114912,-1.7191176306274745
Gemma-4-31B-it,tail,tail_2,Ivo Andrić,d5,154,0.43506493506493504,0.474025974025974,-0.038961038961038974,-0.08955223880597019,0.05970149253731343,4,67,6.840503222982694,4.137175333979479,-2.703327889003215
Gemma-4-31B-it,tail,tail_3,Kanchipuram,d1,1,1.0,0.0,1.0,1.0,1.0,1,1,13.124999880792757,1.125,-11.999999880792757
Gemma-4-31B-it,tail,tail_3,Kanchipuram,d2,23,0.9565217391304348,0.2608695652173913,0.6956521739130435,0.7272727272727272,0.7272727272727273,16,22,12.563858564237174,4.98913042556049,-7.574728138676684
Gemma-4-31B-it,tail,tail_3,Kanchipuram,d3,147,0.564625850340136,0.4965986394557823,0.0680272108843537,0.12048192771084332,0.1686746987951807,14,83,7.54320785475122,2.624574825828531,-4.918633028922689
Gemma-4-31B-it,tail,tail_3,Kanchipuram,d4,614,0.49348534201954397,0.42996742671009774,0.06351791530944623,0.12871287128712866,0.19471947194719472,59,303,8.245610211093483,3.98574918504471,-4.259861026048773
Gemma-4-31B-it,tail,tail_3,Kanchipuram,d5,1000,0.409,0.363,0.045999999999999985,0.11246943765281171,0.21515892420537897,88,409,6.523156227857124,3.4187499929757177,-3.104406234881406
Gemma-4-31B-it,tail,tail_4,Magadi,d1,1,0.0,0.0,0.0,,,0,0,0.7500000298023224,5.999999845633283,5.249999815830961
Gemma-4-31B-it,tail,tail_4,Magadi,d2,23,0.9565217391304348,0.8260869565217391,0.13043478260869568,0.13636363636363638,0.13636363636363635,3,22,12.563858564237174,3.836956527858527,-8.726902036378647
Gemma-4-31B-it,tail,tail_4,Magadi,d3,147,0.564625850340136,0.564625850340136,0.0,0.0,0.10843373493975904,9,83,7.54405819620447,3.9906462629513872,-3.553411933253083
Gemma-4-31B-it,tail,tail_4,Magadi,d4,614,0.496742671009772,0.46416938110749184,0.032573289902280145,0.06557377049180331,0.13114754098360656,40,305,8.24642453792846,5.535525235308273,-2.710899302620187
Gemma-4-31B-it,tail,tail_4,Magadi,d5,1000,0.393,0.379,0.014000000000000012,0.03562340966921122,0.1475826972010178,58,393,6.461796847149049,4.01199999489205,-2.4497968522569993
Gemma-4-31B-it,tail,tail_5,Greater Moncton Roméo LeBlanc International Airport,d1,3,0.6666666666666666,0.3333333333333333,0.3333333333333333,0.5,0.5,1,2,9.68749976398768,1.6249999403953552,-8.062499823592324
Gemma-4-31B-it,tail,tail_5,Greater Moncton Roméo LeBlanc International Airport,d2,24,0.9583333333333334,0.8333333333333334,0.125,0.13043478260869565,0.13043478260869565,3,23,13.33203123171011,2.635416699127139,-10.69661453258297
Gemma-4-31B-it,tail,tail_5,Greater Moncton Roméo LeBlanc International Airport,d3,119,0.8067226890756303,0.7394957983193278,0.0672268907563025,0.08333333333333331,0.125,12,96,7.73647581119931,4.402310915592711,-3.334164895606599
Gemma-4-31B-it,tail,tail_5,Greater Moncton Roméo LeBlanc International Airport,d4,536,0.42723880597014924,0.41044776119402987,0.016791044776119368,0.03930131004366804,0.1091703056768559,25,229,7.676131038242008,5.080340485179891,-2.595790553062117
Gemma-4-31B-it,tail,tail_5,Greater Moncton Roméo LeBlanc International Airport,d5,1000,0.456,0.436,0.020000000000000018,0.04385964912280706,0.11842105263157894,54,456,6.867078098719584,4.536125000869019,-2.330953097850565
Gemma-4-31B-it,tail,tail_6,Partition of India,d1,1,1.0,1.0,0.0,0.0,0.0,0,1,14.312499880791279,2.874999910593033,-11.437499970198246
Gemma-4-31B-it,tail,tail_7,Balangero,d1,1,0.0,0.0,0.0,,,0,0,2.0,1.1874999701976776,-0.8125000298023224
Gemma-4-31B-it,tail,tail_7,Balangero,d2,19,0.8421052631578947,0.05263157894736842,0.7894736842105263,0.9375000000000001,0.9375,15,16,12.84210519321203,6.190789504463809,-6.6513156887482205
Gemma-4-31B-it,tail,tail_7,Balangero,d3,94,0.7872340425531915,0.13829787234042554,0.648936170212766,0.8243243243243243,0.8243243243243243,61,74,10.163231321672535,2.9827127686281876,-7.180518553044347
Gemma-4-31B-it,tail,tail_7,Balangero,d4,558,0.45161290322580644,0.3548387096774194,0.09677419354838707,0.21428571428571422,0.31746031746031744,80,252,7.635864657733908,2.9179547529669416,-4.717909904766966
Gemma-4-31B-it,tail,tail_7,Balangero,d5,1000,0.419,0.246,0.173,0.41288782816229114,0.4630071599045346,194,419,6.28126559875965,2.3879687499178064,-3.893296848841844
Gemma-4-31B-it,tail,tail_8,Great Island,d1,2,0.0,0.0,0.0,,,0,0,3.1250000204890966,2.2500000670552254,-0.8749999534338713
Gemma-4-31B-it,tail,tail_8,Great Island,d2,20,0.8,0.5,0.30000000000000004,0.37500000000000006,0.4375,7,16,8.440624925309665,2.3375000091968103,-6.103124916112854
Gemma-4-31B-it,tail,tail_8,Great Island,d3,75,0.5733333333333334,0.5333333333333333,0.040000000000000036,0.06976744186046517,0.06976744186046512,3,43,8.045833254686139,4.081666660678263,-3.9641665940078763
Gemma-4-31B-it,tail,tail_8,Great Island,d4,381,0.4041994750656168,0.38320209973753283,0.02099737532808399,0.051948051948051945,0.17532467532467533,27,154,8.222933040395555,5.069881886043815,-3.15305115435174
Gemma-4-31B-it,tail,tail_8,Great Island,d5,1000,0.479,0.462,0.01699999999999996,0.035490605427974865,0.1315240083507307,63,479,6.730449194868656,4.316812492753066,-2.413636702115589
Gemma-4-31B-it,tail,tail_9,Royal Borough of Windsor and Maidenhead,d1,1,1.0,1.0,0.0,0.0,0.0,0,1,14.812500238418806,4.249999962747097,-10.56250027567171
Gemma-4-31B-it,tail,tail_9,Royal Borough of Windsor and Maidenhead,d2,11,0.6363636363636364,0.7272727272727273,-0.09090909090909094,-0.1428571428571429,0.0,0,7,7.2528409926999196,3.113636352672157,-4.139204640027763
Gemma-4-31B-it,tail,tail_9,Royal Borough of Windsor and Maidenhead,d3,55,0.38181818181818183,0.36363636363636365,0.018181818181818188,0.04761904761904763,0.2857142857142857,6,21,6.698863646368837,3.1477272461155237,-3.5511364002533132
Gemma-4-31B-it,tail,tail_9,Royal Borough of Windsor and Maidenhead,d4,186,0.5591397849462365,0.43548387096774194,0.12365591397849457,0.2211538461538461,0.2980769230769231,31,104,9.06048382793772,3.7795699008132533,-5.280913927124466
Gemma-4-31B-it,tail,tail_9,Royal Borough of Windsor and Maidenhead,d5,679,0.5861561119293078,0.5316642120765832,0.05449189985272462,0.09296482412060306,0.16331658291457288,65,398,8.37953327091342,3.9997238556150503,-4.37980941529837
