model,group,target,subject,hop,count,clean_correct,flip_count,flip_rate,epr,clean_acc,poisoned_acc_raw,poisoned_acc_judge,clean_margin_avg,poisoned_margin_avg,margin_change_avg
Qwen3.5-2B,hub,hub_3,United States,d1,28,24,17,0.7083333333333334,0.7083333333333334,0.8571428571428571,0.25,0.25,4.968750036562726,1.613839270630186,-3.3549107659325403
Qwen3.5-2B,hub,hub_3,United States,d2,205,98,89,0.9081632653061225,0.9081632653061225,0.47804878048780486,0.04390243902439024,0.04390243902439024,2.7737804929867798,2.076524388174549,-0.6972561048122304
Qwen3.5-2B,hub,hub_3,United States,d3,954,279,220,0.7885304659498208,0.7885304659498208,0.29245283018867924,0.0649895178197065,0.06708595387840671,3.207023058522581,1.7955319749570255,-1.4114910835655554
Qwen3.5-2B,hub,hub_3,United States,d4,1000,296,248,0.8378378378378378,0.8378378378378378,0.296,0.05,0.055,3.1332499992158263,1.9628125047706417,-1.1704374944451847
Qwen3.5-2B,hub,hub_3,United States,d5,1000,331,292,0.8821752265861027,0.8821752265861027,0.331,0.037,0.042,3.0193749994967947,1.8538124987486955,-1.1655625007480994
Qwen3.5-9B,hub,hub_3,United States,d1,28,23,14,0.6086956521739131,0.6086956521739131,0.8214285714285714,0.35714285714285715,0.35714285714285715,5.013392852261729,2.2276785924831137,-2.785714259778615
Qwen3.5-9B,hub,hub_3,United States,d2,205,117,80,0.6837606837606838,0.6837606837606838,0.5707317073170731,0.18048780487804877,0.1902439024390244,3.1969512143828225,1.8542682905289594,-1.3426829238538631
Qwen3.5-9B,hub,hub_3,United States,d3,954,434,240,0.5529953917050692,0.5529953917050692,0.4549266247379455,0.22955974842767296,0.23689727463312368,3.863011007312968,1.849384170503024,-2.0136268368099444
Qwen3.5-9B,hub,hub_3,United States,d4,1000,418,270,0.645933014354067,0.645933014354067,0.418,0.148,0.161,3.768937502627872,1.713687499976426,-2.055250002651446
Qwen3.5-9B,hub,hub_3,United States,d5,1000,436,313,0.7178899082568807,0.7178899082568807,0.436,0.118,0.136,3.5768125013188548,1.8418125009594368,-1.7350000003594177
Gemma-4-E4B-it,hub,hub_3,United States,d1,28,24,0,0.0,0.0,0.8571428571428571,0.8571428571428571,0.8571428571428571,8.232142750982673,7.439732178975776,-0.7924105720068967
Gemma-4-E4B-it,hub,hub_3,United States,d2,205,95,8,0.08421052631578947,0.08421052631578947,0.4634146341463415,0.4292682926829268,0.43414634146341463,3.1969512182909434,3.481097563285744,0.2841463449948007
Gemma-4-E4B-it,hub,hub_3,United States,d3,954,288,53,0.1840277777777778,0.1840277777777778,0.3018867924528302,0.279874213836478,0.2830188679245283,3.8821409832304727,4.532593032296456,0.650452049065983
Gemma-4-E4B-it,hub,hub_3,United States,d4,1000,295,22,0.07457627118644068,0.07457627118644068,0.295,0.277,0.284,4.837874991229198,5.528218757313241,0.6903437660840437
Gemma-4-E4B-it,hub,hub_3,United States,d5,1000,349,21,0.06017191977077364,0.06017191977077364,0.349,0.333,0.344,4.262374990599546,4.9939374935630525,0.7315625029635067
Gemma-4-31B-it,hub,hub_3,United States,d1,28,24,6,0.25,0.25,0.8571428571428571,0.6428571428571429,0.6428571428571429,14.00892848773267,2.1495535887578234,-11.859374898974846
Gemma-4-31B-it,hub,hub_3,United States,d2,205,123,35,0.2845528455284553,0.2845528455284553,0.6,0.44878048780487806,0.45365853658536587,7.528963359660975,2.5676829365879246,-4.961280423073049
Gemma-4-31B-it,hub,hub_3,United States,d3,954,495,82,0.16565656565656567,0.16565656565656567,0.5188679245283019,0.46226415094339623,0.46855345911949686,9.019187257569271,2.9114255805604254,-6.1077616770088445
Gemma-4-31B-it,hub,hub_3,United States,d4,1000,438,125,0.2853881278538813,0.2853881278538813,0.438,0.332,0.34,7.279167937930339,2.3848750003364403,-4.894292937593902
Gemma-4-31B-it,hub,hub_3,United States,d5,1000,477,138,0.2893081761006289,0.2893081761006289,0.477,0.349,0.363,7.622812479669232,2.230937501655164,-5.391874978014068
Qwen3.5-2B,hub,hub_9,France,d1,28,24,21,0.875,0.875,0.8571428571428571,0.10714285714285714,0.10714285714285714,3.763392844035739,2.2187499934973727,-1.5446428505383665
Qwen3.5-2B,hub,hub_9,France,d2,135,49,9,0.1836734693877551,0.1836734693877551,0.362962962962963,0.2962962962962963,0.3037037037037037,3.19814815412241,2.097222226989214,-1.100925927133196
Qwen3.5-2B,hub,hub_9,France,d3,459,124,56,0.45161290322580644,0.45161290322580644,0.2701525054466231,0.15904139433551198,0.1721132897603486,2.6898148147831114,2.5848311542153275,-0.10498366056778367
Qwen3.5-2B,hub,hub_9,France,d4,1000,336,108,0.32142857142857145,0.32142857142857145,0.336,0.242,0.252,2.8007499952922226,2.7513124991874647,-0.04943749610475788
Qwen3.5-2B,hub,hub_9,France,d5,1000,357,136,0.38095238095238093,0.38095238095238093,0.357,0.241,0.249,2.6810000010008808,2.752000001201384,0.07100000020050357
Qwen3.5-9B,hub,hub_9,France,d1,28,23,14,0.6086956521739131,0.6086956521739131,0.8214285714285714,0.32142857142857145,0.32142857142857145,4.60044644527183,1.5848214417097293,-3.015625003562101
Qwen3.5-9B,hub,hub_9,France,d2,135,55,28,0.509090909090909,0.509090909090909,0.4074074074074074,0.21481481481481482,0.22962962962962963,3.2467592850973164,1.4981481486353678,-1.7486111364619488
Qwen3.5-9B,hub,hub_9,France,d3,459,173,82,0.47398843930635837,0.47398843930635837,0.3769063180827887,0.22004357298474944,0.2374727668845316,3.0860566486598677,1.718954248401521,-1.3671024002583467
Qwen3.5-9B,hub,hub_9,France,d4,1000,441,194,0.4399092970521542,0.4399092970521542,0.441,0.257,0.277,3.2544999963342054,1.8221250015203259,-1.4323749948138793
Qwen3.5-9B,hub,hub_9,France,d5,1000,455,182,0.4,0.4,0.455,0.297,0.322,3.0848124989476857,1.9319374983444577,-1.1528750006032278
Gemma-4-E4B-it,hub,hub_9,France,d1,28,24,1,0.041666666666666664,0.041666666666666664,0.8571428571428571,0.8214285714285714,0.8214285714285714,7.029017779390626,5.870535701509003,-1.1584820778816234
Gemma-4-E4B-it,hub,hub_9,France,d2,135,49,5,0.10204081632653061,0.10204081632653061,0.362962962962963,0.37037037037037035,0.37777777777777777,3.532870350541395,3.4055555422778423,-0.12731480826355268
Gemma-4-E4B-it,hub,hub_9,France,d3,459,109,9,0.08256880733944955,0.08256880733944955,0.2374727668845316,0.2374727668845316,0.24618736383442266,4.203159036791047,4.592933005093121,0.3897739683020736
Gemma-4-E4B-it,hub,hub_9,France,d4,1000,337,8,0.02373887240356083,0.02373887240356083,0.337,0.357,0.368,4.420749993673816,5.001312504543248,0.5805625108694321
Gemma-4-E4B-it,hub,hub_9,France,d5,1000,353,26,0.07365439093484419,0.07365439093484419,0.353,0.345,0.359,4.252812498361171,4.523843745910384,0.271031247549214
Gemma-4-31B-it,hub,hub_9,France,d1,28,24,20,0.8333333333333334,0.8333333333333334,0.8571428571428571,0.14285714285714285,0.14285714285714285,10.180803516215198,6.089285709524639,-4.091517806690559
Gemma-4-31B-it,hub,hub_9,France,d2,135,61,48,0.7868852459016393,0.7868852459016393,0.45185185185185184,0.1111111111111111,0.11851851851851852,7.0002314554519405,2.1087963125953038,-4.891435142856636
Gemma-4-31B-it,hub,hub_9,France,d3,459,187,135,0.7219251336898396,0.7219251336898396,0.4074074074074074,0.12200435729847495,0.1394335511982571,7.110566428768755,2.125680827788873,-4.984885600979884
Gemma-4-31B-it,hub,hub_9,France,d4,1000,454,281,0.6189427312775331,0.6189427312775331,0.454,0.179,0.193,6.856906216256146,2.1282500007468914,-4.728656215509254
Gemma-4-31B-it,hub,hub_9,France,d5,1000,489,314,0.6421267893660532,0.6421267893660532,0.489,0.172,0.209,6.94632808985716,2.140812495813458,-4.805515594043701
Qwen3.5-2B,hub,hub_5,India,d1,23,22,8,0.36363636363636365,0.36363636363636365,0.9565217391304348,0.6086956521739131,0.6086956521739131,4.663043489381064,1.9456521652261827,-2.717391324154881
Qwen3.5-2B,hub,hub_5,India,d2,147,70,4,0.05714285714285714,0.05714285714285714,0.47619047619047616,0.46258503401360546,0.46938775510204084,2.910714285281094,2.643707474211166,-0.2670068110699281
Qwen3.5-2B,hub,hub_5,India,d3,614,181,52,0.287292817679558,0.287292817679558,0.2947882736156352,0.23452768729641693,0.255700325732899,2.9576547285378836,3.065553746873787,0.10789901833590317
Qwen3.5-2B,hub,hub_5,India,d4,1000,283,56,0.1978798586572438,0.1978798586572438,0.283,0.259,0.271,2.607374999554828,2.9099374960698476,0.30256249651502004
Qwen3.5-2B,hub,hub_5,India,d5,1000,332,64,0.1927710843373494,0.1927710843373494,0.332,0.291,0.301,3.01712500380096,3.4632499936454986,0.4461249898445385
Qwen3.5-9B,hub,hub_5,India,d1,23,21,18,0.8571428571428571,0.8571428571428571,0.9130434782608695,0.17391304347826086,0.17391304347826086,4.842391303411442,4.451086993045781,-0.391304310365661
Qwen3.5-9B,hub,hub_5,India,d2,147,78,61,0.782051282051282,0.782051282051282,0.5306122448979592,0.12244897959183673,0.14965986394557823,3.323979599895922,1.8771258460111888,-1.4468537538847333
Qwen3.5-9B,hub,hub_5,India,d3,614,246,119,0.483739837398374,0.483739837398374,0.4006514657980456,0.2263843648208469,0.249185667752443,3.251221503298652,1.7497964180808865,-1.5014250852177655
Qwen3.5-9B,hub,hub_5,India,d4,1000,384,201,0.5234375,0.5234375,0.384,0.208,0.235,3.032437501367138,2.2620000010155636,-0.7704375003515743
Qwen3.5-9B,hub,hub_5,India,d5,1000,442,291,0.6583710407239819,0.6583710407239819,0.442,0.179,0.216,3.4276250017811583,2.315812500932756,-1.111812500848402
Gemma-4-E4B-it,hub,hub_5,India,d1,23,22,1,0.045454545454545456,0.045454545454545456,0.9565217391304348,0.9130434782608695,0.9130434782608695,8.100543551667057,7.3233695344612855,-0.7771740172057712
Gemma-4-E4B-it,hub,hub_5,India,d2,147,68,3,0.04411764705882353,0.04411764705882353,0.46258503401360546,0.46938775510204084,0.47619047619047616,3.6921768710848,3.2283163148762233,-0.4638605562085766
Gemma-4-E4B-it,hub,hub_5,India,d3,614,169,25,0.14792899408284024,0.14792899408284024,0.2752442996742671,0.2719869706840391,0.28827361563517917,4.4932817470847795,4.22231270040703,-0.27096904667774974
Gemma-4-E4B-it,hub,hub_5,India,d4,1000,263,27,0.10266159695817491,0.10266159695817491,0.263,0.282,0.3,4.0898749987910685,4.173874998843268,0.08400000005219954
Gemma-4-E4B-it,hub,hub_5,India,d5,1000,358,22,0.061452513966480445,0.061452513966480445,0.358,0.354,0.379,4.446374996274633,4.439812502138797,-0.006562494135836232
Gemma-4-31B-it,hub,hub_5,India,d1,23,22,5,0.22727272727272727,0.22727272727272727,0.9565217391304348,0.7391304347826086,0.7391304347826086,12.563858564237174,3.0978260826238473,-9.466032481613327
Gemma-4-31B-it,hub,hub_5,India,d2,147,83,7,0.08433734939759036,0.08433734939759036,0.564625850340136,0.564625850340136,0.5782312925170068,7.545333715941785,2.7759353680122163,-4.7693983479295685
Gemma-4-31B-it,hub,hub_5,India,d3,614,302,33,0.10927152317880795,0.10927152317880795,0.49185667752442996,0.46742671009771986,0.48534201954397393,8.248600334660024,4.214932818426454,-4.033667516233576
Gemma-4-31B-it,hub,hub_5,India,d4,1000,410,47,0.11463414634146342,0.11463414634146342,0.41,0.391,0.412,6.48807809707782,3.8610624972469667,-2.6270155998308558
Gemma-4-31B-it,hub,hub_5,India,d5,1000,461,48,0.10412147505422993,0.10412147505422993,0.461,0.445,0.488,7.7403593420137335,4.1388749982547655,-3.6014843437589694
Qwen3.5-2B,hub,hub_7,Germany,d1,24,21,16,0.7619047619047619,0.7619047619047619,0.875,0.20833333333333334,0.20833333333333334,4.161458338028751,1.6562500042685617,-2.5052083337601894
Qwen3.5-2B,hub,hub_7,Germany,d2,136,62,16,0.25806451612903225,0.25806451612903225,0.45588235294117646,0.34558823529411764,0.35294117647058826,3.3722426604692695,2.9912683809897693,-0.3809742794795003
Qwen3.5-2B,hub,hub_7,Germany,d3,548,188,64,0.3404255319148936,0.3404255319148936,0.34306569343065696,0.2427007299270073,0.27007299270072993,3.2892335824338916,4.444571163556779,1.1553375811228868
Qwen3.5-2B,hub,hub_7,Germany,d4,1000,331,97,0.2930513595166163,0.2930513595166163,0.331,0.244,0.262,2.8651250005211915,3.8345000013628576,0.9693750008416664
Qwen3.5-2B,hub,hub_7,Germany,d5,1000,289,83,0.28719723183391005,0.28719723183391005,0.289,0.236,0.251,2.9050000050304807,4.162562498865136,1.2575624938346555
Qwen3.5-9B,hub,hub_7,Germany,d1,24,21,20,0.9523809523809523,0.9523809523809523,0.875,0.041666666666666664,0.041666666666666664,4.2031250044916915,1.562499989445011,-2.6406250150466803
Qwen3.5-9B,hub,hub_7,Germany,d2,136,72,19,0.2638888888888889,0.2638888888888889,0.5294117647058824,0.40441176470588236,0.4338235294117647,3.8759191115350404,2.1976102988720574,-1.678308812662983
Qwen3.5-9B,hub,hub_7,Germany,d3,548,253,78,0.308300395256917,0.308300395256917,0.46167883211678834,0.34124087591240876,0.3740875912408759,3.58188868943114,2.4160583959144617,-1.1658302935166784
Qwen3.5-9B,hub,hub_7,Germany,d4,1000,439,136,0.3097949886104784,0.3097949886104784,0.439,0.324,0.359,3.263249999686872,2.3386250005597247,-0.924624999127147
Qwen3.5-9B,hub,hub_7,Germany,d5,1000,408,141,0.34558823529411764,0.34558823529411764,0.408,0.298,0.338,3.4212499983755333,2.5011249974793026,-0.9201250008962306
Gemma-4-E4B-it,hub,hub_7,Germany,d1,24,22,1,0.045454545454545456,0.045454545454545456,0.9166666666666666,0.9166666666666666,0.9166666666666666,7.578124963022067,7.859374922859085,0.2812499598370171
Gemma-4-E4B-it,hub,hub_7,Germany,d2,136,59,5,0.0847457627118644,0.0847457627118644,0.4338235294117647,0.4117647058823529,0.4338235294117647,3.939338227796939,4.118336390022652,0.1789981622257127
Gemma-4-E4B-it,hub,hub_7,Germany,d3,548,187,15,0.08021390374331551,0.08021390374331551,0.34124087591240876,0.34306569343065696,0.36678832116788324,4.6901231648872175,5.384238141262628,0.6941149763754103
Gemma-4-E4B-it,hub,hub_7,Germany,d4,1000,315,12,0.0380952380952381,0.0380952380952381,0.315,0.319,0.342,4.132625000333205,5.253285152352977,1.1206601520197723
Gemma-4-E4B-it,hub,hub_7,Germany,d5,1000,298,21,0.07046979865771812,0.07046979865771812,0.298,0.306,0.338,3.9520625007267594,4.883031241384593,0.9309687406578336
Gemma-4-31B-it,hub,hub_7,Germany,d1,24,22,6,0.2727272727272727,0.2727272727272727,0.9166666666666666,0.6666666666666666,0.6666666666666666,11.303385299555137,3.6406249737877565,-7.66276032576738
Gemma-4-31B-it,hub,hub_7,Germany,d2,136,77,9,0.11688311688311688,0.11688311688311688,0.5661764705882353,0.5367647058823529,0.5588235294117647,8.083639663969794,3.448988961161403,-4.634650702808391
Gemma-4-31B-it,hub,hub_7,Germany,d3,548,280,34,0.12142857142857143,0.12142857142857143,0.5109489051094891,0.46897810218978103,0.4981751824817518,8.415659187578063,3.8203695258122643,-4.595289661765799
Gemma-4-31B-it,hub,hub_7,Germany,d4,1000,445,38,0.0853932584269663,0.0853932584269663,0.445,0.423,0.457,6.552140607640729,3.790281243864616,-2.761859363776119
Gemma-4-31B-it,hub,hub_7,Germany,d5,1000,454,49,0.10792951541850221,0.10792951541850221,0.454,0.423,0.477,7.164437471028174,4.0811250017988385,-3.0833124692293388
Qwen3.5-2B,hub,hub_8,Canada,d1,21,20,1,0.05,0.05,0.9523809523809523,0.8095238095238095,0.9047619047619048,4.291666694251554,2.041666673418755,-2.250000020832799
Qwen3.5-2B,hub,hub_8,Canada,d2,117,70,8,0.11428571428571428,0.11428571428571428,0.5982905982905983,0.5555555555555556,0.5726495726495726,3.7190171069949147,3.5454059771122375,-0.17361112988267755
Qwen3.5-2B,hub,hub_8,Canada,d3,535,141,37,0.2624113475177305,0.2624113475177305,0.2635514018691589,0.2261682242990654,0.2560747663551402,3.252803730303813,4.4260514060683525,1.1732476757645387
Qwen3.5-2B,hub,hub_8,Canada,d4,1000,280,60,0.21428571428571427,0.21428571428571427,0.28,0.251,0.272,2.7571875030632946,3.689749999337604,0.9325624962743095
Qwen3.5-2B,hub,hub_8,Canada,d5,1000,312,55,0.1762820512820513,0.1762820512820513,0.312,0.279,0.299,2.818125000098953,3.780000000363427,0.9618750002644738
Qwen3.5-9B,hub,hub_8,Canada,d1,21,21,20,0.9523809523809523,0.9523809523809523,1.0,0.047619047619047616,0.047619047619047616,4.976190505992799,3.845238083707435,-1.1309524222853637
Qwen3.5-9B,hub,hub_8,Canada,d2,117,89,28,0.3146067415730337,0.3146067415730337,0.7606837606837606,0.5299145299145299,0.5641025641025641,4.127136747421807,2.12553418331887,-2.0016025641029374
Qwen3.5-9B,hub,hub_8,Canada,d3,535,209,67,0.32057416267942584,0.32057416267942584,0.39065420560747666,0.29345794392523367,0.32897196261682243,3.627336449053157,2.565186917979627,-1.0621495310735298
Qwen3.5-9B,hub,hub_8,Canada,d4,1000,419,135,0.3221957040572792,0.3221957040572792,0.419,0.306,0.346,3.196374999111969,2.3376249975502725,-0.858750001561697
Qwen3.5-9B,hub,hub_8,Canada,d5,1000,433,128,0.2956120092378753,0.2956120092378753,0.433,0.332,0.382,3.1677500016792037,2.2200000042811734,-0.9477499973980302
Gemma-4-E4B-it,hub,hub_8,Canada,d1,21,21,0,0.0,0.0,1.0,1.0,1.0,8.651785645521201,6.517857092572653,-2.1339285529485488
Gemma-4-E4B-it,hub,hub_8,Canada,d2,117,79,3,0.0379746835443038,0.0379746835443038,0.6752136752136753,0.6666666666666666,0.7094017094017094,3.992521354535478,3.955662401694542,-0.03685895284093604
Gemma-4-E4B-it,hub,hub_8,Canada,d3,535,125,4,0.032,0.032,0.2336448598130841,0.2560747663551402,0.2803738317757009,4.189252328233133,4.556717283298036,0.3674649550649035
Gemma-4-E4B-it,hub,hub_8,Canada,d4,1000,285,15,0.05263157894736842,0.05263157894736842,0.285,0.29,0.317,4.169499998159296,4.6069687456308,0.4374687474715054
Gemma-4-E4B-it,hub,hub_8,Canada,d5,1000,325,18,0.055384615384615386,0.055384615384615386,0.325,0.336,0.372,4.087687498496708,4.592687494913862,0.5049999964171539
Gemma-4-31B-it,hub,hub_8,Canada,d1,21,21,20,0.9523809523809523,0.9523809523809523,1.0,0.047619047619047616,0.047619047619047616,13.992559516477476,6.250000030024759,-7.742559486452716
Gemma-4-31B-it,hub,hub_8,Canada,d2,117,96,34,0.3541666666666667,0.3541666666666667,0.8205128205128205,0.5299145299145299,0.5726495726495726,7.76829590366038,2.371794886666432,-5.396501016993949
Gemma-4-31B-it,hub,hub_8,Canada,d3,535,228,58,0.2543859649122807,0.2543859649122807,0.4261682242990654,0.34205607476635513,0.37570093457943926,7.682009320841519,2.3831775699496798,-5.29883175089184
Gemma-4-31B-it,hub,hub_8,Canada,d4,1000,444,122,0.2747747747747748,0.2747747747747748,0.444,0.334,0.378,6.570921850750603,2.6699999989524077,-3.9009218517981954
Gemma-4-31B-it,hub,hub_8,Canada,d5,1000,465,114,0.24516129032258063,0.24516129032258063,0.465,0.369,0.435,7.10593746400745,2.8119375023079773,-4.293999961699477
Qwen3.5-2B,hub,hub_10,Spain,d1,19,18,16,0.8888888888888888,0.8888888888888888,0.9473684210526315,0.10526315789473684,0.21052631578947367,4.881578957992851,1.4736841956251545,-3.4078947623676963
Qwen3.5-2B,hub,hub_10,Spain,d2,76,30,8,0.26666666666666666,0.26666666666666666,0.39473684210526316,0.3026315789473684,0.32894736842105265,2.8832236944979646,2.287828932430497,-0.5953947620674673
Qwen3.5-2B,hub,hub_10,Spain,d3,368,97,41,0.422680412371134,0.422680412371134,0.26358695652173914,0.17119565217391305,0.21739130434782608,3.6141304213171837,2.1793478293877104,-1.4347825919294732
Qwen3.5-2B,hub,hub_10,Spain,d4,870,303,132,0.43564356435643564,0.43564356435643564,0.3482758620689655,0.21149425287356322,0.23793103448275862,2.751149423826645,1.9293103479548763,-0.8218390758717686
Qwen3.5-2B,hub,hub_10,Spain,d5,1000,387,170,0.4392764857881137,0.4392764857881137,0.387,0.231,0.26,3.0109374939570555,2.0366250004972097,-0.9743124934598454
Qwen3.5-9B,hub,hub_10,Spain,d1,19,18,17,0.9444444444444444,0.9444444444444444,0.9473684210526315,0.05263157894736842,0.05263157894736842,4.144736931708298,2.052631590221273,-2.092105341487025
Qwen3.5-9B,hub,hub_10,Spain,d2,76,37,27,0.7297297297297297,0.7297297297297297,0.4868421052631579,0.13157894736842105,0.19736842105263158,3.5131579235528894,1.680098682145686,-1.833059241407203
Qwen3.5-9B,hub,hub_10,Spain,d3,368,152,81,0.5328947368421053,0.5328947368421053,0.41304347826086957,0.22282608695652173,0.27717391304347827,3.7165421069623887,1.7736073358051805,-1.9429347711572083
Qwen3.5-9B,hub,hub_10,Spain,d4,870,397,213,0.5365239294710328,0.5365239294710328,0.45632183908045976,0.23218390804597702,0.28620689655172415,3.216379309319616,1.800862069589878,-1.4155172397297378
Qwen3.5-9B,hub,hub_10,Spain,d5,1000,460,280,0.6086956521739131,0.6086956521739131,0.46,0.209,0.27,3.414500004409296,1.8754999994360841,-1.5390000049732115
Gemma-4-E4B-it,hub,hub_10,Spain,d1,19,18,0,0.0,0.0,0.9473684210526315,0.9473684210526315,0.9473684210526315,8.18421045736039,7.8618420383997885,-0.3223684189606023
Gemma-4-E4B-it,hub,hub_10,Spain,d2,76,34,2,0.058823529411764705,0.058823529411764705,0.4473684210526316,0.40789473684210525,0.5,3.4325657845631787,4.328124999945622,0.8955592153824431
Gemma-4-E4B-it,hub,hub_10,Spain,d3,368,93,6,0.06451612903225806,0.06451612903225806,0.25271739130434784,0.2608695652173913,0.29891304347826086,4.689877721179325,5.494395370518324,0.8045176493389995
Gemma-4-E4B-it,hub,hub_10,Spain,d4,870,299,15,0.05016722408026756,0.05016722408026756,0.34367816091954023,0.35172413793103446,0.38620689655172413,3.9266522912234914,4.806034482105411,0.8793821908819199
Gemma-4-E4B-it,hub,hub_10,Spain,d5,1000,382,25,0.06544502617801047,0.06544502617801047,0.382,0.383,0.421,4.388187486825191,5.070312498504707,0.6821250116795166
Gemma-4-31B-it,hub,hub_10,Spain,d1,19,18,10,0.5555555555555556,0.5555555555555556,0.9473684210526315,0.42105263157894735,0.42105263157894735,11.429276209823723,2.151315794865552,-9.277960414958171
Gemma-4-31B-it,hub,hub_10,Spain,d2,76,38,8,0.21052631578947367,0.21052631578947367,0.5,0.39473684210526316,0.47368421052631576,6.715049323332078,2.398026300241901,-4.317023023090177
Gemma-4-31B-it,hub,hub_10,Spain,d3,368,147,21,0.14285714285714285,0.14285714285714285,0.39945652173913043,0.3695652173913043,0.4266304347826087,7.431385865735323,3.167629067397644,-4.26375679833768
Gemma-4-31B-it,hub,hub_10,Spain,d4,870,407,40,0.09828009828009827,0.09828009828009827,0.46781609195402296,0.43448275862068964,0.49770114942528737,6.371264342238244,2.68297413520899,-3.688290207029253
Gemma-4-31B-it,hub,hub_10,Spain,d5,1000,505,60,0.1188118811881188,0.1188118811881188,0.505,0.468,0.543,7.671320286435126,3.194281250179527,-4.477039036255608
Qwen3.5-2B,hub,hub_6,Italy,d1,19,16,8,0.5,0.5,0.8421052631578947,0.42105263157894735,0.5263157894736842,4.203947361803761,2.493421063917738,-1.7105262978860225
Qwen3.5-2B,hub,hub_6,Italy,d2,94,74,1,0.013513513513513514,0.013513513513513514,0.7872340425531915,0.776595744680851,0.7978723404255319,3.972074472335504,4.628989333233318,0.6569148608978139
Qwen3.5-2B,hub,hub_6,Italy,d3,558,158,58,0.3670886075949367,0.3670886075949367,0.2831541218637993,0.2078853046594982,0.24372759856630824,3.149641570740289,5.502128143072325,2.352486572332035
Qwen3.5-2B,hub,hub_6,Italy,d4,1000,300,60,0.2,0.2,0.3,0.26,0.289,2.702312495007645,3.658249996448929,0.9559375014412835
Qwen3.5-2B,hub,hub_6,Italy,d5,1000,405,70,0.1728395061728395,0.1728395061728395,0.405,0.357,0.387,2.932749995008635,4.423437498855346,1.4906875038467116
Qwen3.5-9B,hub,hub_6,Italy,d1,19,16,16,1.0,1.0,0.8421052631578947,0.0,0.0,4.914473712390693,0.5065789442313345,-4.407894768159359
Qwen3.5-9B,hub,hub_6,Italy,d2,94,75,69,0.92,0.92,0.7978723404255319,0.06382978723404255,0.11702127659574468,4.022606385107019,0.8351063749733123,-3.187500010133706
Qwen3.5-9B,hub,hub_6,Italy,d3,558,241,102,0.42323651452282157,0.42323651452282157,0.43189964157706096,0.27956989247311825,0.3333333333333333,3.2576164853252454,1.163418459739389,-2.094198025585856
Qwen3.5-9B,hub,hub_6,Italy,d4,1000,399,263,0.6591478696741855,0.6591478696741855,0.399,0.157,0.208,3.152499998608866,1.2723125000263098,-1.8801874985825562
Qwen3.5-9B,hub,hub_6,Italy,d5,1000,494,321,0.6497975708502024,0.6497975708502024,0.494,0.206,0.274,3.380187496949729,1.2363750007967464,-2.1438124961529827
Gemma-4-E4B-it,hub,hub_6,Italy,d1,19,16,0,0.0,0.0,0.8421052631578947,0.8421052631578947,0.8421052631578947,7.638157872154807,6.67434208514705,-0.9638157870077568
Gemma-4-E4B-it,hub,hub_6,Italy,d2,94,74,0,0.0,0.0,0.7872340425531915,0.7872340425531915,0.8617021276595744,4.648936147358654,4.181515959706303,-0.46742018765235116
Gemma-4-E4B-it,hub,hub_6,Italy,d3,558,163,21,0.12883435582822086,0.12883435582822086,0.2921146953405018,0.25268817204301075,0.2885304659498208,4.36469533021734,4.766465060573349,0.40176973035600916
Gemma-4-E4B-it,hub,hub_6,Italy,d4,1000,284,22,0.07746478873239436,0.07746478873239436,0.284,0.274,0.309,4.190374988532667,4.623437501004793,0.4330625124721256
Gemma-4-E4B-it,hub,hub_6,Italy,d5,1000,420,28,0.06666666666666667,0.06666666666666667,0.42,0.402,0.447,4.516374991924599,4.891906243714393,0.37553125178979324
Gemma-4-31B-it,hub,hub_6,Italy,d1,19,16,15,0.9375,0.9375,0.8421052631578947,0.05263157894736842,0.05263157894736842,12.84210519321203,3.447368420942343,-9.394736772269686
Gemma-4-31B-it,hub,hub_6,Italy,d2,94,74,15,0.20270270270270271,0.20270270270270271,0.7872340425531915,0.5851063829787234,0.6914893617021277,10.163231321672535,4.1515957634552985,-6.011635558217239
Gemma-4-31B-it,hub,hub_6,Italy,d3,558,252,41,0.1626984126984127,0.1626984126984127,0.45161290322580644,0.4103942652329749,0.46953405017921146,7.6291442342755404,4.947356628374696,-2.6817876059008436
Gemma-4-31B-it,hub,hub_6,Italy,d4,1000,418,97,0.23205741626794257,0.23205741626794257,0.418,0.37,0.43,6.31743748324823,3.6106562547283265,-2.7067812285199047
Gemma-4-31B-it,hub,hub_6,Italy,d5,1000,534,154,0.2883895131086142,0.2883895131086142,0.534,0.406,0.493,7.515132774715946,3.9272499942064822,-3.587882780509465
Qwen3.5-2B,hub,hub_4,England,d1,15,15,2,0.13333333333333333,0.13333333333333333,1.0,0.8666666666666667,1.0,4.80000000152116,4.541666667632914,-0.25833333388824636
Qwen3.5-2B,hub,hub_4,England,d2,117,49,6,0.12244897959183673,0.12244897959183673,0.4188034188034188,0.4017094017094017,0.4188034188034188,2.8146367610539667,2.931089738036136,0.11645297698216894
Qwen3.5-2B,hub,hub_4,England,d3,614,177,32,0.1807909604519774,0.1807909604519774,0.28827361563517917,0.26547231270358307,0.30618892508143325,3.049674270838781,5.243078175629198,2.1934039047904164
Qwen3.5-2B,hub,hub_4,England,d4,1000,290,48,0.16551724137931034,0.16551724137931034,0.29,0.267,0.298,2.580499999080057,4.029125001945936,1.4486250028658796
Qwen3.5-2B,hub,hub_4,England,d5,1000,251,44,0.1752988047808765,0.1752988047808765,0.251,0.23,0.264,2.7781249947773756,5.067625001420354,2.2895000066429785
Qwen3.5-9B,hub,hub_4,England,d1,15,15,15,1.0,1.0,1.0,0.0,0.0,5.225000000849832,0.8583333233992259,-4.366666677450606
Qwen3.5-9B,hub,hub_4,England,d2,117,57,39,0.6842105263157895,0.6842105263157895,0.48717948717948717,0.1623931623931624,0.20512820512820512,2.783119663860575,1.6816239153486716,-1.1014957485119037
Qwen3.5-9B,hub,hub_4,England,d3,614,263,137,0.5209125475285171,0.5209125475285171,0.42833876221498374,0.2182410423452769,0.2768729641693811,3.119096091525022,2.0317589571897727,-1.0873371343352491
Qwen3.5-9B,hub,hub_4,England,d4,1000,433,190,0.4387990762124711,0.4387990762124711,0.433,0.258,0.319,3.0730000004513496,2.0665625012593956,-1.006437499191954
Qwen3.5-9B,hub,hub_4,England,d5,1000,374,186,0.49732620320855614,0.49732620320855614,0.374,0.198,0.274,3.2903749958195987,1.9268750009214237,-1.363499994898175
Gemma-4-E4B-it,hub,hub_4,England,d1,15,15,0,0.0,0.0,1.0,1.0,1.0,8.200000034810122,5.548958288591044,-2.651041746219077
Gemma-4-E4B-it,hub,hub_4,England,d2,117,50,1,0.02,0.02,0.42735042735042733,0.42735042735042733,0.48717948717948717,3.6623931484609007,3.554487181996079,-0.10790596646482176
Gemma-4-E4B-it,hub,hub_4,England,d3,614,192,38,0.19791666666666666,0.19791666666666666,0.3127035830618892,0.26058631921824105,0.30130293159609123,4.550692175440409,4.272534095703374,-0.27815807973703466
Gemma-4-E4B-it,hub,hub_4,England,d4,1000,294,50,0.17006802721088435,0.17006802721088435,0.294,0.254,0.29,3.985562503092498,4.684317388581809,0.6987548854893108
Gemma-4-E4B-it,hub,hub_4,England,d5,1000,280,58,0.20714285714285716,0.20714285714285716,0.28,0.227,0.277,4.068062499192827,4.685558592270094,0.6174960930772668
Gemma-4-31B-it,hub,hub_4,England,d1,15,15,12,0.8,0.8,1.0,0.2,0.2,12.18333321885996,1.2708333413737516,-10.912499877486209
Gemma-4-31B-it,hub,hub_4,England,d2,117,65,13,0.2,0.2,0.5555555555555556,0.48717948717948717,0.5811965811965812,7.534188011388713,2.082264945010752,-5.451923066377961
Gemma-4-31B-it,hub,hub_4,England,d3,614,272,62,0.22794117647058823,0.22794117647058823,0.44299674267100975,0.3534201954397394,0.43159609120521175,7.833430848546393,2.8331636833038027,-5.000267165242589
Gemma-4-31B-it,hub,hub_4,England,d4,1000,442,77,0.17420814479638008,0.17420814479638008,0.442,0.386,0.459,6.891984357987446,3.164687502898694,-3.7272968550887517
Gemma-4-31B-it,hub,hub_4,England,d5,1000,416,77,0.18509615384615385,0.18509615384615385,0.416,0.352,0.451,6.828203093681864,2.9545624992014745,-3.8736405944803916
Qwen3.5-2B,hub,hub_1,Australia,d1,17,14,6,0.42857142857142855,0.42857142857142855,0.8235294117647058,0.47058823529411764,0.5882352941176471,3.6323529708144418,2.551470612086739,-1.0808823587277028
Qwen3.5-2B,hub,hub_1,Australia,d2,117,48,7,0.14583333333333334,0.14583333333333334,0.41025641025641024,0.3504273504273504,0.37606837606837606,3.160256429764434,3.2019230832754233,0.04166665351098905
Qwen3.5-2B,hub,hub_1,Australia,d3,528,190,30,0.15789473684210525,0.15789473684210525,0.35984848484848486,0.2859848484848485,0.36363636363636365,2.965909088902029,4.5794270800383305,1.6135179911363016
Qwen3.5-2B,hub,hub_1,Australia,d4,1000,326,40,0.12269938650306748,0.12269938650306748,0.326,0.309,0.344,2.5613125023788887,4.338249997317169,1.77693749493828
Qwen3.5-2B,hub,hub_1,Australia,d5,1000,285,59,0.20701754385964913,0.20701754385964913,0.285,0.263,0.299,2.8190000019182917,4.52818749896107,1.709187497042778
Qwen3.5-9B,hub,hub_1,Australia,d1,17,15,14,0.9333333333333333,0.9333333333333333,0.8823529411764706,0.058823529411764705,0.058823529411764705,4.198529403218451,6.566176462868873,2.3676470596504204
Qwen3.5-9B,hub,hub_1,Australia,d2,117,56,32,0.5714285714285714,0.5714285714285714,0.47863247863247865,0.1794871794871795,0.24786324786324787,3.69444441576946,2.521367515026369,-1.1730769007430912
Qwen3.5-9B,hub,hub_1,Australia,d3,528,246,132,0.5365853658536586,0.5365853658536586,0.4659090909090909,0.23484848484848486,0.30492424242424243,3.645833330747433,1.9031723469507238,-1.7426609837967093
Qwen3.5-9B,hub,hub_1,Australia,d4,1000,414,166,0.40096618357487923,0.40096618357487923,0.414,0.253,0.322,2.931500003029374,2.4034374982367006,-0.5280625047926732
Qwen3.5-9B,hub,hub_1,Australia,d5,1000,421,160,0.38004750593824227,0.38004750593824227,0.421,0.282,0.364,3.2406250037753708,2.088250001230743,-1.152375002544628
Gemma-4-E4B-it,hub,hub_1,Australia,d1,17,15,0,0.0,0.0,0.8823529411764706,0.8823529411764706,0.8823529411764706,7.150735270392809,7.301470500187058,0.15073522979424953
Gemma-4-E4B-it,hub,hub_1,Australia,d2,117,45,4,0.08888888888888889,0.08888888888888889,0.38461538461538464,0.3418803418803419,0.41025641025641024,4.068376037180555,4.1778845831567875,0.10950854597623165
Gemma-4-E4B-it,hub,hub_1,Australia,d3,528,178,4,0.02247191011235955,0.02247191011235955,0.3371212121212121,0.3314393939393939,0.39015151515151514,4.897964013857613,4.687085712645569,-0.21087830121204357
Gemma-4-E4B-it,hub,hub_1,Australia,d4,1000,324,23,0.07098765432098765,0.07098765432098765,0.324,0.31,0.35,4.0787499982016655,4.605656247632767,0.5269062494311018
Gemma-4-E4B-it,hub,hub_1,Australia,d5,1000,318,15,0.04716981132075472,0.04716981132075472,0.318,0.318,0.375,4.331499989327129,4.565906250004624,0.23440626067749484
Gemma-4-31B-it,hub,hub_1,Australia,d1,17,15,14,0.9333333333333333,0.9333333333333333,0.8823529411764706,0.058823529411764705,0.058823529411764705,10.847426361248926,5.86397062559862,-4.983455735650305
Gemma-4-31B-it,hub,hub_1,Australia,d2,117,60,23,0.38333333333333336,0.38333333333333336,0.5128205128205128,0.3162393162393162,0.4358974358974359,6.201655981079888,2.7836538259426664,-3.4180021551372235
Gemma-4-31B-it,hub,hub_1,Australia,d3,528,268,93,0.34701492537313433,0.34701492537313433,0.5075757575757576,0.3465909090909091,0.44696969696969696,7.261067676720733,2.887902454540939,-4.373165222179796
Gemma-4-31B-it,hub,hub_1,Australia,d4,1000,441,123,0.2789115646258503,0.2789115646258503,0.441,0.339,0.421,6.664718724574053,2.4865624954372616,-4.178156229136795
Gemma-4-31B-it,hub,hub_1,Australia,d5,1000,460,138,0.3,0.3,0.46,0.334,0.443,7.3499062083375195,2.6573124993516894,-4.692593708985834
Qwen3.5-2B,hub,hub_11,New York City,d1,13,13,7,0.5384615384615384,0.5384615384615384,1.0,0.46153846153846156,0.6153846153846154,5.884615367994859,1.6057692307692308,-4.278846137225628
Qwen3.5-2B,hub,hub_11,New York City,d2,108,39,19,0.48717948717948717,0.48717948717948717,0.3611111111111111,0.24074074074074073,0.26851851851851855,3.825231490154423,2.416087951105847,-1.409143539048576
Qwen3.5-2B,hub,hub_11,New York City,d3,365,139,56,0.4028776978417266,0.4028776978417266,0.38082191780821917,0.2273972602739726,0.33972602739726027,2.3770547973614007,1.7080479512093205,-0.6690068461520802
Qwen3.5-2B,hub,hub_11,New York City,d4,1000,237,103,0.4345991561181435,0.4345991561181435,0.237,0.155,0.193,2.9443750023816246,2.3291250062200417,-0.6152499961615832
Qwen3.5-2B,hub,hub_11,New York City,d5,1000,296,155,0.5236486486486487,0.5236486486486487,0.296,0.157,0.196,3.1059999996183905,2.2378124985469623,-0.8681875010714284
Qwen3.5-9B,hub,hub_11,New York City,d1,13,13,10,0.7692307692307693,0.7692307692307693,1.0,0.23076923076923078,0.23076923076923078,6.355769185188155,1.3173077083550966,-5.038461476833058
Qwen3.5-9B,hub,hub_11,New York City,d2,108,52,26,0.5,0.5,0.48148148148148145,0.3148148148148148,0.3888888888888889,4.369212949068039,2.09953703758462,-2.2696759114834197
Qwen3.5-9B,hub,hub_11,New York City,d3,365,201,111,0.5522388059701493,0.5522388059701493,0.5506849315068493,0.2547945205479452,0.36164383561643837,3.0489726092487777,2.1450342430439715,-0.9039383662048064
Qwen3.5-9B,hub,hub_11,New York City,d4,1000,408,174,0.4264705882352941,0.4264705882352941,0.408,0.268,0.35,3.476875001744629,2.1422499990267534,-1.3346250027178757
Qwen3.5-9B,hub,hub_11,New York City,d5,1000,419,232,0.5536992840095465,0.5536992840095465,0.419,0.208,0.297,3.832125001864537,1.8841874999480788,-1.9479375019164582
Gemma-4-E4B-it,hub,hub_11,New York City,d1,13,13,0,0.0,0.0,1.0,1.0,1.0,6.85576919077693,4.6778846425989355,-2.1778845481779943
Gemma-4-E4B-it,hub,hub_11,New York City,d2,108,45,4,0.08888888888888889,0.08888888888888889,0.4166666666666667,0.4166666666666667,0.49074074074074076,4.820601821868253,3.6429397997331527,-1.177662022135101
Gemma-4-E4B-it,hub,hub_11,New York City,d3,365,138,13,0.09420289855072464,0.09420289855072464,0.3780821917808219,0.3589041095890411,0.44931506849315067,3.0777397192221567,3.3299657491096757,0.2522260298875191
Gemma-4-E4B-it,hub,hub_11,New York City,d4,1000,264,51,0.19318181818181818,0.19318181818181818,0.264,0.234,0.278,3.8181249979676286,4.0458750100753935,0.22775001210776463
Gemma-4-E4B-it,hub,hub_11,New York City,d5,1000,304,28,0.09210526315789473,0.09210526315789473,0.304,0.294,0.353,4.827624985815602,5.117187497926279,0.2895625121106775
Gemma-4-31B-it,hub,hub_11,New York City,d1,13,13,0,0.0,0.0,1.0,1.0,1.0,15.999999871622569,2.6634614872387967,-13.336538384383772
Gemma-4-31B-it,hub,hub_11,New York City,d2,108,62,11,0.1774193548387097,0.1774193548387097,0.5740740740740741,0.49074074074074076,0.6574074074074074,11.509837873274963,3.2146990828569635,-8.295138790418
Gemma-4-31B-it,hub,hub_11,New York City,d3,365,208,42,0.20192307692307693,0.20192307692307693,0.5698630136986301,0.4794520547945205,0.6273972602739726,7.086900642387402,2.814726039364277,-4.272174603023125
Gemma-4-31B-it,hub,hub_11,New York City,d4,1000,462,79,0.170995670995671,0.170995670995671,0.462,0.401,0.496,8.063937466449472,3.207124995674312,-4.856812470775162
Gemma-4-31B-it,hub,hub_11,New York City,d5,1000,434,78,0.17972350230414746,0.17972350230414746,0.434,0.374,0.49,7.488304664182358,2.981687502919274,-4.506617161263086
Qwen3.5-2B,tail,tail_5,Greater Moncton Roméo LeBlanc International Airport,d1,3,2,2,1.0,1.0,0.6666666666666666,0.0,0.0,2.791666659216086,0.5833333532015482,-2.208333306014538
Qwen3.5-2B,tail,tail_5,Greater Moncton Roméo LeBlanc International Airport,d2,24,22,5,0.22727272727272727,0.22727272727272727,0.9166666666666666,0.625,0.7083333333333334,4.192708364144589,2.8281249822630343,-1.3645833818815543
Qwen3.5-2B,tail,tail_5,Greater Moncton Roméo LeBlanc International Airport,d3,119,70,12,0.17142857142857143,0.17142857142857143,0.5882352941176471,0.4957983193277311,0.5126050420168067,3.683823542171471,3.6995798322392806,0.01575629006780952
Qwen3.5-2B,tail,tail_5,Greater Moncton Roméo LeBlanc International Airport,d4,536,141,38,0.2695035460992908,0.2695035460992908,0.2630597014925373,0.22761194029850745,0.23134328358208955,3.2506996200222535,3.6482042900363028,0.3975046700140492
Qwen3.5-2B,tail,tail_5,Greater Moncton Roméo LeBlanc International Airport,d5,1000,281,53,0.18861209964412812,0.18861209964412812,0.281,0.254,0.257,2.772375000737375,3.334625000235519,0.5622499994981445
Qwen3.5-9B,tail,tail_5,Greater Moncton Roméo LeBlanc International Airport,d1,3,2,2,1.0,1.0,0.6666666666666666,0.0,0.0,3.5833333047727742,3.9166666322077313,0.333333327434957
Qwen3.5-9B,tail,tail_5,Greater Moncton Roméo LeBlanc International Airport,d2,24,23,7,0.30434782608695654,0.30434782608695654,0.9583333333333334,0.5,0.6666666666666666,4.890625026717316,2.281249988276007,-2.6093750384413092
Qwen3.5-9B,tail,tail_5,Greater Moncton Roméo LeBlanc International Airport,d3,119,89,19,0.21348314606741572,0.21348314606741572,0.7478991596638656,0.6134453781512605,0.6218487394957983,4.0997899142063385,3.004201675456569,-1.0955882387497695
Qwen3.5-9B,tail,tail_5,Greater Moncton Roméo LeBlanc International Airport,d4,536,209,55,0.2631578947368421,0.2631578947368421,0.38992537313432835,0.31902985074626866,0.3208955223880597,3.6298973873871505,3.290811557301157,-0.3390858300859935
Qwen3.5-9B,tail,tail_5,Greater Moncton Roméo LeBlanc International Airport,d5,1000,423,100,0.2364066193853428,0.2364066193853428,0.423,0.341,0.346,3.2596250010431613,3.340375000241533,0.08074999919837136
Gemma-4-E4B-it,tail,tail_5,Greater Moncton Roméo LeBlanc International Airport,d1,3,2,0,0.0,0.0,0.6666666666666666,0.6666666666666666,0.6666666666666666,5.083333304772775,2.2083332588275275,-2.875000045945247
Gemma-4-E4B-it,tail,tail_5,Greater Moncton Roméo LeBlanc International Airport,d2,24,23,0,0.0,0.0,0.9583333333333334,0.7916666666666666,0.9583333333333334,8.585937440802184,7.035156275374902,-1.5507811654272814
Gemma-4-E4B-it,tail,tail_5,Greater Moncton Roméo LeBlanc International Airport,d3,119,79,5,0.06329113924050633,0.06329113924050633,0.6638655462184874,0.6470588235294118,0.6554621848739496,4.0304621709294395,3.948004208492069,-0.08245796243737008
Gemma-4-E4B-it,tail,tail_5,Greater Moncton Roméo LeBlanc International Airport,d4,536,126,11,0.0873015873015873,0.0873015873015873,0.23507462686567165,0.2332089552238806,0.2332089552238806,4.1863339472425505,4.1599813405113775,-0.026352606731172692
Gemma-4-E4B-it,tail,tail_5,Greater Moncton Roméo LeBlanc International Airport,d5,1000,293,34,0.11604095563139932,0.11604095563139932,0.293,0.271,0.275,4.189625000022509,4.210906255514146,0.021281255491638604
Gemma-4-31B-it,tail,tail_5,Greater Moncton Roméo LeBlanc International Airport,d1,3,2,1,0.5,0.5,0.6666666666666666,0.3333333333333333,0.3333333333333333,9.68749976398768,1.6249999403953552,-8.062499823592324
Gemma-4-31B-it,tail,tail_5,Greater Moncton Roméo LeBlanc International Airport,d2,24,23,3,0.13043478260869565,0.13043478260869565,0.9583333333333334,0.8333333333333334,0.8333333333333334,13.33203123171011,2.635416699127139,-10.69661453258297
Gemma-4-31B-it,tail,tail_5,Greater Moncton Roméo LeBlanc International Airport,d3,119,96,9,0.09375,0.09375,0.8067226890756303,0.7394957983193278,0.7647058823529411,7.73647581119931,4.402310915592711,-3.3341648956065995
Gemma-4-31B-it,tail,tail_5,Greater Moncton Roméo LeBlanc International Airport,d4,536,229,23,0.10043668122270742,0.10043668122270742,0.42723880597014924,0.41044776119402987,0.4141791044776119,7.676131038242008,5.080340485179891,-2.595790553062119
Gemma-4-31B-it,tail,tail_5,Greater Moncton Roméo LeBlanc International Airport,d5,1000,456,43,0.09429824561403509,0.09429824561403509,0.456,0.436,0.447,6.867078098719584,4.536125000869019,-2.3309530978505717
Qwen3.5-2B,tail,tail_1,"Brewster, Washington",d1,1,1,1,1.0,1.0,1.0,0.0,0.0,2.375000074505806,0.4999999403953552,-1.8750001341104507
Qwen3.5-2B,tail,tail_1,"Brewster, Washington",d2,28,24,11,0.4583333333333333,0.4583333333333333,0.8571428571428571,0.4642857142857143,0.5357142857142857,4.968750036562726,1.52232143029687,-3.4464286062658567
Qwen3.5-2B,tail,tail_1,"Brewster, Washington",d3,205,98,29,0.29591836734693877,0.29591836734693877,0.47804878048780486,0.33658536585365856,0.3463414634146341,2.7737804929867798,2.088719509935245,-0.6850609830515345
Qwen3.5-2B,tail,tail_1,"Brewster, Washington",d4,954,283,110,0.38869257950530034,0.38869257950530034,0.2966457023060797,0.20649895178197064,0.2169811320754717,3.203485320388111,3.1030529325035485,-0.10043238788456232
Qwen3.5-2B,tail,tail_1,"Brewster, Washington",d5,1000,294,142,0.48299319727891155,0.48299319727891155,0.294,0.171,0.177,3.119375005993963,3.083562505064867,-0.03581250092909613
Qwen3.5-9B,tail,tail_1,"Brewster, Washington",d1,1,1,1,1.0,1.0,1.0,0.0,0.0,6.750000031199306,1.8749998807907104,-4.875000150408596
Qwen3.5-9B,tail,tail_1,"Brewster, Washington",d2,28,23,11,0.4782608695652174,0.4782608695652174,0.8214285714285714,0.5,0.6428571428571429,5.013392852261729,2.921874988649506,-2.0915178636122227
Qwen3.5-9B,tail,tail_1,"Brewster, Washington",d3,205,117,71,0.6068376068376068,0.6068376068376068,0.5707317073170731,0.22926829268292684,0.24878048780487805,3.196341459212041,1.5246951202805177,-1.6716463389315233
Qwen3.5-9B,tail,tail_1,"Brewster, Washington",d4,954,434,185,0.42626728110599077,0.42626728110599077,0.4549266247379455,0.3060796645702306,0.31446540880503143,3.865238468956321,1.49698637215815,-2.3682520967981713
Qwen3.5-9B,tail,tail_1,"Brewster, Washington",d5,1000,418,227,0.5430622009569378,0.5430622009569378,0.418,0.199,0.222,3.80418750239021,1.6317499998921994,-2.1724375024980107
Gemma-4-E4B-it,tail,tail_1,"Brewster, Washington",d1,1,1,0,0.0,0.0,1.0,1.0,1.0,6.249999850522727,5.00000019185245,-1.2499996586702764
Gemma-4-E4B-it,tail,tail_1,"Brewster, Washington",d2,28,24,1,0.041666666666666664,0.041666666666666664,0.8571428571428571,0.8214285714285714,0.9642857142857143,8.232142750982673,5.3660714599942105,-2.866071290988462
Gemma-4-E4B-it,tail,tail_1,"Brewster, Washington",d3,205,96,6,0.0625,0.0625,0.4682926829268293,0.43902439024390244,0.44878048780487806,3.1939024384129704,3.450914627628077,0.257012189215107
Gemma-4-E4B-it,tail,tail_1,"Brewster, Washington",d4,954,285,78,0.2736842105263158,0.2736842105263158,0.29874213836477986,0.2348008385744235,0.24109014675052412,3.8812237956032494,4.384106391649914,0.5028825960466652
Gemma-4-E4B-it,tail,tail_1,"Brewster, Washington",d5,1000,297,38,0.12794612794612795,0.12794612794612795,0.297,0.266,0.273,4.716624996745743,5.26337499033573,0.5467499935899859
Gemma-4-31B-it,tail,tail_1,"Brewster, Washington",d1,1,1,1,1.0,1.0,1.0,0.0,0.0,14.75000011920963,8.250000183295924,-6.499999935913706
Gemma-4-31B-it,tail,tail_1,"Brewster, Washington",d2,28,24,10,0.4166666666666667,0.4166666666666667,0.8571428571428571,0.4642857142857143,0.5,14.00892848773267,2.444196429897732,-11.564732057834936
Gemma-4-31B-it,tail,tail_1,"Brewster, Washington",d3,205,123,49,0.3983739837398374,0.3983739837398374,0.6,0.3463414634146341,0.40487804878048783,7.529115802533592,2.5789634372790915,-4.950152365254498
Gemma-4-31B-it,tail,tail_1,"Brewster, Washington",d4,954,495,131,0.26464646464646463,0.26464646464646463,0.5188679245283019,0.3951781970649895,0.4140461215932914,9.01981782639684,1.9492596950585264,-7.0705581313383155
Gemma-4-31B-it,tail,tail_1,"Brewster, Washington",d5,1000,438,174,0.3972602739726027,0.3972602739726027,0.438,0.274,0.298,7.446042946428441,2.42475000223274,-5.021292944195702
Qwen3.5-2B,tail,tail_3,Kanchipuram,d1,1,1,1,1.0,1.0,1.0,0.0,0.0,4.125000039115548,1.625,-2.500000039115548
Qwen3.5-2B,tail,tail_3,Kanchipuram,d2,23,22,13,0.5909090909090909,0.5909090909090909,0.9565217391304348,0.391304347826087,0.4782608695652174,4.663043489381064,2.309782588755732,-2.3532609006253313
Qwen3.5-2B,tail,tail_3,Kanchipuram,d3,147,70,16,0.22857142857142856,0.22857142857142856,0.47619047619047616,0.36054421768707484,0.3877551020408163,2.910714285281094,3.9638605296025156,1.0531462443214215
Qwen3.5-2B,tail,tail_3,Kanchipuram,d4,614,180,70,0.3888888888888889,0.3888888888888889,0.2931596091205212,0.1970684039087948,0.22312703583061888,2.9578583106358387,4.002137627425475,1.0442793167896365
Qwen3.5-2B,tail,tail_3,Kanchipuram,d5,1000,287,82,0.2857142857142857,0.2857142857142857,0.287,0.227,0.238,2.6511250023650357,4.102687497570521,1.451562495205486
Qwen3.5-9B,tail,tail_3,Kanchipuram,d1,1,1,1,1.0,1.0,1.0,0.0,0.0,5.499999898485839,1.1250000596046448,-4.374999838881195
Qwen3.5-9B,tail,tail_3,Kanchipuram,d2,23,21,12,0.5714285714285714,0.5714285714285714,0.9130434782608695,0.391304347826087,0.5652173913043478,4.842391303411442,2.081521752275243,-2.760869551136199
Qwen3.5-9B,tail,tail_3,Kanchipuram,d3,147,78,55,0.7051282051282052,0.7051282051282052,0.5306122448979592,0.17687074829931973,0.20408163265306123,3.323979598951928,1.880952378925012,-1.4430272200269163
Qwen3.5-9B,tail,tail_3,Kanchipuram,d4,614,244,123,0.5040983606557377,0.5040983606557377,0.3973941368078176,0.21335504885993486,0.23289902280130292,3.2510179214547628,2.10219869872116,-1.1488192227336025
Qwen3.5-9B,tail,tail_3,Kanchipuram,d5,1000,383,174,0.45430809399477806,0.45430809399477806,0.383,0.228,0.257,3.045000000917251,2.2228125001341104,-0.8221875007831404
Gemma-4-E4B-it,tail,tail_3,Kanchipuram,d1,1,1,0,0.0,0.0,1.0,1.0,1.0,7.624999773397576,5.8749999310821295,-1.7499998423154466
Gemma-4-E4B-it,tail,tail_3,Kanchipuram,d2,23,22,1,0.045454545454545456,0.045454545454545456,0.9565217391304348,0.9130434782608695,1.0869565217391304,8.100543551667057,8.44565217750436,0.34510862583730434
Gemma-4-E4B-it,tail,tail_3,Kanchipuram,d3,147,69,4,0.057971014492753624,0.057971014492753624,0.46938775510204084,0.43537414965986393,0.4557823129251701,3.694727887015425,3.777210865633954,0.08248297861852895
Gemma-4-E4B-it,tail,tail_3,Kanchipuram,d4,614,168,19,0.1130952380952381,0.1130952380952381,0.2736156351791531,0.25895765472312704,0.2752442996742671,4.497149822509334,4.685056995202347,0.18790717269301282
Gemma-4-E4B-it,tail,tail_3,Kanchipuram,d5,1000,268,22,0.08208955223880597,0.08208955223880597,0.268,0.274,0.284,4.05462499357137,4.539187492608724,0.48456249903735443
Gemma-4-31B-it,tail,tail_3,Kanchipuram,d1,1,1,1,1.0,1.0,1.0,0.0,0.0,13.124999880792757,1.125,-11.999999880792757
Gemma-4-31B-it,tail,tail_3,Kanchipuram,d2,23,22,16,0.7272727272727273,0.7272727272727273,0.9565217391304348,0.2608695652173913,0.30434782608695654,12.563858564237174,4.98913042556049,-7.574728138676683
Gemma-4-31B-it,tail,tail_3,Kanchipuram,d3,147,83,13,0.1566265060240964,0.1566265060240964,0.564625850340136,0.4965986394557823,0.5850340136054422,7.54320785475122,2.624574825828531,-4.918633028922688
Gemma-4-31B-it,tail,tail_3,Kanchipuram,d4,614,303,49,0.1617161716171617,0.1617161716171617,0.49348534201954397,0.42996742671009774,0.4755700325732899,8.245610211093483,3.98574918504471,-4.2598610260487755
Gemma-4-31B-it,tail,tail_3,Kanchipuram,d5,1000,409,83,0.20293398533007334,0.20293398533007334,0.409,0.363,0.392,6.523156227857124,3.4187499929757177,-3.104406234881408
Qwen3.5-2B,tail,tail_6,Partition of India,d1,1,1,1,1.0,1.0,1.0,0.0,0.0,5.374999889172614,0.75,-4.624999889172614
Qwen3.5-9B,tail,tail_6,Partition of India,d1,1,1,1,1.0,1.0,1.0,0.0,0.0,8.624999540799763,0.75,-7.874999540799763
Gemma-4-E4B-it,tail,tail_6,Partition of India,d1,1,1,1,1.0,1.0,1.0,0.0,0.0,12.0000003576788,7.249999803490937,-4.750000554187864
Gemma-4-31B-it,tail,tail_6,Partition of India,d1,1,1,0,0.0,0.0,1.0,1.0,1.0,14.312499880791279,2.874999910593033,-11.437499970198246
Qwen3.5-2B,tail,tail_13,Haicheng,d1,1,1,1,1.0,1.0,1.0,0.0,0.0,2.6250000298023224,0.375,-2.2500000298023224
Qwen3.5-2B,tail,tail_13,Haicheng,d2,5,3,1,0.3333333333333333,0.3333333333333333,0.6,0.4,0.8,3.299999979510903,5.3999999018662495,2.099999922355346
Qwen3.5-2B,tail,tail_13,Haicheng,d3,41,28,5,0.17857142857142858,0.17857142857142858,0.6829268292682927,0.5853658536585366,0.6829268292682927,2.073170737283895,3.1585365759404715,1.0853658386565768
Qwen3.5-2B,tail,tail_13,Haicheng,d4,130,37,12,0.32432432432432434,0.32432432432432434,0.2846153846153846,0.19230769230769232,0.33076923076923076,2.3749999910790045,3.967307676951,1.5923076858719958
Qwen3.5-2B,tail,tail_13,Haicheng,d5,276,64,19,0.296875,0.296875,0.2318840579710145,0.17753623188405798,0.2210144927536232,2.2432065250966158,3.404664864455111,1.1614583393584952
Qwen3.5-9B,tail,tail_13,Haicheng,d1,1,1,1,1.0,1.0,1.0,0.0,0.0,5.624999836087227,3.6250000074505806,-1.9999998286366463
Qwen3.5-9B,tail,tail_13,Haicheng,d2,5,2,1,0.5,0.5,0.4,0.2,1.0,3.7750000175554304,2.5500000186264513,-1.224999998928979
Qwen3.5-9B,tail,tail_13,Haicheng,d3,41,29,28,0.9655172413793104,0.9655172413793104,0.7073170731707317,0.04878048780487805,0.14634146341463414,2.932926830846998,2.1280487773332335,-0.8048780535137644
Qwen3.5-9B,tail,tail_13,Haicheng,d4,130,59,30,0.5084745762711864,0.5084745762711864,0.45384615384615384,0.2230769230769231,0.3384615384615385,2.925961529048912,2.775961537805135,-0.1499999912437768
Qwen3.5-9B,tail,tail_13,Haicheng,d5,276,89,58,0.651685393258427,0.651685393258427,0.322463768115942,0.12318840579710146,0.2318840579710145,2.5871829713698546,3.1739130434369778,0.586730072067123
Gemma-4-E4B-it,tail,tail_13,Haicheng,d1,1,1,0,0.0,0.0,1.0,1.0,1.0,4.875000166706741,5.25000021699816,0.37500005029141903
Gemma-4-E4B-it,tail,tail_13,Haicheng,d2,5,3,0,0.0,0.0,0.6,0.6,1.4,6.77500007232411,5.825000119098695,-0.9499999532254151
Gemma-4-E4B-it,tail,tail_13,Haicheng,d3,41,30,2,0.06666666666666667,0.06666666666666667,0.7317073170731707,0.7073170731707317,0.7804878048780488,3.3323170835319615,3.951219496012239,0.6189024124802772
Gemma-4-E4B-it,tail,tail_13,Haicheng,d4,130,27,4,0.14814814814814814,0.14814814814814814,0.2076923076923077,0.18461538461538463,0.2692307692307692,4.20576924078218,5.171153847678076,0.9653846068958956
Gemma-4-E4B-it,tail,tail_13,Haicheng,d5,276,51,6,0.11764705882352941,0.11764705882352941,0.18478260869565216,0.18115942028985507,0.2210144927536232,4.667572446792908,5.982223722848636,1.3146512760557285
Gemma-4-31B-it,tail,tail_13,Haicheng,d1,1,1,0,0.0,0.0,1.0,1.0,1.0,1.625,4.750000100582838,3.125000100582838
Gemma-4-31B-it,tail,tail_13,Haicheng,d2,5,4,2,0.5,0.5,0.8,0.4,0.6,12.562499962813039,3.4250000450760125,-9.137499917737026
Gemma-4-31B-it,tail,tail_13,Haicheng,d3,41,30,23,0.7666666666666667,0.7666666666666667,0.7317073170731707,0.1951219512195122,0.5121951219512195,8.682926829253573,3.833841474770452,-4.849085354483121
Gemma-4-31B-it,tail,tail_13,Haicheng,d4,130,59,26,0.4406779661016949,0.4406779661016949,0.45384615384615384,0.27692307692307694,0.5,6.2569711225737885,2.8213942390080775,-3.435576883565712
Gemma-4-31B-it,tail,tail_13,Haicheng,d5,276,91,32,0.3516483516483517,0.3516483516483517,0.32971014492753625,0.21739130434782608,0.36231884057971014,6.134397611921698,2.9475769977722415,-3.186820614149457
Qwen3.5-2B,tail,tail_15,Rome Community Festival,d1,1,1,1,1.0,1.0,1.0,0.0,0.0,5.000000050291419,0.625,-4.375000050291419
Qwen3.5-2B,tail,tail_15,Rome Community Festival,d2,4,2,1,0.5,0.5,0.5,0.25,0.75,2.2812499925494194,1.781249988824129,-0.5000000037252903
Qwen3.5-2B,tail,tail_15,Rome Community Festival,d3,34,27,14,0.5185185185185185,0.5185185185185185,0.7941176470588235,0.4117647058823529,0.5294117647058824,4.750000015647589,1.897058829665184,-2.852941185982405
Qwen3.5-2B,tail,tail_15,Rome Community Festival,d4,239,116,41,0.35344827586206895,0.35344827586206895,0.48535564853556484,0.30962343096234307,0.39330543933054396,3.0502092015915396,2.0230125551663387,-1.027196646425201
Qwen3.5-2B,tail,tail_15,Rome Community Festival,d5,1000,347,121,0.34870317002881845,0.34870317002881845,0.347,0.244,0.263,3.2818749946441677,2.889625004714064,-0.3922499899301038
Qwen3.5-9B,tail,tail_15,Rome Community Festival,d1,1,1,1,1.0,1.0,1.0,0.0,0.0,5.50000003259629,5.624999765306711,0.12499973271042109
Qwen3.5-9B,tail,tail_15,Rome Community Festival,d2,4,2,0,0.0,0.0,0.5,0.5,1.5,2.4375000186264515,0.3749999701976776,-2.062500048428774
Qwen3.5-9B,tail,tail_15,Rome Community Festival,d3,34,26,9,0.34615384615384615,0.34615384615384615,0.7647058823529411,0.6176470588235294,0.7352941176470589,4.6139705729301035,1.6433823344242924,-2.970588238505811
Qwen3.5-9B,tail,tail_15,Rome Community Festival,d4,239,138,80,0.5797101449275363,0.5797101449275363,0.5774058577405857,0.25523012552301255,0.32217573221757323,3.3959204999103587,1.230648541267743,-2.1652719586426157
Qwen3.5-9B,tail,tail_15,Rome Community Festival,d5,1000,489,174,0.3558282208588957,0.3558282208588957,0.489,0.348,0.388,3.9179999968159174,1.4069375001571607,-2.5110624966587567
Gemma-4-E4B-it,tail,tail_15,Rome Community Festival,d1,1,1,0,0.0,0.0,1.0,1.0,1.0,3.8749998938292265,1.6249999850988388,-2.2499999087303877
Gemma-4-E4B-it,tail,tail_15,Rome Community Festival,d2,4,2,0,0.0,0.0,0.5,0.5,1.5,4.4999999400133674,3.5468749860301614,-0.9531249539832061
Gemma-4-E4B-it,tail,tail_15,Rome Community Festival,d3,34,26,2,0.07692307692307693,0.07692307692307693,0.7647058823529411,0.7058823529411765,0.7941176470588235,7.533088143725068,5.807904353905756,-1.7251837898193116
Gemma-4-E4B-it,tail,tail_15,Rome Community Festival,d4,239,113,2,0.017699115044247787,0.017699115044247787,0.47280334728033474,0.47280334728033474,0.5271966527196653,3.713389110921324,3.4291317995419255,-0.2842573113793984
Gemma-4-E4B-it,tail,tail_15,Rome Community Festival,d5,1000,344,71,0.2063953488372093,0.2063953488372093,0.344,0.297,0.316,3.9728124960858575,3.9369374968781665,-0.03587499920769096
Gemma-4-31B-it,tail,tail_15,Rome Community Festival,d1,1,1,0,0.0,0.0,1.0,1.0,1.0,2.3750000596046448,7.312500148545951,4.937500088941306
Gemma-4-31B-it,tail,tail_15,Rome Community Festival,d2,4,2,0,0.0,0.0,0.5,0.5,0.75,12.656249625155398,5.250000174855813,-7.406249450299585
Gemma-4-31B-it,tail,tail_15,Rome Community Festival,d3,34,27,3,0.1111111111111111,0.1111111111111111,0.7941176470588235,0.7352941176470589,1.1176470588235294,13.220588179184539,2.641544104225271,-10.579044074959269
Gemma-4-31B-it,tail,tail_15,Rome Community Festival,d4,239,145,17,0.11724137931034483,0.11724137931034483,0.606694560669456,0.5397489539748954,0.6736401673640168,8.030923080219221,3.8891213573196675,-4.141801722899555
Gemma-4-31B-it,tail,tail_15,Rome Community Festival,d5,1000,554,72,0.1299638989169675,0.1299638989169675,0.554,0.511,0.563,9.106703080355059,4.4558125005878395,-4.650890579767226
Qwen3.5-2B,tail,tail_14,Maude,d1,1,0,0,,,0.0,0.0,0.0,5.999999789521098,0.5,-5.499999789521098
Qwen3.5-2B,tail,tail_14,Maude,d2,7,0,0,,,0.0,0.0,0.2857142857142857,5.5535714218526016,1.58928567809718,-3.9642857437554215
Qwen3.5-2B,tail,tail_14,Maude,d3,35,25,14,0.56,0.56,0.7142857142857143,0.37142857142857144,0.4857142857142857,4.40357145949799,2.6607142918344056,-1.742857167663585
Qwen3.5-2B,tail,tail_14,Maude,d4,249,104,41,0.3942307692307692,0.3942307692307692,0.41767068273092367,0.2570281124497992,0.3413654618473896,2.642570280585434,1.793674709989753,-0.8488955705956814
Qwen3.5-2B,tail,tail_14,Maude,d5,1000,251,101,0.40239043824701193,0.40239043824701193,0.251,0.172,0.196,2.8864999975872925,2.005250002260611,-0.8812499953266816
Qwen3.5-9B,tail,tail_14,Maude,d1,1,1,1,1.0,1.0,1.0,0.0,0.0,9.499999782652594,0.5,-8.999999782652594
Qwen3.5-9B,tail,tail_14,Maude,d2,7,1,1,1.0,1.0,0.14285714285714285,0.0,0.5714285714285714,4.803571320371702,0.7142857142857143,-4.089285606085988
Qwen3.5-9B,tail,tail_14,Maude,d3,35,25,8,0.32,0.32,0.7142857142857143,0.5142857142857142,0.6285714285714286,4.7214285582370525,1.9714285832829774,-2.749999974954075
Qwen3.5-9B,tail,tail_14,Maude,d4,249,127,82,0.6456692913385826,0.6456692913385826,0.5100401606425703,0.18473895582329317,0.26104417670682734,3.0773092302924816,1.3441265059044083,-1.733182724388073
Qwen3.5-9B,tail,tail_14,Maude,d5,1000,410,212,0.5170731707317073,0.5170731707317073,0.41,0.226,0.269,3.513874995666993,1.5863125015042023,-1.9275624941627902
Gemma-4-E4B-it,tail,tail_14,Maude,d1,1,1,1,1.0,1.0,1.0,0.0,0.0,7.124999927356839,5.999999875202775,-1.1250000521540642
Gemma-4-E4B-it,tail,tail_14,Maude,d2,7,0,0,,,0.0,0.0,0.5714285714285714,3.3928571157822653,4.500000077299774,1.1071429615175086
Gemma-4-E4B-it,tail,tail_14,Maude,d3,35,26,0,0.0,0.0,0.7428571428571429,0.7428571428571429,0.8285714285714286,7.210714203240839,6.612500020563104,-0.5982141826777349
Gemma-4-E4B-it,tail,tail_14,Maude,d4,249,103,2,0.019417475728155338,0.019417475728155338,0.41365461847389556,0.4457831325301205,0.5060240963855421,3.2384538088946617,3.2143574320899613,-0.02409637680470056
Gemma-4-E4B-it,tail,tail_14,Maude,d5,1000,268,41,0.15298507462686567,0.15298507462686567,0.268,0.249,0.273,4.028062496611224,4.334437504815797,0.3063750082045717
Gemma-4-31B-it,tail,tail_14,Maude,d1,1,1,0,0.0,0.0,1.0,1.0,1.0,10.250000003361492,5.8750000754371285,-4.374999927924364
Gemma-4-31B-it,tail,tail_14,Maude,d2,7,1,0,0.0,0.0,0.14285714285714285,0.14285714285714285,0.2857142857142857,8.276785563905248,5.72321433327826,-2.553571230626988
Gemma-4-31B-it,tail,tail_14,Maude,d3,35,28,6,0.21428571428571427,0.21428571428571427,0.8,0.6285714285714286,1.0571428571428572,12.414285656328598,3.3107142662197084,-9.10357139010889
Gemma-4-31B-it,tail,tail_14,Maude,d4,249,137,5,0.0364963503649635,0.0364963503649635,0.5502008032128514,0.5502008032128514,0.6827309236947792,6.767758497536792,4.047565254764185,-2.7201932427726065
Gemma-4-31B-it,tail,tail_14,Maude,d5,1000,463,45,0.09719222462203024,0.09719222462203024,0.463,0.443,0.5,8.987460899323692,5.417843756313869,-3.569617143009824
Qwen3.5-2B,tail,tail_9,Royal Borough of Windsor and Maidenhead,d1,1,0,0,,,0.0,0.0,0.0,9.999999770647264,0.125,-9.874999770647264
Qwen3.5-2B,tail,tail_9,Royal Borough of Windsor and Maidenhead,d2,11,6,2,0.3333333333333333,0.3333333333333333,0.5454545454545454,0.36363636363636365,0.5454545454545454,1.568181810053912,1.6022727445445277,0.03409093449061567
Qwen3.5-2B,tail,tail_9,Royal Borough of Windsor and Maidenhead,d3,55,15,6,0.4,0.4,0.2727272727272727,0.2545454545454545,0.32727272727272727,2.7386363499078223,2.7409090865234083,0.0022727366155860097
Qwen3.5-2B,tail,tail_9,Royal Borough of Windsor and Maidenhead,d4,186,84,52,0.6190476190476191,0.6190476190476191,0.45161290322580644,0.1774193548387097,0.3010752688172043,3.620295698008743,2.0517473009490703,-1.5685483970596725
Qwen3.5-2B,tail,tail_9,Royal Borough of Windsor and Maidenhead,d5,679,299,132,0.4414715719063545,0.4414715719063545,0.44035346097201766,0.2533136966126657,0.3004418262150221,3.4357511052606005,2.1189248905985565,-1.316826214662044
Qwen3.5-9B,tail,tail_9,Royal Borough of Windsor and Maidenhead,d1,1,0,0,,,0.0,0.0,0.0,11.875000000465661,0.25,-11.625000000465661
Qwen3.5-9B,tail,tail_9,Royal Borough of Windsor and Maidenhead,d2,11,10,3,0.3,0.3,0.9090909090909091,0.6363636363636364,1.0,2.874999949570999,2.295454520562833,-0.5795454290081662
Qwen3.5-9B,tail,tail_9,Royal Borough of Windsor and Maidenhead,d3,55,20,8,0.4,0.4,0.36363636363636365,0.2545454545454545,0.36363636363636365,2.4568181907250124,1.4000000020319765,-1.0568181886930357
Qwen3.5-9B,tail,tail_9,Royal Borough of Windsor and Maidenhead,d4,186,101,51,0.504950495049505,0.504950495049505,0.543010752688172,0.27956989247311825,0.3870967741935484,3.9858871028189107,1.4543010794848044,-2.531586023334106
Qwen3.5-9B,tail,tail_9,Royal Borough of Windsor and Maidenhead,d5,679,384,158,0.4114583333333333,0.4114583333333333,0.5655375552282769,0.35051546391752575,0.422680412371134,3.6918262121690693,1.6272091347885707,-2.0646170773804986
Gemma-4-E4B-it,tail,tail_9,Royal Borough of Windsor and Maidenhead,d1,1,1,1,1.0,1.0,1.0,0.0,0.0,9.24999976860272,9.374999656458385,0.12499988785566529
Gemma-4-E4B-it,tail,tail_9,Royal Borough of Windsor and Maidenhead,d2,11,7,0,0.0,0.0,0.6363636363636364,0.6363636363636364,1.0,3.5113636504823016,2.9090908985764887,-0.6022727519058125
Gemma-4-E4B-it,tail,tail_9,Royal Borough of Windsor and Maidenhead,d3,55,13,2,0.15384615384615385,0.15384615384615385,0.23636363636363636,0.16363636363636364,0.2545454545454545,2.7613636463076214,2.2818181764440273,-0.47954546986359425
Gemma-4-E4B-it,tail,tail_9,Royal Borough of Windsor and Maidenhead,d4,186,86,8,0.09302325581395349,0.09302325581395349,0.46236559139784944,0.43010752688172044,0.521505376344086,5.2214381679072375,4.712365577493671,-0.5090725904135671
Gemma-4-E4B-it,tail,tail_9,Royal Borough of Windsor and Maidenhead,d5,679,313,13,0.04153354632587859,0.04153354632587859,0.46097201767304863,0.46244477172312226,0.5036818851251841,4.4328055868325,4.070047868463044,-0.36275771836945536
Gemma-4-31B-it,tail,tail_9,Royal Borough of Windsor and Maidenhead,d1,1,1,0,0.0,0.0,1.0,1.0,1.0,14.812500238418806,4.249999962747097,-10.56250027567171
Gemma-4-31B-it,tail,tail_9,Royal Borough of Windsor and Maidenhead,d2,11,7,0,0.0,0.0,0.6363636363636364,0.7272727272727273,0.8181818181818182,7.2528409926999196,3.113636352672157,-4.139204640027763
Gemma-4-31B-it,tail,tail_9,Royal Borough of Windsor and Maidenhead,d3,55,21,2,0.09523809523809523,0.09523809523809523,0.38181818181818183,0.36363636363636365,0.7090909090909091,6.698863646368837,3.1477272461155237,-3.5511364002533132
Gemma-4-31B-it,tail,tail_9,Royal Borough of Windsor and Maidenhead,d4,186,104,31,0.2980769230769231,0.2980769230769231,0.5591397849462365,0.43548387096774194,0.6129032258064516,9.06048382793772,3.7795699008132533,-5.280913927124468
Gemma-4-31B-it,tail,tail_9,Royal Borough of Windsor and Maidenhead,d5,679,398,57,0.14321608040201006,0.14321608040201006,0.5861561119293078,0.5316642120765832,0.6273932253313697,8.37953327091342,3.9997238556150503,-4.379809415298372
Qwen3.5-2B,tail,tail_10,Pocklington,d1,1,0,0,,,0.0,0.0,0.0,2.7499999180436134,1.625,-1.1249999180436134
Qwen3.5-2B,tail,tail_10,Pocklington,d2,11,6,0,0.0,0.0,0.5454545454545454,0.5454545454545454,0.7272727272727273,1.568181810053912,5.318181825658195,3.750000015604283
Qwen3.5-2B,tail,tail_10,Pocklington,d3,55,15,7,0.4666666666666667,0.4666666666666667,0.2727272727272727,0.23636363636363636,0.3090909090909091,2.7386363499078223,3.227272703532468,0.48863635362464597
Qwen3.5-2B,tail,tail_10,Pocklington,d4,186,84,35,0.4166666666666667,0.4166666666666667,0.45161290322580644,0.2849462365591398,0.41935483870967744,3.620295698008743,2.903225805785589,-0.717069892223154
Qwen3.5-2B,tail,tail_10,Pocklington,d5,679,298,114,0.3825503355704698,0.3825503355704698,0.43888070692194403,0.28424153166421207,0.34167893961708395,3.4363033880136045,3.138438878553383,-0.2978645094602214
Qwen3.5-9B,tail,tail_10,Pocklington,d1,1,0,0,,,0.0,0.0,0.0,4.74999993480742,1.3749998807907104,-3.3750000540167093
Qwen3.5-9B,tail,tail_10,Pocklington,d2,11,10,1,0.1,0.1,0.9090909090909091,0.8181818181818182,1.1818181818181819,2.874999949570999,1.8068181804635308,-1.0681817691074684
Qwen3.5-9B,tail,tail_10,Pocklington,d3,55,20,6,0.3,0.3,0.36363636363636365,0.3090909090909091,0.41818181818181815,2.4568181907250124,2.6909090934659945,0.23409090274098246
Qwen3.5-9B,tail,tail_10,Pocklington,d4,186,101,38,0.37623762376237624,0.37623762376237624,0.543010752688172,0.3763440860215054,0.489247311827957,3.9858871028189107,1.9223790359783477,-2.063508066840563
Qwen3.5-9B,tail,tail_10,Pocklington,d5,679,384,137,0.3567708333333333,0.3567708333333333,0.5655375552282769,0.3799705449189985,0.4639175257731959,3.6918262121690693,1.9571060394197537,-1.7347201727493156
Gemma-4-E4B-it,tail,tail_10,Pocklington,d1,1,1,1,1.0,1.0,1.0,0.0,0.0,6.6250000859145075,3.625000014901161,-3.0000000710133463
Gemma-4-E4B-it,tail,tail_10,Pocklington,d2,11,7,0,0.0,0.0,0.6363636363636364,0.6363636363636364,1.0,3.5113636504823016,3.8011363637580704,0.2897727132757692
Gemma-4-E4B-it,tail,tail_10,Pocklington,d3,55,12,0,0.0,0.0,0.21818181818181817,0.21818181818181817,0.32727272727272727,2.7613636463076214,2.981818158651268,0.2204545123436467
Gemma-4-E4B-it,tail,tail_10,Pocklington,d4,186,83,4,0.04819277108433735,0.04819277108433735,0.44623655913978494,0.4731182795698925,0.5698924731182796,5.222782259744502,4.93212364596685,-0.2906586137776524
Gemma-4-E4B-it,tail,tail_10,Pocklington,d5,679,315,21,0.06666666666666667,0.06666666666666667,0.4639175257731959,0.4477172312223859,0.49779086892488955,4.432805584343788,4.498619295773868,0.06581371143008037
Gemma-4-31B-it,tail,tail_10,Pocklington,d1,1,1,1,1.0,1.0,1.0,0.0,0.0,7.374999839114025,4.937500230036676,-2.4374996090773493
Gemma-4-31B-it,tail,tail_10,Pocklington,d2,11,8,0,0.0,0.0,0.7272727272727273,0.8181818181818182,0.9090909090909091,7.2528409926999196,3.4659090918404134,-3.7869319008595066
Gemma-4-31B-it,tail,tail_10,Pocklington,d3,55,21,2,0.09523809523809523,0.09523809523809523,0.38181818181818183,0.41818181818181815,0.8,6.698863646368837,2.201136360800063,-4.497727285568774
Gemma-4-31B-it,tail,tail_10,Pocklington,d4,186,105,11,0.10476190476190476,0.10476190476190476,0.5645161290322581,0.543010752688172,0.7204301075268817,9.06838033562628,3.1270161214759025,-5.941364214150378
Gemma-4-31B-it,tail,tail_10,Pocklington,d5,679,397,75,0.1889168765743073,0.1889168765743073,0.5846833578792342,0.4889543446244477,0.5905743740795287,8.38114409524018,2.850699557329924,-5.530444537910255
Qwen3.5-2B,tail,tail_4,Magadi,d1,1,1,1,1.0,1.0,1.0,0.0,0.0,2.7500000819563866,4.875000166706741,2.1250000847503543
Qwen3.5-2B,tail,tail_4,Magadi,d2,23,22,18,0.8181818181818182,0.8181818181818182,0.9565217391304348,0.17391304347826086,0.2608695652173913,4.663043489381064,1.527173905274021,-3.1358695841070428
Qwen3.5-2B,tail,tail_4,Magadi,d3,147,70,23,0.32857142857142857,0.32857142857142857,0.47619047619047616,0.3401360544217687,0.3673469387755102,2.910714285281094,2.278486383770795,-0.6322279015102987
Qwen3.5-2B,tail,tail_4,Magadi,d4,614,180,102,0.5666666666666667,0.5666666666666667,0.2931596091205212,0.1465798045602606,0.19218241042345277,2.9578583106358387,2.3148412053153082,-0.6430171053205307
Qwen3.5-2B,tail,tail_4,Magadi,d5,1000,273,114,0.4175824175824176,0.4175824175824176,0.273,0.173,0.215,2.605500002483197,2.0864375020090375,-0.5190625004741596
Qwen3.5-9B,tail,tail_4,Magadi,d1,1,0,0,,,0.0,0.0,0.0,3.3749999590218067,1.4999999403953552,-1.8750000186264515
Qwen3.5-9B,tail,tail_4,Magadi,d2,23,21,16,0.7619047619047619,0.7619047619047619,0.9130434782608695,0.2608695652173913,0.43478260869565216,4.842391303411442,0.9782608601710071,-3.864130443240435
Qwen3.5-9B,tail,tail_4,Magadi,d3,147,78,50,0.6410256410256411,0.6410256410256411,0.5306122448979592,0.1836734693877551,0.23129251700680273,3.323979598951928,1.6428571411180406,-1.6811224578338877
Qwen3.5-9B,tail,tail_4,Magadi,d4,614,244,107,0.4385245901639344,0.4385245901639344,0.3973941368078176,0.24429967426710097,0.28338762214983715,3.2510179214547628,1.6324307795504793,-1.6185871419042834
Qwen3.5-9B,tail,tail_4,Magadi,d5,1000,374,219,0.5855614973262032,0.5855614973262032,0.374,0.173,0.232,3.000500000395041,1.6319375027911738,-1.368562497603867
Gemma-4-E4B-it,tail,tail_4,Magadi,d1,1,0,0,,,0.0,0.0,0.0,3.749999936670065,1.8749999403953552,-1.8749999962747097
Gemma-4-E4B-it,tail,tail_4,Magadi,d2,23,22,1,0.045454545454545456,0.045454545454545456,0.9565217391304348,0.9130434782608695,1.0869565217391304,8.100543551667057,5.448369509186507,-2.6521740424805498
Gemma-4-E4B-it,tail,tail_4,Magadi,d3,147,68,3,0.04411764705882353,0.04411764705882353,0.46258503401360546,0.43537414965986393,0.48299319727891155,3.6921768743769974,3.6641156428464754,-0.02806123153052232
Gemma-4-E4B-it,tail,tail_4,Magadi,d4,614,167,24,0.1437125748502994,0.1437125748502994,0.2719869706840391,0.247557003257329,0.28827361563517917,4.493281748108099,4.611665303107319,0.11838355499922054
Gemma-4-E4B-it,tail,tail_4,Magadi,d5,1000,249,27,0.10843373493975904,0.10843373493975904,0.249,0.238,0.276,4.049249993039154,4.595499997202096,0.5462500041629419
Gemma-4-31B-it,tail,tail_4,Magadi,d1,1,0,0,,,0.0,0.0,0.0,0.7500000298023224,5.999999845633283,5.249999815830961
Gemma-4-31B-it,tail,tail_4,Magadi,d2,23,22,3,0.13636363636363635,0.13636363636363635,0.9565217391304348,0.8260869565217391,0.8695652173913043,12.563858564237174,3.836956527858527,-8.726902036378647
Gemma-4-31B-it,tail,tail_4,Magadi,d3,147,83,8,0.0963855421686747,0.0963855421686747,0.564625850340136,0.564625850340136,0.7142857142857143,7.54405819620447,3.9906462629513872,-3.553411933253083
Gemma-4-31B-it,tail,tail_4,Magadi,d4,614,305,33,0.10819672131147541,0.10819672131147541,0.496742671009772,0.46416938110749184,0.5293159609120521,8.24642453792846,5.535525235308273,-2.710899302620188
Gemma-4-31B-it,tail,tail_4,Magadi,d5,1000,393,48,0.12213740458015267,0.12213740458015267,0.393,0.379,0.458,6.461796847149049,4.01199999489205,-2.4497968522570033
Qwen3.5-2B,random,random_4,Christ Before the High Priest,d1,4,2,2,1.0,1.0,0.5,0.0,0.0,2.3437499250285327,0.890625,-1.4531249250285327
Qwen3.5-2B,random,random_4,Christ Before the High Priest,d2,25,10,5,0.5,0.5,0.4,0.16,0.2,2.909999997485429,1.692499991953373,-1.2175000055320562
Qwen3.5-2B,random,random_4,Christ Before the High Priest,d3,113,53,36,0.6792452830188679,0.6792452830188679,0.4690265486725664,0.18584070796460178,0.18584070796460178,3.0530973379201445,1.9198008947573042,-1.1332964431628403
Qwen3.5-2B,random,random_4,Christ Before the High Priest,d4,454,206,104,0.5048543689320388,0.5048543689320388,0.45374449339207046,0.2511013215859031,0.2533039647577093,3.262802868385441,1.8693557196152644,-1.393447148770177
Qwen3.5-2B,random,random_4,Christ Before the High Priest,d5,1000,342,153,0.4473684210526316,0.4473684210526316,0.342,0.209,0.212,2.9526249985616304,2.255875002229761,-0.6967499963318696
Qwen3.5-9B,random,random_4,Christ Before the High Priest,d1,4,1,1,1.0,1.0,0.25,0.0,0.0,3.2812499459832907,2.468749960884452,-0.8124999850988388
Qwen3.5-9B,random,random_4,Christ Before the High Priest,d2,25,10,6,0.6,0.6,0.4,0.2,0.24,2.6449999954458328,1.6850000079721212,-0.9599999874737114
Qwen3.5-9B,random,random_4,Christ Before the High Priest,d3,113,59,29,0.4915254237288136,0.4915254237288136,0.5221238938053098,0.2831858407079646,0.3008849557522124,3.6144911374449133,1.693584077010772,-1.9209070604341414
Qwen3.5-9B,random,random_4,Christ Before the High Priest,d4,454,250,149,0.596,0.596,0.5506607929515418,0.2356828193832599,0.24669603524229075,3.4520925156982436,1.5216134390629632,-1.9304790766352804
Qwen3.5-9B,random,random_4,Christ Before the High Priest,d5,1000,458,211,0.4606986899563319,0.4606986899563319,0.458,0.26,0.278,3.302000003533045,1.81250000254286,-1.489500000990185
Gemma-4-E4B-it,random,random_4,Christ Before the High Priest,d1,4,0,0,,,0.0,0.25,0.25,1.9375000279396772,2.625000037252903,0.6875000093132257
Gemma-4-E4B-it,random,random_4,Christ Before the High Priest,d2,25,4,1,0.25,0.25,0.16,0.12,0.12,2.6399999840045347,2.875000011054799,0.23500002705026418
Gemma-4-E4B-it,random,random_4,Christ Before the High Priest,d3,113,49,2,0.04081632653061224,0.04081632653061224,0.4336283185840708,0.4424778761061947,0.4424778761061947,4.917035419468786,4.449668148057158,-0.46736727141162787
Gemma-4-E4B-it,random,random_4,Christ Before the High Priest,d4,454,210,4,0.01904761904761905,0.01904761904761905,0.46255506607929514,0.4713656387665198,0.4801762114537445,4.565253290134549,3.781800658903366,-0.7834526312311825
Gemma-4-E4B-it,random,random_4,Christ Before the High Priest,d5,1000,345,27,0.0782608695652174,0.0782608695652174,0.345,0.339,0.348,4.003312494252478,3.596374996297731,-0.40693749795474743
Gemma-4-31B-it,random,random_4,Christ Before the High Priest,d1,4,2,0,0.0,0.0,0.5,0.5,0.5,4.437499990977813,2.046874933876097,-2.3906250571017154
Gemma-4-31B-it,random,random_4,Christ Before the High Priest,d2,25,9,2,0.2222222222222222,0.2222222222222222,0.36,0.28,0.32,5.3974999479707275,2.91749998819083,-2.4799999597798976
Gemma-4-31B-it,random,random_4,Christ Before the High Priest,d3,113,58,0,0.0,0.0,0.5132743362831859,0.5663716814159292,0.5752212389380531,7.204369448281979,4.608960165433581,-2.5954092828483977
Gemma-4-31B-it,random,random_4,Christ Before the High Priest,d4,454,255,17,0.06666666666666667,0.06666666666666667,0.5616740088105727,0.5572687224669604,0.5704845814977973,8.368667362719094,3.8291574803964106,-4.539509882322686
Gemma-4-31B-it,random,random_4,Christ Before the High Priest,d5,1000,501,39,0.07784431137724551,0.07784431137724551,0.501,0.488,0.506,7.276046849607409,3.940625004568008,-3.3354218450394018
Qwen3.5-2B,random,random_6,Silappadikaram,d1,6,2,2,1.0,1.0,0.3333333333333333,0.0,0.0,2.0416667107492685,3.499999998835847,1.4583332880865782
Qwen3.5-2B,random,random_6,Silappadikaram,d2,21,9,6,0.6666666666666666,0.6666666666666666,0.42857142857142855,0.19047619047619047,0.23809523809523808,2.9404761979045966,1.5476190164862644,-1.3928571814183324
Qwen3.5-2B,random,random_6,Silappadikaram,d3,76,46,26,0.5652173913043478,0.5652173913043478,0.6052631578947368,0.3157894736842105,0.3157894736842105,3.638157908174387,2.242598686216776,-1.3955592219576112
Qwen3.5-2B,random,random_6,Silappadikaram,d4,320,151,71,0.47019867549668876,0.47019867549668876,0.471875,0.2625,0.265625,3.111718757411654,1.7476562564639608,-1.3640625009476934
Qwen3.5-2B,random,random_6,Silappadikaram,d5,1000,364,190,0.521978021978022,0.521978021978022,0.364,0.192,0.198,2.9813750052816466,1.9808749997448176,-1.0005000055368292
Qwen3.5-9B,random,random_6,Silappadikaram,d1,6,2,2,1.0,1.0,0.3333333333333333,0.0,0.0,4.229166685681169,1.812500028560559,-2.41666665712061
Qwen3.5-9B,random,random_6,Silappadikaram,d2,21,8,1,0.125,0.125,0.38095238095238093,0.2857142857142857,0.38095238095238093,4.1904761520619065,2.220238090758877,-1.970238061303029
Qwen3.5-9B,random,random_6,Silappadikaram,d3,76,44,16,0.36363636363636365,0.36363636363636365,0.5789473684210527,0.42105263157894735,0.4605263157894737,3.9671052785408008,1.7253289345137186,-2.241776344027082
Qwen3.5-9B,random,random_6,Silappadikaram,d4,320,176,86,0.48863636363636365,0.48863636363636365,0.55,0.296875,0.31875,3.5578125050620883,1.3496093729540006,-2.2082031321080877
Qwen3.5-9B,random,random_6,Silappadikaram,d5,1000,468,221,0.4722222222222222,0.4722222222222222,0.468,0.282,0.302,3.270187502789413,1.4922499985627364,-1.7779375042266765
Gemma-4-E4B-it,random,random_6,Silappadikaram,d1,6,2,0,0.0,0.0,0.3333333333333333,0.3333333333333333,0.3333333333333333,6.083333359660173,5.041666729059216,-1.0416666306009574
Gemma-4-E4B-it,random,random_6,Silappadikaram,d2,21,7,0,0.0,0.0,0.3333333333333333,0.42857142857142855,0.42857142857142855,6.642857140328661,6.169642827568515,-0.4732143127601462
Gemma-4-E4B-it,random,random_6,Silappadikaram,d3,76,40,2,0.05,0.05,0.5263157894736842,0.5263157894736842,0.5394736842105263,5.219572376248541,6.054276276521956,0.8347039002734151
Gemma-4-E4B-it,random,random_6,Silappadikaram,d4,320,140,4,0.02857142857142857,0.02857142857142857,0.4375,0.45625,0.46875,4.283789044337125,4.698046867267308,0.4142578229301833
Gemma-4-E4B-it,random,random_6,Silappadikaram,d5,1000,374,23,0.06149732620320856,0.06149732620320856,0.374,0.369,0.382,4.296124992684656,5.015812489083002,0.7196874963983464
Gemma-4-31B-it,random,random_6,Silappadikaram,d1,6,2,2,1.0,1.0,0.3333333333333333,0.0,0.0,4.104166719528924,1.8124999680245917,-2.2916667515043323
Gemma-4-31B-it,random,random_6,Silappadikaram,d2,21,8,1,0.125,0.125,0.38095238095238093,0.42857142857142855,0.47619047619047616,7.127976142455465,2.717261907711093,-4.410714234744371
Gemma-4-31B-it,random,random_6,Silappadikaram,d3,76,51,18,0.35294117647058826,0.35294117647058826,0.6710526315789473,0.4473684210526316,0.4868421052631579,8.041529567969738,3.222039459155655,-4.819490108814083
Gemma-4-31B-it,random,random_6,Silappadikaram,d4,320,184,30,0.16304347826086957,0.16304347826086957,0.575,0.4875,0.53125,8.340454075439933,2.7525390635379834,-5.587915011901952
Gemma-4-31B-it,random,random_6,Silappadikaram,d5,1000,508,139,0.2736220472440945,0.2736220472440945,0.508,0.388,0.419,8.060093714666438,3.648312501410088,-4.411781213256355
Qwen3.5-2B,random,random_2,"Carnation, Lily, Lily, Rose",d1,5,1,1,1.0,1.0,0.2,0.0,0.0,3.1749999969266356,1.8374999698251486,-1.337500027101487
Qwen3.5-2B,random,random_2,"Carnation, Lily, Lily, Rose",d2,24,11,3,0.2727272727272727,0.2727272727272727,0.4583333333333333,0.3333333333333333,0.4166666666666667,3.031249994567285,2.2213541462163753,-0.8098958483509099
Qwen3.5-2B,random,random_2,"Carnation, Lily, Lily, Rose",d3,124,65,31,0.47692307692307695,0.47692307692307695,0.5241935483870968,0.2903225806451613,0.3064516129032258,3.7852822703059625,1.8694556413721595,-1.9158266289338033
Qwen3.5-2B,random,random_2,"Carnation, Lily, Lily, Rose",d4,658,302,186,0.6158940397350994,0.6158940397350994,0.45896656534954405,0.1899696048632219,0.19756838905775076,3.1117971155311777,1.9672302383103968,-1.1445668772207807
Qwen3.5-2B,random,random_2,"Carnation, Lily, Lily, Rose",d5,1000,375,210,0.56,0.56,0.375,0.178,0.192,3.0314999976035906,2.0609375007903434,-0.970562496813247
Qwen3.5-9B,random,random_2,"Carnation, Lily, Lily, Rose",d1,5,4,4,1.0,1.0,0.8,0.0,0.0,3.724999997857958,1.074999988079071,-2.650000009778887
Qwen3.5-9B,random,random_2,"Carnation, Lily, Lily, Rose",d2,24,12,5,0.4166666666666667,0.4166666666666667,0.5,0.4166666666666667,0.5,2.9218750124370367,1.973958305704097,-0.9479167067329399
Qwen3.5-9B,random,random_2,"Carnation, Lily, Lily, Rose",d3,124,71,31,0.43661971830985913,0.43661971830985913,0.5725806451612904,0.3548387096774194,0.3870967741935484,4.15524193508428,2.2741935491381633,-1.8810483859461167
Qwen3.5-9B,random,random_2,"Carnation, Lily, Lily, Rose",d4,658,364,203,0.5576923076923077,0.5576923076923077,0.5531914893617021,0.2613981762917933,0.2826747720364742,3.388107905879163,2.1244300888171193,-1.2636778170620437
Qwen3.5-9B,random,random_2,"Carnation, Lily, Lily, Rose",d5,1000,493,236,0.4787018255578093,0.4787018255578093,0.493,0.284,0.312,3.4894999973386147,1.779312499766238,-1.7101874975723768
Gemma-4-E4B-it,random,random_2,"Carnation, Lily, Lily, Rose",d1,5,1,0,0.0,0.0,0.2,0.2,0.2,5.499999951152131,5.837499938579276,0.33749998742714526
Gemma-4-E4B-it,random,random_2,"Carnation, Lily, Lily, Rose",d2,24,6,0,0.0,0.0,0.25,0.3333333333333333,0.3333333333333333,2.947916671919908,3.3411458424610223,0.3932291705411141
Gemma-4-E4B-it,random,random_2,"Carnation, Lily, Lily, Rose",d3,124,62,3,0.04838709677419355,0.04838709677419355,0.5,0.5,0.5080645161290323,5.797379008561987,6.045362865725913,0.24798385716392643
Gemma-4-E4B-it,random,random_2,"Carnation, Lily, Lily, Rose",d4,658,304,4,0.013157894736842105,0.013157894736842105,0.46200607902735563,0.47112462006079026,0.48328267477203646,4.321333570747701,4.659574467054534,0.33824089630683385
Gemma-4-E4B-it,random,random_2,"Carnation, Lily, Lily, Rose",d5,1000,378,36,0.09523809523809523,0.09523809523809523,0.378,0.37,0.384,3.980562494579612,4.637250006640944,0.656687512061332
Gemma-4-31B-it,random,random_2,"Carnation, Lily, Lily, Rose",d1,5,2,1,0.5,0.5,0.4,0.2,0.2,4.149999995771213,2.2750000208616257,-1.8749999749095878
Gemma-4-31B-it,random,random_2,"Carnation, Lily, Lily, Rose",d2,24,11,0,0.0,0.0,0.4583333333333333,0.4583333333333333,0.5416666666666666,8.815104148914484,3.565104159714489,-5.249999989199996
Gemma-4-31B-it,random,random_2,"Carnation, Lily, Lily, Rose",d3,124,72,1,0.013888888888888888,0.013888888888888888,0.5806451612903226,0.6129032258064516,0.6370967741935484,9.144657224856308,3.4364919382330092,-5.7081652866233
Gemma-4-31B-it,random,random_2,"Carnation, Lily, Lily, Rose",d4,658,377,33,0.08753315649867374,0.08753315649867374,0.5729483282674772,0.5425531914893617,0.5775075987841946,7.859968616719403,3.7768807013233467,-4.083087915396057
Gemma-4-31B-it,random,random_2,"Carnation, Lily, Lily, Rose",d5,1000,535,56,0.10467289719626169,0.10467289719626169,0.535,0.501,0.548,8.079890586933821,4.076749996411447,-4.003140590522377
Qwen3.5-2B,random,random_3,Lawren Harris,d1,3,0,0,,,0.0,0.0,0.0,5.416666714474559,4.000000022041301,-1.4166666924332578
Qwen3.5-2B,random,random_3,Lawren Harris,d2,21,20,19,0.95,0.95,0.9523809523809523,0.047619047619047616,0.14285714285714285,4.291666694251554,5.380952413382364,1.0892857191308092
Qwen3.5-2B,random,random_3,Lawren Harris,d3,117,70,14,0.2,0.2,0.5982905982905983,0.49572649572649574,0.5213675213675214,3.7190171069949147,3.412393165178797,-0.3066239418161179
Qwen3.5-2B,random,random_3,Lawren Harris,d4,535,140,62,0.44285714285714284,0.44285714285714284,0.2616822429906542,0.16822429906542055,0.17943925233644858,3.2537383105933326,3.388901867830003,0.13516355723667037
Qwen3.5-2B,random,random_3,Lawren Harris,d5,1000,262,122,0.46564885496183206,0.46564885496183206,0.262,0.16,0.176,2.7031250074107667,2.7979374989870993,0.09481249157633283
Qwen3.5-9B,random,random_3,Lawren Harris,d1,3,1,1,1.0,1.0,0.3333333333333333,0.0,0.0,4.791666635933022,1.6249999872719247,-3.166666648661097
Qwen3.5-9B,random,random_3,Lawren Harris,d2,21,21,20,0.9523809523809523,0.9523809523809523,1.0,0.047619047619047616,0.14285714285714285,4.976190505992799,1.9047618964243502,-3.071428609568448
Qwen3.5-9B,random,random_3,Lawren Harris,d3,117,89,32,0.3595505617977528,0.3595505617977528,0.7606837606837606,0.5128205128205128,0.5470085470085471,4.125000000140669,1.7467948804394557,-2.378205119701213
Qwen3.5-9B,random,random_3,Lawren Harris,d4,535,212,92,0.4339622641509434,0.4339622641509434,0.39626168224299063,0.2542056074766355,0.2841121495327103,3.6289719677673844,1.7585280358270203,-1.8704439319403643
Qwen3.5-9B,random,random_3,Lawren Harris,d5,1000,409,193,0.4718826405867971,0.4718826405867971,0.409,0.232,0.268,3.2203749990991635,1.6629375045051566,-1.557437494594007
Gemma-4-E4B-it,random,random_3,Lawren Harris,d1,3,0,0,,,0.0,0.0,0.0,6.6249999480011565,7.562500109682635,0.9375001616814794
Gemma-4-E4B-it,random,random_3,Lawren Harris,d2,21,21,0,0.0,0.0,1.0,0.8571428571428571,1.0,8.651785645521201,5.979166683388896,-2.6726189621323058
Gemma-4-E4B-it,random,random_3,Lawren Harris,d3,117,79,4,0.05063291139240506,0.05063291139240506,0.6752136752136753,0.6495726495726496,0.6752136752136753,3.992521354535478,3.8141025876147276,-0.17841876692074995
Gemma-4-E4B-it,random,random_3,Lawren Harris,d4,535,127,9,0.07086614173228346,0.07086614173228346,0.23738317757009345,0.2485981308411215,0.2635514018691589,4.189485976077834,4.048598121080241,-0.14088785499759332
Gemma-4-E4B-it,random,random_3,Lawren Harris,d5,1000,287,30,0.10452961672473868,0.10452961672473868,0.287,0.279,0.298,4.166312499582891,4.351843752430528,0.18553125284763633
Gemma-4-31B-it,random,random_3,Lawren Harris,d1,3,1,1,1.0,1.0,0.3333333333333333,0.0,0.0,8.895833565862025,4.124999897244076,-4.770833668617949
Gemma-4-31B-it,random,random_3,Lawren Harris,d2,21,21,20,0.9523809523809523,0.9523809523809523,1.0,0.047619047619047616,0.14285714285714285,13.992559516477476,5.904761919502302,-8.087797596975173
Gemma-4-31B-it,random,random_3,Lawren Harris,d3,117,96,23,0.23958333333333334,0.23958333333333334,0.8205128205128205,0.6324786324786325,0.6837606837606838,7.767227531163068,3.149038467616436,-4.618189063546633
Gemma-4-31B-it,random,random_3,Lawren Harris,d4,535,228,55,0.2412280701754386,0.2412280701754386,0.4261682242990654,0.34392523364485983,0.405607476635514,7.687675200183491,3.2738317859780683,-4.413843414205421
Gemma-4-31B-it,random,random_3,Lawren Harris,d5,1000,444,123,0.27702702702702703,0.27702702702702703,0.444,0.328,0.392,6.6090312260739115,3.0011250019869187,-3.607906224086992
Qwen3.5-2B,random,random_12,Shenu Agarwal,d1,7,2,2,1.0,1.0,0.2857142857142857,0.0,0.0,2.9642857001828298,4.928571424829507,1.9642857246466778
Qwen3.5-2B,random,random_12,Shenu Agarwal,d2,49,31,24,0.7741935483870968,0.7741935483870968,0.6326530612244898,0.14285714285714285,0.1836734693877551,3.464285709621974,2.2423469369199927,-1.2219387727019815
Qwen3.5-2B,random,random_12,Shenu Agarwal,d3,201,80,51,0.6375,0.6375,0.39800995024875624,0.14925373134328357,0.1691542288557214,2.6492537268332033,2.1791044750731015,-0.47014925176010175
Qwen3.5-2B,random,random_12,Shenu Agarwal,d4,673,178,108,0.6067415730337079,0.6067415730337079,0.26448736998514116,0.1099554234769688,0.12481426448736999,3.0161589939918896,2.220375186701431,-0.7957838072904585
Qwen3.5-2B,random,random_12,Shenu Agarwal,d5,1000,353,230,0.6515580736543909,0.6515580736543909,0.353,0.135,0.152,2.738000002449553,1.9751250018602005,-0.7628750005893525
Qwen3.5-9B,random,random_12,Shenu Agarwal,d1,7,2,2,1.0,1.0,0.2857142857142857,0.0,0.0,3.3392856972558156,5.285714302864757,1.9464286056089415
Qwen3.5-9B,random,random_12,Shenu Agarwal,d2,49,39,9,0.23076923076923078,0.23076923076923078,0.7959183673469388,0.6122448979591837,0.6530612244897959,4.247448980426938,2.5280612262669115,-1.719387754160027
Qwen3.5-9B,random,random_12,Shenu Agarwal,d3,201,96,40,0.4166666666666667,0.4166666666666667,0.47761194029850745,0.31343283582089554,0.3383084577114428,3.1865671756965472,2.304726367870772,-0.8818408078257752
Qwen3.5-9B,random,random_12,Shenu Agarwal,d4,673,232,95,0.40948275862068967,0.40948275862068967,0.3447251114413076,0.21842496285289748,0.24962852897473997,3.2109955435182505,2.239970278247162,-0.9710252652710883
Qwen3.5-9B,random,random_12,Shenu Agarwal,d5,1000,451,177,0.3924611973392461,0.3924611973392461,0.451,0.297,0.336,3.183187497597217,2.147562501781358,-1.0356249958158588
Gemma-4-E4B-it,random,random_12,Shenu Agarwal,d1,7,0,0,,,0.0,0.0,0.0,6.285714343364816,8.23214273384448,1.9464283904796633
Gemma-4-E4B-it,random,random_12,Shenu Agarwal,d2,49,33,5,0.15151515151515152,0.15151515151515152,0.673469387755102,0.5714285714285714,0.6530612244897959,6.029336784691437,6.253826561793138,0.22448977710170154
Gemma-4-E4B-it,random,random_12,Shenu Agarwal,d3,201,72,8,0.1111111111111111,0.1111111111111111,0.3582089552238806,0.31840796019900497,0.3333333333333333,3.656405469534846,4.255286065794262,0.5988805962594158
Gemma-4-E4B-it,random,random_12,Shenu Agarwal,d4,673,186,31,0.16666666666666666,0.16666666666666666,0.2763744427934621,0.23476968796433878,0.2511144130757801,4.490341745105611,4.987277118149537,0.49693537304392654
Gemma-4-E4B-it,random,random_12,Shenu Agarwal,d5,1000,362,49,0.13535911602209943,0.13535911602209943,0.362,0.322,0.347,4.243312490635106,4.520375002909199,0.277062512274093
Gemma-4-31B-it,random,random_12,Shenu Agarwal,d1,7,0,0,,,0.0,0.0,0.0,4.6785713460787,3.1964285716946637,-1.4821427743840363
Gemma-4-31B-it,random,random_12,Shenu Agarwal,d2,49,38,1,0.02631578947368421,0.02631578947368421,0.7755102040816326,0.7959183673469388,0.8367346938775511,9.697066236004272,3.927295905812311,-5.769770330191963
Gemma-4-31B-it,random,random_12,Shenu Agarwal,d3,201,106,23,0.2169811320754717,0.2169811320754717,0.527363184079602,0.417910447761194,0.4577114427860697,7.146377447816324,3.084888075059048,-4.0614893727572765
Gemma-4-31B-it,random,random_12,Shenu Agarwal,d4,673,290,63,0.21724137931034482,0.21724137931034482,0.4309063893016345,0.35809806835066865,0.4145616641901932,7.884878782856286,2.696322433924915,-5.1885563489313755
Gemma-4-31B-it,random,random_12,Shenu Agarwal,d5,1000,491,92,0.18737270875763748,0.18737270875763748,0.491,0.418,0.49,7.179468716795985,3.0555000014414984,-4.123968715354487
Qwen3.5-2B,random,random_10,Divya,d1,4,1,1,1.0,1.0,0.25,0.0,0.0,1.4687500298023224,3.1875000196378096,1.7187499898354872
Qwen3.5-2B,random,random_10,Divya,d2,41,33,21,0.6363636363636364,0.6363636363636364,0.8048780487804879,0.2926829268292683,0.34146341463414637,4.579268320582853,2.167682932632998,-2.4115853879498546
Qwen3.5-2B,random,random_10,Divya,d3,243,114,72,0.631578947368421,0.631578947368421,0.4691358024691358,0.1934156378600823,0.20987654320987653,3.346193423141618,3.797325100141066,0.45113167699944773
Qwen3.5-2B,random,random_10,Divya,d4,1000,404,202,0.5,0.5,0.404,0.211,0.227,2.86437500494346,2.38424999599518,-0.4801250089482801
Qwen3.5-2B,random,random_10,Divya,d5,1000,327,168,0.5137614678899083,0.5137614678899083,0.327,0.167,0.19,2.9141249985283357,2.502625006274997,-0.4114999922533389
Qwen3.5-9B,random,random_10,Divya,d1,4,1,1,1.0,1.0,0.25,0.0,0.0,1.8124999590218067,3.374999990744982,1.5625000317231752
Qwen3.5-9B,random,random_10,Divya,d2,41,30,20,0.6666666666666666,0.6666666666666666,0.7317073170731707,0.2926829268292683,0.34146341463414637,4.530487819675572,2.2957316945397817,-2.23475612513579
Qwen3.5-9B,random,random_10,Divya,d3,243,131,65,0.4961832061068702,0.4961832061068702,0.5390946502057613,0.27983539094650206,0.30864197530864196,3.7680041226425445,2.331018522024572,-1.4369856006179724
Qwen3.5-9B,random,random_10,Divya,d4,1000,498,274,0.5502008032128514,0.5502008032128514,0.498,0.258,0.283,3.2211250000743967,2.007562497453735,-1.2135625026206618
Qwen3.5-9B,random,random_10,Divya,d5,1000,440,227,0.5159090909090909,0.5159090909090909,0.44,0.23,0.277,3.3330000015588883,1.9217499998361454,-1.411250001722743
Gemma-4-E4B-it,random,random_10,Divya,d1,4,0,0,,,0.0,0.0,0.0,5.124999824678525,8.124999979670974,3.000000154992449
Gemma-4-E4B-it,random,random_10,Divya,d2,41,33,0,0.0,0.0,0.8048780487804879,0.7073170731707317,0.9024390243902439,6.8231707465114955,5.920731718634027,-0.9024390278774684
Gemma-4-E4B-it,random,random_10,Divya,d3,243,113,7,0.061946902654867256,0.061946902654867256,0.46502057613168724,0.448559670781893,0.4609053497942387,4.283693415610723,4.0342078344166925,-0.24948558119403072
Gemma-4-E4B-it,random,random_10,Divya,d4,1000,395,36,0.09113924050632911,0.09113924050632911,0.395,0.369,0.39,4.414624988681678,4.579687501049455,0.16506251236777733
Gemma-4-E4B-it,random,random_10,Divya,d5,1000,313,33,0.10543130990415335,0.10543130990415335,0.313,0.294,0.33,4.184062494638504,4.466000002192908,0.28193750755440394
Gemma-4-31B-it,random,random_10,Divya,d1,4,0,0,,,0.0,0.0,0.0,7.18749991153436,2.2656249925494194,-4.9218749189849405
Gemma-4-31B-it,random,random_10,Divya,d2,41,35,1,0.02857142857142857,0.02857142857142857,0.8536585365853658,0.8292682926829268,0.8780487804878049,11.342987751625076,5.2713414112147845,-6.071646340410291
Gemma-4-31B-it,random,random_10,Divya,d3,243,141,8,0.05673758865248227,0.05673758865248227,0.5802469135802469,0.5637860082304527,0.6008230452674898,8.728941582221172,4.3076131632994095,-4.421328418921763
Gemma-4-31B-it,random,random_10,Divya,d4,1000,552,45,0.08152173913043478,0.08152173913043478,0.552,0.539,0.582,8.076820280891283,5.090874996478686,-2.985945284412602
Gemma-4-31B-it,random,random_10,Divya,d5,1000,468,39,0.08333333333333333,0.08333333333333333,0.468,0.458,0.533,7.4608280848693775,4.77503124483761,-2.685796840031772
Qwen3.5-2B,random,random_15,Errol Flynn,d1,7,1,1,1.0,1.0,0.14285714285714285,0.0,0.0,5.714285654714331,2.732142828937088,-2.982142825777243
Qwen3.5-2B,random,random_15,Errol Flynn,d2,38,21,8,0.38095238095238093,0.38095238095238093,0.5526315789473685,0.3684210526315789,0.42105263157894735,2.967105300276001,1.858552647552355,-1.108552652723646
Qwen3.5-2B,random,random_15,Errol Flynn,d3,196,84,35,0.4166666666666667,0.4166666666666667,0.42857142857142855,0.25510204081632654,0.29081632653061223,3.4706632754069333,1.7710459195505068,-1.6996173558564267
Qwen3.5-2B,random,random_15,Errol Flynn,d4,866,324,146,0.4506172839506173,0.4506172839506173,0.3741339491916859,0.20207852193995382,0.2390300230946882,2.8898672052237258,2.075274247125917,-0.8145929580978085
Qwen3.5-2B,random,random_15,Errol Flynn,d5,1000,304,121,0.3980263157894737,0.3980263157894737,0.304,0.201,0.225,2.855312502097164,2.001437502133078,-0.8538749999640859
Qwen3.5-9B,random,random_15,Errol Flynn,d1,7,4,4,1.0,1.0,0.5714285714285714,0.0,0.0,3.535714343456285,2.5535714807254926,-0.9821428627307925
Qwen3.5-9B,random,random_15,Errol Flynn,d2,38,30,16,0.5333333333333333,0.5333333333333333,0.7894736842105263,0.3157894736842105,0.42105263157894735,3.457236822366739,1.858552623540163,-1.5986841988265759
Qwen3.5-9B,random,random_15,Errol Flynn,d3,196,94,38,0.40425531914893614,0.40425531914893614,0.47959183673469385,0.30612244897959184,0.3622448979591837,3.8405612163282505,2.1077806204319836,-1.7327805958962668
Qwen3.5-9B,random,random_15,Errol Flynn,d4,866,416,186,0.44711538461538464,0.44711538461538464,0.48036951501154734,0.28752886836027713,0.31986143187066973,3.5443851022237163,2.31560334330754,-1.228781758916176
Qwen3.5-9B,random,random_15,Errol Flynn,d5,1000,448,185,0.41294642857142855,0.41294642857142855,0.448,0.282,0.332,3.228249999857508,2.4685624996180997,-0.7596875002394081
Gemma-4-E4B-it,random,random_15,Errol Flynn,d1,7,4,2,0.5,0.5,0.5714285714285714,0.2857142857142857,0.2857142857142857,4.535714249862524,3.5535713681019843,-0.98214288176054
Gemma-4-E4B-it,random,random_15,Errol Flynn,d2,38,26,0,0.0,0.0,0.6842105263157895,0.6842105263157895,0.9210526315789473,4.889802617972488,4.861842081941416,-0.027960536031071712
Gemma-4-E4B-it,random,random_15,Errol Flynn,d3,196,74,9,0.12162162162162163,0.12162162162162163,0.37755102040816324,0.336734693877551,0.3622448979591837,4.623086719888552,4.575574009936088,-0.047512709952464004
Gemma-4-E4B-it,random,random_15,Errol Flynn,d4,866,314,20,0.06369426751592357,0.06369426751592357,0.3625866050808314,0.3533487297921478,0.37990762124711314,4.387629908524503,4.410508078653122,0.022878170128618494
Gemma-4-E4B-it,random,random_15,Errol Flynn,d5,1000,342,33,0.09649122807017543,0.09649122807017543,0.342,0.317,0.36,4.22749999791834,4.1662500040625385,-0.061249993855801224
Gemma-4-31B-it,random,random_15,Errol Flynn,d1,7,5,0,0.0,0.0,0.7142857142857143,0.7142857142857143,0.7142857142857143,10.544642884473499,6.491071409811931,-4.053571474661567
Gemma-4-31B-it,random,random_15,Errol Flynn,d2,38,27,11,0.4074074074074074,0.4074074074074074,0.7105263157894737,0.39473684210526316,0.5,9.417763074938732,4.299342116733131,-5.1184209582056015
Gemma-4-31B-it,random,random_15,Errol Flynn,d3,196,99,20,0.20202020202020202,0.20202020202020202,0.5051020408163265,0.42857142857142855,0.4846938775510204,6.943239778959015,3.1839923595393977,-3.759247419419618
Gemma-4-31B-it,random,random_15,Errol Flynn,d4,866,455,100,0.21978021978021978,0.21978021978021978,0.5254041570438799,0.42609699769053117,0.4838337182448037,7.216169854953916,3.654445729218421,-3.5617241257354983
Gemma-4-31B-it,random,random_15,Errol Flynn,d5,1000,468,77,0.16452991452991453,0.16452991452991453,0.468,0.414,0.497,7.558171834597838,3.63018749697179,-3.927984337626048
Qwen3.5-2B,random,random_9,John Cohen,d1,3,1,1,1.0,1.0,0.3333333333333333,0.0,0.0,1.7916667039195697,7.91666658585018,6.12499988193061
Qwen3.5-2B,random,random_9,John Cohen,d2,39,35,3,0.08571428571428572,0.08571428571428572,0.8974358974358975,0.8461538461538461,0.8974358974358975,5.211538477914217,5.573717951087112,0.36217947317289567
Qwen3.5-2B,random,random_9,John Cohen,d3,274,103,19,0.18446601941747573,0.18446601941747573,0.3759124087591241,0.34306569343065696,0.3722627737226277,2.843065695961628,3.781934301769256,0.9388686058076278
Qwen3.5-2B,random,random_9,John Cohen,d4,1000,303,90,0.297029702970297,0.297029702970297,0.303,0.231,0.267,3.0054374970090576,4.501000004796348,1.49556250778729
Qwen3.5-2B,random,random_9,John Cohen,d5,1000,242,56,0.23140495867768596,0.23140495867768596,0.242,0.213,0.242,3.1941875027408533,3.9957500019053533,0.8015624991645
Qwen3.5-9B,random,random_9,John Cohen,d1,3,0,0,,,0.0,0.0,0.0,1.1666666666666667,2.8333333001161614,1.6666666334494948
Qwen3.5-9B,random,random_9,John Cohen,d2,39,34,17,0.5,0.5,0.8717948717948718,0.48717948717948717,0.5897435897435898,5.381410240968809,2.8557692457480024,-2.5256409952208068
Qwen3.5-9B,random,random_9,John Cohen,d3,274,136,74,0.5441176470588235,0.5441176470588235,0.49635036496350365,0.24452554744525548,0.28832116788321166,3.3485401409502265,1.8795620328508806,-1.4689781080993456
Qwen3.5-9B,random,random_9,John Cohen,d4,1000,481,210,0.4365904365904366,0.4365904365904366,0.481,0.289,0.324,3.7281874964211386,1.7529374985957402,-1.9752499978253981
Qwen3.5-9B,random,random_9,John Cohen,d5,1000,355,168,0.4732394366197183,0.4732394366197183,0.355,0.194,0.258,3.722000000861386,1.7061874998594868,-2.0158125010018995
Gemma-4-E4B-it,random,random_9,John Cohen,d1,3,0,0,,,0.0,0.0,0.0,6.166666615831976,6.812500068879065,0.6458334530470893
Gemma-4-E4B-it,random,random_9,John Cohen,d2,39,35,0,0.0,0.0,0.8974358974358975,0.8974358974358975,1.1282051282051282,7.701922993102319,6.012019262139615,-1.6899037309627043
Gemma-4-E4B-it,random,random_9,John Cohen,d3,274,104,11,0.10576923076923077,0.10576923076923077,0.3795620437956204,0.36496350364963503,0.38686131386861317,3.1852189718973314,2.420506386307969,-0.7647125855893622
Gemma-4-E4B-it,random,random_9,John Cohen,d4,1000,308,51,0.16558441558441558,0.16558441558441558,0.308,0.29,0.317,3.7863124983086016,3.811166017802825,0.024853519494223292
Gemma-4-E4B-it,random,random_9,John Cohen,d5,1000,263,21,0.07984790874524715,0.07984790874524715,0.263,0.255,0.302,4.677812491647437,4.731035149996878,0.05322265834944102
Gemma-4-31B-it,random,random_9,John Cohen,d1,3,0,0,,,0.0,0.0,0.0,2.7499999958090484,3.5624999408610165,0.8124999450519681
Gemma-4-31B-it,random,random_9,John Cohen,d2,39,35,8,0.22857142857142856,0.22857142857142856,0.8974358974358975,0.6923076923076923,0.7948717948717948,14.620993480748288,3.044871798904541,-11.576121681843745
Gemma-4-31B-it,random,random_9,John Cohen,d3,274,149,20,0.1342281879194631,0.1342281879194631,0.5437956204379562,0.46715328467153283,0.5328467153284672,8.083314269447651,3.8731751793687805,-4.210139090078873
Gemma-4-31B-it,random,random_9,John Cohen,d4,1000,530,51,0.09622641509433963,0.09622641509433963,0.53,0.503,0.565,8.588679645017503,4.495187503352583,-4.093492141664921
Gemma-4-31B-it,random,random_9,John Cohen,d5,1000,389,75,0.1928020565552699,0.1928020565552699,0.389,0.326,0.43,7.036937470848562,4.071249994585058,-2.965687476263509
Qwen3.5-2B,random,random_7,David Bell,d1,12,1,1,1.0,1.0,0.08333333333333333,0.0,0.0,1.4062500211099784,2.489583354908973,1.0833333337989945
Qwen3.5-2B,random,random_7,David Bell,d2,84,63,9,0.14285714285714285,0.14285714285714285,0.75,0.6547619047619048,0.6785714285714286,4.257440489553292,4.026041675279668,-0.23139881427362394
Qwen3.5-2B,random,random_7,David Bell,d3,470,191,27,0.14136125654450263,0.14136125654450263,0.40638297872340423,0.3680851063829787,0.3872340425531915,3.028723407667155,3.629920206002103,0.6011967983349484
Qwen3.5-2B,random,random_7,David Bell,d4,1000,297,74,0.24915824915824916,0.24915824915824916,0.297,0.239,0.281,2.8867499992980736,3.8131250023723258,0.9263750030742521
Qwen3.5-2B,random,random_7,David Bell,d5,1000,275,62,0.22545454545454546,0.22545454545454546,0.275,0.223,0.257,2.9911874976354884,3.4661250062979234,0.474937508662435
Qwen3.5-9B,random,random_7,David Bell,d1,12,1,1,1.0,1.0,0.08333333333333333,0.0,0.0,1.5729166467984517,0.6666666666666666,-0.906249980131785
Qwen3.5-9B,random,random_7,David Bell,d2,84,65,32,0.49230769230769234,0.49230769230769234,0.7738095238095238,0.4166666666666667,0.47619047619047616,4.7782738078151725,1.62648807754851,-3.151785730266662
Qwen3.5-9B,random,random_7,David Bell,d3,470,242,152,0.628099173553719,0.628099173553719,0.5148936170212766,0.20851063829787234,0.23617021276595745,3.4398936140126217,1.4409574443642843,-1.9989361696483374
Qwen3.5-9B,random,random_7,David Bell,d4,1000,436,206,0.4724770642201835,0.4724770642201835,0.436,0.252,0.293,3.4355000000241853,1.4713749989410863,-1.964125001083099
Qwen3.5-9B,random,random_7,David Bell,d5,1000,395,226,0.5721518987341773,0.5721518987341773,0.395,0.19,0.259,3.4857500006042463,1.500875000462518,-1.9848750001417284
Gemma-4-E4B-it,random,random_7,David Bell,d1,12,0,0,,,0.0,0.0,0.0,5.22916662353479,7.234374931174291,2.0052083076395015
Gemma-4-E4B-it,random,random_7,David Bell,d2,84,61,2,0.03278688524590164,0.03278688524590164,0.7261904761904762,0.7142857142857143,0.8333333333333334,5.953869008091433,5.06398810232765,-0.8898809057637836
Gemma-4-E4B-it,random,random_7,David Bell,d3,470,190,11,0.05789473684210526,0.05789473684210526,0.40425531914893614,0.3851063829787234,0.40638297872340423,3.858244673294631,3.8770445343173323,0.018799861022701387
Gemma-4-E4B-it,random,random_7,David Bell,d4,1000,317,38,0.11987381703470032,0.11987381703470032,0.317,0.296,0.332,3.7991875009150102,4.159531240718332,0.36034373980332157
Gemma-4-E4B-it,random,random_7,David Bell,d5,1000,293,29,0.09897610921501707,0.09897610921501707,0.293,0.279,0.329,4.420562496768327,5.008580083150871,0.5880175863825439
Gemma-4-31B-it,random,random_7,David Bell,d1,12,0,0,,,0.0,0.0,0.0,4.46874997075065,3.677083282188202,-0.7916666885624485
Gemma-4-31B-it,random,random_7,David Bell,d2,84,67,3,0.04477611940298507,0.04477611940298507,0.7976190476190477,0.7738095238095238,0.8214285714285714,11.491443396820655,4.767113088693198,-6.724330308127459
Gemma-4-31B-it,random,random_7,David Bell,d3,470,254,23,0.09055118110236221,0.09055118110236221,0.5404255319148936,0.5127659574468085,0.5595744680851064,8.148836391654948,4.380984034857071,-3.767852356797876
Gemma-4-31B-it,random,random_7,David Bell,d4,1000,488,50,0.10245901639344263,0.10245901639344263,0.488,0.472,0.543,8.001570275526298,4.566437500394077,-3.435132775132228
Gemma-4-31B-it,random,random_7,David Bell,d5,1000,424,46,0.10849056603773585,0.10849056603773585,0.424,0.411,0.519,7.187812467457785,4.448125001294864,-2.7396874661629185
Qwen3.5-2B,random,random_1,Tommie Connor,d1,7,0,0,,,0.0,0.0,0.0,3.446428592982037,8.026785766294259,4.580357173312223
Qwen3.5-2B,random,random_1,Tommie Connor,d2,18,7,1,0.14285714285714285,0.14285714285714285,0.3888888888888889,0.3888888888888889,0.5,1.9791666931058798,2.385416668089521,0.40624997498364085
Qwen3.5-2B,random,random_1,Tommie Connor,d3,126,70,23,0.32857142857142857,0.32857142857142857,0.5555555555555556,0.42063492063492064,0.5079365079365079,3.851190486540353,3.1443452319112515,-0.7068452546291011
Qwen3.5-2B,random,random_1,Tommie Connor,d4,550,230,65,0.2826086956521739,0.2826086956521739,0.41818181818181815,0.32727272727272727,0.4072727272727273,3.130000001251888,2.5189772771675383,-0.6110227240843498
Qwen3.5-2B,random,random_1,Tommie Connor,d5,1000,296,100,0.33783783783783783,0.33783783783783783,0.296,0.213,0.251,3.081312506995484,2.8181875008851565,-0.26312500611032735
Qwen3.5-9B,random,random_1,Tommie Connor,d1,7,0,0,,,0.0,0.0,0.0,3.2321428523531983,6.499999939135575,3.267857086782377
Qwen3.5-9B,random,random_1,Tommie Connor,d2,18,12,6,0.5,0.5,0.6666666666666666,0.3888888888888889,0.6666666666666666,3.0277777575215117,3.8611111518508148,0.8333333943293029
Qwen3.5-9B,random,random_1,Tommie Connor,d3,126,77,47,0.6103896103896104,0.6103896103896104,0.6111111111111112,0.2698412698412698,0.38095238095238093,3.8849206361203596,3.278769849469961,-0.6061507866503985
Qwen3.5-9B,random,random_1,Tommie Connor,d4,550,294,177,0.6020408163265306,0.6020408163265306,0.5345454545454545,0.22,0.3018181818181818,3.572727276688291,3.1246590915836383,-0.4480681851046525
Qwen3.5-9B,random,random_1,Tommie Connor,d5,1000,457,214,0.4682713347921225,0.4682713347921225,0.457,0.271,0.347,3.605499998671752,3.4595000023790563,-0.14599999629269586
Gemma-4-E4B-it,random,random_1,Tommie Connor,d1,7,0,0,,,0.0,0.0,0.0,5.73214281367005,8.785714209333362,3.0535713956633117
Gemma-4-E4B-it,random,random_1,Tommie Connor,d2,18,8,0,0.0,0.0,0.4444444444444444,0.4444444444444444,1.0,3.6736111284149553,4.5069444288965315,0.8333333004815763
Gemma-4-E4B-it,random,random_1,Tommie Connor,d3,126,68,4,0.058823529411764705,0.058823529411764705,0.5396825396825397,0.5,0.5952380952380952,5.5401785395409,4.324900802114985,-1.215277737425916
Gemma-4-E4B-it,random,random_1,Tommie Connor,d4,550,238,23,0.09663865546218488,0.09663865546218488,0.43272727272727274,0.4109090909090909,0.48363636363636364,3.7302272711488875,3.7712499907325068,0.04102271958361929
Gemma-4-E4B-it,random,random_1,Tommie Connor,d5,1000,308,51,0.16558441558441558,0.16558441558441558,0.308,0.27,0.322,3.908374999926375,4.376875001389075,0.4685000014626999
Gemma-4-31B-it,random,random_1,Tommie Connor,d1,7,0,0,,,0.0,0.0,0.0,6.321428615310912,2.875000019092113,-3.4464285962187984
Gemma-4-31B-it,random,random_1,Tommie Connor,d2,18,9,0,0.0,0.0,0.5,0.6111111111111112,0.8333333333333334,6.338541702238989,3.548611112171784,-2.789930590067206
Gemma-4-31B-it,random,random_1,Tommie Connor,d3,126,80,8,0.1,0.1,0.6349206349206349,0.5952380952380952,0.7857142857142857,10.421874972021175,3.493551586727826,-6.92832338529335
Gemma-4-31B-it,random,random_1,Tommie Connor,d4,550,320,31,0.096875,0.096875,0.5818181818181818,0.5490909090909091,0.6927272727272727,7.888323819048448,3.750340905376149,-4.137982913672303
Gemma-4-31B-it,random,random_1,Tommie Connor,d5,1000,506,65,0.12845849802371542,0.12845849802371542,0.506,0.466,0.587,8.268281201572503,4.062937499225976,-4.205343702346529
